"SYMBOL","ENSEMBL","k","meta_logFC","meta_SE","meta_z","meta_p","ci_lb","ci_ub","I2","tau2","method","meta_padj","meta_stat"
"Lpl","ENSMUSG00000015568",4,3.95084150598952,0.191817217944915,20.5969075577152,2.92537450076042e-94,3.57488666720282,4.32679634477622,0,0,"REML",4.83301121270629e-90,93.5338185284869
"Gpnmb","ENSMUSG00000029816",4,7.11608896406977,0.458502727212075,15.5202761984408,2.52959822863482e-54,6.21744013192071,8.01473779621883,8.28007008403747,0.0730198263766761,"REML",2.08957461676379e-50,53.5969484515289
"Cd52","ENSMUSG00000000682",4,2.15280199510179,0.152408779296606,14.1251836346788,2.6570632998953e-45,1.85408627675273,2.45151771345085,4.43853655717959,0.00676668578267452,"REML",1.46324475925234e-41,44.5755980991585
"P2ry13","ENSMUSG00000036362",4,-1.05463276628075,0.0775687452964168,-13.5961044909342,4.22336489838795e-42,-1.20666471338768,-0.902600819173807,0,0,"REML",1.74435528715668e-38,-41.3743413939457
"Stat1","ENSMUSG00000026104",4,1.49428835090442,0.114533386967412,13.0467489914498,6.63174336024094e-39,1.2698070374209,1.71876966438794,11.7314170193346,0.00660544097188666,"REML",2.19126064109081e-35,38.1783722887587
"Ifi213","ENSMUSG00000073491",3,3.54659412049174,0.273055214004204,12.988560329916,1.42074481499882e-38,3.01141573525263,4.08177250573086,0,0,"REML",3.91202084809925e-35,37.8474839202359
"Phf11b","ENSMUSG00000091649",4,2.03642328337814,0.165798778255592,12.2824987301103,1.12470034972495e-34,1.71146364931644,2.36138291743985,0,0,"REML",2.65445349682941e-31,33.9489631698151
"H2-Q7","ENSMUSG00000060550",4,3.69281824666579,0.324160851176323,11.3919316082284,4.58706649426005e-30,3.05747465316235,4.32816184016923,0,0,"REML",9.47286569395878e-27,29.3384649642759
"Oas1a","ENSMUSG00000052776",4,3.10524040906582,0.276768776455388,11.2196196725477,3.26672311544857e-29,2.56278357516805,3.6476972429636,0,0,"REML",5.99661473225842e-26,28.4858876743794
"Ifit2","ENSMUSG00000045932",4,2.71099265900722,0.243655526007719,11.1263335719352,9.33986129870362e-29,2.23343660339793,3.18854871461651,0.0014773777637461,4.16380820271934e-06,"REML",1.54303848515883e-25,28.0296595731976
"Dhx58","ENSMUSG00000017830",4,1.59378661370457,0.144931017818056,10.9968634575201,3.95655377659807e-28,1.30972703853845,1.8778461888707,0,0,"REML",5.94238408574334e-25,27.4026829270624
"Fabp5","ENSMUSG00000027533",4,3.80800117581324,0.354750965323608,10.7342940486139,7.02538601764932e-27,3.11270206029815,4.50330029132833,14.5556046852307,0.0828642226776513,"REML",9.67220019979871e-24,26.1533298079739
"Gpr34","ENSMUSG00000040229",4,-0.754628426249305,0.0722699158992527,-10.4418057895804,1.59742673722688e-25,-0.896274858577579,-0.612981993921031,0,0,"REML",2.03008362505579e-22,-24.7965790507581
"Atp1a3","ENSMUSG00000040907",4,2.46421364483025,0.241167745995468,10.2178408421023,1.64974526898398e-24,1.99153354844643,2.93689374121407,0,0,"REML",1.94681725634888e-21,23.7825831084013
"Gfap","ENSMUSG00000020932",3,4.17636580914266,0.416469259615163,10.0280289906674,1.14785008277657e-23,3.36010105962888,4.99263055865644,5.46439922364694,0.0421915489892036,"REML",1.26424208117011e-20,22.9401148301214
"Helz2","ENSMUSG00000027580",4,2.75096099775336,0.274612776680326,10.0176001678018,1.27562673138904e-23,2.21272984576538,3.28919214974134,14.5445800329939,0.0482808116366718,"REML",1.31716432682989e-20,22.8942763884781
"Eif2ak2","ENSMUSG00000024079",4,1.26768212503324,0.128694836082128,9.85029519152,6.83429534539022e-23,1.01544488131599,1.5199193687505,2.7915111110924,0.00223641673029249,"REML",6.64172902359952e-20,22.165306257012
"Mx2","ENSMUSG00000023341",4,1.81614634566409,0.189878024192282,9.56480537118368,1.12412785674068e-21,1.44399225679159,2.18830043453659,0,0,"REML",1.03176201784515e-18,20.9491842899066
"Itgax","ENSMUSG00000030789",4,2.64589200865232,0.280715680645413,9.42552265897281,4.27968767373601e-21,2.09569938469166,3.19608463261297,28.3084002313298,0.0915072951137026,"REML",3.7213010556733e-18,20.3685879240995
"Rsad2","ENSMUSG00000020641",4,3.51831590134237,0.373767832966637,9.41310511773339,4.81692081965228e-21,2.78574441014818,4.25088739253656,15.6946542986572,0.0921525988607596,"REML",3.97901744307377e-18,20.3172304925418
"Oasl2","ENSMUSG00000029561",4,3.63954341083408,0.392372156916949,9.27574331326581,1.76384833756468e-20,2.87050811474056,4.40857870692759,53.8879907681819,0.313760995440963,"REML",1.38764468499553e-17,19.7535387599017
"Fgl2","ENSMUSG00000039899",4,1.72727830543164,0.187744869331263,9.20013586301514,3.57497461513384e-20,1.35930512326019,2.09525148760309,0,0,"REML",2.68464343711937e-17,19.4467270376521
"Usp18","ENSMUSG00000030107",4,2.29106939864647,0.249770529715322,9.17269704019017,4.6132956677654e-20,1.80152815600494,2.78061064128799,0.00293671480518656,8.08056961424415e-06,"REML",3.31375033596314e-17,19.3359887104114
"H2-D1","ENSMUSG00000073411",3,1.81181215585307,0.199298320331083,9.09095547239541,9.81724751090071e-20,1.42119462582482,2.20242968588132,38.1392480498906,0.044737711201124,"REML",6.75794775531627e-17,19.0080102595032
"Xaf1","ENSMUSG00000040483",4,1.68310929125081,0.189890417382343,8.8635820303764,7.74838393953753e-19,1.31093091217214,2.05528767032948,0,0,"REML",5.12044204260398e-16,18.1107888677295
"mt-Nd6","ENSMUSG00000064368",3,0.958795123296808,0.108331582629308,8.85055955083421,8.70815824954516e-19,0.746469122955139,1.17112112363848,14.7116369411884,0.00753327310546538,"REML",5.53336470925906e-16,18.0600736873159
"Ifi204","ENSMUSG00000073489",4,3.23256890682156,0.368650455641849,8.76865566649961,1.80812067869371e-18,2.51002729087926,3.95511052276386,51.2246555272408,0.251008640440357,"REML",1.10636895306292e-15,17.742772586946
"Tap1","ENSMUSG00000037321",4,1.15341212381021,0.131611262176021,8.76377982203072,1.8881043092619e-18,0.895458789985346,1.41136545763507,0,0,"REML",1.11404897476128e-15,17.7239740165605
"Tgtp2","ENSMUSG00000078921",4,2.44721447808455,0.281552569341028,8.69185631589951,3.56564855715666e-18,1.89538158242142,2.99904737374768,0,0,"REML",2.03131309699259e-15,17.4478614646405
"Mx1","ENSMUSG00000000386",4,2.89201517728095,0.337463816641559,8.56985263209044,1.03617553998429e-17,2.23059825057807,3.55343210398384,34.1193297141077,0.154882173148916,"REML",5.70621869869346e-15,16.9845666639069
"Hcar2","ENSMUSG00000045502",4,2.44338220607927,0.28526622913456,8.56526976043394,1.07823111521241e-17,1.88427067096998,3.00249374118856,0,0,"REML",5.74627621110458e-15,16.9672881396099
"Tor3a","ENSMUSG00000060519",4,1.0271622976714,0.120662477450498,8.51269026937389,1.6994357886678e-17,0.790668187583046,1.26365640775975,0.0016989130275226,1.06676118647278e-06,"REML",8.77386833268148e-15,16.7696952401154
"Rnase4","ENSMUSG00000021876",4,-0.701470808553815,0.0834024535348193,-8.41067353325477,4.07662939715865e-17,-0.864936613704336,-0.538005003403294,0,0,"REML",2.04090891728661e-14,-16.3896987680879
"Ifit1","ENSMUSG00000034459",4,2.7549338428709,0.328207963293597,8.39386654493354,4.70410080460693e-17,2.1116580553762,3.39820963036559,0.000315501007746821,1.48327364826053e-06,"REML",2.28577792332092e-14,16.327523380296
"Il2rg","ENSMUSG00000031304",4,3.27194571605986,0.391695582795354,8.35328724595122,6.63889378050318e-17,2.50423648087754,4.03965495124218,42.2948985201602,0.244607951786258,"REML",3.13374754707694e-14,16.1779042798258
"AU020206","ENSMUSG00000097415",3,0.924032913624398,0.110986907527248,8.32560285002576,8.39006524187526e-17,0.706502572115515,1.14156325513328,0,0,"REML",3.85034077391726e-14,16.0762346620466
"Tuba1a","ENSMUSG00000072235",4,-1.2177462361366,0.146636563402573,-8.30451974514318,1.00224001048082e-16,-1.50514861922237,-0.930343853050837,0,0,"REML",4.47513708463611e-14,-15.9990282637526
"Cmpk2","ENSMUSG00000020638",4,3.3052766039789,0.401584822803985,8.23058147691059,1.86306831226294e-16,2.51818481454519,4.09236839341261,0,0,"REML",8.09993462813053e-14,15.7297712207372
"Saa3","ENSMUSG00000040026",3,6.87380709432893,0.836393456484493,8.21838937289244,2.06254375488692e-16,5.23450604271436,8.51310814594351,0,0,"REML",8.73725266012482e-14,15.6855968295395
"Ifi27l2a","ENSMUSG00000079017",4,3.81729481076456,0.466714417496249,8.17908054189312,2.86017891318976e-16,2.90255136140632,4.73203826012279,42.4947885772091,0.340403006677591,"REML",1.1813253956202e-13,15.543606799535
"Lox","ENSMUSG00000024529",4,4.65156985549501,0.569224964864559,8.17176009945699,3.03922427568483e-16,3.5359094252594,5.76723028573062,30.6372953231726,0.398970900961213,"REML",1.22465912825827e-13,15.5172372505293
"Cst7","ENSMUSG00000068129",4,4.143112863591,0.517515711432573,8.0057721380519,1.18719376003609e-15,3.12880070774953,5.15742501943246,76.098832748013,0.73403113834086,"REML",4.66991145465627e-13,14.9254783947377
"Rps2","ENSMUSG00000044533",4,0.941576154538522,0.11825862946573,7.9620080056093,1.69269521420257e-15,0.709793499924625,1.17335880915242,0.00103138597524121,9.07411613274005e-07,"REML",6.50349247298618e-13,14.7714212336845
"Rassf3","ENSMUSG00000025795",4,1.49199340514692,0.188238404983023,7.9260839746357,2.26164682838257e-15,1.12305291087293,1.86093389942092,16.7208743261407,0.026373723946285,"REML",8.49196982993373e-13,14.6455752121691
"Rpl10a-ps1","ENSMUSG00000084416",3,1.40957030550803,0.178827410056291,7.88229447076558,3.21423437516364e-15,1.05907502234912,1.76006558866694,4.9267221095136,0.0133552234699547,"REML",1.18005258026841e-12,14.4929224585842
"H2-K1","ENSMUSG00000061232",4,1.65939637678905,0.211526100162156,7.84487765583989,4.33375784603637e-15,1.24481283868101,2.07397991489708,50.7017679179854,0.0742137257698451,"REML",1.55647855161667e-12,14.3631353590679
"Csf1","ENSMUSG00000014599",4,2.53029386231902,0.325334830576992,7.77750681607457,7.39677857768844e-15,1.89264931147167,3.16793841316636,68.1673570744339,0.240842122249944,"REML",2.60004635919129e-12,14.1309573816938
"Cpd","ENSMUSG00000020841",4,1.83371978466692,0.237109610283141,7.73363754626904,1.04516331521521e-14,1.36899348812363,2.2984460812102,43.5824636820131,0.089029579967475,"REML",3.59732148555635e-12,13.9808158422275
"Ifi211","ENSMUSG00000026536",3,2.98005010045872,0.385514571652164,7.73005826391307,1.07497372440283e-14,2.22445542450509,3.73564477641235,0,0,"REML",3.62441651037942e-12,13.9686021510845
"Cd22","ENSMUSG00000030577",4,2.06861517115945,0.26857771241227,7.70211032248313,1.33837257352948e-14,1.54221252778124,2.59501781453765,14.4568935196812,0.0452916758463467,"REML",4.42225065745611e-12,13.8734229716921
"Bank1","ENSMUSG00000037922",4,-1.6344909636566,0.21346211826252,-7.65705398672412,1.90246674305781e-14,-2.05286902751477,-1.21611289979843,34.7211973729059,0.0597882957007368,"REML",6.16287314942315e-12,-13.7206829263749
"Cyp4f18","ENSMUSG00000003484",4,3.31077533622901,0.433931972340089,7.62971052438197,2.35281418684047e-14,2.460284298702,4.16126637375601,0.649275152872986,0.00558988511813111,"REML",7.47516215015218e-12,13.6284123698135
"Snn","ENSMUSG00000037972",4,-0.76929307291637,0.100896911413559,-7.62454531202813,2.44896035127871e-14,-0.967047385438275,-0.571538760394466,0.00715561193522638,3.97813688714401e-06,"REML",7.63382527612747e-12,-13.6110182460555
"Psat1","ENSMUSG00000024640",4,1.63998176914898,0.216529520745801,7.57394078876789,3.62069490634475e-14,1.2155917068975,2.06437183140047,0,0,"REML",1.10773149162447e-11,13.4412080689619
"Rtp4","ENSMUSG00000033355",4,2.15101402887063,0.2842962155611,7.56610152064559,3.84591530133707e-14,1.59380368542983,2.70822437231142,46.2128601841366,0.141777796762686,"REML",1.15524303078891e-11,13.4150002844675
"Rps20","ENSMUSG00000028234",4,1.08022412112836,0.144289812126671,7.4864892067365,7.074035926323e-14,0.797421286024036,1.36302695623269,0,0,"REML",2.0869669203354e-11,13.1503327389001
"Rtcb","ENSMUSG00000001783",4,0.77114819053622,0.103199352518284,7.472413069642,7.87373842869107e-14,0.56888117637253,0.97341520469991,0,0,"REML",2.28214092246325e-11,13.1038190168842
"Rps7","ENSMUSG00000061477",4,0.777505741426198,0.104152904602756,7.46504136770489,8.32734464625748e-14,0.573369799519559,0.981641683332836,0.00245460352595068,1.95964403595973e-06,"REML",2.37200105001413e-11,13.0794934606965
"Ifi209","ENSMUSG00000043263",3,2.35517966371497,0.316392978466523,7.44384301804019,9.77977069963559e-14,1.73506082095923,2.97529850647071,32.6637933431815,0.103278849718339,"REML",2.73850155472338e-11,13.0096713277329
"Nceh1","ENSMUSG00000027698",4,1.5937708154218,0.216443967660496,7.36343374522553,1.79238777433885e-13,1.16954843413628,2.01799319670733,0,0,"REML",4.93533973664202e-11,12.7465680270193
"Hspe1","ENSMUSG00000073676",4,0.986226582852568,0.134072395796389,7.35592570711062,1.89608455651587e-13,0.723449515770646,1.24900364993449,0,0,"REML",5.11898547491323e-11,12.7221422990605
"Pdcd1","ENSMUSG00000026285",4,2.67184066147511,0.363309206791451,7.35417823586512,1.92105259635991e-13,1.95976770091205,3.38391362203816,13.9891454986513,0.0808200492574737,"REML",5.11898547491323e-11,12.7164607444584
"Vsir","ENSMUSG00000020101",4,-0.660136251577277,0.0900606063574046,-7.32991124840458,2.30305198622309e-13,-0.836651796463629,-0.483620706690925,3.50574457267192,0.00153063952842299,"REML",6.03947966101455e-11,-12.6376962587032
"Tspo","ENSMUSG00000041736",4,1.63319791138878,0.222995605865761,7.32390176500576,2.40863034760721e-13,1.1961345551812,2.07026126759636,21.339539081997,0.0512667188625796,"REML",6.21765343325292e-11,12.6182298460426
"Slc44a2","ENSMUSG00000057193",4,-0.794879862709312,0.108667234111557,-7.3148071652702,2.57751263380451e-13,-1.00786372786755,-0.581895997551078,0,0,"REML",6.55124403432065e-11,-12.5887991973235
"Cmtm6","ENSMUSG00000032434",4,-0.622919106688063,0.0853817760848992,-7.29569160131625,2.97128799652636e-13,-0.790264312750529,-0.455573900625598,0,0,"REML",7.43767408948666e-11,-12.5270552515149
"H2-Q6","ENSMUSG00000073409",3,2.89971546387576,0.397843914656713,7.28857563745279,3.13249016252932e-13,2.11995571968018,3.67947520807135,48.5708486479832,0.22020160709621,"REML",7.72415969778312e-11,12.5041102842176
"Cass4","ENSMUSG00000074570",4,-1.10395251810984,0.152124183648439,-7.25691662977849,3.9601361535733e-13,-1.40211043923833,-0.805794596981338,0,0,"REML",9.62138373429184e-11,-12.4022898823247
"Tpd52","ENSMUSG00000027506",4,0.850210534160744,0.118199199018591,7.19303126603269,6.33684238430245e-13,0.618544361082824,1.08187670723866,0,0,"REML",1.51726047871103e-10,12.1981270949071
"Alox5ap","ENSMUSG00000060063",4,-0.817463634601909,0.113710942376701,-7.1889619197229,6.52857776974848e-13,-1.04033298630835,-0.594594282895466,0,0,"REML",1.54083761905735e-10,-12.185181418116
"Clec7a","ENSMUSG00000079293",4,3.46839714174037,0.483395060016541,7.17507775445966,7.22661024259967e-13,2.52096023380338,4.41583404967737,77.4277981667516,0.648832934722746,"REML",1.68156095518295e-10,12.1410653677329
"Stat2","ENSMUSG00000040033",4,1.36571538560994,0.190406448002991,7.17263201920817,7.3569410980243e-13,0.992525605099885,1.73890516612,33.8205530245037,0.0479441396493702,"REML",1.68811144278416e-10,12.1333027210413
"Nes","ENSMUSG00000004891",4,2.10769754618259,0.295232840749765,7.13910261754737,9.39421850434487e-13,1.5290518112596,2.68634328110558,22.7114887005028,0.0816604494793346,"REML",2.12605320425043e-10,12.027139342585
"Axl","ENSMUSG00000002602",4,3.64448589666955,0.511149947857684,7.12997411414049,1.00387805100714e-12,2.64265040816896,4.64632138517013,68.0509008034568,0.671487601569352,"REML",2.24122557847148e-10,11.9983190411665
"Fxyd5","ENSMUSG00000009687",4,2.33702789301281,0.328569882319145,7.11272705981865,1.13772140453649e-12,1.69304275726272,2.9810130287629,13.7011480483497,0.0633990645243062,"REML",2.50617270991297e-10,11.9439640712319
"Gp9","ENSMUSG00000030054",4,-1.19095464502298,0.168705552189224,-7.05936840589085,1.67261088413768e-12,-1.5216114513058,-0.860297838740158,0,0,"REML",3.63594794958402e-10,-11.7766050814687
"Il6ra","ENSMUSG00000027947",4,-0.571340264536397,0.0811417956304368,-7.04125734582688,1.90512764850757e-12,-0.730375261612963,-0.412305267459831,0,0,"REML",4.08761219233682e-10,-11.7200759201536
"Cpq","ENSMUSG00000039007",4,1.25623123960333,0.178764812659621,7.02728473749066,2.10591340074818e-12,0.905858645087426,1.60660383411924,0.000549455462221648,7.95373123907128e-07,"REML",4.46048657612317e-10,11.6765594918165
"Cd44","ENSMUSG00000005087",4,2.33647103950951,0.333078900973173,7.01476747005868,2.30331699606284e-12,1.68364838959191,2.98929368942711,14.6781813798336,0.0668809318915216,"REML",4.8168481129056e-10,11.6376462877557
"Irf7","ENSMUSG00000025498",3,3.26207790848366,0.465164196152389,7.01274503813056,2.33687080183256e-12,2.35037283712745,4.17378297983987,70.0999543492322,0.436016308828708,"REML",4.82593031463446e-10,11.6313652977071
"F830016B08Rik","ENSMUSG00000090942",4,3.06017392782422,0.438908169705209,6.97224189260267,3.11929605002369e-12,2.19992972268162,3.92041813296682,3.34299720174769e-05,2.9690581738236e-07,"REML",6.36220864721499e-10,11.5059434047266
"Ifitm3","ENSMUSG00000025492",4,2.97937208338166,0.428368140212079,6.95516730517495,3.5214387445774e-12,2.13978595644158,3.81895821032173,47.5496634389738,0.339296411079535,"REML",7.09484018282479e-10,11.4532798617579
"Nlrc5","ENSMUSG00000074151",4,2.54301868415756,0.366875894371835,6.93155021403551,4.16253646143597e-12,1.82395514439284,3.26208222392228,56.015252050995,0.278263783608989,"REML",8.28545359992575e-10,11.380641949298
"Cep68","ENSMUSG00000044066",4,-0.773858961742694,0.111969214311971,-6.91135475494679,4.80046883748831e-12,-0.993314589171403,-0.554403334313985,2.28311350827859,0.00160073560810596,"REML",9.44149353144575e-10,-11.3187163452097
"Adrb2","ENSMUSG00000045730",4,-0.709521752651025,0.102703346662305,-6.90845795886261,4.89950137966799e-12,-0.910816613200874,-0.508226892101176,0.378390284826762,0.000198678118702188,"REML",9.52290144629352e-10,-11.3098481157016
"Golm1","ENSMUSG00000021556",4,-0.53929743227472,0.0784528718698399,-6.87415794248374,6.23570900980308e-12,-0.693062235623341,-0.385532628926098,0,0,"REML",1.19790870408089e-09,-11.2051141594206
"Gvin1","ENSMUSG00000045868",4,0.980791449702487,0.143132190123587,6.85234711252321,7.26480130700832e-12,0.700257512031917,1.26132538737306,0,0,"REML",1.37956071716189e-09,11.138776259198
"Ggta1","ENSMUSG00000035778",4,-0.713159481339914,0.104158212603229,-6.84688670740312,7.54744410014723e-12,-0.917305826736308,-0.50901313594352,0,0,"REML",1.41694686339241e-09,-11.1222000948782
"Ptgs1","ENSMUSG00000047250",4,-0.548782813621649,0.080319266803505,-6.83251771911968,8.3437096124987e-12,-0.706205683821182,-0.391359943422116,0,0,"REML",1.5488362528999e-09,-11.078640819141
"Zfp703","ENSMUSG00000085795",3,-0.740070040997865,0.109151220568827,-6.78022689202272,1.19987294676571e-11,-0.954002502181354,-0.526137579814376,0,0,"REML",2.20256677261291e-09,-10.9208647384856
"Calm2","ENSMUSG00000036438",4,-0.533568406834472,0.0787750978298086,-6.77331316029885,1.25866094297002e-11,-0.687964761459516,-0.379172052209428,0,0,"REML",2.2850920262426e-09,-10.9000912440212
"Apoc1","ENSMUSG00000040564",4,4.86171993031186,0.719560398063648,6.75651403745238,1.41351291649782e-11,3.4514074654058,6.27203239521791,0,0,"REML",2.53833118407179e-09,10.8497002186296
"Cox4i1","ENSMUSG00000031818",4,0.930615601449311,0.138268782907304,6.7304823394099,1.69101574241348e-11,0.659613766764808,1.20161743613381,0,0,"REML",2.97205011493756e-09,10.771852349344
"Klf3","ENSMUSG00000029178",4,-0.570917935033545,0.0848151007491619,-6.73132413910606,1.68125953649757e-11,-0.737152477847039,-0.404683392220052,0,0,"REML",2.97205011493756e-09,-10.7743652392266
"Baiap2l2","ENSMUSG00000018126",4,3.96094629007765,0.588795468873145,6.72720239790267,1.72956089295487e-11,2.80692837682591,5.11496420332938,0.000188550577627633,2.88610846784275e-06,"REML",3.0077974223692e-09,10.7620641430982
"Txnip","ENSMUSG00000038393",4,-0.692491254196359,0.103167985511462,-6.71226883769504,1.91621226968237e-11,-0.894696790156374,-0.490285718236343,0,0,"REML",3.2976815528565e-09,-10.717556383334
"Apoc4","ENSMUSG00000074336",4,5.30424085444733,0.792530227368925,6.69279312166625,2.18950577777893e-11,3.75091015214489,6.85757155674976,0,0,"REML",3.71785865681354e-09,10.659653904432
"Tlr5","ENSMUSG00000079164",4,-1.31149958964345,0.195987928186073,-6.69173658695089,2.20537587535698e-11,-1.69562887029278,-0.927370308994123,0.000304362277465365,5.94373406570669e-07,"REML",3.71785865681354e-09,-10.6565173804902
"Slfn2","ENSMUSG00000072620",4,1.57381655724203,0.235286461751343,6.68893800997902,2.2479592295765e-11,1.11266356615954,2.03496954832453,23.9701441225565,0.0541774012506397,"REML",3.7513671143266e-09,10.6482115696735
"Oas2","ENSMUSG00000032690",4,3.83684734340623,0.575892375613029,6.66243816706544,2.69321642712432e-11,2.70811902823348,4.96557565857898,66.3725907469436,0.838516293547589,"REML",4.44946285925209e-09,10.5697287452409
"Ifi206","ENSMUSG00000037849",3,3.04513520916285,0.463217882801329,6.57387230118853,4.90232800565503e-11,2.13724484187735,3.95302557644836,41.6475940768467,0.269838602585613,"REML",8.01894663182444e-09,10.3095976342752
"Cd5l","ENSMUSG00000015854",4,4.80056548427883,0.733550367295585,6.54428884273796,5.97791612590486e-11,3.36283318353335,6.2382977850243,20.2472543142255,0.447396066646635,"REML",9.68246591334061e-09,10.2234501826912
"Ptger4","ENSMUSG00000039942",4,2.40543925183927,0.367841397234886,6.53933806776856,6.17917053724904e-11,1.684483361236,3.12639514244254,33.8820542743984,0.182329645368465,"REML",9.91126955785354e-09,10.2090698186446
"Lgals3bp","ENSMUSG00000033880",4,2.57873719481616,0.394440713131784,6.53770543700087,6.24698046666894e-11,1.80564760304157,3.35182678659076,71.4903223570276,0.4046018220553,"REML",9.92368887402284e-09,10.2043298520228
"Enpp1","ENSMUSG00000037370",4,1.38573430014474,0.213025024222024,6.50503059537488,7.76775689676192e-11,0.968212924863802,1.80325567542568,0,0,"REML",1.21067086501324e-08,10.1097043747642
"Gas2l3","ENSMUSG00000074802",4,2.51431404742124,0.386466873600438,6.5058979673915,7.7230634941525e-11,1.75685289394658,3.27177520089589,64.8233419918198,0.370796891591211,"REML",1.21067086501324e-08,10.1122103946519
"Rps11","ENSMUSG00000003429",4,0.877661155456837,0.134960169550554,6.50311242479641,7.86749520181072e-11,0.613144083790332,1.14217822712334,8.60582609622151,0.00817985413653629,"REML",1.21475596475808e-08,10.10416351328
"Cx3cr1","ENSMUSG00000052336",4,-0.691645422127881,0.106555935438611,-6.49091408452187,8.53171256332731e-11,-0.900491217926533,-0.482799626329229,0,0,"REML",1.30511503017343e-08,-10.068963784524
"Ly9","ENSMUSG00000004707",4,1.66672031672151,0.257456125273406,6.47380331290053,9.55662869671686e-11,1.1621155835864,2.17132504985662,47.9340975997027,0.115155409023938,"REML",1.44848681374733e-08,10.0196952872883
"Romo1","ENSMUSG00000067847",4,0.618571697011431,0.0962830474347817,6.42451307360652,1.32292291999975e-10,0.429860391717498,0.807283002305365,0,0,"REML",1.98690996011962e-08,9.87846545920931
"Xbp1","ENSMUSG00000020484",4,-0.83649819177592,0.130550192214729,-6.40748341756592,1.47941171648324e-10,-1.09237186669157,-0.58062451686027,0.000132828965122566,1.33505753201083e-07,"REML",2.2019244115333e-08,-9.82991094614251
"H2-M3","ENSMUSG00000016206",3,0.946202621280762,0.148311426579283,6.37983628843964,1.77277391663546e-10,0.65551756668961,1.23688767587191,0,0,"REML",2.61499981042272e-08,9.75134664681212
"P2ry2","ENSMUSG00000032860",4,3.25759505905663,0.512138041663642,6.36077540437062,2.00737784231589e-10,2.25382294228302,4.26136717583024,9.3579585664183,0.09981706144339,"REML",2.93485746308856e-08,9.6973708739558
"Phf11d","ENSMUSG00000068245",4,1.23463812060305,0.19422781527167,6.35664937525112,2.06201921802422e-10,0.853958597874681,1.61531764333143,0,0,"REML",2.98829995622615e-08,9.68570729140799
"Rpl28-ps1","ENSMUSG00000058603",3,1.30405940055528,0.205280908156088,6.35256055845055,2.11760016737644e-10,0.901716213855668,1.70640258725488,0,0,"REML",3.04216281436749e-08,9.6741560373798
"Sema4b","ENSMUSG00000030539",4,-1.98929994470087,0.313260229540564,-6.35031120170737,2.14879783339799e-10,-2.60327871238912,-1.37532117701261,67.1037178394623,0.235020330130572,"REML",3.06036974185933e-08,-9.66780444256803
"Adar","ENSMUSG00000027951",4,0.857814342036616,0.135357003427573,6.33742119221496,2.33642646442407e-10,0.592519490263308,1.12310919380992,0,0,"REML",3.26645367312605e-08,9.63144788320265
"Maf","ENSMUSG00000055435",4,-0.536031862142645,0.0845963952044139,-6.33634401143698,2.35281149507899e-10,-0.701837749965213,-0.370225974320076,0,0,"REML",3.26645367312605e-08,-9.62841286667288
"Pbxip1","ENSMUSG00000042613",4,0.596857694203822,0.0941804455692544,6.33738448142009,2.33698303449231e-10,0.412267412840149,0.781447975567496,0,0,"REML",3.26645367312605e-08,9.63134444039045
"Dapp1","ENSMUSG00000028159",4,-0.604148376817183,0.0953734590729859,-6.33455452585451,2.38027984077333e-10,-0.79107692168124,-0.417219831953126,0,0,"REML",3.27705027078468e-08,-9.62337198153203
"Milr1","ENSMUSG00000040528",4,1.14659670781287,0.18161294173307,6.31340859781956,2.72955565235017e-10,0.790641882889678,1.50255153273605,0.000745000912415811,1.39578694970868e-06,"REML",3.69631056823583e-08,9.56390804652666
"Pianp","ENSMUSG00000030329",4,3.86684874720615,0.612405964798176,6.31419184246598,2.7157688225176e-10,2.66655511228422,5.06714238212808,0.000239768653934862,3.98648638117316e-06,"REML",3.69631056823583e-08,9.56610720176194
"Tjp1","ENSMUSG00000030516",4,-0.569639065898367,0.0905017015486678,-6.29423597734281,3.08917580619481e-10,-0.747019141473348,-0.392258990323385,0,0,"REML",4.14929052797923e-08,-9.5101573751276
"Slc2a6","ENSMUSG00000036067",4,3.23782337887555,0.514642969211396,6.29139728429006,3.14620969983376e-10,2.22914169432446,4.24650506342664,49.2409609232173,0.515738294355948,"REML",4.19181697185109e-08,9.50221233433652
"Uba52rt","ENSMUSG00000068240",3,1.13364082142743,0.181245185495945,6.25473619244243,3.98188414368302e-10,0.778406785484096,1.48887485737076,0.000637764994064603,1.07906991248665e-06,"REML",5.26277663502297e-08,9.39991138029333
"Dna2","ENSMUSG00000036875",4,2.39703072420612,0.383376110075432,6.25242591077073,4.04125476541704e-10,1.64562735592521,3.14843409248703,26.7015412827999,0.158697829582039,"REML",5.2988547602742e-08,9.39348377026332
"H2-Q4","ENSMUSG00000035929",4,1.82980925750184,0.292929371465238,6.24658854914104,4.19514232739871e-10,1.25567823941602,2.40394027558766,57.5388175225906,0.178002237588545,"REML",5.45731861346095e-08,9.37725330040016
"Chst2","ENSMUSG00000033350",4,2.9332825043022,0.470347238282613,6.23641910817325,4.47700651360619e-10,2.0114188570404,3.855146151564,78.3022948702946,0.632639420015994,"REML",5.77848629775686e-08,9.34901227376014
"Mki67","ENSMUSG00000031004",4,1.77830151535233,0.286192715203242,6.21365052597323,5.17675938652927e-10,1.21737410091625,2.33922892978841,0,0,"REML",6.62986370735272e-08,9.28594202036314
"Rpl14-ps1","ENSMUSG00000046721",4,1.02146288489745,0.164896394398578,6.19457380267777,5.84429519564612e-10,0.698271890695726,1.34465387909918,0.308078918234686,0.000367801083501954,"REML",7.42720007132842e-08,9.23326785594746
"Capg","ENSMUSG00000056737",4,1.51955741434554,0.245584104686951,6.18752348114117,6.11167455451455e-10,1.0382214139836,2.00089341470748,0,0,"REML",7.70770803932327e-08,9.21383977991364
"Anxa5","ENSMUSG00000027712",4,1.46056319875067,0.236386367695344,6.17871162787632,6.4626816576899e-10,0.997254431631554,1.92387196586979,25.2514084988814,0.0567587314667056,"REML",8.08863361111324e-08,9.18958723626574
"Slc43a3","ENSMUSG00000027074",4,1.83661042717925,0.297568786412661,6.17205335721029,6.74087420738349e-10,1.25338632288715,2.41983453147136,0,0,"REML",8.37338216392351e-08,9.17128377722984
"Ifi205","ENSMUSG00000054203",4,4.90224968076574,0.794771365265412,6.16812569628581,6.91042034443008e-10,3.34452642890181,6.45997293262968,25.2925732232523,0.647841546810479,"REML",8.51992944106936e-08,9.16049553472215
"Cacna1a","ENSMUSG00000034656",4,1.69714126962122,0.275387305348366,6.16274329520867,7.1495360516198e-10,1.15739206933889,2.23689046990355,11.278646641105,0.0505483483056768,"REML",8.74944334139339e-08,9.14572213956379
"Gla","ENSMUSG00000031266",4,1.73883402992384,0.283760889615925,6.12781427446671,8.90944971365678e-10,1.18267290605558,2.2949951537921,0,0,"REML",1.08230160823032e-07,9.05014911904984
"Grn","ENSMUSG00000034708",4,0.750941910740282,0.123146646081371,6.09794854050744,1.07438318555773e-09,0.509578919603895,0.99230490187667,0.000988420817626787,8.90302841676397e-07,"REML",1.29561201522623e-07,8.96884079713442
"Il18bp","ENSMUSG00000070427",4,2.12744087453677,0.349017597712242,6.09551176926845,1.09087885754512e-09,1.44337895305009,2.81150279602345,9.53154247098283,0.0540948599978064,"REML",1.30597171054369e-07,8.9622234752786
"Rps18","ENSMUSG00000008668",3,0.904382300961074,0.148451923149818,6.09208881752493,1.11446818488947e-09,0.613421878151724,1.19534272377042,37.0622520357993,0.0254421938141925,"REML",1.32461358867331e-07,8.95293232496227
"Apoe","ENSMUSG00000002985",4,3.72894381425051,0.613144039111673,6.08167669647906,1.18932200054527e-09,2.52720358025621,4.9306840482448,67.4413738622668,0.969345645519022,"REML",1.40348491221489e-07,8.92470054729257
"Selplg","ENSMUSG00000048163",4,-0.818314274482139,0.134744042935511,-6.0731016871283,1.25462950592952e-09,-1.08240774576706,-0.554220803197219,36.2143735459421,0.0244775033053834,"REML",1.4700520615221e-07,-8.90148450309576
"Lgals3","ENSMUSG00000050335",4,2.97090632896061,0.490529883558468,6.05652464516261,1.39093838768029e-09,2.00948542384538,3.93232723407583,44.1507555394023,0.419771588313589,"REML",1.61828824668071e-07,8.85669210687574
"Madcam1","ENSMUSG00000020310",4,5.21080843965508,0.862013521853925,6.044926567333,1.49478067378652e-09,3.52129298263485,6.9003238966753,0.000199432202913585,6.43724858107868e-06,"REML",1.72694206375015e-07,8.82542252583587
"Treml2","ENSMUSG00000071068",4,1.70874789263502,0.282909768435199,6.03990417894112,1.54205775473152e-09,1.15425493562747,2.26324084964258,35.5227945161406,0.113009868632197,"REML",1.76919001152218e-07,8.81189936033728
"4930556M19Rik","ENSMUSG00000096971",4,4.13103921466796,0.684499492403221,6.03512385402102,1.58840811239779e-09,2.7894448621217,5.47263356721422,0,0,"REML",1.80979933964993e-07,8.79903790355187
"Hpgd","ENSMUSG00000031613",4,-0.581460402669666,0.0966236169471677,-6.01778758693746,1.76816999743552e-09,-0.770839211942109,-0.392081593397223,2.56744081256124,0.00120285917319535,"REML",2.00081757038576e-07,-8.75247598287555
"Rap2b","ENSMUSG00000036894",4,1.28514864276144,0.213656045322084,6.01503524425951,1.79847566868702e-09,0.866390488850899,1.70390679667198,0,0,"REML",2.00760922448501e-07,8.74509543331194
"Sdc3","ENSMUSG00000025743",4,2.08087216532886,0.345929412769851,6.0153085817923,1.79544349376351e-09,1.40286297510686,2.75888135555086,66.340729872193,0.288932135878344,"REML",2.00760922448501e-07,8.74582825844816
"Abcg1","ENSMUSG00000024030",4,0.628112301649318,0.104484710805856,6.0115235693806,1.83787784436612e-09,0.423326031534757,0.832898571763878,0,0,"REML",2.03782415213239e-07,8.73568335762931
"Smim3","ENSMUSG00000038059",4,1.18526043387345,0.197563836710542,5.99937950997593,1.98072939199209e-09,0.798042429273239,1.57247843847367,3.11791735651948e-05,5.32897877971763e-08,"REML",2.18157535234009e-07,8.70317485388714
"Hmox1","ENSMUSG00000005413",4,1.13508182214781,0.189510868966988,5.98953415355579,2.10442937345167e-09,0.763647344293625,1.506516300002,0,0,"REML",2.30246872045e-07,8.67686564498601
"Sall1","ENSMUSG00000031665",4,-0.540825072096936,0.0903495119801141,-5.98592134306129,2.15168338944075e-09,-0.71790686159873,-0.363743282595143,35.1977667698471,0.011149920189963,"REML",2.33868166295728e-07,-8.66722163278944
"Filip1l","ENSMUSG00000043336",4,-0.795938297150964,0.132996871650508,-5.98463924206087,2.16869994825732e-09,-1.05660737564246,-0.535269218659472,0,0,"REML",2.34177070883394e-07,-8.66380053089513
"Vim","ENSMUSG00000026728",4,1.70248133394968,0.284870767721307,5.97632866147657,2.2822234470679e-09,1.14414488896764,2.26081777893171,0,0,"REML",2.44835153045512e-07,8.64164183709665
"Tmem119","ENSMUSG00000054675",4,-0.814655825502904,0.136346456740154,-5.97489546101999,2.30237774830607e-09,-1.08188997013325,-0.547421680872554,30.032792813341,0.0224233561679728,"REML",2.45403759869449e-07,-8.6378234206949
"Oas1g","ENSMUSG00000066861",4,3.90745003970754,0.654325414980513,5.97172286181779,2.3476108451294e-09,2.62499579217651,5.18990428723858,52.8263194257647,0.897706833040435,"REML",2.48621017771685e-07,8.62937389286737
"Bst2","ENSMUSG00000046718",4,1.61808062627337,0.273269036485289,5.92120002721377,3.19600840555809e-09,1.08248315667224,2.1536780958745,47.3800112500848,0.132640858267214,"REML",3.3631372527532e-07,8.49539208715445
"Dusp7","ENSMUSG00000053716",4,-0.724242332527561,0.122524052025939,-5.91102171820302,3.39992197072149e-09,-0.964385061738312,-0.484099603316809,0,0,"REML",3.55507030875251e-07,-8.46853105003832
"Evi2b","ENSMUSG00000093938",3,1.43801736572294,0.243425046982675,5.9074338633086,3.47477754921362e-09,0.960913040701925,1.91512169074395,2.78269644330078,0.0289691296612065,"REML",3.6104905591546e-07,8.45907299315771
"Gprasp1","ENSMUSG00000043384",4,-0.686819038769387,0.116285537498846,-5.90631520945762,3.49844306363552e-09,-0.914734504190007,-0.458903573348768,0,0,"REML",3.61236111589515e-07,-8.45612518973816
"Stmn1","ENSMUSG00000028832",4,0.968481006263429,0.164065139026371,5.9030273707796,3.56891035341985e-09,0.646919242653185,1.29004276987367,0.000777918781554345,1.546070441252e-06,"REML",3.648549215057e-07,8.44746436084346
"Vps13c","ENSMUSG00000035284",4,0.760311511377352,0.128809078929605,5.90262361702677,3.5776585729631e-09,0.507850355793549,1.01277266696115,0.00424399055186243,4.38131631205203e-06,"REML",3.648549215057e-07,8.44640110785844
"Adgrg1","ENSMUSG00000031785",4,-0.578287467738429,0.0980821416753353,-5.89595065789486,3.72530290823457e-09,-0.770524932948642,-0.386050002528217,0,0,"REML",3.7758116163769e-07,-8.42883840854619
"Klhl9","ENSMUSG00000070923",4,-0.649888282166135,0.111283567087842,-5.83993036144449,5.22226465837668e-09,-0.868000065729454,-0.431776498602817,0,0,"REML",5.2607947817708e-07,-8.28214112240966
"Prkca","ENSMUSG00000050965",4,-0.894725767009739,0.153342273675736,-5.83482783685444,5.38461367247379e-09,-1.19527110072167,-0.594180433297812,0,0,"REML",5.39146681714785e-07,-8.26884545038485
"Cfb","ENSMUSG00000090231",4,7.30894274957113,1.25658197831325,5.8165267970675,6.00829146620038e-09,4.84608732845506,9.77179817068719,56.8559465668955,3.2601672175095,"REML",5.97969778994557e-07,8.22124900757976
"H2-T22","ENSMUSG00000056116",4,1.27236413873261,0.218895154507436,5.81266470514491,6.14861377553635e-09,0.84333751950771,1.70139075795752,0.000290731820851903,7.08726175888761e-07,"REML",6.08270947219378e-07,8.21122278625627
"Myo18b","ENSMUSG00000072720",4,-0.912105776312547,0.156953887539804,-5.81129776783154,6.19903876068315e-09,-1.21972974312411,-0.604481809500981,0,0,"REML",6.09609043840752e-07,-8.20767564813009
"Sp100","ENSMUSG00000026222",4,1.96824679441811,0.338974832922732,5.80646880904802,6.38041519880761e-09,1.30386833022407,2.63262525861215,64.5845547420907,0.258894462350361,"REML",6.23732778103553e-07,8.19515105910268
"C5ar2","ENSMUSG00000074361",4,-0.789482252150118,0.13605808037305,-5.80253851873759,6.53183822644236e-09,-1.05615118948695,-0.522813314813284,0.00139417346342054,1.43632858769787e-06,"REML",6.3477940787679e-07,-8.18496457994171
"Use1","ENSMUSG00000002395",4,0.765789946230741,0.132292831905886,5.78859742586452,7.09765772090572e-09,0.506500760282393,1.02507913217909,0,0,"REML",6.85733352088207e-07,8.1488849480014
"Nid2","ENSMUSG00000021806",4,-1.2696816767062,0.220088075232247,-5.76897078756481,7.97571270892756e-09,-1.70104637758814,-0.838316975824252,37.3500762227375,0.0707039198050695,"REML",7.66085753861583e-07,-8.0982304980232
"Ang","ENSMUSG00000072115",4,-0.734348852049863,0.127354383995751,-5.76618431976684,8.10863760469869e-09,-0.983958857954819,-0.484738846144907,0,0,"REML",7.74351455879925e-07,-8.09105210885484
"Klhdc8b","ENSMUSG00000032609",4,-1.40351488851245,0.243787309490453,-5.75712858657812,8.55567399960812e-09,-1.88132923500166,-0.925700542023246,0.000558839579402577,1.70608325303092e-06,"REML",8.12346495100723e-07,-8.06774577188786
"Cox8a","ENSMUSG00000035885",4,0.753872238942197,0.131590313888429,5.72893411882412,1.01063632043445e-08,0.495959963006555,1.01178451487784,4.46076879117642,0.00449985367544417,"REML",9.48677423289634e-07,7.99540509806215
"Fyb1","ENSMUSG00000022148",3,0.48837597119277,0.0852469279837705,5.72895684036553,1.01050097981967e-08,0.3212950625519,0.65545687983364,0,0,"REML",9.48677423289634e-07,7.99546326104024
"Chst1","ENSMUSG00000027221",4,1.38599150903792,0.242353021797276,5.71889510087181,1.07218958152843e-08,0.910988314770809,1.86099470330503,20.4816281615523,0.0508875491208974,"REML",1.00077085177577e-06,7.96972841713188
"Ecscr","ENSMUSG00000073599",4,-0.823424481858677,0.144500720828441,-5.69841089468538,1.2092930976954e-08,-1.1066406904225,-0.540208273294857,0,0,"REML",1.12240063297897e-06,-7.91746842595087
"Rassf5","ENSMUSG00000026430",4,-0.65829900946138,0.11562206024586,-5.69354159631447,1.24430883563154e-08,-0.884914083361586,-0.431683935561175,0,0,"REML",1.14844839516585e-06,-7.9050718150115
"Trim34a","ENSMUSG00000056144",4,0.787396640813387,0.138955743598703,5.66652820834342,1.45719851044598e-08,0.515048387914947,1.05974489371183,4.30718805085339,0.00407565165658071,"REML",1.337465366171e-06,7.83648128136741
"Spp1","ENSMUSG00000029304",4,7.60264186776272,1.3509000050466,5.62783465790309,1.82485881070024e-08,4.9549265111564,10.250357224369,88.0210198303332,6.39311632491862,"REML",1.66566256417562e-06,7.73877073126548
"H2bc4","ENSMUSG00000018102",3,0.694515481904149,0.123483443954646,5.62436112617039,1.86195773307434e-08,0.452492379066073,0.936538584742224,0.00659788230379344,4.52493341459042e-06,"REML",1.69018701692973e-06,7.73003018184067
"Gm5431","ENSMUSG00000058163",3,1.40400446474334,0.250608021999241,5.60239234779001,2.11413339758367e-08,0.912821767388003,1.89518716209867,33.9019511082079,0.0658119219058206,"REML",1.9086119049989e-06,7.67486761305191
"Tbc1d8","ENSMUSG00000003134",4,0.78510060652646,0.140351396651451,5.59382111797704,2.22125814154643e-08,0.51001692390972,1.0601842891432,0,0,"REML",1.99442422589612e-06,7.65340096737023
"Etv5","ENSMUSG00000013089",4,-0.729509420898281,0.130619277079381,-5.58500580626347,2.33692406432257e-08,-0.985518499660527,-0.473500342136036,14.2412607185101,0.0108418984808231,"REML",2.0869363495499e-06,-7.63135539928149
"Mbd2","ENSMUSG00000024513",4,0.721195642822361,0.129378892661488,5.5742913545359,2.48539479483622e-08,0.467617672846171,0.974773612798551,0,0,"REML",2.20759179599404e-06,7.60460461554212
"P2rx4","ENSMUSG00000029470",4,0.922405801873114,0.165529329679765,5.57246141005714,2.51165138636684e-08,0.597974277315719,1.24683732643051,0,0,"REML",2.21898355904634e-06,7.60004064020707
"Gabarap","ENSMUSG00000018567",4,0.542302833064329,0.0975512206669741,5.55915988909737,2.71076282783639e-08,0.351105953909141,0.733499712219518,0,0,"REML",2.38215492971728e-06,7.56690847838697
"Trex1","ENSMUSG00000049734",3,1.12927848465026,0.203260378737943,5.55582200358981,2.76308331302796e-08,0.730895462839924,1.5276615064606,0,0,"REML",2.41528568330872e-06,7.55860601995399
"Zmynd15","ENSMUSG00000040829",4,1.64875183710614,0.296916418266425,5.55291568830223,2.80943600239826e-08,1.06680635088532,2.23069732332696,0,0,"REML",2.44287853661166e-06,7.55138085647595
"Fam20c","ENSMUSG00000025854",4,2.19001318119995,0.396409091767327,5.52462904278035,3.30182484411555e-08,1.41306563819176,2.96696072420815,49.8128655950383,0.301957201785302,"REML",2.8559920549546e-06,7.4812459690053
"Fgr","ENSMUSG00000028874",4,3.0471904712462,0.551744393540363,5.52282996786498,3.33582523918277e-08,1.9657913312352,4.12858961125721,59.7274237608939,0.618771491765791,"REML",2.87037337377805e-06,7.47679670972694
"Sqor","ENSMUSG00000005803",3,-0.776662453934326,0.141082185058286,-5.50503561887319,3.69093637274589e-08,-1.05317845550878,-0.50014645235987,0,0,"REML",3.15947978311579e-06,-7.43286344144849
"Ctsb","ENSMUSG00000021939",4,1.17744800180701,0.214018720990999,5.50161217838756,3.76334046072082e-08,0.757979016647326,1.5969169869667,56.9605381494202,0.0944887349561577,"REML",3.20485297688498e-06,7.42442649028394
"Mtss1","ENSMUSG00000022353",4,-0.93783430004363,0.170576766062807,-5.49801899573072,3.84081564817849e-08,-1.27215861812605,-0.603509981961214,28.2002148183927,0.0333481505391934,"REML",3.25405719607984e-06,-7.41557653764092
"Fscn1","ENSMUSG00000029581",4,-0.619133719711421,0.112995676801132,-5.47926909452536,4.27086403848506e-08,-0.840601176650369,-0.397666262772473,0,0,"REML",3.59994616223529e-06,-7.36948425397134
"Glipr1","ENSMUSG00000056888",4,1.20076457591011,0.219195940505748,5.4780420346271,4.30057983564747e-08,0.771148426961458,1.63038072485876,10.1221567148031,0.0298942667580032,"REML",3.60659286623004e-06,7.36647298571221
"Aplp2","ENSMUSG00000031996",4,0.71335182276194,0.130275173017005,5.47573114847314,4.35708791030645e-08,0.458017175568887,0.968686469954994,0,0,"REML",3.6355277457663e-06,7.36080367748086
"Egln3","ENSMUSG00000035105",4,2.58483342821728,0.472618658713913,5.46917346693655,4.52139073962301e-08,1.65851787871638,3.51114897771817,0,0,"REML",3.75366313614632e-06,7.34472795951529
"Gab1","ENSMUSG00000031714",4,-0.71228100373672,0.130705152062939,-5.44952507605615,5.05045023571952e-08,-0.968458394373912,-0.456103613099528,0,0,"REML",4.17192441721611e-06,-7.29666990382737
"Jam2","ENSMUSG00000053062",4,-0.586820191890775,0.107709420798845,-5.4481788829475,5.08881649082284e-08,-0.797926777452182,-0.375713606329369,0,0,"REML",4.18270334551662e-06,-7.29338321005419
"Tppp","ENSMUSG00000021573",4,-0.723265077760362,0.132898554279919,-5.44223435446089,5.26163902077424e-08,-0.983741457746445,-0.462788697774279,0,0,"REML",4.30334347832729e-06,-7.27887895037107
"Pmaip1","ENSMUSG00000024521",4,1.34061772800057,0.246777265753904,5.43250093927813,5.55696610843183e-08,0.856943174919649,1.82429228108149,0,0,"REML",4.52249443731045e-06,7.25516225193982
"Epb41l3","ENSMUSG00000024044",4,0.98887746501839,0.182256351136863,5.42575037220955,5.77115692352527e-08,0.631661580836452,1.34609334920033,0.000493555735486356,8.01924106205678e-07,"REML",4.67378840850789e-06,7.23873711662973
"Cenpb","ENSMUSG00000068267",4,1.04439494567365,0.192565295747221,5.42358861507745,5.84142353531068e-08,0.666973901336795,1.42181599001051,4.88076334053434,0.00816159285539163,"REML",4.70761747448136e-06,7.23348130388188
"Melk","ENSMUSG00000035683",4,4.3751904947087,0.80783374434477,5.41595411845218,6.09627336554462e-08,2.79186545029682,5.95851553912059,0,0,"REML",4.88915205204673e-06,7.21493556685124
"Cox7a2l","ENSMUSG00000024248",4,0.683278920794826,0.126421277896586,5.40477783616265,6.48887694749896e-08,0.435497769237988,0.931060072351664,3.97910616428321,0.00316540747696216,"REML",5.15397769469377e-06,7.18783046155228
"Cspg4","ENSMUSG00000032911",4,4.07999286523294,0.754825031105238,5.40521670202019,6.47300853652274e-08,2.60056298963735,5.55942274082853,44.1462594558404,0.949290821396467,"REML",5.15397769469377e-06,7.18889382023956
"Gsap","ENSMUSG00000039934",4,0.634739823422856,0.117591251165464,5.39784905026402,6.74445731122457e-08,0.404265206241543,0.865214440604168,0.00236778771707404,1.49109753204915e-06,"REML",5.33134828893498e-06,7.1710529898353
"Ctsz","ENSMUSG00000016256",4,0.61507142008448,0.114388397886487,5.37704375136755,7.57187788916978e-08,0.390874279977728,0.839268560191232,3.11102027319744,0.00204923901182937,"REML",5.956904505094e-06,7.12079639847044
"Iigp1c","ENSMUSG00000073555",3,1.94890874840673,0.362518382630203,5.37602737347189,7.61472201248232e-08,1.23838577471782,2.65943172209564,0,0,"REML",5.9622190695839e-06,7.11834594664818
"Ly6i","ENSMUSG00000022586",4,4.77834829864496,0.889142567930106,5.37410812505445,7.69626665878336e-08,3.0356608883805,6.52103570890943,0,0,"REML",5.99764252215848e-06,7.11371989335695
"Adora1","ENSMUSG00000042429",4,2.00083874298006,0.37277970178049,5.3673489554918,7.99023730098757e-08,1.27020395332272,2.7314735326374,0.000737671499878788,4.49677651657367e-06,"REML",6.19749814317444e-06,7.09744032244082
"Cox7c","ENSMUSG00000017778",3,0.640247734702981,0.119605714075346,5.35298618174426,8.65144582695245e-08,0.405824842770108,0.874670626635854,0,0,"REML",6.67899703304119e-06,7.06291130731023
"Top2a","ENSMUSG00000020914",4,1.83034735136204,0.342210445572298,5.34860164277292,8.86363925618488e-08,1.15962720290694,2.50106749981715,0,0,"REML",6.81098530936886e-06,7.05238792773257
"Fth1","ENSMUSG00000024661",4,0.99982889919878,0.186979944024279,5.34725210458375,8.92995935590833e-08,0.633354943079877,1.36630285531768,41.0230933388004,0.0532565983415847,"REML",6.83017863513711e-06,7.04915051776822
"Tnfrsf17","ENSMUSG00000022496",4,-1.40836047731639,0.265382575971115,-5.30690634892954,1.11501427468569e-07,-1.92850076834424,-0.888220186288538,0,0,"REML",8.4890096000379e-06,-6.95271957263596
"Gpr162","ENSMUSG00000038390",4,2.06793506113277,0.390425091631305,5.29662438572369,1.17962994250955e-07,1.30271594287467,2.83315417939088,0,0,"REML",8.93975517440379e-06,6.92825421229722
"Ikbke","ENSMUSG00000042349",4,3.44664363175161,0.650845727595258,5.29563840648728,1.18601321904166e-07,2.17100944617314,4.72227781733008,59.9559699173877,0.980725276333927,"REML",8.94708876337319e-06,6.92591047039431
"Snrpg","ENSMUSG00000057278",4,0.669574128706441,0.126660136321465,5.28638408383718,1.24757808702867e-07,0.421324823239436,0.917823434173446,0,0,"REML",9.3687443526367e-06,6.90393226197365
"Cenpa","ENSMUSG00000029177",4,1.61695862696627,0.306162678099978,5.28137079607804,1.28220890669278e-07,1.01689080447998,2.21702644945255,0,0,"REML",9.58523680881062e-06,6.89204121067324
"Or14j9","ENSMUSG00000051611",2,5.91565145225177,1.1216952093635,5.27384926214364,1.3359164726411e-07,3.71716924026819,8.11413366423535,0,0,"REML",9.91610425047192e-06,6.87422069500799
"Pecam1","ENSMUSG00000020717",4,-0.940588746044441,0.178361430133092,-5.27349856604414,1.33847300275724e-07,-1.29017072533636,-0.591006766752524,0,0,"REML",9.91610425047192e-06,-6.87339038418702
"Tpst2","ENSMUSG00000029344",4,-0.51040003186228,0.0968257684448518,-5.27132435982663,1.35442863522813e-07,-0.700175050789604,-0.320625012934956,2.46619982303489,0.00139724878270284,"REML",9.98951584044816e-06,-6.86824387298085
"Atox1","ENSMUSG00000018585",4,0.824343949831764,0.156485731320024,5.26785377093536,1.38027984921515e-07,0.517637552350106,1.13105034731342,0,0,"REML",1.00900899950812e-05,6.86003285225936
"Chd4","ENSMUSG00000063870",4,0.5780283284648,0.109717810875426,5.26831809578386,1.37679380032811e-07,0.362985370686387,0.793071286243212,0,0,"REML",1.00900899950812e-05,6.86113109829449
"Iigp1","ENSMUSG00000054072",4,3.34697723323265,0.635959742538317,5.26287594852121,1.41819272805475e-07,2.10051904224018,4.59343542422512,60.1311564238644,0.961065389482329,"REML",1.02314244804334e-05,6.84826474585035
"Prpsap2","ENSMUSG00000020528",4,-0.840142207095864,0.159623226640014,-5.26328294935781,1.41505543042579e-07,-1.15299798240637,-0.527286431785362,6.46667352299172,0.00774605939925467,"REML",1.02314244804334e-05,-6.84922654766156
"Znfx1","ENSMUSG00000039501",4,0.605115591641735,0.114970964673365,5.26320356936102,1.41566679037992e-07,0.379776641614112,0.830454541669358,0,0,"REML",1.02314244804334e-05,6.84903895577656
"Slc5a10","ENSMUSG00000042371",4,-1.91304788965593,0.364020042821672,-5.25533669747164,1.47753907817881e-07,-2.62651406323713,-1.19958171607473,0,0,"REML",1.06132274393878e-05,-6.83046102400814
"Gpr165","ENSMUSG00000031210",4,-2.05815816382377,0.392608869855308,-5.24226099268282,1.58620787365427e-07,-2.82765740875114,-1.28865891889639,74.0735246373978,0.399716497932051,"REML",1.13444763119663e-05,-6.79963989869231
"Cysltr1","ENSMUSG00000052821",4,-0.648457694188769,0.123823505694551,-5.23695150247475,1.63250567072251e-07,-0.89114730578958,-0.405768082587959,0,0,"REML",1.16252699077615e-05,-6.78714530147144
"Ppp1r26","ENSMUSG00000035829",4,-1.45213491723266,0.277675341590859,-5.22961422830375,1.69864120068018e-07,-1.9963685861456,-0.907901248319718,13.905693266062,0.0456529470463491,"REML",1.20443138525482e-05,-6.7698983462756
"Ccdc162","ENSMUSG00000075225",4,-1.57864050531097,0.301958103249464,-5.22801172852369,1.71342643952482e-07,-2.17046751251994,-0.986813498101989,0,0,"REML",1.20457524286764e-05,-6.7661345358762
"Cd72","ENSMUSG00000028459",4,3.26997042703477,0.625396611826175,5.22863470188362,1.70766393968347e-07,2.0442155918021,4.49572526226745,78.5245842606659,1.12582679014791,"REML",1.20457524286764e-05,6.76759759237135
"Rpl19","ENSMUSG00000017404",3,0.851748265393447,0.163087929456059,5.22263216066481,1.76397575232971e-07,0.532101797346363,1.17139473344053,32.7622384769389,0.0265586369472634,"REML",1.23485777136607e-05,6.75350738898979
"Lyz1","ENSMUSG00000069515",3,2.05088788429507,0.393347804634028,5.21392991173098,1.84881345642334e-07,1.27994035381448,2.82183541477566,0,0,"REML",1.28878679804093e-05,6.73310690654391
"P2ry12","ENSMUSG00000036353",4,-1.00800336760668,0.19340194792526,-5.21196078126485,1.86855057376301e-07,-1.38706422008009,-0.628942515133283,73.3868492547979,0.0841954981331637,"REML",1.2970724381991e-05,-6.72849514314002
"Ube2l6","ENSMUSG00000027078",4,1.488557311945,0.286090376160548,5.20310166291526,1.95989582014179e-07,0.92783047834681,2.04928414554319,24.6363076954514,0.0828931026507765,"REML",1.35478823617417e-05,6.70776701330681
"Sec14l2","ENSMUSG00000003585",4,1.54321756723589,0.296803415730122,5.19946026712547,1.99868044574665e-07,0.961493561916383,2.1249415725554,0,0,"REML",1.37584165184085e-05,6.69925663646848
"Tbca","ENSMUSG00000042043",4,0.715931867934298,0.137766461842708,5.19670650141032,2.02850244678044e-07,0.445914564445079,0.985949171423518,0,0,"REML",1.3905763038697e-05,6.69282446411317
"Samhd1","ENSMUSG00000027639",4,0.472551375443396,0.0911675670726744,5.18332769664349,2.17961586955595e-07,0.293866227422815,0.651236523463978,0,0,"REML",1.48799313144355e-05,6.66162003870356
"Rpl39","ENSMUSG00000079641",4,0.893179019105816,0.172711397747523,5.17151172855137,2.32207694658878e-07,0.554670899801099,1.23168713841053,14.5567218891955,0.0213618357695116,"REML",1.57872564751413e-05,6.63412339315678
"Myh9","ENSMUSG00000022443",4,0.529193452798598,0.102396474671101,5.16808273427749,2.3650761761721e-07,0.328500050299373,0.729886855297824,0,0,"REML",1.5948336125118e-05,6.62615486661395
"Nrp1","ENSMUSG00000025810",4,0.564029054630715,0.109129726931209,5.16842725159804,2.36072144152845e-07,0.350138720202854,0.777919389058576,0,0,"REML",1.5948336125118e-05,6.62695525542201
"Ddx60","ENSMUSG00000037921",4,1.57782524224303,0.305692026961643,5.16148640815225,2.44996681778269e-07,0.978679879037163,2.1769706054489,42.082596667484,0.151827239047028,"REML",1.64536186164991e-05,6.61083979765647
"AI504432","ENSMUSG00000056145",4,1.57635817608034,0.305559154040942,5.15892963844613,2.48365619208485e-07,0.977473239013571,2.17524311314712,0,0,"REML",1.66123416799327e-05,6.60490852291355
"Ank","ENSMUSG00000022265",4,0.909438723275385,0.176470099193642,5.15350038012643,2.55668555907373e-07,0.563563684507635,1.25531376204314,26.9791902165919,0.0338919690963222,"REML",1.69634546672519e-05,6.59232268157727
"Siglece","ENSMUSG00000030474",4,-0.899867584495697,0.174599645053437,-5.15389125917346,2.55135925780842e-07,-1.24207660051391,-0.557658568477484,7.36817915085184,0.0116024708254616,"REML",1.69634546672519e-05,-6.59322838392318
"Prr5l","ENSMUSG00000032841",4,1.2564295663488,0.243927483090621,5.1508323311073,2.59332958083031e-07,0.77834048465168,1.73451864804592,21.1089487783742,0.0508401987903752,"REML",1.7137759201959e-05,6.58614228614612
"C3","ENSMUSG00000024164",4,3.5745194881247,0.694768098075342,5.14491021972208,2.67648781813057e-07,2.21279903828964,4.93623993795976,49.5048411419374,0.94753228983896,"REML",1.76168347583009e-05,6.57243472894063
"Lrmda","ENSMUSG00000063458",3,1.1654106906516,0.226940002745198,5.13532509277395,2.81656722734349e-07,0.720616458619595,1.61020492268361,0,0,"REML",1.8465280620215e-05,6.55027987833033
"Abcf1","ENSMUSG00000038762",4,0.547310285905312,0.106640878553841,5.1322747273597,2.86261248439579e-07,0.338298004660074,0.75632256715055,0.00425849163246227,2.33778894486538e-06,"REML",1.8692972669843e-05,6.54323743901272
"Adam33","ENSMUSG00000027318",4,2.52032655233576,0.492931794416891,5.11293160814906,3.17197163969897e-07,1.55419798844395,3.48645511622757,0,0,"REML",2.06315525430971e-05,6.49867070432332
"Tlr2","ENSMUSG00000027995",4,1.00601338691132,0.196996985818465,5.10674507394935,3.27755443481051e-07,0.619906389644176,1.39212038417845,43.5382209830905,0.0634710260859647,"REML",2.12346967911782e-05,6.48445008665801
"Cxcl16","ENSMUSG00000018920",4,1.44634967149218,0.284036449618122,5.09212699087302,3.54068814867151e-07,0.889648459944037,2.00305088304032,65.5624061702975,0.162244109318163,"REML",2.28498862907039e-05,6.45091232268422
"Cttnbp2nl","ENSMUSG00000062127",4,-0.397275724031792,0.0780687445483531,-5.08879355406738,3.60348637220743e-07,-0.550287651664822,-0.244263796398762,0,0,"REML",2.31646686207156e-05,-6.44327711603171
"Epsti1","ENSMUSG00000022014",4,0.917934025998475,0.181056291039549,5.06988197277258,3.98062478876944e-07,0.563070216386557,1.27279783561039,38.5327298052682,0.047249348480409,"REML",2.54898845485504e-05,6.40004875681596
"Herc6","ENSMUSG00000029798",4,0.787699410101205,0.155449254280764,5.06724470146704,4.03615288264331e-07,0.483024470287299,1.09237434991511,0,0,"REML",2.5703326432095e-05,6.39403239178328
"Rpl10a","ENSMUSG00000037805",4,0.901639616080961,0.17794965035592,5.06682431956217,4.04507286020502e-07,0.552864710321862,1.25041452184006,51.1229923169839,0.0525864607019392,"REML",2.5703326432095e-05,6.39307365143119
"Ctsl","ENSMUSG00000021477",4,0.819932357177481,0.16187867609184,5.06510416920078,4.0817708574588e-07,0.50265598217245,1.13720873218251,21.6201438452988,0.0238651007101665,"REML",2.58371403586501e-05,6.38915137936871
"Ccl12","ENSMUSG00000035352",4,1.96447676663761,0.388285093297988,5.0593669459517,4.20650679350848e-07,1.20345196803978,2.72550156523545,75.4568717127454,0.361764675880877,"REML",2.65250758532647e-05,6.37607840536222
"Anxa4","ENSMUSG00000029994",4,0.82235974894319,0.162854950268282,5.04964539050523,4.42630948594795e-07,0.503169911713295,1.14154958617308,0,0,"REML",2.74913755704308e-05,6.35395822363505
"Myo1f","ENSMUSG00000024300",4,0.501465473241023,0.0992747356888141,5.05128993556742,4.38836367780636e-07,0.306890566716214,0.696040379765831,0,0,"REML",2.74913755704308e-05,6.35769738822593
"Ptms","ENSMUSG00000030122",3,0.477097758822367,0.0944810731909611,5.04966489804871,4.42585752444911e-07,0.291918258147391,0.662277259497344,0,0,"REML",2.74913755704308e-05,6.35400257082934
"Rhbdf2","ENSMUSG00000020806",4,0.857586662790881,0.169830612423223,5.04965889573398,4.42599658463691e-07,0.524724778968982,1.19044854661278,0,0,"REML",2.74913755704308e-05,6.35398892553617
"Sting1","ENSMUSG00000024349",3,-0.492917533141264,0.0978222571052079,-5.03890983225965,4.6819097625821e-07,-0.684645633953889,-0.301189432328639,0,0,"REML",2.89699742275726e-05,-6.32957696099187
"Gcnt2","ENSMUSG00000021360",4,0.902127356287343,0.179241877770748,5.03301665608062,4.82821158332633e-07,0.550819731335345,1.25343498123934,0,0,"REML",2.97637625254233e-05,6.31621370637551
"Adam8","ENSMUSG00000025473",4,1.83804168543936,0.365391887941823,5.03032975305682,4.89636990321091e-07,1.12188674483029,2.55419662604843,0,0,"REML",3.00717201378987e-05,6.31012578023034
"Anxa2","ENSMUSG00000032231",4,2.36128015885751,0.471010731483636,5.01321944708079,5.35267908255509e-07,1.43811608881772,3.2844442288973,44.8994767792959,0.386067617158177,"REML",3.27524485640343e-05,6.2714287937646
"Dpy19l3","ENSMUSG00000043671",4,-1.08356198425354,0.216198978421811,-5.01187374780038,5.39025668570347e-07,-1.50730419545464,-0.659819773052435,0,0,"REML",3.28606755367185e-05,-6.26839055308223
"Hscb","ENSMUSG00000043510",4,0.769427855570066,0.154116182313085,4.99251826785448,5.95970747617818e-07,0.467365688801612,1.07149002233852,0,0,"REML",3.61986497110073e-05,6.22477505646772
"Entpd1","ENSMUSG00000048120",4,-0.503616183558518,0.100948504788817,-4.9888424262655,6.07421662299247e-07,-0.701471617237769,-0.305760749879267,0,0,"REML",3.67590230140874e-05,-6.2165097240258
"Siglecf","ENSMUSG00000039013",4,0.803295910724647,0.161271673392986,4.98101057565874,6.32530826269849e-07,0.487209239147887,1.11938258230141,0,0,"REML",3.81388386160736e-05,6.19891830437718
"Rftn1","ENSMUSG00000039316",4,0.993328768552431,0.1994527810796,4.98027033353825,6.34955148817144e-07,0.602408501020063,1.3842490360848,0,0,"REML",3.81457964131201e-05,6.19725695078544
"Speg","ENSMUSG00000026207",4,0.75336549745485,0.151388299898109,4.97637861024862,6.47848722268089e-07,0.456649881973809,1.05008111293589,0,0,"REML",3.86393817349859e-05,6.18852639344149
"Usp22","ENSMUSG00000042506",4,-0.604732391932815,0.121517874896193,-4.97648919921788,6.47478874175023e-07,-0.842903050207198,-0.366561733658433,0,0,"REML",3.86393817349859e-05,-6.18877439709828
"Sardh","ENSMUSG00000009614",4,1.19131414912968,0.239461098774809,4.97497988284936,6.5254416300725e-07,0.721979019832663,1.66064927842669,0,0,"REML",3.87794320756934e-05,6.18539009073096
"Irgm1","ENSMUSG00000046879",4,0.827106769560605,0.166727553527557,4.96082832178004,7.01932097265151e-07,0.500326769416118,1.15388676970509,18.8865486535215,0.0231705840127415,"REML",4.15649468778407e-05,6.15370489813997
"Tmem263","ENSMUSG00000060935",4,-1.00771675355011,0.203338478729446,-4.95585862472657,7.20115647643222e-07,-1.40625284853098,-0.609180658569228,0.00304578804116728,6.60949552403794e-06,"REML",4.24893950525488e-05,-6.14259775204081
"Plin3","ENSMUSG00000024197",4,1.39023811295456,0.280706912574591,4.95263226759738,7.32162568825062e-07,0.840062674096925,1.94041355181219,0,0,"REML",4.3046469037576e-05,6.13539247781485
"Rplp2","ENSMUSG00000025508",4,0.628611727194362,0.127215672355416,4.94130727413948,7.76004985880753e-07,0.379273591108699,0.877949863280025,7.86018917619257,0.00639251669291707,"REML",4.54623346515458e-05,6.11013548836354
"Prdx1","ENSMUSG00000028691",4,0.669375612411254,0.135545265054625,4.93839170362383,7.87695018028966e-07,0.403711774629253,0.935039450193255,0,0,"REML",4.59841321302351e-05,6.10364190132435
"Rpl9-ps4","ENSMUSG00000094989",3,1.16184165206059,0.235606615712889,4.93127770858697,8.16934959582311e-07,0.700061170743956,1.62362213337722,0,0,"REML",4.75231777016175e-05,6.08781251852132
"Arl5c","ENSMUSG00000038352",4,1.02640917364299,0.208280999879302,4.92800195043131,8.30747881700151e-07,0.618185915215561,1.43463243207041,0.000258020585671342,4.96388535097788e-07,"REML",4.80735760879673e-05,6.0805307574427
"Il4i1","ENSMUSG00000074141",3,1.11175698510229,0.225632062523394,4.92730054704445,8.33734596802209e-07,0.669526268798946,1.55398770140563,0,0,"REML",4.80735760879673e-05,6.07897217656637
"Olfm4","ENSMUSG00000022026",4,1.68416310333394,0.341825000874298,4.92697461866833,8.35125981311459e-07,1.01419841260495,2.35412779406294,21.9510829238832,0.10377584587392,"REML",4.80735760879673e-05,6.07824800492194
"Gimap6","ENSMUSG00000047867",4,-1.35129109159426,0.274775744259978,-4.9177961294711,8.75239944192216e-07,-1.88984165416901,-0.812740529019515,31.7734219922202,0.0944761331611092,"REML",5.02077747152764e-05,-6.05787287023093
"Oaz1","ENSMUSG00000035242",4,0.553157679589853,0.112770008144083,4.90518435436398,9.33396298879188e-07,0.332132525091162,0.774182834088544,0.00239216774430179,1.73473571908818e-06,"REML",5.33586167950971e-05,6.02993392552021
"Cdk18","ENSMUSG00000026437",4,2.15046065055185,0.438935271038214,4.8992660021724,9.61953382947484e-07,1.29016332777262,3.01075797333108,0,0,"REML",5.48014891023289e-05,6.01684597372021
"Trim30a","ENSMUSG00000030921",4,0.987541885369236,0.201726742546732,4.8954435733302,9.80842336485917e-07,0.592164735259057,1.38291903547942,64.856426121758,0.0855399695348717,"REML",5.56855540930716e-05,6.0084007967965
"Klrb1a","ENSMUSG00000030361",2,6.35024516880242,1.29892658580666,4.88884070754373,1.01431527370927e-06,3.80439584205978,8.89609449554505,0,0,"REML",5.73887076607907e-05,5.99382703479485
"Gbp6","ENSMUSG00000104713",3,4.59682062538235,0.94057041550493,4.88726899082257,1.02244355853136e-06,2.75333648606881,6.44030476469588,61.9209738189405,1.63374447047956,"REML",5.76511605136405e-05,5.990360656812
"Kcnj2","ENSMUSG00000041695",4,0.786141170058321,0.160952788360176,4.88429668145366,1.03798686166617e-06,0.470679501661078,1.10160283845556,0,0,"REML",5.83285066040367e-05,5.98380814354151
"Fcer1g","ENSMUSG00000058715",4,0.513282010540441,0.105190994359423,4.87952427549671,1.06342034341136e-06,0.307111450098017,0.719452570982866,0,0,"REML",5.93539442347944e-05,5.97329503581534
"Ggps1","ENSMUSG00000021302",4,-0.624545970139788,0.127989475028747,-4.87966662883423,1.06265309885729e-06,-0.87540073159632,-0.373691208683255,0,0,"REML",5.93539442347944e-05,-5.97360848697272
"Ica1l","ENSMUSG00000026018",3,-0.917125401217752,0.188199585863745,-4.87315313160009,1.09831023625709e-06,-1.28598981141605,-0.548260991019457,0,0,"REML",6.10948936471493e-05,-5.95927496875312
"Nfxl1","ENSMUSG00000072889",4,0.595163002696403,0.122413736532434,4.86189719843012,1.16266003223228e-06,0.355236487879858,0.835089517512949,0,0,"REML",6.44574040017099e-05,5.93454725664703
"Slc25a25","ENSMUSG00000026819",4,0.80522129053337,0.165824089392859,4.8558764500476,1.19855418244131e-06,0.480212047554217,1.13023053351252,0.00122499903913586,1.53707817826932e-06,"REML",6.62251292579027e-05,5.92134232825245
"Gstm1","ENSMUSG00000058135",4,0.69471334564844,0.143102846486193,4.85464379435295,1.20603331001429e-06,0.414236920450337,0.975189770846542,1.85057775082378e-06,4.18833564878122e-09,"REML",6.6416254382487e-05,5.91864069704195
"Mthfr","ENSMUSG00000029009",4,0.779122416210583,0.160978841502429,4.83990572263392,1.29900737291792e-06,0.463609684592841,1.09463514782833,0,0,"REML",7.12452535852215e-05,5.88638838394739
"Slfn5","ENSMUSG00000054404",4,2.40733270763403,0.497444920485005,4.83939549586092,1.30234650340397e-06,1.43235857919103,3.38230683607703,68.2055048224471,0.615461014471096,"REML",7.12452535852215e-05,5.88527345163917
"Rtn4rl1","ENSMUSG00000045287",4,-0.481976149542966,0.0996827025309467,-4.83510315536776,1.33076607461465e-06,-0.677350656385241,-0.286601642700691,0,0,"REML",7.25596908208208e-05,-5.87589827918543
"Rps21","ENSMUSG00000039001",4,0.748476803635137,0.154969916659273,4.82982000487739,1.36656526731549e-06,0.444741348295789,1.05221225897449,14.0062535303976,0.0157049002247259,"REML",7.42665288859186e-05,5.86436962152121
"Tpi1","ENSMUSG00000023456",4,0.690599542496468,0.143123036784529,4.82521582836565,1.39851737406849e-06,0.41008354504079,0.971115539952145,0,0,"REML",7.57537886458544e-05,5.85433213392942
"Cst3","ENSMUSG00000027447",4,-0.486949805018059,0.100961035790483,-4.82314589193191,1.41311531657167e-06,-0.684829799009265,-0.289069811026853,4.50352520386075,0.0023532153349119,"REML",7.62943730231391e-05,-5.8498223963204
"Gpr65","ENSMUSG00000021886",4,2.14839850487299,0.445592744259138,4.82143960500303,1.42525874134093e-06,1.27505277435272,3.02174423539327,59.4907235388665,0.447584500937084,"REML",7.66015004747465e-05,5.8461062867178
"Isg20","ENSMUSG00000039236",4,1.65785446418624,0.343915861850538,4.82052341309785,1.43182050354241e-06,0.983791761247136,2.33191716712535,0,0,"REML",7.66015004747465e-05,5.84411142281526
"Xdh","ENSMUSG00000024066",4,3.17781514347718,0.659243174456544,4.82039900693224,1.43271373686197e-06,1.8857222644885,4.46990802246586,65.4306200198862,1.08143757803839,"REML",7.66015004747465e-05,5.84384057507405
"Ifi44","ENSMUSG00000028037",4,4.75274643145226,0.987731716899331,4.81177869469657,1.4959294768808e-06,2.81682783994166,6.68866502296287,63.3979190060155,2.40281935930837,"REML",7.92609824283555e-05,5.82508888008349
"Itga9","ENSMUSG00000039115",4,-0.61233715801726,0.127229074503046,-4.81287127497416,1.48777125242952e-06,-0.861701561829594,-0.362972754204926,0,0,"REML",7.92609824283555e-05,-5.82746383723393
"Psme2","ENSMUSG00000079197",4,0.699980320256881,0.145475968156627,4.81165603588384,1.49684804295423e-06,0.414852662053795,0.985107978459966,0.000439971010842829,6.77356337132643e-07,"REML",7.92609824283555e-05,5.824822286134
"Adcy8","ENSMUSG00000022376",4,-1.36272170548723,0.283490164025365,-4.80694527858577,1.53253916377038e-06,-1.9183522169483,-0.807091194026165,0.00082345235174613,4.67637644683544e-06,"REML",8.08916278742826e-05,-5.81458841834818
"Rgs2","ENSMUSG00000026360",4,-0.426496156860746,0.0887598695863784,-4.80505614584858,1.54708084252166e-06,-0.60046230452252,-0.252530009198972,0,0,"REML",8.13991165582816e-05,-5.81048699170223
"Ifih1","ENSMUSG00000026896",4,1.07260886393856,0.223281229969702,4.80384698742523,1.55645791603574e-06,0.634985694774134,1.51023203310298,34.8974554361221,0.0670470124280258,"REML",8.16325118438937e-05,5.80786261740391
"E2f1","ENSMUSG00000027490",4,2.75645162264002,0.575362838194905,4.79080580054124,1.66112843546793e-06,1.62876118173526,3.88414206354478,28.8308943333182,0.382356660993183,"REML",8.68465281087521e-05,5.77959678738088
"Ptprc","ENSMUSG00000026395",4,0.444468649101609,0.0929028777699588,4.78422907632828,1.71644840078932e-06,0.262382354612363,0.626554943590855,32.4733036479029,0.0109366291001583,"REML",8.94556593988653e-05,5.76536924763543
"Ltc4s","ENSMUSG00000020377",4,-0.503914640866007,0.105406626265659,-4.78067327186793,1.74709103882811e-06,-0.710507832078571,-0.297321449653442,0,0,"REML",9.07663240644001e-05,-5.75768446386049
"Rps16","ENSMUSG00000037563",4,0.83797968869681,0.175851841846199,4.7652596634712,1.88610594127091e-06,0.493316412063226,1.18264296533039,33.6069454271102,0.0410097639803361,"REML",9.76813675728423e-05,5.72443391689181
"Pld3","ENSMUSG00000003363",4,0.89763964650738,0.188414598271518,4.76417249375668,1.89630237827834e-06,0.528353819733623,1.26692547328114,32.4391952958172,0.0448851948833565,"REML",9.77530486455824e-05,5.72209241027477
"Rpl26","ENSMUSG00000060938",4,0.810986614428112,0.170237596205587,4.76385142003958,1.89932380698698e-06,0.477327057050489,1.14464617180574,32.0660133556291,0.0358608258669764,"REML",9.77530486455824e-05,5.72140098808052
"Cd274","ENSMUSG00000016496",4,1.38240467548801,0.290670620253858,4.75591469919004,1.97549877258406e-06,0.812700728426529,1.95210862254949,44.9443297854945,0.143528345115731,"REML",0.000101357811248016,5.70432323581809
"Lyl1","ENSMUSG00000034041",4,-0.613839043758273,0.129153985924004,-4.75276887017228,2.00649677191694e-06,-0.866976204629114,-0.360701882887433,0,0,"REML",0.000102629514454612,-5.69756153462926
"Cd63","ENSMUSG00000025351",4,1.17718953760629,0.247998272324217,4.74676507450546,2.06695788025861e-06,0.691121855622665,1.66325721958991,50.6884448760493,0.0980332598589379,"REML",0.000105395713394298,5.68466837318289
"Lyz2","ENSMUSG00000069516",4,1.71445713219721,0.361486601113901,4.74279579634267,2.10788720910486e-06,1.00595641312017,2.42295785127425,46.1953226020081,0.239043539095557,"REML",0.000107152014097297,5.67615263149265
"Ctsd","ENSMUSG00000007891",4,0.573521341587868,0.121136396508042,4.7345088521747,2.19586188107143e-06,0.336098367215143,0.810944315960593,10.1345591148135,0.0069792392272127,"REML",0.000111281699807304,5.65839498033077
"Cdk5r1","ENSMUSG00000048895",4,-0.733198593646714,0.155693664740989,-4.70923845788112,2.48644041700625e-06,-1.03835256916011,-0.428044618133323,4.7520328870741,0.00607798971240302,"REML",0.000125622269508747,-5.60442194337945
"Ppm1l","ENSMUSG00000027784",4,-0.881179234598226,0.187580878778387,-4.69759626000725,2.63241132019671e-06,-1.24883100119224,-0.513527468004213,11.7967266272954,0.0188429025597413,"REML",0.000132591668966372,-5.57964625026514
"A530064D06Rik","ENSMUSG00000043939",4,2.77133346856134,0.59017291963205,4.69579910628424,2.65566449385737e-06,1.61461580143167,3.92805113569101,0,0,"REML",0.000133356331620114,5.57582679288464
"H2-Q5","ENSMUSG00000055413",4,2.34068679853329,0.498851176423837,4.69215451252055,2.70342822610002e-06,1.36295645909714,3.31841713796945,53.5792388390198,0.5082820288437,"REML",0.000135343447646662,5.56808515611332
"Hfe","ENSMUSG00000006611",4,-0.635475249630939,0.136067302087092,-4.67030094580836,3.00758794254103e-06,-0.902162261195172,-0.368788238066706,0.000110109600960402,1.12407822417758e-07,"REML",0.000150115892443264,-5.52178166493512
"Nsd2","ENSMUSG00000057406",3,0.578426901628604,0.123870226604763,4.66962011359041,3.01757224947311e-06,0.335645718726453,0.821208084530754,0,0,"REML",0.00015016057570345,5.52034232283066
"Rnf213","ENSMUSG00000070327",4,1.44495224992277,0.30963218943561,4.66667323108942,3.06115571657363e-06,0.83808431017469,2.05182018967085,79.3245072500912,0.257153930618275,"REML",0.000151871932713252,5.51411457790721
"Ptma","ENSMUSG00000026238",3,0.414382639929779,0.0888427796021459,4.66422416976888,3.09783541492628e-06,0.240253991623143,0.588511288236414,0.00894971998701233,3.02964611053775e-06,"REML",0.000153231553562866,5.50894165962009
"Clec4a2","ENSMUSG00000030148",4,-0.632419129414162,0.135636260955,-4.6626110522464,3.12222504886718e-06,-0.898261315883639,-0.366576942944685,0,0,"REML",0.000153976955320402,-5.50553579635411
"Ndufa1","ENSMUSG00000016427",4,0.870052238259874,0.186651835702352,4.66136448637624,3.14119863927791e-06,0.504221362634977,1.23588311388477,0.660126694129135,0.00208463554381026,"REML",0.000154451615236638,5.5029045993498
"Fmn1","ENSMUSG00000044042",4,0.899793308360851,0.194321350759805,4.63043975786819,3.64889936014187e-06,0.518930459444459,1.28065615727724,3.18614249917442,0.00701304150857029,"REML",0.000178882689403276,5.43783811469449
"Nfe2l3","ENSMUSG00000029832",4,-1.78728160928541,0.386217858953263,-4.62765138341697,3.69835881141616e-06,-2.54425470301998,-1.03030851555084,0.000123636020069012,1.64051108582678e-06,"REML",0.000180770964270433,-5.4319909562762
"Rgl1","ENSMUSG00000026482",4,-0.586010386602495,0.126837167560115,-4.62017875261013,3.83409571311792e-06,-0.834606666921392,-0.337414106283597,0,0,"REML",0.000186852788426021,-5.41633704973649
"Slc29a1","ENSMUSG00000023942",4,-0.748071078172149,0.16210195680056,-4.61481830902591,3.93439352951255e-06,-1.06578507532471,-0.430357081019585,0,0,"REML",0.000191176810297285,-5.40512220284369
"Ccdc86","ENSMUSG00000024732",4,0.858725855285194,0.186369488765626,4.60765257753702,4.07240358518094e-06,0.493448369487425,1.22400334108296,18.517373287059,0.0274349740894031,"REML",0.000196417198042217,5.39014918889043
"Ckb","ENSMUSG00000001270",4,-0.52365621621795,0.11365106609365,-4.60757856671973,4.07385293428628e-06,-0.746408212566085,-0.300904219869815,0,0,"REML",0.000196417198042217,-5.38999465304346
"Tmem204","ENSMUSG00000024168",4,-1.29666995450753,0.281433763585463,-4.60737168841424,4.07790684150357e-06,-1.8482699951686,-0.745069913846462,48.889451574547,0.146766638527672,"REML",0.000196417198042217,-5.3895626997651
"Setd3","ENSMUSG00000056770",4,0.446247443699688,0.096985950877616,4.60115552470889,4.20153557577091e-06,0.25615847297319,0.636336414426187,0,0,"REML",0.000201783631532882,5.37659195479228
"AW112010","ENSMUSG00000075010",4,0.995351352539029,0.216376388279956,4.60009227647892,4.22303827791311e-06,0.571261424405461,1.4194412806726,0,0,"REML",0.000202228450404065,5.37437498208182
"Rbm12b1","ENSMUSG00000046667",4,-0.714891158461966,0.155824583325244,-4.58779444941503,4.47953366060588e-06,-1.02030172968541,-0.409480587238526,0,0,"REML",0.000213891258979393,-5.3487671956374
"A930002C04Rik","ENSMUSG00000114961",2,6.19200880063409,1.34988173232057,4.58707503952178,4.49499150920763e-06,3.54628922189724,8.83772837937094,0,0,"REML",0.000214010820529162,5.34727112428843
"Pik3cg","ENSMUSG00000020573",4,-0.449272396799403,0.0981056534243338,-4.57947509769061,4.66144280834358e-06,-0.641555944190866,-0.25698884940794,0,0,"REML",0.000221297978840932,-5.33147963980808
"Bag1","ENSMUSG00000028416",4,1.05651263062414,0.231157290963373,4.57053561330906,4.86479237052067e-06,0.603452665572082,1.5095725956762,49.4440773433727,0.0883989771260744,"REML",0.000229313920645696,5.31293569070116
"Dgkz","ENSMUSG00000040479",4,0.573613211897179,0.125509876746052,4.57026352641383,4.87111294028451e-06,0.327618373770855,0.819608050023502,0,0,"REML",0.000229313920645696,5.31237180087912
"Ska1","ENSMUSG00000036223",2,5.93231687178049,1.29803512735576,4.57022829872505,4.87193185319529e-06,3.38821477149533,8.47641897206564,0,0,"REML",0.000229313920645696,5.31229879508541
"Cenpe","ENSMUSG00000045328",4,1.78682762124685,0.391145955295953,4.56818636893454,4.91962511687665e-06,1.02019563616827,2.55345960632543,0,0,"REML",0.000229830102104535,5.30806798989013
"Cryl1","ENSMUSG00000021947",4,-0.72029271225269,0.157643448508057,-4.56912557464053,4.89763285877622e-06,-1.02926819372718,-0.411317230778204,0,0,"REML",0.000229830102104535,-5.31001377400586
"Gm6136","ENSMUSG00000084106",3,0.89124566147644,0.195107468074579,4.56797307797448,4.92463265813239e-06,0.508842050935468,1.27364927201741,0,0,"REML",0.000229830102104535,5.30762615917571
"Serinc3","ENSMUSG00000017707",4,-0.397660457255309,0.0870816967433069,-4.5665216931579,4.95883741604155e-06,-0.568337446584829,-0.226983467925788,0,0,"REML",0.000230774515353303,-5.30462013056219
"Hrh2","ENSMUSG00000034987",4,-0.986219375708232,0.216092626139362,-4.56387334138928,5.02183827056642e-06,-1.40975314026606,-0.562685611150405,6.27256042870458,0.0121823909018003,"REML",0.000233049972101202,-5.29913727794957
"Rpl23a","ENSMUSG00000058546",4,0.610183211363675,0.133751863061957,4.56205392130517,5.06556332229117e-06,0.348034376897106,0.872332045830245,2.45887343893642,0.00232091841651343,"REML",0.000234420648872752,5.29537225135821
"Il16","ENSMUSG00000001741",4,-0.560155631250311,0.122971969448498,-4.55514889907418,5.23484839256674e-06,-0.801176262477328,-0.319135000023295,11.1498673052075,0.00788376535085237,"REML",0.000241578017579875,-5.28109589148755
"Ptger3","ENSMUSG00000040016",4,-2.71206569175866,0.595847404890639,-4.55161114993263,5.32366603988739e-06,-3.87990514562597,-1.54422623789135,48.4589487606635,0.68216826239569,"REML",0.000244992441908021,-5.27378919616941
"Gpi1","ENSMUSG00000036427",4,0.657222400887524,0.144619141205204,4.54450493489637,5.50645173532271e-06,0.373774092650212,0.940670709124837,13.093533139591,0.012502173480584,"REML",0.00025153271542966,5.2591281630643
"Kbtbd2","ENSMUSG00000059486",4,-0.521381448109073,0.11473272261716,-4.54431339391131,5.51146074605272e-06,-0.746253452286931,-0.296509443931214,0,0,"REML",0.00025153271542966,-5.25873328138896
"Nampt","ENSMUSG00000020572",4,0.747228717311251,0.164413004492876,4.5448273365969,5.49803041053597e-06,0.424985149915192,1.06947228470731,24.9991307492084,0.0271205745612485,"REML",0.00025153271542966,5.25979286232968
"Ifi207","ENSMUSG00000073490",3,2.54941856070592,0.561298036970179,4.54200512524039,5.57216861261225e-06,1.44929462365134,3.6495424977605,62.0244349885628,0.555902681306682,"REML",0.000253602748344262,5.25397575039252
"Cenpx","ENSMUSG00000025144",3,0.902061533431152,0.198650371272903,4.5409506544134,5.60011389668096e-06,0.512713960220753,1.29140910664155,0.000464700214765817,1.21867241251683e-06,"REML",0.000254174400239193,5.25180314010147
"Gprasp2","ENSMUSG00000072966",4,-1.11656432793036,0.246137852982851,-4.53633731829193,5.72396043860729e-06,-1.59898565500876,-0.634143000851958,13.1258892887786,0.0332006280370748,"REML",0.000257671799472019,-5.24230337654642
"Ppp1r3b","ENSMUSG00000046794",4,-0.661524002119463,0.145821661876757,-4.5365276571773,5.7187992846551e-06,-0.947329207563684,-0.375718796675243,0,0,"REML",0.000257671799472019,-5.24269514582025
"Vezf1","ENSMUSG00000018377",4,-0.612215558007768,0.134957212475031,-4.53636783673962,5.72313261243514e-06,-0.876726833912749,-0.347704282102786,0,0,"REML",0.000257671799472019,-5.24236619080635
"Hspa13","ENSMUSG00000032932",4,-0.784907912750649,0.173083741566785,-4.5348448424186,5.76458464878071e-06,-1.12414581253099,-0.445670012970312,12.3404951138274,0.0157838627927027,"REML",0.000258795388539419,-5.23923197913095
"Sec16b","ENSMUSG00000026589",4,-1.76659348383153,0.389949411871504,-4.53031452298653,5.88959406703325e-06,-2.53088028689226,-1.00230668077081,0.000200690339435292,1.63303920132572e-06,"REML",0.000263691012415871,-5.22991463738994
"Rpl13","ENSMUSG00000000740",4,0.652201023856079,0.1440478344477,4.52766975884582,5.96376867458628e-06,0.3698724562876,0.934529591424558,11.3554375351702,0.011399748870628,"REML",0.000266290330467135,5.22447921050729
"Rassf4","ENSMUSG00000042129",4,0.558356682237445,0.123337218216718,4.52707374392334,5.98060741875589e-06,0.316620176579321,0.800093187895569,0,0,"REML",0.000266322412844383,5.22325470477127
"Gusb","ENSMUSG00000025534",4,0.572502318530871,0.126583820726145,4.52271321284762,6.10519363736549e-06,0.324402588882152,0.820602048179591,27.8736972701746,0.0179522654748088,"REML",0.000271139527104611,5.21430055705805
"Mroh1","ENSMUSG00000022558",4,0.612582439038569,0.135545307121684,4.51939246032791,6.20173390298807e-06,0.346918518806648,0.87824635927049,0,0,"REML",0.0002746160014258,5.20748687191732
"Rps19","ENSMUSG00000040952",4,1.06505354937729,0.235689638409391,4.5188815111477,6.21671718014946e-06,0.60311034656561,1.52699675218896,55.0418095618761,0.0926928912740968,"REML",0.0002746160014258,5.20643888973243
"Atp10a","ENSMUSG00000025324",4,3.79998033817179,0.841393308196905,4.51629493739985,6.29309994321304e-06,2.15087975727285,5.44908091907073,63.2283464955439,1.71194062941835,"REML",0.000277248811098194,5.20113537099504
"Cd83","ENSMUSG00000015396",4,1.18968616758403,0.263459220453353,4.51563686226981,6.31267604207419e-06,0.673315584100458,1.7060567510676,56.263983646218,0.13008255967989,"REML",0.000277371598114648,5.19978649750134
"Acaca","ENSMUSG00000020532",4,1.05312766410347,0.233366803325697,4.51275695212603,6.39903375627425e-06,0.595737134397858,1.51051819380907,0,0,"REML",0.00028042025646527,5.19388559882841
"AI839979","ENSMUSG00000107355",2,4.19899952739519,0.930876760095857,4.51080068532681,6.45833831626209e-06,2.37451460356198,6.02348445122841,0,0,"REML",0.000282270389743296,5.18987920846142
"Myo9a","ENSMUSG00000039585",4,0.502258504018128,0.111404789660737,4.50841032551352,6.53151646088965e-06,0.283909128577824,0.720607879458433,0,0,"REML",0.000283342756613531,5.18498597429368
"Pram1","ENSMUSG00000032739",3,2.22152694654734,0.492761693635829,4.50831908250794,6.53432542035926e-06,1.25573177406015,3.18732211903452,0.000106359279701115,1.55046249427644e-06,"REML",0.000283342756613531,5.1847992407288
"Rpl36","ENSMUSG00000057863",3,0.912467862910515,0.202382526041392,4.50862967647657,6.5247683629161e-06,0.515805400769146,1.30913032505188,48.3920454538829,0.0555963671773111,"REML",0.000283342756613531,5.18543490168976
"Mfap3","ENSMUSG00000020522",4,-0.546463089779542,0.121386227629914,-4.50185412669396,6.73632110387924e-06,-0.784375724153354,-0.308550455405729,4.90336058283901,0.0037928505537222,"REML",0.000291337070568557,-5.17157721926388
"Abl1","ENSMUSG00000026842",4,-0.491489063826419,0.109360254014585,-4.49422021057916,6.98253426892294e-06,-0.705831223035157,-0.27714690461768,10.9142453079251,0.00624744441137498,"REML",0.000301196993882182,-5.1559869241887
"Rgs16","ENSMUSG00000026475",4,3.6157485615956,0.804870638762377,4.49233502560786,7.04464856135679e-06,2.03823109740759,5.1932660257836,0,0,"REML",0.000302297763330326,5.15214066780239
"Stat4","ENSMUSG00000062939",2,3.18929159646456,0.709871212990995,4.49277494015667,7.03010687501725e-06,1.79796958534045,4.58061360758867,0,0,"REML",0.000302297763330326,5.1530380725794
"Gal3st4","ENSMUSG00000075593",3,-0.589768439341481,0.131352644364457,-4.48996243809969,7.12357343007653e-06,-0.847214891569915,-0.332321987113046,0,0,"REML",0.000304892633777965,-5.14730209461454
"Lamtor3l","ENSMUSG00000096904",3,-1.4510712141571,0.323248553406124,-4.48902616536695,7.15495095589938e-06,-2.08462673688778,-0.81751569142643,0,0,"REML",0.000305444301659984,-5.14539333879523
"Zfp110","ENSMUSG00000058638",4,-0.65633091790687,0.146505702133611,-4.47990015643422,7.46779633158491e-06,-0.943476817618501,-0.36918501819524,7.23438094906154,0.00732228799535647,"REML",0.000317977997922975,-5.12680753502866
"Prune2","ENSMUSG00000039126",4,0.919955579872257,0.205432820389602,4.47813342642898,7.52985352031041e-06,0.517314650666151,1.32259650907836,26.7750037674082,0.0456204069660841,"REML",0.000319179716119262,5.12321347213126
"Tug1","ENSMUSG00000056579",4,-0.535506643980262,0.119586193947185,-4.47799721945133,7.53465827047468e-06,-0.769891277164967,-0.301122010795558,0,0,"REML",0.000319179716119262,-5.12293644004645
"Adam9","ENSMUSG00000031555",4,0.809103745036814,0.180897099258677,4.47272923862544,7.72275386908673e-06,0.45455194558204,1.16365554449159,33.3521524089253,0.042276297777869,"REML",0.000324186749952643,5.11222780628565
"Isg15","ENSMUSG00000035692",4,2.62522832946286,0.586882622708718,4.47317440981008,7.70668676487415e-06,1.47495952580136,3.77549713312436,62.4683058475247,0.808698464735086,"REML",0.000324186749952643,5.11313229237655
"Kif1c","ENSMUSG00000020821",4,0.765797647901086,0.171171726727558,4.47385594888547,7.68215058270859e-06,0.430307228343539,1.10128806745863,0,0,"REML",0.000324186749952643,5.11451718420567
"Slc2a5","ENSMUSG00000028976",4,-1.56367946150622,0.349621559874838,-4.47249151930449,7.73134673938268e-06,-2.24892512707962,-0.878433795932824,83.91726540607,0.336825135878826,"REML",0.000324186749952643,-5.11174484883217
"Rprd2","ENSMUSG00000028106",4,-0.537484231842937,0.120220619501319,-4.47081568929229,7.79218306199228e-06,-0.773112316264616,-0.301856147421257,0,0,"REML",0.000325905489122283,-5.1083408531162
"Tspan14","ENSMUSG00000037824",4,-0.478902478611757,0.107130350767989,-4.47027826548343,7.81178946143842e-06,-0.688874107768158,-0.268930849455355,3.28536623849075,0.0017139643372763,"REML",0.000325905489122283,-5.10724947006514
"Cybb","ENSMUSG00000015340",4,1.8853726824652,0.42229252743975,4.46461293998197,8.02136281256965e-06,1.0576945377429,2.7130508271875,74.5997353806941,0.494833090230339,"REML",0.000332967173433324,5.09575183973355
"Myo5a","ENSMUSG00000034593",4,1.61553820516983,0.361825602286556,4.46496376972895,8.00823021437484e-06,0.906373056003663,2.32470335433599,77.8237124555791,0.361068114612091,"REML",0.000332967173433324,5.09646345058923
"B3gnt7","ENSMUSG00000079445",4,1.72785525007959,0.387221844693383,4.46218433634026,8.11283880984849e-06,0.9689143804534,2.48679611970578,4.19357103504604,0.0262622909410532,"REML",0.000335920325758163,5.09082715272778
"Sash3","ENSMUSG00000031101",4,-0.58318342389543,0.13100389134732,-4.45164962580601,8.52131250415125e-06,-0.839946332770776,-0.326420515020084,0,0,"REML",0.000351951509702707,-5.06949350741526
"Kcna3","ENSMUSG00000047959",4,1.46005420299158,0.328191724277034,4.44878433850794,8.63576715332502e-06,0.816810243384498,2.10329816259867,0,0,"REML",0.000355789299601204,5.06369907608646
"Knstrn","ENSMUSG00000027331",4,1.90393960403728,0.428272545614968,4.44562609378419,8.7636259236857e-06,1.06454083906466,2.74333836900991,0.000463847197835253,3.45053043718424e-06,"REML",0.000360158865386098,5.05731616862233
"Snx17","ENSMUSG00000029146",4,-0.562833573618913,0.126718092075626,-4.44161969612841,8.92842582580689e-06,-0.81119647027677,-0.314470676961056,0,0,"REML",0.000366021149052495,-5.04922510498937
"Lmo4","ENSMUSG00000028266",4,-0.797939959687088,0.179691989776381,-4.44059838549337,8.97090789143574e-06,-1.15012978795913,-0.445750131415042,0,0,"REML",0.000366852399194084,-5.04716360240874
"Npm1","ENSMUSG00000057113",4,0.958264050894437,0.215953343594066,4.43736612245151,9.10663253398848e-06,0.535003275109065,1.38152482667981,57.6425777326101,0.0915643864987219,"REML",0.000371483150849441,5.04064218749145
"Mgll","ENSMUSG00000033174",4,-0.608640388355727,0.137277203039555,-4.43365959445105,9.26468678351109e-06,-0.877698762211647,-0.339582014499807,1.64619524064443e-05,1.42688424947064e-08,"REML",0.000376999729927061,-5.03316925853528
"Cela1","ENSMUSG00000023031",4,2.41129218873765,0.544315634656701,4.42995209986656,9.4254021165699e-06,1.34445314858846,3.47813122888685,0,0,"REML",0.00038259721957703,5.02570011239198
"Oas3","ENSMUSG00000032661",4,4.22893355273831,0.954912074783503,4.42861040760961,9.48421647905207e-06,2.35734027776023,6.1005268277164,71.7193340178266,2.56981498333575,"REML",0.000383102054891001,5.02299854172624
"Txlnb","ENSMUSG00000039891",3,2.70182333246797,0.610045522498437,4.42888806298039,9.47201649355752e-06,1.50615607944111,3.89749058549482,16.2829973253782,0.188472438168065,"REML",0.000383102054891001,5.02355755438649
"Zfas1","ENSMUSG00000074578",4,1.21619205236849,0.274931824302251,4.42361321922284,9.70637275672846e-06,0.677335578532183,1.75504852620479,0,0,"REML",0.000391119473936368,5.01294303435993
"Rps28","ENSMUSG00000067288",4,0.932423922224031,0.210823456143567,4.422771257431,9.74428917891998e-06,0.519217541086381,1.34563030336168,35.1262012402678,0.0590175582555774,"REML",0.000391691974513229,5.01124983606735
"Cd164","ENSMUSG00000019818",4,-1.00556690215978,0.227632984976668,-4.41749205310843,9.98527405986661e-06,-1.4517193544074,-0.559414449912164,79.9635869663801,0.136687127667955,"REML",0.000399435139813696,-5.00064001080786
"Ctso","ENSMUSG00000028015",4,-0.516693428151836,0.116959059591829,-4.41772898957145,9.97433746353475e-06,-0.745928972617494,-0.287457883686178,0,0,"REML",0.000399435139813696,-5.00111594230658
"Rpl6l","ENSMUSG00000091086",3,1.13465763770867,0.257416473838608,4.40786722305917,1.04393506713054e-05,0.630130619957699,1.63918465545964,0,0,"REML",0.000416358409145589,4.9813265136555
"Tmem30a","ENSMUSG00000032328",4,-0.43893036868736,0.0995879346103031,-4.40746532604513,1.04587337204418e-05,-0.634119133818284,-0.243741603556436,0,0,"REML",0.000416358409145589,-4.98052089400745
"Lactb2","ENSMUSG00000025937",4,-0.530662063334836,0.120551396437983,-4.40195699937688,1.07278821856434e-05,-0.766938458639292,-0.294385668030379,0,0,"REML",0.000426046494204364,-4.96948600458281
"Nfam1","ENSMUSG00000058099",4,-0.479262966604514,0.108995941777936,-4.3970716596123,1.09721128505906e-05,-0.692891086950293,-0.265634846258735,0,0,"REML",0.000434700902648938,-4.9597097342304
"Adcy3","ENSMUSG00000020654",4,0.966805153858963,0.22018746639561,4.39082736944667,1.12920166268695e-05,0.535245649876445,1.39836465784148,0,0,"REML",0.000445897962908569,4.94722849105006
"Parp12","ENSMUSG00000038507",4,0.63179018266514,0.143916159517097,4.38998778723026,1.13357027069547e-05,0.349719693218307,0.913860672111972,0,0,"REML",0.000445897962908569,4.94555155252966
"Pif1","ENSMUSG00000041064",3,5.08900342363311,1.15911912029786,4.39040589920162,1.13139269089663e-05,2.81717169405756,7.36083515320867,0,0,"REML",0.000445897962908569,4.94638663124659
"Nrip1","ENSMUSG00000048490",4,-0.563585759251232,0.128835530590356,-4.37445910044181,1.2173394310619e-05,-0.816098759137438,-0.311072759365025,36.7012742252124,0.0232679438844838,"REML",0.000477711751557569,-4.91458831044401
"Nme2","ENSMUSG00000020857",4,0.762825728004139,0.174530625759946,4.37072705539571,1.23833509355452e-05,0.420751987315406,1.10489946869287,0.00145520883486165,3.99787005739724e-06,"REML",0.000484799385796544,4.90716181929833
"Net1","ENSMUSG00000021215",3,2.61280137349757,0.597962002142507,4.36951071161021,1.24525232190443e-05,1.4408173851748,3.78478536182035,0,0,"REML",0.000486354931682814,4.90474263980691
"Pdyn","ENSMUSG00000027400",3,4.02001278397707,0.921504477901795,4.36244519736939,1.28616809883016e-05,2.21389719569717,5.82612837225698,12.1925640387894,0.319632852902307,"REML",0.000501150546244649,4.89070226654134
"Ctla2b","ENSMUSG00000074874",3,1.48321647630816,0.340512963110816,4.35582969516923,1.32563818270983e-05,0.815823332341941,2.15060962027437,8.9415721583707,0.0355012863846014,"REML",0.000515314550977627,4.87757499530887
"AB124611","ENSMUSG00000057191",4,1.68882408264299,0.388571591876822,4.34623662138005,1.3849316688579e-05,0.92723775714902,2.45041040813696,0,0,"REML",0.000537099908478906,4.85857165372591
"Commd8","ENSMUSG00000029213",4,-0.528046736885166,0.121570051252589,-4.34355938361852,1.40192559003974e-05,-0.766319658938928,-0.289773814831403,3.70129021437915,0.00301693960744245,"REML",0.000542417158619355,-4.85327503679214
"Baiap2","ENSMUSG00000025372",4,1.00781824508213,0.232185381999039,4.34057577787692,1.42109849046844e-05,0.552743258627336,1.46289323153692,0,0,"REML",0.000548550657967969,4.84737582187219
"Zfp37","ENSMUSG00000028389",4,-0.891972967809521,0.205717916390756,-4.33590317974658,1.45162833449031e-05,-1.29517267491002,-0.488773260709017,0,0,"REML",0.000559029177485183,-4.83814456334783
"Trem6l","ENSMUSG00000043740",3,1.09544874876274,0.252752981136308,4.33406855910423,1.46378555275453e-05,0.600062008750443,1.59083548877503,26.8600375060615,0.062090349004824,"REML",0.000562400025978084,4.83452254354889
"Gpr155","ENSMUSG00000041762",4,-0.622462399051262,0.143662696404507,-4.33280465026644,1.47221733412913e-05,-0.904036109926007,-0.340888688176518,26.6568644370707,0.0226445173941492,"REML",0.000564327205966294,-4.83202807311959
"Tma7","ENSMUSG00000091537",4,0.61705798545896,0.142497825836265,4.33029754550767,1.48907996381452e-05,0.337767378944619,0.896348591973302,6.46925222418408,0.00958974440385414,"REML",0.000569469677828233,4.82708197994364
"Itga5","ENSMUSG00000000555",4,0.708117140812306,0.163564769864383,4.3292766614683,1.49599899431976e-05,0.387536082738534,1.02869819888608,8.7670668668948e-05,1.12386811571509e-07,"REML",0.00056962324206513,4.82506869842445
"Plekha1","ENSMUSG00000040268",4,0.47969617967751,0.110804272169735,4.32922097933812,1.49637725958638e-05,0.262523796891654,0.696868562463365,0,0,"REML",0.00056962324206513,4.82495890038775
"Zbtb38","ENSMUSG00000040433",4,-0.585553251371819,0.135678276571422,-4.31574800453468,1.59063355117893e-05,-0.85147778693627,-0.319628715807367,0,0,"REML",0.000604111652851197,-4.79842986122804
"Rps26","ENSMUSG00000025362",4,0.89618205369218,0.207784238146808,4.31304155543786,1.61023837812553e-05,0.488932430369342,1.30343167701502,37.1169932946494,0.0585901873228084,"REML",0.00061015477626174,4.79310982667549
"Il1rn","ENSMUSG00000026981",4,3.39914643139451,0.78840961966045,4.31139644498306,1.62226746076877e-05,1.8538919717951,4.94440089099391,64.4501158577143,1.54620205720247,"REML",0.00061330619495105,4.78987754275114
"H2-T24","ENSMUSG00000053835",4,0.56657845082728,0.131528082461989,4.30766145314265,1.64989657495903e-05,0.308788146246166,0.824368755408393,0,0,"REML",0.000622327427280778,4.78254327901784
"Csf3r","ENSMUSG00000028859",4,0.338442186196467,0.0786109834089996,4.30527862036289,1.66775697900303e-05,0.184367489925553,0.492516882467382,0,0,"REML",0.000624784876419705,4.77786723329498
"Sass6","ENSMUSG00000027959",4,0.922535431858105,0.214279091236394,4.30529841495528,1.66760785349433e-05,0.502556130394801,1.34251473332141,13.9260114129778,0.0278422464457133,"REML",0.000624784876419705,4.77790606825837
"Sostdc1","ENSMUSG00000036169",4,3.03309496016397,0.704393811620458,4.30596480282293,1.66259493004868e-05,1.65250845845499,4.41368146187296,0,0,"REML",0.000624784876419705,4.77921354817867
"Gpr183","ENSMUSG00000051212",4,-0.407043525517471,0.0945940618192438,-4.30305579112645,1.68458408213684e-05,-0.592444479834544,-0.221642571200398,0,0,"REML",0.000629660941651194,-4.77350730733247
"Abcg3","ENSMUSG00000029299",4,-1.26961317929476,0.295099545506424,-4.30232170339659,1.69017667233752e-05,-1.84799766034149,-0.691228698248029,0,0,"REML",0.000630325255162261,-4.77206789668159
"Eng","ENSMUSG00000026814",4,-0.672064302462963,0.156267093348028,-4.30074104575673,1.70227891572604e-05,-0.978342177393857,-0.36578642753207,41.6058230207993,0.037907425131499,"REML",0.000633408783034006,-4.76896927995262
"Tmem273","ENSMUSG00000041707",3,-0.803034701247786,0.186924201613254,-4.29604456949489,1.73872639517679e-05,-1.16939940424867,-0.436669998246905,0,0,"REML",0.000645516826398106,-4.75976875291021
"Plekhh2","ENSMUSG00000040852",4,1.00699089227705,0.235292415418294,4.27974225385404,1.8710987517119e-05,0.545826232221756,1.46815555233234,0,0,"REML",0.000693103642982787,4.72790329096509
"Sh3pxd2b","ENSMUSG00000040711",4,2.16532688560369,0.506552956077077,4.27463083499253,1.91454252789059e-05,1.17250133543032,3.15815243577706,45.1487355726807,0.458219296087297,"REML",0.000707609778596876,4.71793498219011
"Acbd5","ENSMUSG00000026781",4,0.568656496931319,0.133107528772523,4.27215877400247,1.93589652930057e-05,0.307770534466045,0.829542459396592,0,0,"REML",0.000713905057155686,4.71311785878108
"Sp140","ENSMUSG00000070031",4,0.757433030619087,0.177355223426051,4.27071171622357,1.94850146509957e-05,0.409823180233972,1.1050428810042,0.00350661400763084,5.079678547172e-06,"REML",0.000716953066924499,4.7102992633204
"Pik3r5","ENSMUSG00000020901",4,-0.428212993570793,0.100289223556398,-4.26978072404747,1.95665236989532e-05,-0.624776259778819,-0.231649727362768,0,0,"REML",0.000718352306734234,-4.70848632674203
"Lpcat2","ENSMUSG00000033192",4,-0.306512189903534,0.071926210743686,-4.2614811309303,2.03076502872942e-05,-0.447484972505597,-0.165539407301472,0,0,"REML",0.000743908404426579,-4.69234032407412
"Npc2","ENSMUSG00000021242",4,0.766919033472756,0.180002584160576,4.26060012998816,2.03878716260941e-05,0.414120451393886,1.11971761555163,49.776097898147,0.0569644015449646,"REML",0.000745194750298009,4.69062810964555
"2410006H16Rik","ENSMUSG00000086841",3,1.00929587221282,0.236965901883629,4.25924516645636,2.05118397630747e-05,0.544851238956855,1.47374050546878,12.3601748424659,0.0235654333949765,"REML",0.000748070871359286,4.68799538482334
"Lbr","ENSMUSG00000004880",4,-0.676500452591688,0.158876002830126,-4.25804048780746,2.06226604793629e-05,-0.987891696146419,-0.365109209036958,0,0,"REML",0.000750455889382279,-4.68565530816144
"Zbp1","ENSMUSG00000027514",4,4.57606453925331,1.07518420574636,4.25607492632088,2.0804701081218e-05,2.46874221924414,6.68338685926247,89.7366821211357,4.01810723191861,"REML",0.000755416410028139,4.68183851970329
"Rpl36a-ps2","ENSMUSG00000105388",2,1.27609683359187,0.300035622423616,4.25315108680718,2.10783256647131e-05,0.688037819562525,1.86415584762122,0,0,"REML",0.000763673285760363,4.67616388982835
"Trim25","ENSMUSG00000000275",4,0.898461781260353,0.211288642536308,4.252295677019,2.11590239239504e-05,0.484343651546833,1.31257991097387,40.3057216932642,0.0687897132467585,"REML",0.000764919549775897,4.67450437039014
"Pip4k2a","ENSMUSG00000026737",4,-0.384900774279166,0.0905848484420758,-4.24906351226375,2.14666054699604e-05,-0.562443814770654,-0.207357733787679,0,0,"REML",0.000774344517400034,-4.66823662543888
"Incenp","ENSMUSG00000024660",4,0.79094712483171,0.1862851456482,4.24589476568043,2.17722806169654e-05,0.425834948506439,1.15605930115698,0.000791101558236878,1.38492367158162e-06,"REML",0.000783659799723063,4.66209607681619
"Rigi","ENSMUSG00000040296",3,0.719633339306003,0.169547207197068,4.24444230726584,2.19137736287386e-05,0.387326919520399,1.05193975909161,0,0,"REML",0.00078703794373998,4.65928282896505
"Gcnt1","ENSMUSG00000038843",4,-0.36347653104252,0.0856475876316178,-4.24386186574084,2.19705624650393e-05,-0.531342718163229,-0.195610343921811,0,0,"REML",0.000787365862223241,-4.65815882462997
"Mtus1","ENSMUSG00000045636",4,-0.378584578046037,0.089376822534212,-4.2358249858471,2.27714092831692e-05,-0.553759931265721,-0.203409224826354,0,0,"REML",0.000814299681314369,-4.64261009081813
"Gbp10","ENSMUSG00000105096",2,5.94749081994513,1.40436844710084,4.23499319727886,2.28558624896912e-05,3.19497924260305,8.70000239728722,0,0,"REML",0.000815554436700191,4.64100238551243
"H2ac19","ENSMUSG00000063954",2,0.666848120684951,0.157918421231597,4.22273801551611,2.41352305681719e-05,0.357333702575595,0.976362538794306,0,0,"REML",0.000859349448743036,4.61734854793265
"Abhd15","ENSMUSG00000000686",4,-0.70408725974226,0.166833749754854,-4.22029272120807,2.43985302559318e-05,-1.03107540066754,-0.377099118816978,0,0,"REML",0.000866856168512365,-4.6126363343565
"Tpm4","ENSMUSG00000031799",4,1.39527821296184,0.330826359240347,4.21755453877896,2.46966098392116e-05,0.746870463714254,2.04368596220943,78.4126371979364,0.292542033362262,"REML",0.000875563714921921,4.60736265925748
"Rpl36al","ENSMUSG00000049751",4,0.668431247728569,0.15854210973386,4.21611172483226,2.48550655562629e-05,0.357694422617207,0.979168072839931,9.21452226627219,0.0128950201237188,"REML",0.000879294514036445,4.60458508705382
"Rps27rt","ENSMUSG00000050621",4,0.879948877753811,0.20886742649531,4.21295408536845,2.52052314794373e-05,0.470576244279436,1.28932151122819,18.6970753908794,0.0394065611805071,"REML",0.000889776985623469,4.59850930974019
"Zfp943","ENSMUSG00000053347",4,-0.700538495455689,0.166600223181549,-4.20490730490975,2.61189180310969e-05,-1.02706893270786,-0.374008058203518,0,0,"REML",0.000920065340707361,-4.58304481755227
"Sult1a1","ENSMUSG00000030711",4,-0.684966556733394,0.162922511407538,-4.20424747210044,2.61952212560875e-05,-1.00428881136298,-0.365644302103805,0.00406996223520085,5.93605545906644e-06,"REML",0.000920789894408131,-4.58177792896285
"Rbm44","ENSMUSG00000070732",2,3.65227461022852,0.869763232813458,4.19915957865264,2.67907471051194e-05,1.94756999883701,5.35697922162002,0,0,"REML",0.000939723849094855,4.5720151751896
"Ly6a","ENSMUSG00000075602",4,1.66509102567233,0.396621579051436,4.19818566013119,2.69062004315029e-05,0.887727015240108,2.44245503610455,28.7385877278705,0.187494551580474,"REML",0.000941774019764532,4.57014762695339
"Nicol1","ENSMUSG00000070858",3,3.24612574769726,0.774171924528525,4.19302953885104,2.75253585237691e-05,1.72877665777929,4.76347483761523,4.45295445847524,0.0972042916410025,"REML",0.000961408981334438,4.56026701553948
"Rtn1","ENSMUSG00000021087",4,-0.810213737750982,0.193439880246855,-4.18845243657637,2.80863158057413e-05,-1.18934893620856,-0.431078539293405,41.2085482022121,0.0556604088279271,"REML",0.000978932538874793,-4.55150522520473
"Cadm1","ENSMUSG00000032076",4,0.501816388244746,0.120151571093944,4.17652789452404,2.95992459806956e-05,0.266323636214712,0.73730914027478,0,0,"REML",0.00102944182388102,4.52871935213681
"Epn2","ENSMUSG00000001036",4,-0.838598358013435,0.200810870510386,-4.17606056824529,2.96600876561568e-05,-1.23218043191793,-0.445016284108941,0,0,"REML",0.00102944182388102,-4.52782756981037
"Bicral","ENSMUSG00000036568",3,-0.537098435844409,0.128648023607158,-4.17494510047433,2.98057923516719e-05,-0.789243928796697,-0.284952942892121,0,0,"REML",0.00103233017912363,-4.52569932847685
"Sdcbp","ENSMUSG00000028249",4,0.485852053992688,0.116431957731217,4.17284106065002,3.00824801345826e-05,0.257649610190014,0.714054497795362,4.88759207934457,0.00305145220551301,"REML",0.00103756295261678,4.52168636141944
"Tgm2","ENSMUSG00000037820",4,-0.845787673627921,0.202675644161356,-4.17310958663866,3.00470327259525e-05,-1.24302463672763,-0.448550710528208,43.1455460711026,0.0672165445874179,"REML",0.00103756295261678,-4.52219840999648
"Rps27l","ENSMUSG00000036781",4,0.76696872504061,0.184351446665564,4.16036184642469,3.17743775756789e-05,0.405646529078247,1.12829092100297,0.00168604142014291,5.49184919741048e-06,"REML",0.0010936343581829,4.49792294803109
"Plek","ENSMUSG00000020120",4,0.413639266635379,0.0994604079693146,4.1588333999494,3.19877088940906e-05,0.218700449127861,0.608578084142896,6.45138862992242,0.00352067786470285,"REML",0.00109868802211907,4.49501686495768
"Ptchd1","ENSMUSG00000041552",4,1.03775941865363,0.249605327748223,4.15760123397857,3.21606771664547e-05,0.548541965917802,1.52697687138947,0.000166195671882726,4.94405626637819e-07,"REML",0.00110233723540871,4.49267481544105
"Eea1","ENSMUSG00000036499",4,0.593069043470505,0.142691797858369,4.15629386111711,3.23451742364482e-05,0.313398258778831,0.872739828162179,0,0,"REML",0.00110636568024919,4.49019050506688
"Stra6l","ENSMUSG00000028327",2,4.93673611399599,1.18822275249679,4.15472276020848,3.25682190720582e-05,2.60786231349123,7.26560991450075,0,0,"REML",0.00111169327952371,4.48720598931123
"Rpl38","ENSMUSG00000057322",4,0.871172442553431,0.209971429147512,4.1490046816865,3.33923982659378e-05,0.459636003641905,1.28270888146496,22.0630417204413,0.0442617589058431,"REML",0.00113747590051868,4.47635238848503
"Sp110","ENSMUSG00000070034",4,0.494059579745975,0.119100489361919,4.14825818426858,3.35014459306368e-05,0.260626910055517,0.727492249436433,0,0,"REML",0.0011388423625927,4.47493644830211
"Fcrl1","ENSMUSG00000059994",4,-0.728730877759827,0.175692698985718,-4.14775845534177,3.35746348027733e-05,-1.07308224011847,-0.384379515401183,0,0,"REML",0.00113898673835034,-4.47398870253126
"Cd300lf","ENSMUSG00000047798",3,2.77138458989976,0.668921012719561,4.14306702465876,3.42691737502945e-05,1.46032349646736,4.08244568333216,58.4845515769824,0.767363990109153,"REML",0.00115543065209922,4.46509636653639
"Npnt","ENSMUSG00000040998",4,0.533687349197098,0.128808544682808,4.14326045303368,3.42402700866554e-05,0.281227240717777,0.786147457676419,0,0,"REML",0.00115543065209922,4.46546281827405
"Tmem64","ENSMUSG00000043252",4,-0.525723074257373,0.12688909899756,-4.14316973176304,3.42538235230964e-05,-0.774421138323328,-0.277025010191419,0.911500567369311,0.000786242018393071,"REML",0.00115543065209922,-4.46529094410436
"Atp6v1c1","ENSMUSG00000022295",4,0.360893419550317,0.0871369415441357,4.14168105002309,3.44769564387021e-05,0.190108152400839,0.531678686699795,0,0,"REML",0.00116006883365336,4.46247107986062
"Eme2","ENSMUSG00000073436",4,-0.69407921859965,0.167603377545342,-4.14120066531403,3.4549253620778e-05,-1.02257580227579,-0.36558263492351,0,0,"REML",0.00116013865664405,-4.46156133039916
"Itpripl1","ENSMUSG00000074825",4,-0.573585094967791,0.138555394428183,-4.13975289331009,3.47680130131618e-05,-0.845148677910771,-0.302021512024811,11.0843691252717,0.00976459192293417,"REML",0.00116337760617205,-4.45882012847341
"Vcam1","ENSMUSG00000027962",4,1.11922281170647,0.270367796257021,4.13963063353337,3.47865466647898e-05,0.58931166846325,1.6491339549497,16.8409966391178,0.0517126222263121,"REML",0.00116337760617205,4.45858868245868
"Hipk2","ENSMUSG00000061436",4,0.423127218565162,0.102294063630746,4.13638097409581,3.5282623332049e-05,0.222634538016652,0.623619899113672,0,0,"REML",0.00117758428296724,4.45243913169562
"Siglec1","ENSMUSG00000027322",4,2.2100206033001,0.534444007704589,4.13517706521218,3.54681056940872e-05,1.16252959644585,3.25751161015434,44.2862472485847,0.492188086885311,"REML",0.00118138825437906,4.45016200601844
"Anp32b","ENSMUSG00000028333",4,0.849207537075692,0.20543502621738,4.13370374425395,3.56963555615366e-05,0.446562284526585,1.2518527896248,32.7741442739343,0.0526770797674918,"REML",0.00118659857189567,4.44737612115133
"Ppm1h","ENSMUSG00000034613",4,0.479959865841937,0.116240512161354,4.12902401166045,3.64306360492774e-05,0.252132648461194,0.707787083222681,0,0,"REML",0.00120857537785163,4.43853324626344
"Ccng2","ENSMUSG00000029385",4,-0.448245416496548,0.108635715196682,-4.12613306484899,3.68913864932051e-05,-0.661167505716795,-0.2353233272763,0,0,"REML",0.00121894433571548,-4.4330750223272
"Ifit1bl1","ENSMUSG00000079339",4,4.72672435232144,1.14556565828132,4.1261051412914,3.68958637260677e-05,2.48145692016413,6.97199178447875,57.8125719266291,3.0237417679376,"REML",0.00121894433571548,4.43302231843803
"Npsr1","ENSMUSG00000043659",3,4.08293771956492,0.989640603849909,4.12567724452841,3.69645367830915e-05,2.14327777838063,6.02259766074921,0,0,"REML",0.00121894433571548,4.4322147317445
"Igbp1","ENSMUSG00000031221",4,0.750809509808178,0.182019568135205,4.1248834809369,3.7092249198874e-05,0.394057711781641,1.10756130783472,35.1072701721246,0.0446818514946186,"REML",0.00122071922114462,4.43071683113504
"Rps6ka1","ENSMUSG00000003644",4,-0.355577336876994,0.0862448343634801,-4.12288271525235,3.74160232570735e-05,-0.524614106082037,-0.18654056767195,0.000406005090949558,1.73493201316833e-07,"REML",0.00122892668037796,-4.42694237315045
"Sesn1","ENSMUSG00000038332",4,-0.451375543810803,0.109582228340769,-4.11905790423567,3.80424550253981e-05,-0.666152764704355,-0.236598322917251,0,0,"REML",0.00124702261800516,-4.41973146414315
"Sft2d2","ENSMUSG00000040848",4,-0.589030026684294,0.143104344008792,-4.11608767549436,3.85357765776633e-05,-0.869509386972757,-0.308550666395832,23.5637258408447,0.0201995364721817,"REML",0.00125820072102683,-4.41413588463449
"Stk17b","ENSMUSG00000026094",4,-0.704187447997016,0.171063772832592,-4.11652003423399,3.84635909475499e-05,-1.03946628180844,-0.368908614185595,0,0,"REML",0.00125820072102683,-4.41495017262211
"Igf1","ENSMUSG00000020053",4,3.6523655106724,0.887787949246062,4.11400663162201,3.88850255906464e-05,1.91233310424144,5.39239791710335,82.9343780684331,2.55364812662988,"REML",0.0012670996208739,4.41021761089497
"Ctla2a","ENSMUSG00000044258",4,4.31611542925313,1.04992902745293,4.11086398832479,3.94181356664855e-05,2.25829234912222,6.37393850938405,65.7828511551978,2.67878493010358,"REML",0.00128194295146852,4.40430392010997
"Cotl1","ENSMUSG00000031827",4,0.481043518412871,0.117081110400308,4.10863474704119,3.98004961581204e-05,0.25156875875831,0.710518278067432,4.90988497831259,0.00358124387649124,"REML",0.00129183496469216,4.40011151392152
"Coro1c","ENSMUSG00000004530",4,0.4088376308335,0.0995270991729537,4.10780213862197,3.99442063111042e-05,0.213768100968765,0.603907160698235,0,0,"REML",0.0012939573185603,4.398546203824
"Cenpf","ENSMUSG00000026605",4,1.21935969353225,0.296925754400004,4.10661478656914,4.01499981407132e-05,0.637395908825858,1.80132347823864,0,0,"REML",0.00129780222272204,4.39631447049683
"Hint1","ENSMUSG00000020267",4,0.598821823758361,0.145833142185023,4.1062121736266,4.02200071444635e-05,0.312994117323407,0.884649530193315,0,0,"REML",0.00129780222272204,4.39555785659356
"Plekhg5","ENSMUSG00000039713",4,0.770122030990708,0.187699672646836,4.10294818382408,4.07918632129194e-05,0.402237432692952,1.13800662928846,0,0,"REML",0.00131368883458215,4.38942645735491
"Hif1a","ENSMUSG00000021109",4,0.676316365759934,0.164953610373431,4.10003978833111,4.13079112596979e-05,0.353013230308157,0.999619501211712,36.1346628299828,0.0374500777314398,"REML",0.00132771984809624,4.38396676462936
"Klrb1f","ENSMUSG00000030154",2,6.25314858204643,1.52651134218552,4.09636562090245,4.19686919120952e-05,3.26124132937091,9.24505583472195,0,0,"REML",0.00134373015325528,4.37707456674782
"Plk3","ENSMUSG00000028680",4,0.646211483610028,0.157735613157755,4.09680141772255,4.18897950140823e-05,0.337055362741485,0.955367604478571,0,0,"REML",0.00134373015325528,4.37789176483503
"Gdpgp1","ENSMUSG00000050973",4,-1.04969913625165,0.256482088889436,-4.09268008069035,4.26415850635372e-05,-1.55239479315454,-0.547003479348752,0,0,"REML",0.00136263370761063,-4.37016666018333
"Abhd6","ENSMUSG00000025277",4,-0.47207457859675,0.115533461694252,-4.08604201478917,4.38794357334911e-05,-0.698516002526723,-0.245633154666778,0,0,"REML",0.00139948293002511,-4.35773896586047
"Chmp4b","ENSMUSG00000038467",4,0.531516806558779,0.130095606968725,4.08558612349268,4.3965688329546e-05,0.276534102353201,0.786499510764357,0.000703036172517532,7.71118755782127e-07,"REML",0.00139953205566942,4.35688612311129
"Gramd1b","ENSMUSG00000040111",4,0.833495590976256,0.204071784928646,4.08432548021123,4.42050343822653e-05,0.433522242255306,1.23346893969721,0.00119558192443646,2.53419318991353e-06,"REML",0.00140174927644799,4.35452826730405
"Zfp217","ENSMUSG00000052056",4,-0.506473443091081,0.123990679665651,-4.08477027835333,4.41204441389647e-05,-0.749490709654399,-0.263456176527762,0,0,"REML",0.00140174927644799,-4.35536012437938
"B4galnt1","ENSMUSG00000006731",4,0.682397731109419,0.167120954566128,4.08325654243078,4.44089509373549e-05,0.354846679097854,1.00994878312099,0,0,"REML",0.00140551777478169,4.35252948594587
"Abcc3","ENSMUSG00000020865",4,-0.394668154192945,0.0966975187231225,-4.0814713697361,4.47514910296996e-05,-0.584191808284653,-0.205144500101238,0,0,"REML",0.00140935989775706,-4.34919249028811
"Arsk","ENSMUSG00000021592",4,-0.654863521376543,0.160454999585762,-4.0812908483199,4.47862687683832e-05,-0.969349541704025,-0.340377501049061,0,0,"REML",0.00140935989775706,-4.34885511797062
"Rps15a-ps5","ENSMUSG00000067058",3,1.42104328591398,0.348176295242412,4.08139010418446,4.47671437967255e-05,0.738630286968274,2.1034562848597,29.0419353242885,0.110853654320291,"REML",0.00140935989775706,4.34904061329784
"Atf3","ENSMUSG00000026628",4,0.678336843691141,0.1663124715882,4.07868897150867,4.52903804435894e-05,0.352370389198428,1.00430329818385,0,0,"REML",0.00141444683423165,4.34399403118594
"Hnrnpa1","ENSMUSG00000046434",4,0.660807190608765,0.162014420241527,4.07869367198088,4.52894648974787e-05,0.343264761959236,0.978349619258294,28.7165972035684,0.0292846411499031,"REML",0.00141444683423165,4.34400281054789
"Tmem106a","ENSMUSG00000034947",4,0.729987322748713,0.17895477907669,4.07917199258412,4.51963905344582e-05,0.379242400897078,1.08073224460035,0,0,"REML",0.00141444683423165,4.34489624734703
"Usp12","ENSMUSG00000029640",4,0.407803961162389,0.0999812749623875,4.07880336908889,4.52681033557124e-05,0.211844263107713,0.603763659217064,0,0,"REML",0.00141444683423165,4.34420770120618
"Ccr5","ENSMUSG00000079227",4,-0.383637490985747,0.0941542925237795,-4.0745618781943,4.61010546248393e-05,-0.568176513322203,-0.19909846864929,0,0,"REML",0.00143704815746598,-4.33628913941492
"Edf1","ENSMUSG00000015092",4,0.559725847213077,0.137464146210747,4.07179517453924,4.66521947676121e-05,0.290301071474464,0.829150622951689,4.97682256769275,0.00429471796812333,"REML",0.00145148947223299,4.33112791991231
"Dbi","ENSMUSG00000026385",4,0.492052003852302,0.120902871453132,4.06981238690467,4.70510122187705e-05,0.255086730176686,0.729017277527917,0.000262119720579577,3.77538007810712e-07,"REML",0.00146114618959832,4.32743102906355
"Cep112","ENSMUSG00000020728",4,0.892783304220796,0.219607324080369,4.06536215474337,4.79579330828197e-05,0.462360858282057,1.32320575015954,16.1557899752883,0.0351707443139882,"REML",0.00148651597084665,4.31913954263052
"Cyb5r3","ENSMUSG00000018042",4,0.700947265392595,0.172711626141658,4.05848338673899,4.93924465619124e-05,0.362438698443598,1.03945583234159,0,0,"REML",0.00152811350121602,4.30633946134559
"Apobec3","ENSMUSG00000009585",4,0.47757762310541,0.1177264731481,4.05667145489542,4.97770249547647e-05,0.246837975708212,0.708317270502608,0,0,"REML",0.00153713313883676,4.30297106362014
"Adarb2","ENSMUSG00000052551",2,4.52974101135627,1.11958211762327,4.04592118796282,5.21177665188187e-05,2.33540038307957,6.72408163963296,0,0,"REML",0.00160641347137575,4.28301420403651
"Cxcl13","ENSMUSG00000023078",4,7.02359744274016,1.73662270972619,4.04440031988731,5.24572207744752e-05,3.61987947694248,10.4273154085378,82.0924315608445,9.45306937767695,"REML",0.00161386544583818,4.28019472240527
"Tgif1","ENSMUSG00000047407",4,0.458408772238128,0.11345320548626,4.04050965570685,5.33351689802858e-05,0.236044575554436,0.68077296892182,0,0,"REML",0.00163782588610279,4.2729863246083
"Optn","ENSMUSG00000026672",4,1.03656785158294,0.256768396125868,4.03697599557702,5.41446064814912e-05,0.533311042808125,1.53982466035776,0,0,"REML",0.00165652415496429,4.26644479835516
"Tmsb4x","ENSMUSG00000049775",4,0.407386684163532,0.100912103405633,4.03704481836013,5.41287310574394e-05,0.20960259588431,0.605170772442755,0,0,"REML",0.00165652415496429,4.26657215397695
"Nuf2","ENSMUSG00000026683",4,3.13007316635288,0.775721972932212,4.03504512644044,5.45918043643114e-05,1.60968603738939,4.65046029531637,52.3095563421719,1.24659812180834,"REML",0.00166711866895155,4.26287255118747
"Tab2","ENSMUSG00000015755",4,-0.270561470873068,0.0670962967020443,-4.03243523371424,5.5201831071623e-05,-0.402067795905088,-0.139055145841048,0,0,"REML",0.00168263736371639,-4.25804651627238
"Phlda3","ENSMUSG00000041801",4,3.18806154130237,0.792796255601925,4.02128733426202,5.78809497881639e-05,1.63420943324439,4.74191364936036,5.40598319508865e-06,1.59090882557928e-07,"REML",0.00176105188112386,4.23746435100887
"Pigm","ENSMUSG00000050229",4,-0.634068225052056,0.157776274202275,-4.01878056924551,5.85001197265688e-05,-0.943304040103431,-0.32483241000068,0,0,"REML",0.00177661852574015,-4.23284324508816
"Tmed7","ENSMUSG00000033184",4,-0.375920314356036,0.0935541483233236,-4.01821106913243,5.8641657805238e-05,-0.559283075674068,-0.192557553038003,0,0,"REML",0.00177764922678961,-4.23179376064711
"Rps9","ENSMUSG00000006333",4,0.723042319365547,0.180032916583669,4.01616733809629,5.91522618200312e-05,0.370184286829852,1.07590035190124,45.3365723688429,0.0527084847251023,"REML",0.00178657133003425,4.22802864449035
"Tmem144","ENSMUSG00000027956",4,-0.568370487015905,0.141517317876927,-4.01626101697461,5.91287653894922e-05,-0.845739333243388,-0.291001640788423,1.51658049627053,0.00150224271768441,"REML",0.00178657133003425,-4.22820118898886
"Slc12a2","ENSMUSG00000024597",4,0.386547167097396,0.0962731795395138,4.01510751952202,5.94187009122588e-05,0.19785520252279,0.575239131672001,0,0,"REML",0.001791343718561,4.22607684753076
"Zfp111","ENSMUSG00000087598",4,-0.779069124454087,0.194064709741736,-4.01448117739121,5.95766976048611e-05,-1.15942896621811,-0.398709282690066,0,0,"REML",0.00179283537546432,-4.22492357382549
"Mis18bp1","ENSMUSG00000047534",4,2.27881036822576,0.567767616801428,4.01363216356659,5.97914991106776e-05,1.16600628770682,3.3916144487447,0.000177989781698033,2.91412876346594e-06,"REML",0.00179602792146819,4.22336055767981
"Rpl36a","ENSMUSG00000079435",4,0.7940984084567,0.197880533824525,4.01301933600445,5.99470007028445e-05,0.406259688919071,1.18193712799433,24.4150376494659,0.0394634072673624,"REML",0.00179743085047494,4.22223254085186
"Pfdn5","ENSMUSG00000001289",4,0.511524306095467,0.127588282300751,4.00917934524507,6.09301288508872e-05,0.261455867936666,0.761592744254267,0,0,"REML",0.0018235990194665,4.21516790345816
"Lgals1","ENSMUSG00000068220",4,2.5438470054123,0.635369469250898,4.003728741344,6.23518553363815e-05,1.29854572880421,3.78914828202039,58.9841874910757,0.912334488115961,"REML",0.00186277577217425,4.20515061916436
"St3gal6","ENSMUSG00000022747",4,-0.538193255671452,0.134650334970624,-3.99696930415263,6.41586167468724e-05,-0.802103062720128,-0.274283448622776,41.2853038526162,0.0264468622068775,"REML",0.00191329333443155,-4.19274500796698
"Gtf2i","ENSMUSG00000060261",4,-0.426388411286364,0.106753808530349,-3.99412833280927,6.49326888868633e-05,-0.635622031218334,-0.217154791354395,0,0,"REML",0.00193288820378355,-4.1875366124584
"H2-Q1","ENSMUSG00000079507",3,1.89535677021883,0.475049716068451,3.98980718461418,6.61270284981606e-05,0.964276435858692,2.82643710457898,0,0,"REML",0.00196490042773042,4.17962099243055
"Dclre1c","ENSMUSG00000026648",4,0.599614647356206,0.150340979538178,3.98836464414506,6.65303455799576e-05,0.304951742060903,0.894277552651509,0,0,"REML",0.00197333543864718,4.17698022068323
"Mgme1","ENSMUSG00000027424",4,-0.696751330775016,0.174914439766234,-3.98338371438169,6.79409233723882e-05,-1.03957733309284,-0.353925328457195,0,0,"REML",0.00201156271511689,-4.16786855501077
"Smap2","ENSMUSG00000032870",4,-0.32437597091791,0.0815363206344933,-3.97830032547098,6.94096656864876e-05,-0.484184222793427,-0.164567719042394,0.0116845165179922,4.50065979418855e-06,"REML",0.0020513722483121,-4.1585800473836
"Gng12","ENSMUSG00000036402",4,0.708576233738898,0.178186244853695,3.97660455957582,6.9906268981944e-05,0.359337611285219,1.05781485619258,7.86311095140547,0.0112587684378033,"REML",0.00206235976759053,4.15548387629745
"Kif4","ENSMUSG00000034311",3,2.707575014026,0.681261867156919,3.97435280698362,7.05708892122386e-05,1.37232629035793,4.04282373769407,0,0,"REML",0.00207825607963528,4.15137441030378
"Ahnak2","ENSMUSG00000118667",2,3.38902847395466,0.852843525620228,3.97379867718407,7.07353585355207e-05,1.71748587929085,5.06057106861847,0,0,"REML",0.00207939298641519,4.15036344082526
"Siglech","ENSMUSG00000051504",4,-0.585651183794995,0.147503294260647,-3.9704278248872,7.17436877345484e-05,-0.874752328146876,-0.296550039443114,52.0498739429064,0.0383965183139886,"REML",0.00210528857027082,-4.14421630369012
"Cdk1","ENSMUSG00000019942",4,1.67563600857288,0.422124556531024,3.96952980500136,7.20145988390529e-05,0.848287080782134,2.50298493636363,0.000236604759398301,1.80454971157389e-06,"REML",0.00210949146705672,4.14257945422768
"Runx2","ENSMUSG00000039153",4,1.81122047424826,0.456553051447281,3.96716322124375,7.27331831815697e-05,0.916392936379726,2.70604801211679,0,0,"REML",0.00212676976874817,4.13826740503218
"St8sia6","ENSMUSG00000003418",4,1.04440413899102,0.263910730696386,3.95741444932962,7.57654093168106e-05,0.527148611692452,1.56165966628958,0,0,"REML",0.00221152001293821,4.12052902618302
"Adnp2","ENSMUSG00000053950",4,-0.637210678129179,0.1612139050524,-3.95257889151722,7.73134272378886e-05,-0.953184125838944,-0.321237230419415,0,0,"REML",0.00225272509946589,-4.11174507440098
"Myo1e","ENSMUSG00000032220",4,1.58907725864647,0.402258180675034,3.9503914028046,7.80234939059273e-05,0.8006657120368,2.37748880525614,82.1015732631888,0.450460084033481,"REML",0.00226941222327434,4.10777460580467
"Rps8","ENSMUSG00000047675",4,0.927297104790935,0.23495864213304,3.94663969953433,7.92556861518687e-05,0.466786628353741,1.38780758122813,59.0847726968195,0.0968320557301068,"REML",0.00230120068702113,4.10096956979422
"Ramp3","ENSMUSG00000041046",2,4.69712628995785,1.19064333466962,3.94503219661596,7.97892571287946e-05,2.36350823557272,7.03074434434297,0,0,"REML",0.00231262862635933,4.09805557837054
"Zfp260","ENSMUSG00000049421",4,-0.572893596093076,0.145323174637484,-3.9422039707169,8.07362692424436e-05,-0.85772178450157,-0.288065407684582,0,0,"REML",0.00233597881638251,-4.09293132285801
"Alox5","ENSMUSG00000025701",4,-0.812764574256429,0.206196105594386,-3.94170671610666,8.09038659093345e-05,-1.21690151497384,-0.408627633539014,0,0,"REML",0.00233673560959461,-4.09203072556971
"Edem1","ENSMUSG00000030104",4,-0.352955288165763,0.0896042147308199,-3.93904783637775,8.18056199713445e-05,-0.528576321901163,-0.177334254430363,0,0,"REML",0.00235865732556123,-4.08721685966971
"Ubxn1","ENSMUSG00000071655",4,0.594509925109805,0.151083391558739,3.93497868280688,8.32040808186126e-05,0.298391918992512,0.890627931227097,0,0,"REML",0.0023947989881608,4.07985537282535
"Os9","ENSMUSG00000040462",4,0.382606375578608,0.097252610222275,3.93415019611448,8.34915646013595e-05,0.191994762140437,0.573217989016779,0,0,"REML",0.00239889415439837,4.07835740035041
"Rnf149","ENSMUSG00000048234",4,0.487566516631633,0.123961501363655,3.93320919211281,8.38192303024208e-05,0.244606438489356,0.73052659477391,0.00186696356492909,1.59927018604923e-06,"REML",0.00240412761080954,4.07665633153541
"Ncoa7","ENSMUSG00000039697",4,0.883804722876552,0.22478270202911,3.93181821776525,8.43058061639328e-05,0.443238722551899,1.32437072320121,0.000641451627476509,1.53324511380468e-06,"REML",0.00241264783975883,4.07414251436548
"Rpl34-ps1","ENSMUSG00000068396",4,1.06856533656322,0.271794038595107,3.93152602642276,8.4408356115284e-05,0.535858809704116,1.60127186342231,21.573119878767,0.0642532106869119,"REML",0.00241264783975883,4.07361455769754
"B2m","ENSMUSG00000060802",4,0.977061286993734,0.248631854005946,3.92975104054997,8.50338577389264e-05,0.48975180773266,1.46437076625481,68.5096765094155,0.135727330200339,"REML",0.00242214545466345,4.07040811779839
"Sgsh","ENSMUSG00000005043",4,-0.688395140304718,0.175171397521072,-3.92983757649082,8.50032613465456e-05,-1.03172477056757,-0.345065510041869,0,0,"REML",0.00242214545466345,-4.07056441125469
"Ranbp2","ENSMUSG00000003226",4,0.386851638188454,0.0986654800952562,3.92084078256113,8.82405526596308e-05,0.193470850684398,0.580232425692509,0.0112306182979458,6.75320405104989e-06,"REML",0.00250916036228874,4.05433178052847
"Cers6","ENSMUSG00000027035",4,0.563525123258262,0.143900657588633,3.91607052185407,9.00039304097661e-05,0.281485017032911,0.845565229483613,6.05744347882122,0.0060350009510906,"REML",0.00255490538539475,4.0457385248051
"Slc11a2","ENSMUSG00000023030",4,0.652254720478037,0.166593007363652,3.91525869422745,9.03073260489725e-05,0.325738425969063,0.978771014987012,8.58831353062647,0.0114113489634751,"REML",0.00255912064091779,4.04427701675642
"Kcnj16","ENSMUSG00000051497",4,-2.08179730910003,0.532335544457152,-3.91068627818746,9.20342491894365e-05,-3.12515580392657,-1.0384388142735,0,0,"REML",0.00260359217612788,-4.03605052628461
"Cd300lb","ENSMUSG00000063193",4,3.43593916652665,0.878716514507823,3.91017934657932,9.22276177075573e-05,1.71368644547075,5.15819188758255,66.9045503022966,2.02805014603403,"REML",0.00260460251648983,4.03513900929375
"Dydc2","ENSMUSG00000021791",2,-6.67979714794181,1.70856464145067,-3.90959580099367,9.24506856238366e-05,-10.0285223104437,-3.3310719854399,0,0,"REML",0.00260644671875666,-4.03408986372012
"Trps1","ENSMUSG00000038679",4,1.21913766777273,0.312092249085166,3.90633753752738,9.37055943853382e-05,0.607448099711699,1.83082723583376,3.77834992296064,0.0166347077196359,"REML",0.00263732559597985,4.02823448020982
"Ptp4a3","ENSMUSG00000059895",4,-0.468251047101354,0.119930765421659,-3.90434468966368,9.44810429537487e-05,-0.703311027966127,-0.233191066236581,0,0,"REML",0.00265462807931783,-4.02465532129465
"mt-Co3","ENSMUSG00000064358",3,0.542188620303978,0.139009441125055,3.90037263595799,9.60447432235193e-05,0.269735122187829,0.814642118420127,0,0,"REML",0.00269398166858364,4.01752640020878
"Itm2b","ENSMUSG00000022108",4,0.57035957759014,0.14629554183972,3.89868050945135,9.6718287126799e-05,0.283625584485516,0.857093570694763,0,0,"REML",0.00270827596885059,4.01449140340004
"Plaur","ENSMUSG00000046223",4,1.24671306419321,0.320021765918168,3.89571334504792,9.79101338072657e-05,0.619481928724693,1.87394419966173,21.3357017766764,0.0928655902614173,"REML",0.00273701069480514,4.00917235591074
"Uap1l1","ENSMUSG00000026956",4,0.687352452919271,0.176594361531911,3.89226726695385,9.93117520866028e-05,0.34123386444388,1.03347104139466,0.00310307477590328,5.12446468691712e-06,"REML",0.00277150245983575,4.00299935609307
"Cdca5","ENSMUSG00000024791",4,3.70352770996669,0.95260595907386,3.88778557880041,0.000101162931142605,1.83645433872368,5.57060108120969,43.5117173636696,1.57025131098636,"REML",0.00281840267353622,3.99497859569164
"Il1r1","ENSMUSG00000026072",4,1.77685419502738,0.457514237043457,3.88371344793498,0.000102873139901031,0.880142768007888,2.67356562204688,0,0,"REML",0.00285162272534386,3.98769800439713
"Pea15a","ENSMUSG00000013698",4,0.586733580583151,0.151064520237759,3.88399327426252,0.000102754751037623,0.290652561575321,0.882814599590981,17.7725424806062,0.0178291447414237,"REML",0.00285162272534386,3.98819808865655
"Zfp691","ENSMUSG00000045268",3,-0.475485567945963,0.122421400103822,-3.88400694276261,0.000102748971466803,-0.715427103086422,-0.235544032805505,0,0,"REML",0.00285162272534386,-3.98822251678549
"Rps10","ENSMUSG00000052146",4,0.693056152912262,0.178752091486221,3.87719185353245,0.000105669032294274,0.34270849143806,1.04340381438646,15.3307985855209,0.0223558959067021,"REML",0.0029242178936913,3.97605226978094
"Gnpda2","ENSMUSG00000029209",4,-0.814407172798567,0.210077030341258,-3.87670737479299,0.000105879570778036,-1.22615058624656,-0.402663759350573,0,0,"REML",0.00292514446291626,-3.97518782794028
"Rpl34","ENSMUSG00000062006",4,0.634178812505848,0.163687441987237,3.87432783362388,0.000106919400079707,0.313357321489373,0.955000303522322,22.698449643351,0.0252195598524082,"REML",0.002948940582165,3.97094348671688
"Atp13a2","ENSMUSG00000036622",4,0.433331239891452,0.111873958315341,3.87338793063899,0.000107332774454481,0.214062310785448,0.652600168997456,0,0,"REML",0.00295540794460414,3.96926764437756
"Cxcl10","ENSMUSG00000034855",4,3.59155264315299,0.92813700986285,3.86963627674292,0.000108997842394123,1.7724375311031,5.41066775520287,78.1335711165964,2.23409788669709,"REML",0.00299626182062115,3.96258209880801
"Kxd1","ENSMUSG00000055553",4,0.641649415917563,0.165841949894044,3.86904167689486,0.000109263965958441,0.316605166999342,0.966693664835785,10.8876787153264,0.0168389254166816,"REML",0.00299858800930133,3.96152303993157
"Sox4","ENSMUSG00000076431",4,-0.527400898657939,0.136469390291444,-3.86460947419507,0.000111267078045286,-0.794875988621309,-0.259925808694569,0.00068751311682542,8.27517201013886e-07,"REML",0.00304364550227681,-3.95363331669218
"Tslp","ENSMUSG00000024379",4,-2.020556416638,0.522837988184494,-3.86459374089131,0.000111274249947049,-3.04530004322898,-0.995812790047012,0.000160742227254185,1.99983911883077e-06,"REML",0.00304364550227681,-3.95360532443215
"Ndufa4","ENSMUSG00000029632",4,0.581821082344555,0.150625426756373,3.86270163593038,0.000112139937887826,0.286600670746088,0.877041493943022,0.00369551171285205,5.52790047632413e-06,"REML",0.00306149997910199,3.95023968878489
"Reps2","ENSMUSG00000040855",4,1.59083354671717,0.411881381684331,3.86235847857866,0.000112297620442819,0.783560872713286,2.39810622072105,0,0,"REML",0.00306149997910199,3.94962944622743
"Hexb","ENSMUSG00000021665",4,-0.331736719446119,0.0859873101893314,-3.85797298131182,0.000114331282945026,-0.500268750544683,-0.163204688347556,0,0,"REML",0.00311180745557625,-3.94183492313443
"Rpl32","ENSMUSG00000057841",4,0.975492175180409,0.25289975389933,3.85722864550005,0.000114679879245985,0.479817765838679,1.47116658452214,59.1584342578155,0.137445389248087,"REML",0.00311616165299823,3.94051277302264
"Ccnb1","ENSMUSG00000041431",4,2.50109563350471,0.64883637332492,3.85474017229953,0.000115852602924592,1.22939970992828,3.77279155708114,0,0,"REML",0.00314285854337796,3.93609420422974
"Mcm10","ENSMUSG00000026669",4,3.8449224997744,0.997987121701572,3.85267747064591,0.00011683323998921,1.88890368420453,5.80094131534428,40.0718840508946,1.54438562235446,"REML",0.00316426550469138,3.93243357939719
"Rpl27-ps3","ENSMUSG00000073640",3,1.02219480384174,0.265491537971393,3.85019730441232,0.000118022710292175,0.50184095121766,1.54254865646582,0,0,"REML",0.00319124909449596,3.92803441637537
"Ephx4","ENSMUSG00000033805",2,-5.80166589489368,1.50932657187068,-3.84387713237104,0.000121105656323401,-8.75989161666952,-2.84344017311784,0,0,"REML",0.00326925906555377,-3.91683557235923
"Nfkb2","ENSMUSG00000025225",4,0.61144745079242,0.159087255722007,3.84347223803318,0.000121305727386007,0.299642159177972,0.923252742406867,0.00612773783274474,7.72927009276145e-06,"REML",0.00326931798065942,3.9161186936642
"Ifi30","ENSMUSG00000031838",4,0.742122557571441,0.193149417755415,3.84222000871465,0.000121926467413214,0.363556655135947,1.12068846000694,0,0,"REML",0.00328069571357282,3.91390200887048
"Ethe1","ENSMUSG00000064254",4,0.998466568608775,0.259941748582872,3.84111661190298,0.00012247591073989,0.488990103307981,1.50794303390957,0.000587268704492494,1.7433253351043e-06,"REML",0.00329012117290037,3.91194932241388
"Sulf2","ENSMUSG00000006800",4,1.56995444306615,0.408798268594047,3.8404136310694,0.000122827180852097,0.768724559679484,2.37118432645281,73.7063121263324,0.40220241205022,"REML",0.00329420106308035,3.91070551602992
"Rps2-ps10","ENSMUSG00000091957",3,1.14342626222594,0.297782873831984,3.8397986006109,0.000123135282096679,0.55978255430242,1.72706997014947,8.38763318894644,0.0442892485663929,"REML",0.00329711182418028,3.90961749033062
"Khdrbs3","ENSMUSG00000022332",4,-1.23916480166811,0.32296537329852,-3.83683485635698,0.000124630220071982,-1.87216530158674,-0.606164301749474,50.1118685065274,0.186173687519584,"REML",0.00333174088318642,-3.90437663810072
"Bag3","ENSMUSG00000030847",4,-0.579635799646175,0.151089373028591,-3.83637702657279,0.000124862673276973,-0.875765529228952,-0.283506070063399,4.79017744900977,0.0047253990808573,"REML",0.00333256256091901,-3.90356737117463
"Wdr82","ENSMUSG00000020257",4,-0.431005225696668,0.112389633768989,-3.83491974520154,0.000125605300183535,-0.651284860119534,-0.210725591273802,0,0,"REML",0.00334697607150351,-3.90099203423022
"Cux1","ENSMUSG00000029705",4,0.546563992328418,0.142541932080071,3.83440847442277,0.000125866827570337,0.267186939164725,0.825941045492111,47.5097292371511,0.0345796135274986,"REML",0.00334854405521664,3.90008871390668
"Serpine1","ENSMUSG00000037411",4,1.00774490527163,0.263110251707485,3.83012405914155,0.000128078670582158,0.492058287961689,1.52343152258157,0,0,"REML",0.00340190951235987,3.89252318891066
"Ccr7","ENSMUSG00000037944",2,2.8681614784241,0.74939505282926,3.82730239223714,0.000129555317300834,1.39937416468626,4.33694879216194,0,0,"REML",0.00342250894967836,3.88754475769151
"Fabp4","ENSMUSG00000062515",2,5.82196810379868,1.52125179517554,3.82709037534899,0.000129666916492236,2.84036937383772,8.80356683375964,0,0,"REML",0.00342250894967836,3.88717081665029
"Gm11478","ENSMUSG00000083992",4,0.917725417770158,0.239799061376936,3.82706009148051,0.000129682864384641,0.447727893944853,1.38772294159546,0,0,"REML",0.00342250894967836,3.8871174055261
"Mmp25","ENSMUSG00000023903",4,2.14041766830209,0.55925685663642,3.82725333253019,0.000129581132774722,1.04429437118763,3.23654096541656,0.000178636544920542,2.44413168608701e-06,"REML",0.00342250894967836,3.88745822785064
"Lrguk","ENSMUSG00000056215",4,1.51894004061921,0.397042448630719,3.82563639192127,0.00013043469325424,0.740751140969407,2.29712894026901,0,0,"REML",0.00343686055383302,3.88460687881183
"Gm13889","ENSMUSG00000087006",4,-1.44617793938959,0.37850630081417,-3.8207499750436,0.000133046477754486,-2.18803665690684,-0.704319221872329,0,0,"REML",0.00350009690920679,-3.87599661838459
"Arhgap27","ENSMUSG00000034255",4,-0.458332384344996,0.119987351995058,-3.81983914741174,0.000133538730748954,-0.693503272855641,-0.223161495834352,18.5447829300657,0.011676153828583,"REML",0.00350746163863827,-3.87439275593948
"Rpl19-ps11","ENSMUSG00000081094",3,1.00437212479711,0.263011615674495,3.81873675891232,0.000134136807353885,0.488878830559413,1.51986541903481,23.7806981728936,0.0580528538052389,"REML",0.00351757808618022,3.87245203469651
"Ccl4","ENSMUSG00000018930",4,2.11977007783086,0.555345983694805,3.81702603434294,0.000135069922573589,1.03131195083007,3.20822820483164,76.1792363723344,0.742317178526315,"REML",0.00353643453381658,3.86944134908744
"Mpeg1","ENSMUSG00000046805",4,0.442933002809578,0.116268694000756,3.80956375760699,0.00013921220490256,0.215050550038588,0.670815455580569,0,0,"REML",0.00363912157784051,3.85632268793325
"Parp14","ENSMUSG00000034422",4,0.932508553939622,0.244985763958087,3.80637853756742,0.000141016497993908,0.45234527985674,1.4126718280225,67.1383583795476,0.143243199915083,"REML",0.00367983972720401,3.85073007480155
"Pparg","ENSMUSG00000000440",4,3.06438538425047,0.805139600686241,3.80602988803261,0.000141215325164781,1.48634076437848,4.64243000412246,0,0,"REML",0.00367983972720401,3.85011816962034
"Oasl1","ENSMUSG00000041827",4,5.17070268595252,1.35947351441324,3.80345967106556,0.000142689231924605,2.50618355976647,7.83522181213857,88.8576208517885,6.44290772659553,"REML",0.00371239181201008,3.84560879978078
"Scpep1","ENSMUSG00000000278",4,0.619533420347588,0.162927143773285,3.8025181439974,0.000143232772960055,0.300202086447971,0.938864754247206,12.767270904171,0.0148327181801747,"REML",0.00372067396552371,3.84395760013396
"Slc35c2","ENSMUSG00000017664",4,-0.390381003577418,0.102776800705348,-3.79833776589918,0.000145669727428884,-0.591819831406151,-0.188942175748684,0,0,"REML",0.00377803699662888,-3.83663069240707
"Itgav","ENSMUSG00000027087",4,-0.338849963574274,0.0892694587618542,-3.79581066440909,0.000147161782167071,-0.513814887666892,-0.163885039481656,0,0,"REML",0.00381075204260529,-3.83220496139107
"Cdk17","ENSMUSG00000020015",4,0.528434046203792,0.139235344574664,3.79525793409751,0.000147490038231705,0.255537785462427,0.801330306945158,0,0,"REML",0.00381327530770891,3.83123731180177
"Nrn1","ENSMUSG00000039114",3,-3.02080907272191,0.796051505516018,-3.79474073196276,0.000147797819044007,-4.58104135337219,-1.46057679207163,0,0,"REML",0.00381526213816568,-3.83033197449425
"Eeig2","ENSMUSG00000040339",3,-0.629277865123991,0.165907747857349,-3.79293838443916,0.000148875106683688,-0.954451075680547,-0.304104654567436,64.5687696293388,0.0443576664719951,"REML",0.0038370758775682,-3.82717791429425
"Crot","ENSMUSG00000003623",4,-0.503666324314552,0.132957828750605,-3.78816598501547,0.00015176344939797,-0.764258880128382,-0.243073768500723,0,0,"REML",0.00390542670950757,-3.81883281102372
"Nck2","ENSMUSG00000066877",2,3.69079536491944,0.974438576033107,3.78761212424953,0.000152102051501461,1.78093085074805,5.60065987909082,0,0,"REML",0.00390805286602743,3.81786492828917
"Ptafr","ENSMUSG00000056529",4,-0.440574467942122,0.116439170688185,-3.7837307268526,0.000154494969320616,-0.668791048880677,-0.212357887003566,0,0,"REML",0.00396337172072345,-3.81108565754573
"Fau","ENSMUSG00000038274",4,0.788839474966219,0.208536308961564,3.78274401659047,0.000155108910057193,0.380115819932636,1.1975631299998,62.4081843030947,0.087166154182754,"REML",0.00397295240783704,3.80936325391091
"Zfp719","ENSMUSG00000030469",4,-0.599980656456332,0.158657753082181,-3.78160313505485,0.000155821640072476,-0.910944138365455,-0.28901717454721,0,0,"REML",0.00398502990036746,-3.80737222887502
"Tlr3","ENSMUSG00000031639",4,-0.453550746549929,0.119962835038031,-3.7807604864135,0.000156350036310148,-0.68867358270779,-0.218427910392069,0,0,"REML",0.00399236313737242,-3.80590201356211
"Selenoh","ENSMUSG00000076437",3,0.947418724316379,0.250652591458026,3.77980821504905,0.000156949202846355,0.456148672427016,1.43868877620574,3.91569060642474,0.0190694819673734,"REML",0.0039975728681822,3.80424088576393
"Zfp456","ENSMUSG00000078995",4,-0.776890788376605,0.205544750486316,-3.77966737918868,0.00015703799960355,-1.17975109654106,-0.374030480212154,0,0,"REML",0.0039975728681822,-3.80399524554428
"Myd88","ENSMUSG00000032508",4,-0.712323099001527,0.188525785329496,-3.77838552830619,0.000157848380744153,-1.08182684840447,-0.342819349598586,0,0,"REML",0.00401202015119101,-3.80175986887145
"Atad2","ENSMUSG00000022360",4,0.687625262066412,0.18226117365407,3.7727468131612,0.000161460113915066,0.330399925924435,1.04485059820839,0,0,"REML",0.00409751542548512,3.79193474544441
"C030034L19Rik","ENSMUSG00000097365",4,2.72943729146661,0.72359997933802,3.77202510973483,0.000161927955890762,1.31120739275017,4.14766719018306,59.1646264278963,1.21748194023493,"REML",0.00410308552035472,3.79067816643507
"Prkcb","ENSMUSG00000052889",4,0.478651446216051,0.126963456655142,3.76999381417413,0.000163251593637508,0.22980764381926,0.727495248612841,0,0,"REML",0.00413029031927299,3.78714257051477
"Soat1","ENSMUSG00000026600",4,0.665446354286461,0.176731500931224,3.76529566478035,0.000166352118183256,0.319058977527556,1.01183373104537,54.4267753849209,0.0607504272056451,"REML",0.00420229869190456,3.77897166483157
"Uba7","ENSMUSG00000032596",3,0.445149781643364,0.118263161118426,3.76406124640624,0.000167175910134508,0.213358245153392,0.676941318133336,0.000267395697072183,1.76914935673197e-07,"REML",0.00421666139134688,3.77682630374751
"Slfn9","ENSMUSG00000069793",4,1.42901899336816,0.379715856234928,3.76339036124957,0.000167625235010142,0.684789590788909,2.17324839594741,51.3226397030628,0.281337082622012,"REML",0.00421775152694506,3.77566060026019
"Tmem170b","ENSMUSG00000087370",4,-0.444428712248242,0.11809753052771,-3.76323459315655,0.00016772972297094,-0.675895618745674,-0.21296180575081,0,0,"REML",0.00421775152694506,-3.77538997031906
"Ctc1","ENSMUSG00000020898",4,-0.484121414999744,0.128736799171738,-3.76055190213263,0.000169538892418032,-0.736440904861316,-0.231801925138172,0,0,"REML",0.0042567660207269,-3.77073065837529
"Trim23","ENSMUSG00000021712",4,-0.660175807845657,0.175586026881575,-3.75984250894245,0.000170020356981524,-1.00431809672203,-0.316033518969288,0,0,"REML",0.00426237680985093,-3.76949907629555
"Washc5","ENSMUSG00000022350",3,0.544106499677997,0.144763127115291,3.75859868821889,0.000170867642870074,0.260375984242633,0.827837015113361,0.0105529719591162,8.63045242427203e-06,"REML",0.00427712776947954,3.76734017164704
"Man2b2","ENSMUSG00000029119",4,0.387731828488663,0.103240752416332,3.75560831758647,0.000172920952170623,0.185383672015835,0.59007998496149,0,0,"REML",0.00432197738398013,3.76215238173595
"Rps14","ENSMUSG00000024608",4,0.689799245914525,0.183811406164816,3.75275539373227,0.000174901497144875,0.329535509883822,1.05006298194523,32.4207889054516,0.0432205969168821,"REML",0.00436487558055964,3.7572064729743
"Zfp964","ENSMUSG00000091764",4,-1.33359893944403,0.355436773084709,-3.75200046936675,0.000175429135825502,-2.0302422134712,-0.636955665416867,0,0,"REML",0.0043714400497332,-3.75589827597902
"Zc3hav1","ENSMUSG00000029826",4,0.41811192114637,0.111509209920246,3.74957298545485,0.000177135938589035,0.199557885758171,0.636665956534569,0,0,"REML",0.00440732355636965,3.75169331714152
"Gbp2","ENSMUSG00000028270",4,1.21524608928606,0.324191368309215,3.74854548294744,0.000177863085340807,0.579842683301235,1.85064949527088,14.5402274018272,0.0660519201693575,"REML",0.00441876095175259,3.74991417837105
"Inf2","ENSMUSG00000037679",4,2.26977580229364,0.60566512527169,3.74757552909367,0.000178552080438829,1.08269397006918,3.45685763451809,45.5407769555151,0.663015673895236,"REML",0.00442560373899103,3.74823508516406
"Rpl23a-ps3","ENSMUSG00000078126",3,0.871848816784445,0.232654084307259,3.74740387378295,0.000178674274796139,0.415855190686073,1.32784244288282,6.29044781815392,0.013419153650095,"REML",0.00442560373899103,3.7479379719394
"Anapc15","ENSMUSG00000030649",4,0.794316259576623,0.2120428877503,3.74601698743135,0.0001796644302199,0.378719836408165,1.20991268274508,3.98675339881034,0.0100852999408431,"REML",0.00444346714320803,3.74553789555817
"Clip1","ENSMUSG00000049550",4,0.377351856922988,0.100805823974288,3.74335372745168,0.000181580324480809,0.1797760725015,0.574927641344477,0,0,"REML",0.00448413832697676,3.74093121216048
"Ccdc85a","ENSMUSG00000032878",2,3.71608842313622,0.994312438718534,3.73734480072028,0.000185973811902551,1.7672718538677,5.66490499240473,0,0,"REML",0.00457213295601495,3.73054820710978
"Serinc1","ENSMUSG00000019877",4,-0.423211027493368,0.113224980272926,-3.73778848513136,0.000185646021184051,-0.645127910978561,-0.201294144008175,0,0,"REML",0.00457213295601495,-3.73131435425537
"Smc4","ENSMUSG00000034349",4,0.837942059888511,0.224188996958307,3.73765916818989,0.000185741503450142,0.39853970012007,1.27734441965695,0,0,"REML",0.00457213295601495,3.73109104345764
"Abcd3","ENSMUSG00000028127",4,-0.442670517738737,0.118469838550476,-3.73656724070007,0.000186549579982172,-0.674867134551946,-0.210473900925528,0,0,"REML",0.00457947341884912,-3.72920572443945
"Man2a1","ENSMUSG00000024085",4,0.583492625989056,0.156213913605754,3.73521546526035,0.000187554533893564,0.277318981437727,0.889666270540385,0,0,"REML",0.00459731224696673,3.72687243286673
"Cxxc5","ENSMUSG00000046668",4,-0.417688992606275,0.111844407724275,-3.73455411052811,0.00018804805830757,-0.636900003618068,-0.198477981594482,0,0,"REML",0.00460258069822128,-3.72573114653119
"Arhgef40","ENSMUSG00000004562",4,-0.475898882207514,0.12754299205504,-3.73128209194076,0.000190507754935896,-0.72587855311587,-0.225919211299157,3.55756265273415,0.00342619051171911,"REML",0.00464900830028942,-3.72008734094732
"Sh3bgrl","ENSMUSG00000031246",4,1.37740440105336,0.369116319006703,3.73162694285632,0.000190247099392787,0.653949709694225,2.1008590924125,49.4894235870129,0.25752098680309,"REML",0.00464900830028942,3.72068195598872
"Arrdc3","ENSMUSG00000074794",4,-0.658989463576362,0.176644056311321,-3.73060649385759,0.000191019378875088,-1.00520545202962,-0.312773475123106,5.64449169032903,0.0086098823207346,"REML",0.00465461822772172,-3.71892257143503
"Bfsp1","ENSMUSG00000027420",2,3.27050715201174,0.877903159910181,3.72536209158462,0.000195035058231857,1.54984857667388,4.99116572734961,0,0,"REML",0.00474547009874596,3.7098873156727
"Ceacam1","ENSMUSG00000074272",4,-0.579343877515783,0.155601062914133,-3.723264267388,0.000196663482218468,-0.884316356783634,-0.274371398247932,0,0,"REML",0.00475706792054364,-3.70627627527825
"Rpl17-ps10","ENSMUSG00000081895",4,0.925291360649339,0.248502707895913,3.72346590700696,0.000196506407406478,0.438235003112673,1.41234771818601,0,0,"REML",0.00475706792054364,3.70662328418978
"Smc2","ENSMUSG00000028312",4,0.83383116922476,0.223949056456889,3.7233073557748,0.000196629906980737,0.394899084197531,1.27276325425199,0,0,"REML",0.00475706792054364,3.70635042623482
"Sppl3","ENSMUSG00000029550",4,-0.495748307459188,0.133145834316562,-3.72334823694534,0.000196598056624501,-0.756709347411187,-0.234787267507189,9.01184965548218,0.0072657043567534,"REML",0.00475706792054364,-3.70642077949181
"Prr11","ENSMUSG00000020493",4,1.49858216682248,0.403106879490578,3.71758023260802,0.000201140117375667,0.708507201100616,2.28865713254434,0,0,"REML",0.00485823958942016,3.69650130077431
"Mif","ENSMUSG00000033307",4,1.02569490951076,0.275985280972187,3.71648410341901,0.00020201434504475,0.484773698542108,1.56661612047941,48.4990058986067,0.139568190863267,"REML",0.00487223210873622,3.69461779019408
"Gm7584","ENSMUSG00000093537",2,5.76104627327911,1.55123320275392,3.71384925429101,0.000204130417652871,2.72068506425871,8.80140748229951,0,0,"REML",0.00491609129743888,3.69009227585957
"Naca","ENSMUSG00000061315",4,0.441425534362944,0.118898416085191,3.71262754288215,0.000205118635303999,0.208388921017111,0.674462147708776,11.5828861032143,0.00852686932969626,"REML",0.0049327001075071,3.68799488160119
"Erlin1","ENSMUSG00000025198",4,-0.489422688229808,0.131842516310943,-3.71217648088217,0.000205484624746764,-0.747829271830391,-0.231016104629224,0,0,"REML",0.00493431901953677,-3.68722066837403
"4930453N24Rik","ENSMUSG00000059920",4,-0.684859016744688,0.184584914177447,-3.71026538000994,0.000207042098191766,-1.0466388006219,-0.323079232867474,0,0,"REML",0.00496450290889138,-3.68394133979188
"Nav1","ENSMUSG00000009418",4,-0.563257061996079,0.151889858742711,-3.70832566873467,0.000208634221306481,-0.860955714748669,-0.265558409243489,0.000686740092630565,9.10119737663974e-07,"REML",0.00499542894232518,-3.6806144547512
"Sash1","ENSMUSG00000015305",4,1.3496746580299,0.364013363985082,3.70776128451484,0.000209099625445215,0.636221574727865,2.06312774133193,20.0704077459155,0.121352859551404,"REML",0.00499932693484862,3.67964674512218
"Plxna4","ENSMUSG00000029765",4,-0.536749143223087,0.144859747068182,-3.70530222567938,0.000211138824273766,-0.820669030286305,-0.252829256159868,20.3617306687895,0.0184130577748636,"REML",0.0050335130098512,-3.67543190114262
"Slc40a1","ENSMUSG00000025993",4,-0.525843082009609,0.141912857380733,-3.70539422371607,0.000211062198887582,-0.803987171419015,-0.247698992600204,23.8269118723432,0.0199861259730097,"REML",0.0050335130098512,-3.67558954160739
"Cdca7","ENSMUSG00000055612",4,-0.915535105801516,0.247187905273595,-3.70380219367196,0.000212391896138355,-1.40001449755166,-0.431055714051372,44.9910594314828,0.104079788289895,"REML",0.00505609008083828,-3.67286205788029
"Lifr","ENSMUSG00000054263",4,-0.789982942297265,0.213481155809222,-3.70048091271922,0.000215191265780163,-1.20839831906132,-0.371567565533205,41.1932702993956,0.0702342872719684,"REML",0.00510993931827068,-3.66717535986651
"Pkm","ENSMUSG00000032294",4,0.754975459934712,0.204026187236673,3.70038508369972,0.000215272548000508,0.355091481047807,1.15485943882162,56.004840565198,0.0825851975928326,"REML",0.00510993931827068,3.667011348774
"Slc46a1","ENSMUSG00000020829",4,-0.615406326157792,0.166341111463195,-3.69966462737,0.00021588456315077,-0.941428913774016,-0.289383738541567,0,0,"REML",0.00511711458796824,-3.66577841082984
"Phf19","ENSMUSG00000026873",4,3.52256707071478,0.952775843979276,3.69716244694319,0.00021802283597204,1.65516073117564,5.38997341025391,0,0,"REML",0.00516039437406028,3.66149801549062
"Agmo","ENSMUSG00000050103",4,-0.477851365808417,0.129293430167816,-3.69586733980366,0.000219137381872616,-0.731261832374982,-0.224440899241853,12.3744261877441,0.00942609512694304,"REML",0.00517867847679241,-3.65928353135665
"Il12rb2","ENSMUSG00000018341",4,0.948690807573398,0.256712549721644,3.69553731830435,0.000219422246459336,0.445543455739527,1.45183815940727,0,0,"REML",0.00517867847679241,3.65871934292019
"Arsi","ENSMUSG00000036412",2,4.43976883620029,1.20177026362406,3.69435737477122,0.000220443584219476,2.08434240180593,6.79519527059464,0,0,"REML",0.00519536156189724,3.65670253634151
"Bcl3","ENSMUSG00000053175",4,1.24582816664181,0.337465020100446,3.69172534169908,0.000222737928110606,0.584408881202846,1.90724745208077,0,0,"REML",0.00524195628250046,3.65220582442698
"Plekho2","ENSMUSG00000050721",4,0.503687512868092,0.136479297968269,3.69057813431307,0.000223744947301729,0.236193004214974,0.77118202152121,0,0,"REML",0.00525816539739953,3.65024676331375
"Ano4","ENSMUSG00000035189",2,3.82541179795834,1.03701929856637,3.68885304569239,0.000225267279266202,1.79289132149527,5.85793227442141,0,0,"REML",0.00528642147834791,3.64730188624393
"Tspyl1","ENSMUSG00000047514",4,-0.422830255085645,0.11480300054567,-3.68309410970001,0.000230420044172517,-0.647840001472291,-0.197820508699,4.45022903983605,0.00274242226447971,"REML",0.00539967312024702,-3.63747974445507
"Tstd1","ENSMUSG00000103711",2,-1.70921702678284,0.464434753892132,-3.68020914123885,0.000233042740450693,-2.61949241758014,-0.798941635985534,0,0,"REML",0.00545339817986671,-3.63256442129313
"Ogfrl1","ENSMUSG00000026158",4,-0.52213706525423,0.141910542839095,-3.67933949661692,0.000233838804343563,-0.800276618245385,-0.243997512263075,0.000177203948719675,1.91231944011595e-07,"REML",0.00546428696826025,-3.63108341826438
"Gm9320","ENSMUSG00000100865",2,1.23115669210547,0.335063663410354,3.67439632090953,0.000238412428138888,0.574443979293128,1.88786940491782,0,0,"REML",0.00556329339729177,3.62267110911865
"Ogfr","ENSMUSG00000049401",4,0.620699647709409,0.168944231676189,3.67399136123858,0.00023879080901803,0.289575038228287,0.951824257190531,0,0,"REML",0.00556357888795511,3.62198239307688
"Rgmb","ENSMUSG00000048027",4,-0.551476486310507,0.150116249031067,-3.67366284376301,0.000239098178708803,-0.845698927905645,-0.25725404471537,0.775810744151139,0.000982398107876093,"REML",0.00556357888795511,-3.62142373203868
"Hebp1","ENSMUSG00000042770",4,0.693850159324483,0.18894779640351,3.67217915493823,0.000240490987155778,0.323519283415396,1.06418103523357,0,0,"REML",0.00558026909943906,3.61890119497355
"Spcs3","ENSMUSG00000054408",4,-0.440436911788813,0.119928190163461,-3.67250528160645,0.000240184185595126,-0.675491845240267,-0.205381978337359,0,0,"REML",0.00558026909943906,-3.61945559116656
"Usp25","ENSMUSG00000022867",4,0.485241616680988,0.132214822081812,3.67009998607212,0.000242455612437805,0.226105327178264,0.744377906183711,0.00140293661499522,1.36627502307463e-06,"REML",0.00561796517964231,3.61536775824857
"Dnajc18","ENSMUSG00000024350",4,-0.578826460800848,0.15791680214533,-3.66538869162356,0.000246963207994396,-0.888337705559433,-0.269315216042263,0,0,"REML",0.00569843457999359,-3.60736774210543
"Or5v1b","ENSMUSG00000090675",3,1.03086822155446,0.281191634600744,3.66607002024852,0.000246306510772013,0.479742744983059,1.58199369812587,0,0,"REML",0.00569843457999359,3.60852410803509
"Smad3","ENSMUSG00000032402",4,-0.493543546153808,0.134647261074525,-3.6654555184798,0.000246898724495251,-0.757447328476839,-0.229639763830777,0,0,"REML",0.00569843457999359,-3.60748115367319
"Hdac1","ENSMUSG00000028800",4,-0.415575441462979,0.113406938680522,-3.66446221279014,0.00024785882805681,-0.637848956873744,-0.193301926052215,0,0,"REML",0.00571112370756843,-3.60579560809601
"Gm3667","ENSMUSG00000090691",4,-1.50780510897466,0.411654989654606,-3.66278837100886,0.000249484647057114,-2.3146340627539,-0.700976155195428,5.04107792497161e-05,3.79914627886563e-07,"REML",0.00571389632457482,-3.60295617510485
"Psrc1","ENSMUSG00000068744",4,2.46157029808682,0.671850550353566,3.66386586539432,0.000248436923183355,1.14476741640041,3.77837317977322,0,0,"REML",0.00571389632457482,3.60478385799985
"Rassf2","ENSMUSG00000027339",4,-0.307577078694687,0.0839594128323302,-3.66340197386717,0.000248887490745106,-0.472134504009184,-0.143019653380189,0.00198680316209653,7.81638058646033e-07,"REML",0.00571389632457482,-3.6039969307795
"Rpl37a","ENSMUSG00000046330",4,0.805145774737999,0.21981972502584,3.6627548990126,0.0002495172605162,0.374307030595854,1.23598451888014,49.6046529748329,0.0869423503865577,"REML",0.00571389632457482,3.60289940640268
"Slc38a11","ENSMUSG00000061171",2,4.65445150569426,1.27081960989645,3.66255876872525,0.000249708440550997,2.16369083944997,7.14521217193855,0,0,"REML",0.00571389632457482,3.60256677754145
"Plp2","ENSMUSG00000031146",4,2.27174454079602,0.620532002639998,3.66096274024723,0.000251269301678921,1.05552416436712,3.48796491722493,7.26228698171684e-05,1.35001423823523e-06,"REML",0.00574165993504489,3.5998605672205
"Psap","ENSMUSG00000004207",4,0.351508532610354,0.09610794352717,3.65743475211267,0.000254752080178687,0.163140424668891,0.539876640551816,0,0,"REML",0.00581320319976808,3.59388226107448
"Gng5","ENSMUSG00000068523",4,0.686222921143487,0.187654905879422,3.65683443194617,0.000255349195655855,0.318426064097567,1.05401977818941,28.8946633793964,0.0435074979414208,"REML",0.00581879180886948,3.592865505824
"Duoxa1","ENSMUSG00000027224",4,-1.99099999609834,0.544815311184048,-3.65444941657623,0.000257734468424532,-3.05881838424506,-0.923181607951626,0,0,"REML",0.00586505668435496,-3.58882749667784
"Myom1","ENSMUSG00000024049",4,0.924471241004172,0.253021450708836,3.65372674298673,0.000258461334322565,0.428558310298778,1.42038417170957,0,0,"REML",0.00587350715865626,3.58760441793308
"Plin2","ENSMUSG00000028494",4,1.92520022477907,0.527294386325338,3.65109182784136,0.000261127847467209,0.891722218331257,2.95867823122688,69.2320870053592,0.698803320856426,"REML",0.00592595215385406,3.58314681122397
"Pxn","ENSMUSG00000029528",4,-0.401479137559918,0.110040784788714,-3.64845759988706,0.000263819431554414,-0.617155112576319,-0.185803162543516,0.00921847715385518,6.54666477205408e-06,"REML",0.00597882143856031,-3.57869321975985
"Slc6a6","ENSMUSG00000030096",4,0.401840215605902,0.110345633569983,3.6416503544841,0.000270895836095598,0.185566747957481,0.618113683254323,0,0,"REML",0.00612239412877615,3.56719767039911
"Tgfb1","ENSMUSG00000002603",3,-0.308683710196006,0.0847583857973331,-3.64192530676674,0.000270606597415986,-0.47480709374653,-0.142560326645482,0,0,"REML",0.00612239412877615,-3.5676616194663
"Rnf13","ENSMUSG00000036503",4,-0.330167951414823,0.0906920590235296,-3.6405387083467,0.000272068199584918,-0.507921120784722,-0.152414782044925,0,0,"REML",0.00614049006194322,-3.5653222173231
"Zfp952","ENSMUSG00000053390",4,-0.703890285636398,0.193609338207762,-3.63562156739079,0.000277311179187137,-1.08335761559425,-0.324422955678549,0,0,"REML",0.00625028375354802,-3.55703262244729
"Gm13291","ENSMUSG00000086491",2,-1.00911793070705,0.277784217737896,-3.63274032961514,0.000280427186735914,-1.55356499294696,-0.464670868467139,0,0,"REML",0.0063119040218856,-3.55217988486716
"Scarb1","ENSMUSG00000037936",4,0.542446582497565,0.149337630251864,3.6323502762345,0.000280851535179191,0.249750205667352,0.835142959327777,0,0,"REML",0.00631285471115022,3.55152319785859
"Slc4a8","ENSMUSG00000023032",4,2.59648143801268,0.715312144636609,3.6298578983749,0.00028357729126479,1.19449539682083,3.99846747920454,0,0,"REML",0.00636546253938261,3.54732855019301
"Dnajb14","ENSMUSG00000074212",4,0.462413356236655,0.127420740570916,3.62902737941079,0.000284491069677353,0.212673293834237,0.712153418639072,0,0,"REML",0.00637730931090847,3.54593136178462
"Slamf8","ENSMUSG00000053318",4,0.954469550453278,0.263095569515779,3.62784349508414,0.000285798408463788,0.438811709710296,1.47012739119626,29.1089392718063,0.0804018720182156,"REML",0.00639793429028488,3.54394019401013
"F11r","ENSMUSG00000038235",4,-0.383643565758941,0.105789469357121,-3.62648161570645,0.000287309264505621,-0.590987115642502,-0.17630001587538,5.93937208582365,0.00319409469795444,"REML",0.00641437345796942,-3.54165036962658
"Trpm2","ENSMUSG00000009292",4,0.39244115483281,0.10820962362361,3.62667516706143,0.000287094085254154,0.1803541897499,0.604528119915721,0,0,"REML",0.00641437345796942,3.54197575479692
"App","ENSMUSG00000022892",4,0.414039628830736,0.114365007912864,3.6203348942729,0.000294221949776649,0.189888332229885,0.638190925431588,0,0,"REML",0.00655169503964727,3.53132493082233
"Hpn","ENSMUSG00000001249",4,1.15923660829301,0.32020391795825,3.62030738313502,0.000294253236451684,0.531648461386226,1.7868247551998,29.1188153806158,0.117467962417611,"REML",0.00655169503964727,3.53127875171179
"Hpse","ENSMUSG00000035273",4,4.81136735690125,1.32951159467743,3.61889838055049,0.000295859779159294,2.20557251430507,7.41716219949743,78.3700979436362,5.43206074237878,"REML",0.00657859947710727,3.5289140712586
"Gm10384","ENSMUSG00000072618",4,-1.14610968810922,0.316779037763622,-3.61800987906414,0.000296877067116601,-1.76698519318317,-0.525234183035263,22.6818404951724,0.0922336631542492,"REML",0.00658349802125283,-3.52742334908425
"Stxbp1","ENSMUSG00000026797",4,-0.71963985139568,0.198889044012994,-3.61829810670046,0.000296546703015826,-1.10945521458075,-0.329824488210611,0,0,"REML",0.00658349802125283,-3.52790690005753
"Rab39","ENSMUSG00000055069",4,-0.721324320351047,0.199413089200172,-3.61723657782051,0.000297765122398855,-1.11216679322926,-0.330481847472836,41.8990920711557,0.0633338707011249,"REML",0.00659433992915749,-3.52612617306063
"Tle3","ENSMUSG00000032280",4,-0.617168490452159,0.170652645631166,-3.61651873704938,0.000298591713361242,-0.95164152975572,-0.282695451148598,39.2845873547411,0.0436205599474752,"REML",0.0066037934356641,-3.52492224916097
"C4b","ENSMUSG00000073418",4,3.86608886423884,1.07054954758316,3.61131240769453,0.000304651409970464,1.76785030731019,5.96432742116748,81.0631290951518,3.63907778782108,"REML",0.00672880473813106,3.51619680755765
"Dnajb9","ENSMUSG00000014905",4,-0.471845656331616,0.130736016276222,-3.60914818862685,0.000307204091688195,-0.728083539715253,-0.215607772947979,0,0,"REML",0.00677612656713041,-3.51257300418164
"Hmgb2","ENSMUSG00000054717",4,0.539094432335604,0.149383984726869,3.60878331985369,0.000307636419813289,0.246307202403858,0.831881662267349,0,0,"REML",0.00677661505564713,3.51196225148551
"Cggbp1","ENSMUSG00000054604",4,-0.438204081696881,0.121446664713044,-3.60820186155193,0.000308326559463286,-0.676235170576959,-0.200172992816802,0,0,"REML",0.00678277375351924,-3.51098906323479
"Ccl22","ENSMUSG00000031779",3,2.78167138406128,0.771773632704448,3.60425812205291,0.000313045827514893,1.26902285974292,4.29431990837965,6.25282017075013e-05,1.61035848580803e-06,"REML",0.00687743366539036,3.50439208040892
"Iqgap1","ENSMUSG00000030536",4,0.795432990276632,0.220719531640323,3.60381786045488,0.00031357684141237,0.362830657577051,1.22803532297621,0,0,"REML",0.00687995085919491,3.50365601874972
"Gm26797","ENSMUSG00000097572",3,3.99661193766164,1.1093428615175,3.60268414419196,0.000314948137908904,1.82233988258073,6.17088399274254,35.0540717691498,1.31663945309441,"REML",0.00690087292625067,3.5017609550178
"Rpl30","ENSMUSG00000058600",4,0.586955787712931,0.163017805549667,3.60056243999741,0.000317529560487093,0.267446759996831,0.906464815429031,26.4903858855273,0.0288955188837471,"REML",0.00694821969378445,3.49821583774576
"Znrf2","ENSMUSG00000058446",4,0.400804280895768,0.111329693507115,3.60015615124418,0.000318026135522857,0.18260209121194,0.619006470579595,0,0,"REML",0.00694988066795386,3.49753718804402
"Klrk1","ENSMUSG00000030149",3,3.70984613416679,1.03074777630733,3.59917937194818,0.000319222952905754,1.68961761545968,5.7300746528739,0,0,"REML",0.00695762850258043,3.4959058893704
"Myo1b","ENSMUSG00000018417",4,-0.682804312536051,0.189707037144728,-3.59925663703839,0.000319128129047528,-1.05462327295352,-0.310985352118582,19.7212504570478,0.0301075887716878,"REML",0.00695762850258043,-3.49603491391456
"Pgk1","ENSMUSG00000062070",4,0.738179140007383,0.205196322824323,3.59742869583178,0.000321378558187883,0.336001737511655,1.14035654250311,14.009200958647,0.0262163906141347,"REML",0.00699538229225562,3.49298310197006
"Sh2d3c","ENSMUSG00000059013",4,-0.506733338397623,0.140894266442381,-3.59655045725266,0.000322465056873614,-0.78288102625288,-0.230585650542367,0,0,"REML",0.00700979632185392,-3.49151733972383
"Daam1","ENSMUSG00000034574",4,0.550046717959054,0.152983879494037,3.59545541516023,0.000323824586486397,0.250203823935526,0.849889611982581,0.000479510179733005,6.36341792043728e-07,"REML",0.0070208740070102,3.48969018038189
"Tnfsf8","ENSMUSG00000028362",4,1.6737196426675,0.465480223459545,3.59568367959453,0.00032354074710387,0.761395169171135,2.58604411616386,0,0,"REML",0.0070208740070102,3.49007101599072
"Adgrl2","ENSMUSG00000028184",4,-0.538930251201736,0.149937960195615,-3.59435496186974,0.000325196237382389,-0.83280325310054,-0.245057249302931,0,0,"REML",0.00703512707984359,-3.48785448796579
"Pabpc1","ENSMUSG00000022283",4,0.922629196590123,0.256696247955762,3.59424496437955,0.000325333641365565,0.419513795630265,1.42574459754998,61.6145411632821,0.127722494330016,"REML",0.00703512707984359,3.4876710258543
"Gm15501","ENSMUSG00000087412",3,1.14766864463138,0.319531936358446,3.59171811653889,0.000328505068012066,0.521397557458483,1.77393973180428,20.8638165781023,0.0680840796076423,"REML",0.00709442121389195,3.48345792597423
"Atp6v1f","ENSMUSG00000004285",4,0.502844417827646,0.140168877271874,3.58741845989336,0.000333968122170277,0.228118466621359,0.777570369033934,0,0,"REML",0.00720298609187356,3.47629498536286
"Rplp0","ENSMUSG00000067274",3,0.932772107388125,0.260125088255502,3.58585984013941,0.000335969379379156,0.422936302932038,1.44260791184421,62.9976023386653,0.109408033243449,"REML",0.00723670158634033,3.47370030288593
"Sorl1","ENSMUSG00000049313",4,0.582307793516029,0.162517206730166,3.5830531746885,0.00033960144197411,0.263779921456853,0.900835665575204,2.56540477188315,0.00453528285467303,"REML",0.00730541070684149,3.46903047437605
"Gm5424","ENSMUSG00000046687",4,3.19476035826187,0.891799749566927,3.5823741370339,0.000340485676356338,1.44686496768886,4.94265574883489,0.000120747304695861,4.0134599775204e-06,"REML",0.00731490748905469,3.46790115338482
"Rbm3","ENSMUSG00000031167",4,0.526072767084867,0.146936139725065,3.58028166568967,0.000343224030723465,0.238083225196394,0.814062308973339,0,0,"REML",0.00736416131374334,3.46442231276611
"Papolg","ENSMUSG00000020273",4,-0.536462467841169,0.149979793585209,-3.57689829421178,0.000347695375133394,-0.830417461676931,-0.242507474005408,0,0,"REML",0.00745042190995952,-3.45880108604209
"Dnajc28","ENSMUSG00000039763",4,-0.52992288358585,0.148256400913495,-3.5743676517215,0.00035107533796079,-0.82050008985383,-0.239345677317869,0,0,"REML",0.00751310318452099,-3.4545996774094
"Ndufaf3","ENSMUSG00000070283",3,-0.939997679459677,0.26309689871421,-3.57281930746266,0.00035315845648896,-1.45565812538371,-0.424337233535644,5.9258457376683,0.0162535981896709,"REML",0.00754790538118254,-3.45203038997201
"H3c13","ENSMUSG00000074403",3,1.35195270759149,0.378456707500895,3.57227836314222,0.000353888955467802,0.610191191182127,2.09371422400085,0,0,"REML",0.00755374603783405,3.45113299106194
"Rfx3","ENSMUSG00000040929",4,-0.622902913912968,0.174421175669074,-3.5712573976384,0.000355271534049724,-0.964762136365488,-0.281043691460449,0.00273505306237142,4.16666304469669e-06,"REML",0.00757347227617483,-3.4494395887403
"Ddx6","ENSMUSG00000032097",4,-0.344609684514632,0.096546310596124,-3.56937186296238,0.000357838189872435,-0.533836976123253,-0.155382392906011,0,0,"REML",0.00760855178234555,-3.44631331171222
"Fbxw17","ENSMUSG00000037816",4,0.872873589607887,0.244541480906969,3.56942955596133,0.000357759399639138,0.393581094304139,1.35216608491164,0,0,"REML",0.00760855178234555,3.44640894692449
"Adap1","ENSMUSG00000056413",4,0.767626546223889,0.215088796258879,3.56888205976094,0.000358507758785014,0.346060252078413,1.18919284036936,0,0,"REML",0.00761299059497071,3.44550144094163
"Nab2","ENSMUSG00000025402",4,0.910023047343872,0.255094194764301,3.56740006641352,0.000360540809976974,0.410047612940595,1.40999848174715,46.2876572997813,0.109939363136965,"REML",0.00764633468758613,3.44304556993291
"Slc36a4","ENSMUSG00000043885",4,0.587435969036375,0.164806005745482,3.56440875063487,0.000364677287224838,0.26442213333933,0.91044980473342,0,0,"REML",0.00772414546441224,3.43809128450659
"Irf4","ENSMUSG00000021356",4,-1.01105733976333,0.2837479511506,-3.56322340183774,0.000366328663710007,-1.56719310470554,-0.454921574821124,0,0,"REML",0.00774918803220619,-3.43612909825041
"2310001H17Rik","ENSMUSG00000097354",4,1.82305255675262,0.512025523136289,3.56047203581952,0.000370188734600508,0.819500972240211,2.82660414126502,0,0,"REML",0.00780087765859055,3.43157680161574
"Dst","ENSMUSG00000026131",4,0.345527085617426,0.0970443115292327,3.56050839222392,0.000370137480838491,0.155323730115645,0.535730441119207,0.00168519181867896,7.66433726951215e-07,"REML",0.00780087765859055,3.43163693517738
"Lpcat3","ENSMUSG00000004270",4,-0.480807965950359,0.135029322956377,-3.56076706468927,0.000369773006520388,-0.745460575801687,-0.216155356099032,0.00659246985366452,7.06138839316451e-06,"REML",0.00780087765859055,-3.43206479557578
"Aoah","ENSMUSG00000021322",4,2.53172399488881,0.711775888420634,3.55691171346992,0.000375240194275315,1.13666888852037,3.92677910125725,62.0835343881241,1.21112983837206,"REML",0.00789725254728979,3.42569064785954
"Rpsa","ENSMUSG00000032518",4,1.0212281940388,0.287323834669878,3.55427594516183,0.00037902130675978,0.458083826185902,1.58437256189171,69.8122183745923,0.191429469665799,"REML",0.00796668067300041,3.42133637539313
"Rpl18","ENSMUSG00000059070",4,0.659388684978034,0.185569797598595,3.5533189856916,0.000380402892488363,0.295678565066401,1.02309880488967,44.5603934742214,0.0554467561232293,"REML",0.00798556059313882,3.41975618945555
"Il2ra","ENSMUSG00000026770",2,3.09610013723903,0.87256952682355,3.54825608970083,0.000387790979982613,1.38589529065772,4.80630498382035,0,0,"REML",0.00813032332524461,3.41140229682858
"Zfp113","ENSMUSG00000037007",4,-0.800162094927891,0.225585332548245,-3.5470484090838,0.000389573000894039,-1.24230122216294,-0.358022967692841,29.7604963912488,0.0604339005439711,"REML",0.00815733276016529,-3.4094111492499
"Rab3il1","ENSMUSG00000024663",4,-0.324371374562137,0.0915489269453612,-3.54314775044529,0.000395381118247537,-0.503803974198333,-0.14493877492594,0.001689011880801,8.75766997724487e-07,"REML",0.00826847019565513,-3.40298407461948
"Cd53","ENSMUSG00000040747",4,-0.352374054032688,0.0995063758243261,-3.54122086261877,0.000398280034781697,-0.547402966880474,-0.157345141184901,0,0,"REML",0.00831856441798788,-3.39981146361694
"mt-Co2","ENSMUSG00000064354",3,0.658315775228889,0.185957793861365,3.54013543374081,0.000399921745478975,0.29384519661609,1.02278635384169,18.5889522944126,0.0279439628618401,"REML",0.00833002448434896,3.39802498075078
"Pten","ENSMUSG00000013663",4,-0.317062332090631,0.0895641565866227,-3.54005825738984,0.000400038715090056,-0.492604853306117,-0.141519810875144,0,0,"REML",0.00833002448434896,-3.39789797633117
"Spop","ENSMUSG00000057522",4,0.517211048035885,0.146110648810187,3.53985867729459,0.000400341349831915,0.230839438610137,0.803582657461632,0,0,"REML",0.00833002448434896,3.39756955084821
"Ckap2l","ENSMUSG00000048327",4,1.07761085880024,0.304643693260601,3.53728267690878,0.000404266732539147,0.480520191892193,1.67470152570829,0,0,"REML",0.00838003850474185,3.39333199566638
"Fabp3","ENSMUSG00000028773",4,5.05036086608952,1.42774631149073,3.53729568442476,0.000404246821309131,2.25202951650779,7.84869221567125,84.000196807717,6.69139810232397,"REML",0.00838003850474185,3.39335338637105
"Nrm","ENSMUSG00000059791",4,-0.692568042381452,0.195786842609785,-3.53735742989523,0.000404152317044466,-1.07630320254344,-0.30883288221946,0,0,"REML",0.00838003850474185,-3.39345492700587
"Pdzk1ip1","ENSMUSG00000028716",2,4.26799026871944,1.2076288553788,3.53419036793444,0.000409026363726683,1.90108120548567,6.63489933195322,42.5659751434326,1.26623005773272,"REML",0.00846807588361971,3.38824869871143
"Sptan1","ENSMUSG00000057738",4,0.425357031228007,0.120372664886023,3.53366797711726,0.000409835568786737,0.189430943328293,0.661283119127721,0,0,"REML",0.00847420955184692,3.3873903527736
"Ralb","ENSMUSG00000004451",4,-0.439991553678575,0.124607446635781,-3.53102134389,0.000413958342745807,-0.684217661290201,-0.195765446066948,0,0,"REML",0.00853457413185263,-3.3830433603909
"Siva1","ENSMUSG00000064326",4,0.816278873147948,0.231188073455515,3.53080010117831,0.00041430473056993,0.36315857551994,1.26939917077596,0.00148536629753178,3.73248868388686e-06,"REML",0.00853457413185263,3.38268010785863
"Tk2","ENSMUSG00000035824",4,-0.600434487249656,0.170030719513648,-3.5313294501554,0.000413476407928823,-0.933688573761837,-0.267180400737475,0.00358402908701593,6.69564084891382e-06,"REML",0.00853457413185263,-3.38354926531005
"Tep1","ENSMUSG00000006281",4,0.468866466718714,0.132895790067146,3.52807614508946,0.000418591725495537,0.208395504490113,0.729337428947315,0,0,"REML",0.0086121468205626,3.3782093608209
"Zup1","ENSMUSG00000039531",3,0.600895263683094,0.170390324551306,3.52658089750958,0.000420962539936439,0.266936364248442,0.934854163117745,0,0,"REML",0.00865015189339542,3.37575654887389
"Ubfd1","ENSMUSG00000030870",4,-0.598129188041353,0.169780136855424,-3.52296328133302,0.000426750479162892,-0.930892141568265,-0.265366234514441,0,0,"REML",0.00875819213198775,-3.36982598257952
"D330050G23Rik","ENSMUSG00000085316",2,2.544764219241,0.722743765854314,3.5209770591836,0.000429959812646064,1.1282124681157,3.9613159703663,0,0,"REML",0.00881310926144619,3.36657213502898
"Dnajc13","ENSMUSG00000032560",4,0.58815660065168,0.167235551651766,3.51693521408892,0.000436560322014955,0.260380942479532,0.915932258823829,45.9956529491115,0.0454431410960208,"REML",0.00891685193311826,3.35995573888116
"Htatsf1","ENSMUSG00000067873",4,0.561636373019282,0.159696661157783,3.51689489903846,0.000436626632168383,0.24863666869873,0.874636077339833,4.73544861258511,0.00556630281360493,"REML",0.00891685193311826,3.35988977790077
"Tmem109","ENSMUSG00000034659",4,-0.481207481949513,0.136827692243963,-3.51688663352974,0.000436640228430039,-0.74938483083541,-0.213030133063615,0,0,"REML",0.00891685193311826,-3.35987625447127
"Pde4d","ENSMUSG00000021699",4,-0.83847499176479,0.238462890573441,-3.51616551216198,0.000437827952035789,-1.30585366893805,-0.371096314591529,0.000688500465929112,1.80046944323102e-06,"REML",0.00893006863652256,-3.3586965154328
"Cd302","ENSMUSG00000060703",4,-0.429486789440809,0.122182631431451,-3.51512145719146,0.000439552908873299,-0.668960346582785,-0.190013232298833,0,0,"REML",0.00895419680332401,-3.35698884152597
"Ndufa6","ENSMUSG00000022450",4,0.535627772424134,0.152438824737142,3.5137227891106,0.000441873690030517,0.236853166093722,0.834402378754546,0,0,"REML",0.00897932992988213,3.35470185635744
"Zfhx3","ENSMUSG00000038872",4,-0.453747674615501,0.129129432344092,-3.51389815922367,0.000441582076153241,-0.706836711354022,-0.20065863787698,25.5063089832482,0.0173163214572728,"REML",0.00897932992988213,-3.35498856296391
"Gm9970","ENSMUSG00000055424",3,3.4714274111666,0.98829716330727,3.51253402321798,0.000443855171335957,1.53440056506125,5.40845425727195,0,0,"REML",0.00900851509292549,3.3527587158094
"Zfp300","ENSMUSG00000031079",2,4.32139013527627,1.23089451644383,3.51077210723236,0.000446807261979088,1.90888121427851,6.73389905627403,0,0,"REML",0.00905730401859694,3.34987977689077
"Adora3","ENSMUSG00000000562",4,-0.451713277821016,0.128695845913717,-3.50992896945457,0.000448226413132849,-0.703952500771817,-0.199474054870215,0,0,"REML",0.00907137151470197,-3.34850255489633
"Mesd","ENSMUSG00000038503",3,-0.511846729628049,0.145837420086948,-3.50970779188829,0.000448599390322106,-0.797682820596706,-0.226010638659392,0,0,"REML",0.00907137151470197,-3.34814132098917
"Ddhd1","ENSMUSG00000037697",4,0.749188936104977,0.213734990958431,3.50522360772779,0.000456223931543591,0.330276051590459,1.16810182061949,0,0,"REML",0.00920302267769434,3.34082193724279
"Rab6b","ENSMUSG00000032549",4,-0.537403892544515,0.153310558115699,-3.50532865544037,0.000456043942099595,-0.837887064901019,-0.236920720188011,6.25134294053199,0.0070672742582033,"REML",0.00920302267769434,-3.34099330888833
"Creg2","ENSMUSG00000050967",4,2.63896297617808,0.753216591053021,3.50359114167776,0.000459029542824443,1.16268558515613,4.11524036720004,0,0,"REML",0.00924766569244625,3.33815936267025
"Rbm14","ENSMUSG00000006456",4,-0.647820218326,0.184917903459815,-3.50328554566799,0.000459556536135729,-1.01025264920389,-0.285387787448108,0.00291149515918241,4.57103080373308e-06,"REML",0.00924766569244625,-3.33766105267526
"Slc38a6","ENSMUSG00000044712",4,0.68829975441686,0.196562866068591,3.50167744388035,0.00046233898464642,0.303043616224451,1.07355589260927,0,0,"REML",0.0092923386439702,3.33503948509752
"Galnt7","ENSMUSG00000031608",4,0.439549481006043,0.125581122633449,3.50012383858852,0.000465042061320587,0.193415003506375,0.685683958505712,0,0,"REML",0.00933530971455336,3.33250776501689
"Ctnnd2","ENSMUSG00000022240",4,-1.25570067724086,0.35904632731725,-3.49732216068968,0.00046995393157258,-1.95941854756405,-0.551982806917671,26.1512675702434,0.142060946980582,"REML",0.00938828162455936,-3.32794471279709
"Pnpla7","ENSMUSG00000036833",4,0.467016700397445,0.133523067485474,3.49764807828619,0.000469380058942158,0.205316297020605,0.728717103774286,33.2848109155924,0.0218931001494698,"REML",0.00938828162455936,3.32847536483402
"Rdh14","ENSMUSG00000020621",4,-0.626867810377688,0.179222436791944,-3.49770833160474,0.000469274037096291,-0.978137331711406,-0.275598289043971,0,0,"REML",0.00938828162455936,-3.328573472759
"Rps18-ps3","ENSMUSG00000057657",3,2.44147902007929,0.698035991987466,3.49764059175208,0.000469393233821465,1.07335361587117,3.80960442428742,0,0,"REML",0.00938828162455936,3.32846317493167
"H2-T10","ENSMUSG00000079491",4,1.45343992037412,0.416295542490075,3.49136556130376,0.000480558243833772,0.637515650169005,2.26936419057923,0,0,"REML",0.00958852988692965,3.31825396815637
"Yipf4","ENSMUSG00000024072",4,-0.540095662122906,0.154808487872025,-3.48879877031927,0.00048519625992427,-0.843514722853181,-0.236676601392631,0,0,"REML",0.00966939373969706,-3.31408255549819
"Rpl13-ps6","ENSMUSG00000059776",4,1.06159666799879,0.304467820290321,3.48672863682776,0.000488967225870277,0.464850705778347,1.65834263021923,15.8424845253465,0.0619191531233597,"REML",0.00973280426337693,3.31072024946676
"Gsto1","ENSMUSG00000025068",4,0.920674566966682,0.264272415385649,3.48380880245543,0.000494332490794096,0.402710150703401,1.43863898322996,35.0360200046359,0.0991436508164942,"REML",0.00982775821950573,3.30598084390123
"Nckap1l","ENSMUSG00000022488",4,-0.253982077281652,0.0729165997386575,-3.48318597125972,0.000495484039034989,-0.396895986644544,-0.111068167918761,0,0,"REML",0.00983881227030897,-3.30497033082689
"Gm5281","ENSMUSG00000105244",2,-3.28323267759211,0.943904716056178,-3.47835181003239,0.00050450730500358,-5.13325192589973,-1.4332134292845,0,0,"REML",0.0100059606073999,-3.29713254102315
"Zfp748","ENSMUSG00000095432",4,-0.527688181103018,0.151737429563635,-3.47764017500849,0.000505848479865698,-0.825088078154426,-0.23028828405161,0,0,"REML",0.0100205308583468,-3.29597955077413
"Ptpre","ENSMUSG00000041836",4,-0.301209867154368,0.0866990778979899,-3.47419920092773,0.000512380492761181,-0.471136937327261,-0.131282796981475,0,0,"REML",0.0101377702046796,-3.29040741297779
"Rn7s2","ENSMUSG00000118841",2,-2.00432414360743,0.577478781496603,-3.47081868257219,0.00051887423560584,-3.13616175717685,-0.872486530038018,0,0,"REML",0.0102523878678094,-3.28493789340607
"Rps4x","ENSMUSG00000031320",4,0.467872122858535,0.134812518043228,3.4705391580069,0.000519414602345893,0.203644442828652,0.732099802888419,4.60252589387417,0.00426773975896125,"REML",0.0102523878678094,3.28448584517822
"Mitf","ENSMUSG00000035158",4,0.471095036721267,0.135790182590902,3.46928642213073,0.000521842794773139,0.204951169388982,0.737238904053552,0.00199790555385598,1.96625271718693e-06,"REML",0.0102880248358556,3.28246030857858
"Dpp7","ENSMUSG00000026958",4,0.820308222628285,0.236513568633822,3.46833472331692,0.00052369455059462,0.356750146250951,1.28386629900562,0,0,"REML",0.0103122260671916,3.2809219452106
"Bcl2l14","ENSMUSG00000030200",3,3.35311475698166,0.967044107514636,3.46738554211283,0.000525547505912742,1.45774313479129,5.24848637917202,0,0,"REML",0.0103363932680767,3.27938802060004
"Hs6st1","ENSMUSG00000045216",4,-0.365755209296336,0.105651562365131,-3.46190062038352,0.000536375173837678,-0.572828466442381,-0.158681952150292,0,0,"REML",0.0105368064767803,-3.27053133170564
"Nedd8","ENSMUSG00000010376",4,0.436157040550476,0.126000630278359,3.46154649851293,0.000537081332611132,0.189200343175546,0.683113737925407,0,0,"REML",0.0105381480950933,3.26995994217834
"Patz1","ENSMUSG00000020453",4,-0.509560865155765,0.147265931497797,-3.4601408484174,0.00053989290883886,-0.79819678704119,-0.220924943270341,0,0,"REML",0.010580748216995,-3.26769237668208
"Polr1d","ENSMUSG00000029642",4,0.629108080429565,0.181888904590686,3.45874907458088,0.000542690235411737,0.272612378244378,0.985603782614751,29.584386555743,0.0430367612785323,"REML",0.010622968458812,3.26544799258111
"Gm17068","ENSMUSG00000078528",3,1.50341207066108,0.434766514989199,3.45797576130818,0.000544250347778606,0.651285359598255,2.3555387817239,0,0,"REML",0.0106408994031365,3.2642012847705
"Arhgap24","ENSMUSG00000057315",4,0.618413107026479,0.17889390958652,3.45687065845799,0.000546487078421613,0.267787487183335,0.969038726869624,0,0,"REML",0.0106653042275721,3.26242010239961
"Gnptab","ENSMUSG00000035311",4,0.792695464443876,0.229320028418678,3.45672146436605,0.000546789702848107,0.343236467809565,1.24215446107819,22.3565989930109,0.0533732550044288,"REML",0.0106653042275721,3.26217967266741
"Kif18b","ENSMUSG00000051378",3,2.54145871670799,0.735299985467241,3.45635627218602,0.000547531115420978,1.10029722735937,3.98262020605661,1.11757613010326e-05,2.07974895189689e-07,"REML",0.0106671716484316,3.26159119544372
"Crbn","ENSMUSG00000005362",4,-0.48109919221733,0.139332648199804,-3.45288199451596,0.000554631573783853,-0.754186164559536,-0.208012219875125,0,0,"REML",0.0107927776566349,-3.25599541075926
"Gm9493","ENSMUSG00000044424",3,1.21372920061384,0.351828870517649,3.44977147221621,0.000561061292997737,0.524157285677838,1.90330111554983,22.2141817797224,0.0847788360623221,"REML",0.0109050513195478,3.25098969176231
"Slc39a12","ENSMUSG00000036949",4,-1.05771140754187,0.306656757329085,-3.4491703908771,0.000562311756422763,-1.65874760752271,-0.456675207561019,0,0,"REML",0.0109165129587079,-3.25002283646897
"Asb2","ENSMUSG00000021200",4,-0.618342048918066,0.17943880101479,-3.44597737736276,0.00056899799087579,-0.970035636336104,-0.266648461500028,19.3370896477429,0.027020272004223,"REML",0.0110333518864541,-3.24488926709016
"Hnmt","ENSMUSG00000026986",4,-1.00810492698586,0.292746165827869,-3.44361445054285,0.000573993593441313,-1.58187686862068,-0.434332985351049,32.9139008965478,0.112973546621517,"REML",0.0111120653207614,-3.24109295489926
"Mvp","ENSMUSG00000030681",4,0.737732091896522,0.214243887858806,3.44342188367453,0.00057440250492889,0.317821787785425,1.15764239600762,21.342169788484,0.0427282258502162,"REML",0.0111120653207614,3.24078367483396
"Zfp790","ENSMUSG00000011427",4,-0.635547071678926,0.18466951847815,-3.44153749311976,0.000578418305749658,-0.997492676938453,-0.273601466419398,4.04658333987348,0.00623775881916867,"REML",0.0111766652974153,-3.23775797096895
"Oas1b","ENSMUSG00000029605",4,2.04672908510186,0.595332863219078,3.43795750504148,0.000586119672031254,0.879898114379357,3.21356005582436,1.6667924427879e-05,2.44222382486489e-07,"REML",0.0113122466140518,3.23201370207641
"Dpy19l4","ENSMUSG00000045205",4,0.345273180510184,0.100444321158414,3.43745844989724,0.000587200802570884,0.148405928588117,0.542140432432251,0,0,"REML",0.0113198885172387,3.2312133595091
"Fam110a","ENSMUSG00000027459",4,-0.669225914719321,0.194709270573976,-3.43705213802372,0.000588082389003603,-1.05084907250038,-0.287602756938264,20.9114681617121,0.0325702668831591,"REML",0.0113236703365134,-3.23056182599343
"Slc15a3","ENSMUSG00000024737",4,0.63218395729482,0.18397610691243,3.43622858372435,0.000589873059184658,0.271597413730567,0.992770500859073,32.5267930512798,0.0428128102875972,"REML",0.011344927602782,3.22924143857339
"Gdpd5","ENSMUSG00000035314",4,1.39318332234417,0.405577692463917,3.43505904844143,0.000592424726009399,0.598265652182034,2.18810099250631,21.5913442918086,0.143021523241547,"REML",0.0113807545330248,3.22736682363944
"Gm7694","ENSMUSG00000102752",3,-0.884366798673522,0.25771216292852,-3.43160675314659,0.000600016924398896,-1.38947335639134,-0.379260240955705,0,0,"REML",0.0115132167340234,-3.22183649950071
"Adamts1","ENSMUSG00000022893",3,0.824330898046971,0.240342172059042,3.42982211979206,0.00060397705725313,0.35326889684512,1.29539289924882,6.57160804972261e-05,2.25017074080004e-07,"REML",0.011575759817725,3.21897955822921
"Pkp4","ENSMUSG00000026991",4,0.632084660695782,0.184343258755805,3.4288460829104,0.000606153176784993,0.270778512741655,0.993390808649908,5.52143476909733,0.00856651715508456,"REML",0.0116040053692525,3.21741761440404
"Arhgap12","ENSMUSG00000041225",4,-0.318697770526983,0.0930367875882277,-3.42550273701958,0.000613662751103097,-0.501046523437212,-0.136349017616753,0,0,"REML",0.0117134471724988,-3.2120702372853
"Gm4963","ENSMUSG00000063739",2,1.73701714456407,0.507105760068705,3.42535479054454,0.000613997049293866,0.743108118476599,2.73092617065154,0,0,"REML",0.0117134471724988,3.21183371595732
"Nr3c1","ENSMUSG00000024431",4,-0.351709792975187,0.102674404007029,-3.42548657941182,0.000613699252411504,-0.552947926963079,-0.150471658987294,0,0,"REML",0.0117134471724988,-3.21204440575918
"Aplp1","ENSMUSG00000006651",4,1.38971698993606,0.406073088423836,3.4223321602774,0.000620864159223471,0.593828361534394,2.18560561833773,0,0,"REML",0.0118171621826394,3.20700341005374
"Gm3029","ENSMUSG00000096218",2,-1.45273759964665,0.424473832459679,-3.42244324279907,0.000620610531254147,-2.28469102364731,-0.620784175645993,0,0,"REML",0.0118171621826394,-3.20718085906646
"Gm4841","ENSMUSG00000068606",4,1.83655841783826,0.53674748912925,3.42164324013449,0.000622439283713382,0.784552670352627,2.88856416532389,0,0,"REML",0.0118335090980768,3.20590300573307
"Phf11a","ENSMUSG00000044703",4,3.0171905060647,0.882011848534128,3.42080495979636,0.000624360914832546,1.28847904900021,4.74590196312919,81.590232309085,2.41294884779138,"REML",0.0118563984758029,3.20456429171443
"Esco2","ENSMUSG00000022034",4,2.19434680408309,0.642228690372665,3.416768570102,0.000633691244629924,0.935601701114338,3.45309190705184,0,0,"REML",0.0120197624024466,3.19812229324588
"Naa50","ENSMUSG00000022698",4,0.513843241231447,0.15043715325317,3.41566714152522,0.000636259688685958,0.218991838918501,0.808694643544394,0,0,"REML",0.0120546402715375,3.19636559135725
"Mov10","ENSMUSG00000002227",4,0.573981018444788,0.168141519623184,3.4136780714907,0.000640922592494681,0.244429695677512,0.903532341212064,0,0,"REML",0.0121290746284131,3.19319441928372
"Lmnb1","ENSMUSG00000024590",4,0.696237144207527,0.204023937208865,3.41252675412675,0.000643636087014608,0.296357575294091,1.09611671312096,0,0,"REML",0.0121554032392524,3.19135961411939
"Sh3bgrl3","ENSMUSG00000028843",4,0.495656217418304,0.145248794553962,3.41246355221325,0.000643785354055191,0.210973811294682,0.780338623541926,0,0,"REML",0.0121554032392524,3.19125890762146
"Rack1","ENSMUSG00000020372",3,0.758253677068436,0.222413086511013,3.4092134098903,0.000651504917562067,0.322332037816459,1.19417531632041,55.3073456794638,0.0733893701684946,"REML",0.0122871150034736,3.18608230188231
"Tmem205","ENSMUSG00000040883",4,1.66699359015309,0.489767984676833,3.40363936048828,0.000664944833585476,0.70706597940573,2.62692120090045,8.47311210510549,0.0918345129601904,"REML",0.0125262868821729,3.17721438396491
"Rpl17-ps5","ENSMUSG00000081855",3,1.4585664246142,0.428638534113875,3.40278885011934,0.000667018073264886,0.618450335364956,2.29868251386343,41.0234025993794,0.233107513980298,"REML",0.0125510314218783,3.17586239844796
"Usp6nl","ENSMUSG00000039046",4,-0.546319417519541,0.160571509609134,-3.40234340979542,0.000668106293864998,-0.861033793296671,-0.23160504174241,0,0,"REML",0.0125572060078995,-3.17515443697559
"Akirin2","ENSMUSG00000028291",4,-0.396633197613744,0.116604709277179,-3.4015195447288,0.000670123365594459,-0.625174228224779,-0.16809216700271,0,0,"REML",0.0125808046852114,-3.17384523899316
"Atp5me","ENSMUSG00000050856",3,0.853661889482155,0.251193939653579,3.39841753610553,0.000677768924674565,0.361330814626413,1.3459929643379,0.000319222436587615,7.83876520011763e-07,"REML",0.0127098887786118,3.16891834720083
"Pcbp2","ENSMUSG00000056851",4,0.364682940193978,0.107319426960162,3.39810741189805,0.000678537733958935,0.154340728510583,0.575025151877372,4.16844747145542,0.00256747370811673,"REML",0.0127098887786118,3.16842599591217
"Dyrk1a","ENSMUSG00000022897",4,-0.361258163814331,0.106342550844619,-3.39711771953053,0.000680996642721986,-0.569685733493903,-0.152830594134759,0,0,"REML",0.0127415011714722,-3.16685502913114
"Rpl17-ps9","ENSMUSG00000066543",3,1.37013593135207,0.403374595201239,3.39668374670082,0.000682077466342984,0.579536252479219,2.16073561022492,0,0,"REML",0.0127472871283399,3.16616629793191
"Msrb2","ENSMUSG00000023094",4,-0.681404417138264,0.200683201458183,-3.39542329495999,0.000685225711002636,-1.0747362642985,-0.288072569978029,21.1627458889693,0.0364960447093433,"REML",0.012791654205056,-3.16416634982638
"Rpl22","ENSMUSG00000028936",4,0.752542316574232,0.221695544047128,3.39448553108608,0.000687576731489263,0.318027034708849,1.18705759843962,52.8330990512301,0.0916889446739795,"REML",0.012821055508955,3.16267882883897
"Nsa2","ENSMUSG00000060739",4,0.716086195678862,0.211012676556544,3.39356955877944,0.000689880355773616,0.302508949346635,1.12966344201109,48.89419727715,0.0806241452916096,"REML",0.0128495077313821,3.16122622133922
"Srsf3","ENSMUSG00000071172",4,-0.457703421854983,0.134963599424205,-3.39131012960298,0.000695593413122414,-0.722227215950315,-0.193179627759652,0.000150434401770797,1.50981071011269e-07,"REML",0.0129413274529228,-3.15764453917383
"Atp1a1","ENSMUSG00000033161",4,0.372373865447503,0.109870013466361,3.38922198786764,0.000700912429564711,0.157032596072506,0.587715134822501,0.00716227016598355,4.79066407906917e-06,"REML",0.0130194440392182,3.15433623842778
"Spr","ENSMUSG00000033735",3,-1.27215488765536,0.375372816927679,-3.38904371943496,0.000701368270377347,-2.00787208960895,-0.536437685701761,6.41020789983918,0.0289729870209412,"REML",0.0130194440392182,-3.15405388532039
"Ftl1","ENSMUSG00000050708",3,1.15463112176174,0.340744796343333,3.38855100401397,0.000702629600405315,0.486783593009369,1.8224786505141,79.7324966066537,0.222248844945126,"REML",0.0130282195603773,3.1532735581849
"Cd48","ENSMUSG00000015355",4,0.441152737071621,0.130221791404637,3.3877028745583,0.000704805713208223,0.185922715916244,0.696382758226998,0,0,"REML",0.013039300322411,3.15193058415794
"Shcbp1","ENSMUSG00000022322",3,2.77130774966047,0.8180357591525,3.38775868738501,0.000704662317540304,1.16798712365569,4.37462837566525,0,0,"REML",0.013039300322411,3.15201895217504
"Msl2","ENSMUSG00000066415",4,-0.512359825007505,0.151270504376553,-3.38704380684886,0.00070650105783065,-0.808844565508757,-0.215875084506254,16.7657409814383,0.016920294662483,"REML",0.0130560447163537,-3.15088718355404
"Erc2","ENSMUSG00000040640",2,3.21430747963117,0.949628746031574,3.38480431754358,0.000712290136108263,1.35306933872535,5.07554562053699,0,0,"REML",0.0131483188141281,3.14734306978348
"Grhl1","ENSMUSG00000020656",4,2.39990209207468,0.709181591810967,3.38404453779783,0.000714264158192593,1.00993171362639,3.78987247052296,9.87803825789936,0.212958817911363,"REML",0.0131700425864953,3.14614114224522
"Zfpm1","ENSMUSG00000049577",4,-0.557234524257774,0.164701688946617,-3.38329575016309,0.000716214593303394,-0.880043902786062,-0.234425145729485,0.0027382832435808,4.62847203612228e-06,"REML",0.0131912834960595,-3.14495683422251
"Hnrnpa3","ENSMUSG00000059005",4,0.437128857425568,0.129332521286848,3.37988352099047,0.000725165551173232,0.183641773673585,0.69061594117755,15.3623846406878,0.0132641757782052,"REML",0.0133412695667405,3.13956283514841
"Cnbd2","ENSMUSG00000038085",4,0.987108200853723,0.292088877703964,3.37947890591771,0.000726233801758777,0.41462452026923,1.55959188143822,8.96310728296925,0.033948117124843,"REML",0.0133460607773713,3.13892354119057
"Gaa","ENSMUSG00000025579",4,0.406935957868529,0.120476592646209,3.37771801916356,0.000730899880299994,0.170806175301856,0.643065740435202,0,0,"REML",0.0134090153952745,3.13614210924074
"Nhsl2","ENSMUSG00000079481",4,-0.984167959406356,0.291383094611137,-3.37757398286873,0.000731282783798942,-1.55526833054801,-0.4130675882647,52.4541871884425,0.164943790496379,"REML",0.0134090153952745,-3.13591465081906
"Sertad2","ENSMUSG00000049800",4,-0.563822870514175,0.166983201754407,-3.37652449222663,0.000734078360926862,-0.891103931975997,-0.236541809052352,0,0,"REML",0.0134453532160451,-3.13425757782007
"Sipa1l1","ENSMUSG00000042700",4,-0.434575736506429,0.128743222652722,-3.37552321242319,0.000736754766847621,-0.686907816159384,-0.182243656853473,0,0,"REML",0.0134794302359796,-3.13267704555755
"Yes1","ENSMUSG00000014932",4,-0.604404806025101,0.179366578273236,-3.36966235205976,0.000752603414095767,-0.955956839470828,-0.252852772579375,0,0,"REML",0.0137541604029604,-3.12343381588649
"Dtx4","ENSMUSG00000039982",4,-0.306664348944125,0.0910243936803082,-3.36903478886306,0.000754319074874968,-0.485068882272125,-0.128259815616126,0,0,"REML",0.0137550832627035,-3.12244490990543
"Rps18-ps4","ENSMUSG00000097346",2,0.986900176864501,0.292930691941188,3.36905692716774,0.000754258490423628,0.412766570693374,1.56103378303563,0,0,"REML",0.0137550832627035,3.1224797924246
"Kbtbd7","ENSMUSG00000043881",4,-0.761235940443563,0.226007934934443,-3.36818236343946,0.000756655291552983,-1.20420335313534,-0.318268527751783,0,0,"REML",0.0137824719644397,-3.12110192640703
"Ikzf5","ENSMUSG00000040167",4,-0.659287049308684,0.195775124775027,-3.36757312792571,0.000758329119968972,-1.04299924293657,-0.275574855680796,0,0,"REML",0.0137977482279817,-3.12014226671024
"Cdkn2c","ENSMUSG00000028551",4,1.01045112319874,0.300231268943542,3.36557590005309,0.000763840493215414,0.422008649036643,1.59889359736085,0,0,"REML",0.0138370710399253,3.11699732224725
"Csf2ra","ENSMUSG00000059326",4,1.08830921680427,0.323334049138931,3.36589734270962,0.000762950964638067,0.454586125516459,1.72203230809208,68.086666930075,0.204643814542044,"REML",0.0138370710399253,3.11750337354111
"Sh2d1a","ENSMUSG00000005696",2,5.27208884011845,1.56622188603973,3.36611873905631,0.000762338853783509,2.20235035168218,8.34182732855471,0,0,"REML",0.0138370710399253,3.11785194517321
"Tiprl","ENSMUSG00000040843",4,-0.432159959457897,0.128398211646945,-3.36577864998775,0.000763279311057534,-0.683815829965262,-0.180504088950533,0,0,"REML",0.0138370710399253,-3.11731650915688
"Ramp1","ENSMUSG00000034353",4,1.06220262676501,0.315844106561028,3.36305982825032,0.000770836560533737,0.44315955317616,1.68124570035385,49.0730403931699,0.185724327281491,"REML",0.0139485112996472,3.11303769507846
"Fdx2","ENSMUSG00000079677",3,0.858941916452374,0.255536133104617,3.36133252865935,0.000775673793688488,0.358100298818692,1.35978353408606,0.000793407944071678,3.03075557319257e-06,"REML",0.0140206857172073,3.11032088104355
"Cd276","ENSMUSG00000035914",4,-0.492043352552304,0.1465173737048,-3.35825943443172,0.000784349601158877,-0.779212128123109,-0.204874576981499,0,0,"REML",0.0141620106674818,-3.10549031995299
"Birc5","ENSMUSG00000017716",4,1.65421558951444,0.492861637706329,3.35634884713852,0.000789788793699856,0.688224530248609,2.62020664878028,1.92277727556204e-05,2.1744465331443e-07,"REML",0.0142446513763268,3.10248903275299
"Fgf11","ENSMUSG00000042826",4,-0.808264426638807,0.240981418030274,-3.35405291098945,0.000796371331653717,-1.28057932692153,-0.335949526356079,0,0,"REML",0.0143275540533267,-3.09888438240743
"Gm11662","ENSMUSG00000083748",2,4.42661204920468,1.31986417719028,3.35383907352349,0.000796986996852927,1.83972579742714,7.01349830098222,0,0,"REML",0.0143275540533267,3.09854876422633
"Spef1l","ENSMUSG00000073795",2,4.39809213550685,1.3112958175696,3.35400454769879,0.000796510537067224,1.82799955999242,6.96818471102128,0,0,"REML",0.0143275540533267,3.09880847452715
"Pmvk","ENSMUSG00000027952",4,0.979992592251104,0.293125862445883,3.3432484737918,0.000828037212122477,0.405476458919932,1.55450872558228,0,0,"REML",0.0148679373705307,3.08195014551427
"Zfp869","ENSMUSG00000054648",4,-0.632829669726225,0.189301207787042,-3.34297745441825,0.000828846336072802,-1.00385321921876,-0.26180612023369,0,0,"REML",0.0148679373705307,-3.08152597799191
"Prr36","ENSMUSG00000064125",4,-2.67024533432355,0.799260511095816,-3.34089486125436,0.000835088400423148,-4.23676715033643,-1.10372351831067,0,0,"REML",0.0149636610232005,-3.07826754872734
"Clp1","ENSMUSG00000027079",4,-0.604676840039708,0.181023864362428,-3.34031561070359,0.000836832297367537,-0.959477094532332,-0.249876585547085,0,0,"REML",0.0149758124838613,-3.07736156664862
"Usf1","ENSMUSG00000026641",4,-0.455889139773783,0.136490985081098,-3.3400677671343,0.00083757948883771,-0.723406554747129,-0.188371724800438,0,0,"REML",0.0149758124838613,-3.0769739664697
"B230216N24Rik","ENSMUSG00000089706",3,2.9797666753243,0.892567508886364,3.33842162711265,0.000842557949131325,1.23036650413639,4.72916684651221,0.000169302495097295,4.76744037254193e-06,"REML",0.0150477056481605,3.0744002196881
"Tceal5","ENSMUSG00000054034",2,-4.19492982981269,1.25666802708176,-3.33813683439865,0.000843422034392388,-6.65795390341593,-1.73190575620944,0,0,"REML",0.0150477056481605,-3.07395505723386
"Ccdc9","ENSMUSG00000041375",4,0.540622378168258,0.162068480782826,3.33576507632413,0.000850650139731511,0.222973992804798,0.858270763531719,0.00200927900002746,3.31396294921077e-06,"REML",0.0151602922961211,3.0702490223192
"Bcl6","ENSMUSG00000022508",4,0.578120696412955,0.173406691687034,3.33390073236824,0.000856372145295973,0.238249826028128,0.917991566797782,0,0,"REML",0.0152458235047789,3.06733746718445
"Txndc16","ENSMUSG00000021830",4,0.444135350366818,0.133294008726265,3.33199784904738,0.000862249226456588,0.18288389390837,0.705386806825265,0,0,"REML",0.015333928385672,3.06436718657586
"Map3k8","ENSMUSG00000024235",3,0.636462660255776,0.191067988148295,3.33107950957119,0.000865098890587096,0.261976284886593,1.01094903562496,0,0,"REML",0.0153680631950424,3.06293424492652
"Marchf1","ENSMUSG00000036469",3,-0.365809208409456,0.109884528502801,-3.32903288018506,0.000871481153957924,-0.581178926733111,-0.150439490085802,0,0,"REML",0.0154648121853264,-3.05974200020124
"Sla","ENSMUSG00000022372",4,-0.370001993455913,0.111156957449272,-3.32864448565686,0.000872697251347608,-0.587865626687536,-0.152138360224289,0,0,"REML",0.0154697760617101,-3.05913639188758
"Slc6a8","ENSMUSG00000019558",4,0.891599780999995,0.267966251280633,3.3272838528694,0.000876969933736014,0.366395579417744,1.41680398258225,0,0,"REML",0.0155288534568625,3.05701529584305
"Rpl23","ENSMUSG00000071415",4,0.798373176877636,0.240141415743312,3.32459594446224,0.000885467605347516,0.327704650824284,1.26904170293099,50.2339526938243,0.0919515473198447,"REML",0.0156625378029404,3.05282732275868
"Cep295nl","ENSMUSG00000076433",3,0.889983578839545,0.267796433187069,3.3233585983494,0.000889405006782433,0.365112214604603,1.41485494307449,0.000627994562626946,2.52715550280922e-06,"REML",0.01571535841396,3.0509004300795
"Cdca7l","ENSMUSG00000021175",4,4.27526294536002,1.28689186174103,3.3221617701242,0.000893228910500234,1.75300124434989,6.79752464637014,68.1126612096868,4.4509975777534,"REML",0.0157660628529641,3.04903722887475
"Zfp791","ENSMUSG00000074194",4,-1.04652124512924,0.315074786304727,-3.32150108678352,0.000895346337081107,-1.66405647872316,-0.428986011535318,0,0,"REML",0.0157865707950021,-3.0480089387754
"Kcnma1","ENSMUSG00000063142",4,0.665358961668516,0.200453796789672,3.31926345284769,0.000902552350236229,0.272476739396448,1.05824118394058,0.000783431956628085,1.53003090403238e-06,"REML",0.0158966603179667,3.04452759855322
"Gadd45a","ENSMUSG00000036390",4,1.44297594902097,0.434798751140828,3.31872146650579,0.000904305815705472,0.590786056261957,2.29516584177999,0,0,"REML",0.015910581875687,3.04368467614689
"Ptges3","ENSMUSG00000071072",4,-0.372049369228373,0.112151360519675,-3.31738614230277,0.000908639414194124,-0.591861996664104,-0.152236741792641,0,0,"REML",0.0159698210232991,-3.04160842865307
"Folr2","ENSMUSG00000032725",4,2.76135679507873,0.832590196706162,3.31658576572608,0.000911246135801183,1.12950999565354,4.39320359450393,62.7489477752479,1.48544930793871,"REML",0.0159986157381204,3.04036430032421
"Cox8b","ENSMUSG00000025488",2,-5.1676910992541,1.55928458086743,-3.31414237186858,0.000919246883147128,-8.2238327194029,-2.1115494791053,0,0,"REML",0.0161048544607356,-3.03656783400117
"Smim24","ENSMUSG00000078439",4,0.839960833112922,0.253443380598319,3.31419519077584,0.00091907324460566,0.343220935020139,1.33670073120571,1.92154009457248,0.0086476346995042,"REML",0.0161048544607356,3.03664987657851
"Mtrfr","ENSMUSG00000047635",3,-0.652313907467409,0.19691526773154,-3.31266292848722,0.000924122819696194,-1.03826074022729,-0.266367074707528,0,0,"REML",0.0161731282883483,-3.03427030543398
"Pitpnm2","ENSMUSG00000029406",3,1.96633299932537,0.593650755469056,3.31227237767385,0.000925413985867883,0.802798899211023,3.12986709943971,0,0,"REML",0.0161785867307125,3.03366394125351
"Meox1","ENSMUSG00000001493",4,3.92704983792742,1.18584849400201,3.31159491097754,0.000927657665027855,1.60282949856243,6.25127017729242,25.7155832606893,1.44950297454457,"REML",0.0161835610178724,3.03261226259442
"Tmem229b","ENSMUSG00000046157",4,-0.456900099562217,0.137965873395752,-3.3116892483376,0.000927344930526418,-0.727308242513503,-0.186491956610931,0,0,"REML",0.0161835610178724,-3.03275869782841
"Lonrf3","ENSMUSG00000016239",4,0.606116342133113,0.183115629124096,3.31001971285778,0.000932894008701494,0.24721630404349,0.965016380222735,27.0952886886546,0.0368530447210211,"REML",0.0162577446389846,3.03016769607227
"Cit","ENSMUSG00000029516",4,1.17085968838911,0.354043598947082,3.30710593800091,0.000942652354539828,0.476946985495884,1.86477239128233,0,0,"REML",0.0164104947833008,3.02564844336237
"Tubb2a","ENSMUSG00000058672",4,-0.565580062260604,0.171062742850404,-3.30627261574549,0.00094546052271696,-0.900856877344034,-0.230303247177175,30.9136663605751,0.0356385378824342,"REML",0.0164420561008494,-3.02435660021304
"Dtnbp1","ENSMUSG00000057531",4,0.528385864045647,0.159904242961062,3.30438926610792,0.000951835694214445,0.214979306866822,0.841792421224472,0.00187394235928763,2.56294215594494e-06,"REML",0.016535517880249,3.0214380130173
"Gm5148","ENSMUSG00000058174",3,0.878499787608832,0.266018678842865,3.30239888202646,0.0009586164392566,0.357112757861889,1.39988681735577,25.6411892604527,0.0700916764731612,"REML",0.0166358216312587,3.01835512759
"Plekhm2","ENSMUSG00000028917",4,0.760069027392372,0.230178981341149,3.30207833471063,0.000959712638181851,0.308926513965602,1.21121154081914,40.51149666875,0.0840735901167605,"REML",0.0166373688304327,3.01785878605848
"Gpr84","ENSMUSG00000063234",4,0.614308701883994,0.186078668345275,3.30133866147475,0.000962246584470546,0.249601213636082,0.979016190131905,30.9327277148019,0.0421912211850146,"REML",0.0166638111342116,3.01671362177479
"Kl","ENSMUSG00000058488",4,1.93384721436512,0.585923026116039,3.30051410879718,0.000965078610757603,0.785459185464966,3.08223524326528,0.872361641094919,0.0137590051873477,"REML",0.016695354689347,3.01543730963263
"E2f8","ENSMUSG00000046179",4,1.95560513401799,0.59258048219198,3.30015110653683,0.00096632783168904,0.79416873098033,3.11704153705565,0,0,"REML",0.0166994791917726,3.01487551194889
"Trim14","ENSMUSG00000039853",4,0.621656997351215,0.188622539425161,3.29577260090842,0.000981514274460042,0.251963613405413,0.991350381297018,0.000331669182271143,9.56790700306368e-07,"REML",0.016944197835271,3.00810337994156
"Pex11b","ENSMUSG00000028102",4,-0.81722233923725,0.2486937896777,-3.28605849103167,0.00101599910269172,-1.30465321018432,-0.329791468290179,0,0,"REML",0.0175212120830584,-2.99310667561136
"Rpl7","ENSMUSG00000043716",4,0.479110399243328,0.145884872809868,3.28416778254832,0.00102284009531749,0.19318130264678,0.765039495839876,15.5055960986927,0.0146999674097014,"REML",0.0176207937588532,2.99019225597438
"Chsy1","ENSMUSG00000032640",4,-0.585349430217259,0.178378020106879,-3.28151097240867,0.00103252507133163,-0.934963925260304,-0.235734935174214,36.9838435234686,0.0435885150575493,"REML",0.0177610732374314,-2.98609939419089
"Rps27","ENSMUSG00000090733",3,0.681532150741887,0.207699025821095,3.28134495598904,0.00103313306586596,0.274449540508486,1.08861476097529,40.7232705644637,0.0544605006555655,"REML",0.0177610732374314,2.98584373845178
"Vat1","ENSMUSG00000034993",4,1.07976536132426,0.329274724489228,3.27922333850312,0.00104093219810727,0.434398760306026,1.7251319623425,27.7498564890865,0.122727941366587,"REML",0.0178765497348547,2.98257755766223
"Zfp273","ENSMUSG00000030446",4,-0.838187162087133,0.255688818566111,-3.2781533693481,0.00104488607089553,-1.33932803772631,-0.337046286447959,0,0,"REML",0.0179258180449274,-2.9809310602503
"Sdsl","ENSMUSG00000029596",2,4.84066669516464,1.47757175161525,3.27609585786472,0.00105252830522959,1.94467927742498,7.73665411290429,0,0,"REML",0.0180008489965819,2.97776621602462
"Sema6d","ENSMUSG00000027200",4,-1.57231578939064,0.479855690786847,-3.2766429982573,0.00105049102462236,-2.51281566110945,-0.631815917671833,76.9071260474909,0.631982447492497,"REML",0.0180008489965819,-2.97860765384692
"Ubc","ENSMUSG00000008348",4,-0.308648053343438,0.0942107791108148,-3.27614373064883,0.00105234990479865,-0.493297787356093,-0.123998319330782,0,0,"REML",0.0180008489965819,-2.97783983389243
"Gm5879","ENSMUSG00000068262",4,1.01388449747397,0.309533898746924,3.27552006929918,0.00105467620474331,0.407209203935731,1.62055979101221,0,0,"REML",0.0180189302777293,2.97688085228784
"Nuak2","ENSMUSG00000009772",4,0.617978510784966,0.188706354334145,3.2748155883013,0.00105730968971562,0.248120852636189,0.987836168933744,0.00286835204326145,5.22722406622232e-06,"REML",0.0180452617601155,2.97579778768271
"Id2","ENSMUSG00000020644",4,1.08683384326488,0.332511414705355,3.26856100332057,0.00108095872642158,0.435123445993918,1.73854424053583,38.0760538368115,0.15543067707368,"REML",0.0184253325408998,2.96619088812769
"Ncapd2","ENSMUSG00000038252",4,0.957057564619998,0.292826950149233,3.26833839621748,0.00108180936775454,0.383127288624796,1.5309878406152,0,0,"REML",0.0184253325408998,2.96584926217433
"Vwf","ENSMUSG00000001930",4,1.57211886764254,0.481241077195267,3.26680107360129,0.00108770081238236,0.628903688458558,2.51533404682652,0,0,"REML",0.0185065964174758,2.96349054710113
"Cd200r4","ENSMUSG00000062082",4,1.95915930891102,0.599996716324851,3.26528338506822,0.00109354610939069,0.78318735407202,3.13513126375003,0,0,"REML",0.0185725357982175,2.9611629002059
"Omd","ENSMUSG00000048368",2,3.0388173040858,0.930664840425083,3.26521124693807,0.00109382466749383,1.21474773517492,4.86288687299668,0,0,"REML",0.0185725357982175,2.96105228681651
"Trim7","ENSMUSG00000040350",4,1.52491385484298,0.467274578702324,3.26342138936349,0.00110075716925225,0.609072509695294,2.44075519999066,27.3958458503844,0.2438073011701,"REML",0.0186710566665466,2.95830847729106
"Gm28874","ENSMUSG00000100813",3,-1.10622374558784,0.339096816694021,-3.26226520311462,0.00110525690264028,-1.7708412935803,-0.44160619759538,0,0,"REML",0.0187281531164309,-2.9565367641224
"Ch25h","ENSMUSG00000050370",4,6.37264913664969,1.95406581435912,3.26122543561295,0.00110931806906231,2.54275051708489,10.2025477562145,94.1516476514106,14.3022075785115,"REML",0.0187690196623122,2.95494391297323
"Phlda1","ENSMUSG00000020205",4,1.84790956953255,0.566701944776791,3.26081388384928,0.00111092933297447,0.73719416780123,2.95862497126386,25.4231992240138,0.329069841409684,"REML",0.0187690196623122,2.95431356596942
"Was","ENSMUSG00000031165",4,-0.436906489651342,0.133988492229349,-3.2607762232557,0.00111107688576607,-0.699519108763692,-0.174293870538993,0,0,"REML",0.0187690196623122,-2.954255887136
"Akap1","ENSMUSG00000018428",4,0.778419533357788,0.238974148930063,3.25733782019074,0.0011246250284796,0.310038808218754,1.24680025849682,0,0,"REML",0.0189784781363753,2.94899225551484
"D7Ertd443e","ENSMUSG00000030994",4,-1.25567721925397,0.385558255163782,-3.25677690060241,0.00112684962377153,-2.01135751331709,-0.499996925190857,0,0,"REML",0.0189966149329892,-2.94813403597132
"Gbp9","ENSMUSG00000029298",4,0.464586065801913,0.142707676682845,3.25550857950279,0.00113189476604983,0.18488415918615,0.744287972417677,0.00400359449084246,3.70562673082706e-06,"REML",0.0190428039001112,2.94619394827877
"Ggt5","ENSMUSG00000006344",4,-0.794245883584316,0.243952102689459,-3.25574518451828,0.00113095201438621,-1.27238321880847,-0.316108548360159,39.0626467219997,0.0905032517401631,"REML",0.0190428039001112,-2.94655582153731
"Fuom","ENSMUSG00000025466",3,1.69734697736578,0.521510881444096,3.25467221827801,0.00113523306967524,0.675204432189608,2.71948952254194,17.2703395619823,0.155923109791041,"REML",0.0190795376847453,2.94491496623955
"Daxx","ENSMUSG00000002307",4,0.653893352432502,0.20093381854981,3.25427226313527,0.00113683269003539,0.260070304798768,1.04771640006624,0.000618856616228073,1.39958676885482e-06,"REML",0.0190870049512954,2.94430344660604
"Tada3","ENSMUSG00000048930",4,-0.618301142258422,0.19004294598889,-3.2534811489113,0.00114000288931528,-0.990778471912537,-0.245823812604307,0,0,"REML",0.0191207997303328,-2.94309404795117
"Kif13b","ENSMUSG00000060012",4,0.431797573486935,0.132759877691653,3.25247040743607,0.00114406508169513,0.171592994619352,0.692002152354518,0,0,"REML",0.0191694718201676,2.94154926940915
"Asph","ENSMUSG00000028207",4,0.223430793851504,0.0687098425876353,3.25180185890445,0.00114675934039911,0.0887619769963228,0.358099610706686,0,0,"REML",0.0191757196991233,2.94052771383625
"Rnpep","ENSMUSG00000041926",4,0.263521513719741,0.0810335207173446,3.2520062239297,0.00114593512514208,0.104698731573265,0.422344295866216,0,0,"REML",0.0191757196991233,2.94083996839858
"Ftl1-ps2","ENSMUSG00000062382",3,1.2424363995238,0.382172142193704,3.25098630264388,0.00115005398264463,0.49339276492962,1.99148003411798,49.8366996042774,0.215706381577382,"REML",0.0192113668829847,2.93928177372079
"Pla2g15","ENSMUSG00000031903",4,-0.375873590530196,0.11566794202816,-3.24959175325075,0.00115570788882802,-0.602578591071257,-0.149168589989135,3.65291063138885,0.00240215428265041,"REML",0.0192863131629573,-2.93715192223149
"Klhl6","ENSMUSG00000043008",4,0.370736749147976,0.114110393796967,3.24893059091196,0.00115839739916099,0.147084487044238,0.594389011251713,0,0,"REML",0.0193116886292015,2.93614242622574
"Ablim2","ENSMUSG00000029095",4,1.88506129303858,0.580502614427429,3.24729165069805,0.00116508932626853,0.74729707582948,3.02282551024769,0,0,"REML",0.019365030979125,2.9336407764248
"BC035044","ENSMUSG00000090164",4,-0.638816299279369,0.196723156248509,-3.24728573626782,0.00116511353993404,-1.02438660045149,-0.253245998107246,36.3728508354285,0.0532618662462198,"REML",0.019365030979125,-2.93363175072024
"Peg13","ENSMUSG00000106847",3,-0.860616992817849,0.265012721204932,-3.24745540102711,0.00116441911739672,-1.38003238182447,-0.341201603811227,0,0,"REML",0.019365030979125,-2.93389067294145
"Slc39a2","ENSMUSG00000072572",4,1.62048743359131,0.499841734596292,3.24200106039591,0.00118693580779018,0.640815635812551,2.60015923137007,0,0,"REML",0.0196925655980005,2.9255727680516
"Vps54","ENSMUSG00000020128",4,0.469740991323174,0.144895176751223,3.24193670110698,0.00118720388206577,0.185751663357211,0.753730319289136,0,0,"REML",0.0196925655980005,2.92547469195303
"Cdc25b","ENSMUSG00000027330",4,1.45001767942887,0.447364090144466,3.24124736735265,0.00119007865857442,0.573200174769182,2.32683518408855,0,0,"REML",0.0197204508709207,2.92442433284624
"Gm26787","ENSMUSG00000096993",3,2.42014210029272,0.747152173933811,3.2391555358134,0.00119884178686133,0.955750748411645,3.8845334521738,0,0,"REML",0.0198457566740842,2.92123812768251
"Lamp1","ENSMUSG00000031447",4,0.549710496887363,0.169833415329577,3.23676289392519,0.00120893814115916,0.216843119469958,0.882577874304767,26.9661339079314,0.0312121175835346,"REML",0.0199928598899805,2.91759592051271
"Alg2","ENSMUSG00000039740",4,-0.584850209025747,0.180777860463491,-3.23518713810566,0.00121563027509132,-0.939168304736396,-0.230532113315097,0,0,"REML",0.0200834277747837,-2.91519849241788
"Dap","ENSMUSG00000039168",4,0.513396161479466,0.158718629848701,3.23463075487018,0.00121800136126826,0.202313363300467,0.824478959658465,0,0,"REML",0.0201024979915214,2.91435222632468
"Usp2","ENSMUSG00000032010",4,-0.372559218757248,0.115213008040053,-3.23365586139138,0.00122216627584541,-0.598372565066275,-0.146745872448221,0,0,"REML",0.0201511068295829,-2.91286970426561
"Tmem44","ENSMUSG00000022537",4,-0.497635065674668,0.15392929826392,-3.23288075296392,0.00122548705631626,-0.799330946437475,-0.195939184911862,0,0,"REML",0.0201857145138594,-2.9116912714377
"Nfatc3","ENSMUSG00000031902",4,-0.402552468486828,0.124542126665016,-3.23225947128384,0.00122815481481073,-0.646650551308285,-0.158454385665372,0,0,"REML",0.0202095076648287,-2.91074688483966
"D630023F18Rik","ENSMUSG00000044816",3,3.37354503012923,1.04393574892852,3.23156385207787,0.00123114813959046,1.32746856005549,5.41962150020297,0,0,"REML",0.0202386053872378,2.90968968684459
"Cask","ENSMUSG00000031012",4,-0.638268134679347,0.197864002105245,-3.22579209905927,0.00125624573705978,-1.02607445264258,-0.250461816716109,40.8516940977823,0.0606292667131119,"REML",0.0206101646692797,-2.90092539896643
"Cstb","ENSMUSG00000005054",4,0.96074241025499,0.297821545020605,3.22589962451682,0.00125577389193664,0.377022908194529,1.54446191231545,43.085207937883,0.150222344342645,"REML",0.0206101646692797,2.90108855034736
"Glcci1","ENSMUSG00000029638",4,0.923120494122585,0.286214882957012,3.2252707636494,0.00125853579212238,0.362149631687495,1.48409135655767,6.56609264156367,0.0227383663892522,"REML",0.0206272518071963,2.90013442882423
"Trip11","ENSMUSG00000021188",4,0.360076981167631,0.111677069429276,3.22426961065327,0.00126294433962554,0.14119394718727,0.578960015147991,0,0,"REML",0.0206789925024316,2.89861578921201
"Aim2","ENSMUSG00000037860",4,0.358347003888837,0.111157025186033,3.22379087861612,0.0012650574569188,0.140483237895599,0.576210769882074,0.00351143361783531,2.38373124646763e-06,"REML",0.020693083411639,2.89788974906832
"Mical1","ENSMUSG00000019823",4,0.531561186236288,0.165009848196417,3.22139067483749,0.00127570122073545,0.208147826676889,0.854974545795686,0,0,"REML",0.0208465478415137,2.89425102889065
"Pigg","ENSMUSG00000029263",4,-0.687136070692389,0.213731670001333,-3.21494737157158,0.00130468439659416,-1.1060424462506,-0.268229695134177,0,0,"REML",0.0212991016957828,-2.88449453153972
"Ehd2","ENSMUSG00000074364",3,2.46453449671301,0.766924702188391,3.21352864196518,0.00131114720237334,0.96138970156966,3.96767929185636,0,0,"REML",0.0213834777200493,2.88234854737195
"Uqcc2","ENSMUSG00000024208",4,0.548301267804967,0.170663343708414,3.21276529505811,0.00131463672429988,0.213807260655295,0.882795274954639,0,0,"REML",0.0214192439074539,2.88119423989529
"Eif3h","ENSMUSG00000022312",4,0.626570972775974,0.195088454184993,3.2117276001471,0.0013193941302245,0.244204628773797,1.00893731677815,36.9135424607295,0.0542224327081927,"REML",0.0214755767738315,2.87962545235863
"Ptprb","ENSMUSG00000020154",2,1.06873825956316,0.332868468862193,3.21069238914791,0.00132415597331492,0.416328049004271,1.72114847012205,0,0,"REML",0.0215318709007242,2.87806085601387
"Gm11878","ENSMUSG00000081810",3,0.815163890757317,0.254337112983767,3.20505285758019,0.00135037679617152,0.31667230937724,1.31365547213739,0,0,"REML",0.0219151031920921,2.86954503323415
"Ndufb9","ENSMUSG00000022354",4,0.400553909545458,0.124974362708083,3.20508863470724,0.00135020895242557,0.155608659646769,0.645499159444147,0,0,"REML",0.0219151031920921,2.86959901679148
"Mon1b","ENSMUSG00000078908",4,-0.463786233123897,0.14472923052009,-3.20450976943127,0.00135292698847948,-0.747450312453468,-0.180122153794327,0.00677079107643141,6.55248580310848e-06,"REML",0.0219349428622861,-2.86872563973353
"Zfp68","ENSMUSG00000058291",4,-0.473967198644354,0.147932885052834,-3.20393398989735,0.00135563554185372,-0.763910325477013,-0.184024071811695,0,0,"REML",0.0219573086146718,-2.8678570534164
"Galnt6","ENSMUSG00000037280",4,1.01648805169201,0.317357701263678,3.20297269498891,0.00136016876675021,0.394478386998779,1.63849771638524,0,0,"REML",0.0220091559211363,2.86640720198195
"Snrpf","ENSMUSG00000020018",4,0.647529363950593,0.202192659109223,3.20253646597923,0.00136223052188324,0.251239034158132,1.04381969374305,0,0,"REML",0.0220209495616761,2.86574939322316
"Pyroxd2","ENSMUSG00000060224",4,0.727964440993301,0.227333277373886,3.20219041137584,0.00136386813452121,0.282399404853031,1.17352947713357,0,0,"REML",0.0220258704305228,2.86522761737617
"H2bc11","ENSMUSG00000069300",3,1.22669002939831,0.383117853459734,3.20186078075121,0.00136542971344273,0.475792834782939,1.97758722401369,0.000380191916765216,2.42290346665445e-06,"REML",0.0220295549763548,2.86473065059537
"Zbtb7a","ENSMUSG00000035011",4,-0.404607970133575,0.12637885895636,-3.20154789713119,0.00136691348122043,-0.652305982095308,-0.156909958171841,0,0,"REML",0.0220319781690173,-2.86425897322857
"Aldh2","ENSMUSG00000029455",4,0.624591134698549,0.195147038045319,3.20061806192262,0.00137133176013726,0.242109968440055,1.00707230095704,0,0,"REML",0.022047556167954,2.86285746558466
"Gna15","ENSMUSG00000034792",4,-0.457072857414968,0.142796664341523,-3.20086508688885,0.00137015669360736,-0.736949176636809,-0.177196538193127,42.8149011414568,0.0305562598445264,"REML",0.022047556167954,-2.86322976329786
"Rsbn1","ENSMUSG00000044098",4,-0.398329721075133,0.124458508126066,-3.2005021357934,0.00137188352646067,-0.642263914571807,-0.154395527578459,0,0,"REML",0.022047556167954,-2.86268275886444
"Zfp955b","ENSMUSG00000096910",4,-0.595686743686675,0.186301761681441,-3.19742947307844,0.00138658313655418,-0.960831486838663,-0.230542000534686,0.000953026474121766,1.54047222717157e-06,"REML",0.0222621379970959,-2.85805408593878
"Uqcrh","ENSMUSG00000063882",4,0.785114636964692,0.24570368291307,3.19537187093149,0.00139650775341864,0.303544267586226,1.26668500634316,31.0167401853313,0.0773048293581629,"REML",0.0223997131982809,2.85495664875096
"Clta","ENSMUSG00000028478",4,0.4294395824221,0.134472988978767,3.1935006850328,0.00140559004104765,0.165877367130265,0.693001797713934,27.1530129789255,0.0200147961114652,"REML",0.0225198334126484,2.85214132858545
"Ranbp1","ENSMUSG00000005732",4,0.404365243652338,0.126630534417627,3.19326808113077,0.00140672284255512,0.15617395685073,0.652556530453946,0,0,"REML",0.0225198334126484,2.8517914603519
"Scamp5","ENSMUSG00000040722",4,-0.366274849764011,0.11476280146911,-3.19158163686513,0.00141496118449694,-0.591205807408387,-0.141343892119634,0,0,"REML",0.0226293073045577,-2.84925547363086
"Sds","ENSMUSG00000029597",2,4.45260293293568,1.39522807994175,3.19130828639972,0.00141630069323362,1.71800614603088,7.18719971984048,0,0,"REML",0.0226293073045577,2.84884453227585
"Mlph","ENSMUSG00000026303",4,-0.462112159468981,0.144889905257029,-3.18940204046109,0.00142567448900367,-0.746091155496178,-0.178133163441785,20.3270263653005,0.0181785006498417,"REML",0.0227471639735267,-2.84597962158574
"Plxnd1","ENSMUSG00000030123",4,1.22435583444554,0.383901014643856,3.18924875877541,0.00142643071706154,0.471923672115198,1.97678799677588,0,0,"REML",0.0227471639735267,2.84574931754254
"Rpl14","ENSMUSG00000025794",4,0.75421576163516,0.236583256061671,3.18795072056391,0.00143284953819395,0.290521100409067,1.21791042286125,54.1067725291199,0.0950802088549992,"REML",0.0228274900872731,2.84379941194939
"Ptges3l","ENSMUSG00000097487",2,2.90599100786844,0.911907234835652,3.18671778976748,0.00143897104805742,1.11868567034906,4.69329634538783,0,0,"REML",0.0229029293689371,2.84194794393371
"Ephb1","ENSMUSG00000032537",3,2.60918034654822,0.81884495155851,3.18641562310686,0.00144047498111719,1.00427373257109,4.21408696052534,0,0,"REML",0.022904037492846,2.84149428035969
"Ttyh2","ENSMUSG00000034714",4,1.00088090908322,0.314135199131171,3.18614695790677,0.00144181338856969,0.385187232509804,1.61657458565663,36.2087626174527,0.14048668178412,"REML",0.022904037492846,2.84109094596814
"Wasf2","ENSMUSG00000028868",4,-0.286936331465562,0.0900811329891485,-3.18530997495477,0.00144599033176402,-0.463492107810856,-0.110380555120268,0,0,"REML",0.0229483249481972,-2.83983461082819
"Mkrn1","ENSMUSG00000029922",4,-0.467546138993109,0.14682105776391,-3.18446240691801,0.00145023146290341,-0.755310124382447,-0.179782153603771,10.8227505223932,0.0110122605075779,"REML",0.0229935451042488,-2.83856267704824
"Thrsp","ENSMUSG00000035686",4,-0.559571694954355,0.175833170893908,-3.18240120512859,0.00146059336393365,-0.904198377193892,-0.214945012714818,0,0,"REML",0.0231356308394514,-2.83547067686556
"Gnai1","ENSMUSG00000057614",4,2.3815678552237,0.748653460186613,3.1811351738494,0.00146699163085627,0.914234036356643,3.84890167409075,0,0,"REML",0.0232147210089812,2.83357236378679
"Magt1","ENSMUSG00000031232",4,-0.369461095194308,0.116177645582896,-3.18013928876436,0.00147204277257153,-0.597165096345442,-0.141757094043173,0,0,"REML",0.023272362340339,-2.83207957069015
"B230219D22Rik","ENSMUSG00000045767",4,-0.3800252221991,0.11954081370318,-3.17904162123827,0.00147762872052736,-0.614320911739946,-0.145729532658255,0,0,"REML",0.0233383404319622,-2.83043467614569
"Rps3a2","ENSMUSG00000062611",3,0.97094411356344,0.305552064903454,3.17767158232176,0.00148462814858592,0.372073070950825,1.56981515617605,0,0,"REML",0.0234264963159388,2.8283823094713
"Rrm2","ENSMUSG00000020649",4,1.98550919568974,0.625462447641403,3.17446587429354,0.0015011254120027,0.759625324630324,3.21139306674916,33.0134423076032,0.514684662711515,"REML",0.0236642108126876,2.82358302296959
"Trim44","ENSMUSG00000027189",4,0.398745656525444,0.125695336268846,3.17231862662414,0.00151226988132015,0.152387324413855,0.645103988637032,0,0,"REML",0.0237944863898002,2.82037069725481
"Tubb2b","ENSMUSG00000045136",4,-0.532336063592478,0.167795026965505,-3.1725377874394,0.00151112892809244,-0.861208273229795,-0.20346385395516,0.00066155929184028,8.0725462008419e-07,"REML",0.0237944863898002,-2.82069848048532
"Kif11","ENSMUSG00000012443",4,1.81904405890568,0.573493854932809,3.17186320875016,0.00151464332927805,0.695016757882337,2.94307135992902,39.8197326946541,0.519308677242204,"REML",0.023809155511896,2.81968962350692
"Fxn","ENSMUSG00000059363",4,1.11357161930678,0.351156011811569,3.17115920516924,0.00151831905507586,0.425318483201379,1.80182475541217,0,0,"REML",0.0238442482023844,2.81863695749248
"Amfr","ENSMUSG00000031751",4,-0.366463783940848,0.115599227355392,-3.17012312560023,0.0015237435542465,-0.593034106198074,-0.139893461683622,0.00135370429666891,9.52315412237764e-07,"REML",0.0238840296581654,-2.81708811852605
"Crip1","ENSMUSG00000006360",3,1.11265014452259,0.350969997916963,3.17021440899866,0.00152326491467272,0.424761588951241,1.80053870009393,0,0,"REML",0.0238840296581654,2.81722456089537
"Cers2","ENSMUSG00000015714",4,-0.422481266376611,0.133327667249099,-3.16874415560935,0.00153099098247607,-0.683798692327586,-0.161163840425636,0,0,"REML",0.0239748834326893,-2.81502736728503
"Akt3","ENSMUSG00000019699",4,0.588624171638207,0.18581080446617,3.16786837734927,0.00153561026579931,0.224441686946101,0.952806656330313,0.00298369490758841,4.53968685639431e-06,"REML",0.0240244481072637,2.81371899321712
"Atp2c1","ENSMUSG00000032570",4,-0.278384891028617,0.087943180919802,-3.16550854900831,0.00154812112482454,-0.450750358317319,-0.106019423739916,0,0,"REML",0.0241449523590398,-2.81019506317186
"Atp5po","ENSMUSG00000022956",3,0.556519876773451,0.175818240880568,3.16531364428502,0.00154915861634176,0.21192245682235,0.901117296724552,17.9701446767776,0.0237248641301949,"REML",0.0241449523590398,2.80990411311538
"Dlgap5","ENSMUSG00000037544",3,2.38651895815121,0.753876969528818,3.16566104896773,0.00154730980307669,0.908947249100526,3.86409066720189,22.6361261095259,0.404990837629369,"REML",0.0241449523590398,2.81042272295456
"Sncg","ENSMUSG00000023064",3,5.37792296316521,1.69865803768213,3.16598329025867,0.00154559672071722,2.04861438725875,8.70723153907167,9.96560763471088,0.958773568439001,"REML",0.0241449523590398,2.81090381236746
"Nek2","ENSMUSG00000026622",4,1.89731735211278,0.599782026151863,3.16334479758548,0.00155967488666507,0.721766182280663,3.07286852194489,0,0,"REML",0.0242859460910402,2.80696592064703
"Tpbgl","ENSMUSG00000096606",4,-0.391142318947211,0.12370752757668,-3.16183118852459,0.00156780423109485,-0.633604617613998,-0.148680020280423,0,0,"REML",0.0243895420922015,-2.80470816783987
"Zkscan7","ENSMUSG00000063488",4,-1.04992361323111,0.332105132397261,-3.16141941454611,0.00157002254197204,-1.70083771181065,-0.399009514651569,0,0,"REML",0.0244010747092381,-2.80409411205969
"Lilrb4a","ENSMUSG00000062593",4,3.35951901258374,1.06337770940013,3.15929042228927,0.00158153802830937,1.27533700019678,5.44370102497069,91.5334261275129,3.45548405314623,"REML",0.0245569452685142,2.80092036094943
"Rbmx","ENSMUSG00000031134",4,-0.482437812564526,0.152756516955203,-3.15821427576806,0.0015873883273787,-0.781835084200506,-0.183040540928547,0,0,"REML",0.0246015408598719,-2.79931681753779
"Ssna1","ENSMUSG00000026966",3,-0.676270866435828,0.214122304480383,-3.15833919346681,0.0015867082115796,-1.0959428715041,-0.256598861367558,0,0,"REML",0.0246015408598719,-2.7995029306818
"Gimap9","ENSMUSG00000051124",4,-1.09863148406552,0.347928535504344,-3.15763546807962,0.00159054315640229,-1.7805588828478,-0.416704085283238,0,0,"REML",0.0246273322276684,-2.79845454263138
"Atp6v1b2","ENSMUSG00000006273",4,0.361850246417861,0.114611012011713,3.15720313490365,0.00159290338133783,0.137216790643215,0.586483702192506,0,0,"REML",0.024627531356655,2.79781056583377
"Rpl35rt","ENSMUSG00000078193",3,1.02967361899152,0.326146724904113,3.15708710334051,0.00159353737789869,0.390437784503765,1.66890945347927,45.2698250237725,0.141185709158772,"REML",0.024627531356655,2.79763774529049
"Rnf139","ENSMUSG00000037075",4,-0.541022891827454,0.171386990087404,-3.15673255917233,0.00159547604714866,-0.876935219817489,-0.205110563837418,28.1127028488378,0.0329999014537164,"REML",0.0246344483877972,-2.79710971147627
"Atp2b1","ENSMUSG00000019943",4,0.336363012573307,0.106665760289316,3.15343003847692,0.00161363901919187,0.127301964022665,0.545424061123949,0,0,"REML",0.024891624870279,2.79219361305085
"Samd9l","ENSMUSG00000047735",4,2.24580121959659,0.712261033642804,3.15305922059307,0.00161569025801526,0.849795246065425,3.64180719312776,79.7548025947748,1.46386143964791,"REML",0.0249000174931624,2.79164189364078
"Kynu","ENSMUSG00000026866",3,2.5339075674364,0.80381354539853,3.15235738678687,0.00161957913584138,0.958461968169831,4.10935316670297,36.3784725413957,0.715583726096027,"REML",0.0249366886330247,2.79059782664759
"Lrba","ENSMUSG00000028080",4,-0.68269135110068,0.216705443041508,-3.15031935293807,0.00163092081379212,-1.10742621471583,-0.257956487485529,61.9493057470822,0.0982012402236059,"REML",0.0250879355350648,-2.78756712477701
"Bod1l","ENSMUSG00000061755",4,0.422019971690466,0.134022068298607,3.14888418786513,0.001638951330811,0.159341544691628,0.684698398689303,0,0,"REML",0.025172235142133,2.7854339427529
"Ikbip","ENSMUSG00000019975",4,-0.597694520897911,0.189816869333146,-3.14879558912598,0.00163944827873223,-0.969728748449022,-0.2256602933468,0,0,"REML",0.025172235142133,-2.78530227988849
"Selenos","ENSMUSG00000075701",3,-0.390173569037871,0.123956688468396,-3.14766047608113,0.00164582737717254,-0.633124214078778,-0.147222923996964,0,0,"REML",0.0252467168971843,-2.78361571777068
"Clec2i","ENSMUSG00000030365",4,1.30341608630152,0.414178060378453,3.14699451996693,0.00164958053433514,0.491642004773098,2.11519016782994,0,0,"REML",0.0252808163337206,2.78262647686701
"Hmmr","ENSMUSG00000020330",4,1.66498657595546,0.529201321481105,3.14622528019313,0.00165392557299208,0.627771045281495,2.70220210662943,12.5108559703455,0.145636296229773,"REML",0.0253239150986119,2.78148403768922
"Fn1","ENSMUSG00000026193",4,5.05813062572082,1.60966633815783,3.14234727149079,0.00167599124732498,1.90324257580501,8.21301867563663,93.3442608620976,9.57771055556766,"REML",0.0256380105528296,2.77572825375371
"Vps41","ENSMUSG00000041236",4,0.405008000523746,0.128917113007086,3.14161550066271,0.00168018523804015,0.152335102038978,0.657680899008514,0,0,"REML",0.0256783906731371,2.77464283528373
"Vbp1","ENSMUSG00000031197",4,-0.536257448305955,0.170759717616914,-3.14042126439332,0.00168705049239476,-0.870940344845336,-0.201574551766574,0,0,"REML",0.025759483534985,-2.77287191904676
"Pilra","ENSMUSG00000046245",4,0.63017875194158,0.200691375295381,3.1400390326394,0.0016892532567986,0.236830884354822,1.02352661952834,0,0,"REML",0.0257693010670079,2.77230523510342
"C1qtnf1","ENSMUSG00000017446",3,3.02663315435899,0.96480029145448,3.13705663355077,0.00170653160201843,1.13565933083447,4.91760697788352,0,0,"REML",0.0259054262337947,2.76788566492701
"Fam83d","ENSMUSG00000027654",3,2.38894869634162,0.761549564792654,3.1369576016921,0.00170710811548875,0.896338976905869,3.88155841577738,0,0,"REML",0.0259054262337947,2.76773897304269
"Tob2","ENSMUSG00000048546",4,-0.565049213875834,0.180131207527964,-3.13687573425118,0.00170758484163201,-0.918099893122354,-0.211998534629314,0,0,"REML",0.0259054262337947,-2.76761770911803
"Tsbp1","ENSMUSG00000057246",3,1.73004319518705,0.551479335748806,3.13709523283946,0.00170630694495656,0.649163558901317,2.81092283147278,10.7855117561903,0.107928012137364,"REML",0.0259054262337947,2.76794284156815
"Ube2c","ENSMUSG00000001403",4,1.70181501167943,0.54251479143095,3.13690066807337,0.00170743963535435,0.638505559394513,2.76512446396436,21.8850296246904,0.316612902098866,"REML",0.0259054262337947,2.76765464137757
"Zc3h12d","ENSMUSG00000039981",4,2.0225340188198,0.644559175736231,3.1378562201207,0.00170188336842851,0.759221248471968,3.28584678916764,0,0,"REML",0.0259054262337947,2.76907020581636
"Vit","ENSMUSG00000024076",2,3.54367533406765,1.13010153698477,3.1357141089486,0.00171436236434016,1.32871702270413,5.75863364543117,0,0,"REML",0.0259605688554205,2.76589737599493
"Zfp873","ENSMUSG00000061371",4,-0.683693458365584,0.218023362006692,-3.1358724683119,0.00171343695972585,-1.11101139568704,-0.25637552104413,0,0,"REML",0.0259605688554205,-2.76613186937642
"Shisa5","ENSMUSG00000025647",4,0.504831140979851,0.161153044068576,3.13261933026241,0.00173253984189695,0.188976978606446,0.820685303353256,0,0,"REML",0.0261878231728998,2.76131676946245
"Tns1","ENSMUSG00000055322",4,0.341757082377493,0.109093217570528,3.13270696371706,0.00173202268952193,0.127938304981666,0.55557585977332,0,0,"REML",0.0261878231728998,2.7614464230175
"Troap","ENSMUSG00000032783",4,2.24833836798815,0.717880619075383,3.13191122346215,0.00173672381324708,0.841318209401083,3.65535852657522,0,0,"REML",0.0262270695782952,2.76026924080428
"Nfkbiz","ENSMUSG00000035356",4,0.464484130519877,0.148387902504395,3.13020214370992,0.00174686050906594,0.173649185869821,0.755319075169932,0,0,"REML",0.0263560570504825,2.7577417730718
"Kcnt2","ENSMUSG00000052726",2,4.6515056907915,1.48629283483354,3.12960244561259,0.00175043024258891,1.73842526403783,7.56458611754518,0,0,"REML",0.0263617666707488,2.75685519187545
"Trpm7","ENSMUSG00000027365",4,0.39177438457244,0.125176822106226,3.12976777953331,0.00174944541491529,0.146432321545059,0.637116447599821,0,0,"REML",0.0263617666707488,2.75709960355027
"Mapk6","ENSMUSG00000042688",4,0.439379233707164,0.140469062457031,3.12794309310328,0.00176034260677118,0.164064930349275,0.714693537065053,0,0,"REML",0.0264869036488767,2.75440279937341
"Cmtm7","ENSMUSG00000032436",4,-0.33053203569742,0.105694277960475,-3.12724626229081,0.00176452058409489,-0.537689013871916,-0.123375057522924,0,0,"REML",0.026525609253714,-2.75337327099249
"Fam186a","ENSMUSG00000045350",2,4.0006713077564,1.27961879065944,3.12645557955171,0.00176927230730868,1.49266456412321,6.5086780513896,0,0,"REML",0.0265487264205692,2.75220532002397
"Polq","ENSMUSG00000034206",4,1.84170374579012,0.589063300354685,3.12649547965591,0.00176903224026239,0.687160892480632,2.9962465990996,0,0,"REML",0.0265487264205692,2.75226425208719
"Cox6a2","ENSMUSG00000030785",4,1.9903266373647,0.637031312607752,3.12437802973467,0.00178181376320489,0.741768207629226,3.23888506710017,61.1674279717514,0.946421342062135,"REML",0.0267126544300436,2.7491376907813
"1600012H06Rik","ENSMUSG00000050088",4,-0.546417639167831,0.174981788251185,-3.12271148117113,0.0017919331571923,-0.889375642090567,-0.203459636245095,8.63202875556774,0.0122623041509337,"REML",0.026794686257573,-2.74667819445289
"Ost4","ENSMUSG00000038803",4,0.449838901059802,0.144055594178781,3.12267568381638,0.0017921510994866,0.167495124697872,0.732182677421731,0,0,"REML",0.026794686257573,2.74662537698035
"Smarcc1","ENSMUSG00000032481",4,0.36219073222403,0.115975242900695,3.12300041944434,0.0017901749280869,0.134883433040383,0.589498031407678,0,0,"REML",0.026794686257573,2.74710452958379
"Ndufa7","ENSMUSG00000041881",4,0.517074006136194,0.165649675449314,3.12149121170122,0.00179937618531432,0.192406608204789,0.841741404067598,0,0,"REML",0.0268783851334338,2.74487803169223
"Hacd3","ENSMUSG00000033629",4,-0.409654684367267,0.13126495704364,-3.12082290348882,0.0018034645603278,-0.666929272604998,-0.152380096129536,0,0,"REML",0.0269151201455967,-2.74389238753209
"Washc2","ENSMUSG00000024104",3,0.374768043457573,0.120098482192035,3.12050607649086,0.00180540573080812,0.13937934376326,0.610156743151886,0,0,"REML",0.0269197726341885,2.74342518331508
"Nfkbid","ENSMUSG00000036931",4,0.694455231836392,0.222671503913836,3.11874316933304,0.00181624201774348,0.258027103781903,1.13088335989088,0,0,"REML",0.0270325534911171,2.74082628138357
"Zfp760","ENSMUSG00000067928",4,-0.769201311328091,0.246630107755434,-3.11884594435184,0.00181560864031246,-1.25258744003197,-0.285815182624208,0,0,"REML",0.0270325534911171,-2.74097775915727
"Amph","ENSMUSG00000021314",3,-2.78015406862035,0.891908587593806,-3.11708409055759,0.00182649465246402,-4.5282627778062,-1.0320453594345,0,0,"REML",0.0271606824062628,-2.73838159495974
"Gm13391","ENSMUSG00000086109",3,3.25168399025085,1.04342589901754,3.11635353628135,0.00183102611294142,1.20660680764015,5.29676117286155,22.5575486314132,0.759351589832158,"REML",0.0272035813056701,2.73730546201971
"Gmpr2","ENSMUSG00000002326",4,-0.543701371891738,0.174488526375997,-3.11597205377357,0.0018333964648201,-0.885692599304159,-0.201710144479317,0.00145113463672615,2.49632418897429e-06,"REML",0.0272143243443782,-2.73674361039763
"Or5m11","ENSMUSG00000057207",2,5.06622537159727,1.62629294722322,3.11519851343357,0.00183821153613408,1.87874976672826,8.25370097646629,0,0,"REML",0.0272382459301817,2.73560451270533
"Sap30","ENSMUSG00000031609",4,0.719125877754718,0.230845435022866,3.1151834459429,0.00183830544229481,0.26667713911442,1.17157461639502,0,0,"REML",0.0272382459301817,2.73558232707274
"Atp5mj","ENSMUSG00000021290",3,0.622382334217367,0.199835841985685,3.11446799549578,0.00184276947047588,0.230711281105188,1.01405338732955,0,0,"REML",0.0272799233169641,2.73452899140183
"Galc","ENSMUSG00000021003",4,0.539576977081551,0.173267470210409,3.11412740329336,0.00184489808111225,0.199978975776782,0.879174978386319,0,0,"REML",0.0272869840627176,2.7340276208508
"Lrrfip1","ENSMUSG00000026305",4,0.284932622942137,0.0915161675917706,3.11346760293926,0.00184902808626806,0.105564230459135,0.464301015425139,0.00640372204914189,2.63882147685641e-06,"REML",0.0273236073463637,2.7330564919676
"Rps23","ENSMUSG00000049517",3,0.779545063379621,0.250447039899894,3.11261440219542,0.00185438127082199,0.288677885141163,1.27041224161808,74.3720589589724,0.122267087968319,"REML",0.0273782242852995,2.73180096771554
"Enpp6","ENSMUSG00000038173",2,2.79111272959227,0.896915056745567,3.11190308223808,0.00185885514137793,1.03319152117926,4.54903393800528,0,0,"REML",0.027419773027415,2.73075445302071
"Ropn1l","ENSMUSG00000022236",4,1.76755535815098,0.568617531802096,3.10851364809161,0.00188030961168824,0.653085474840814,2.88202524146115,0,0,"REML",0.0277115032066918,2.72577063394014
"Amd1","ENSMUSG00000075232",4,-0.54561401232543,0.175629315689263,-3.10662266253302,0.00189237780631818,-0.8898411457058,-0.20138687894506,0,0,"REML",0.0278645042229792,-2.72299215397058
"Rnf227","ENSMUSG00000043419",3,-1.19303507222669,0.384189555875716,-3.10532926775508,0.00190067312675979,-1.94603276497953,-0.440037379473846,0.000212088203675365,1.1250470765482e-06,"REML",0.0279617281631331,-2.72109256564414
"Tcim","ENSMUSG00000056313",3,1.27795995200528,0.411618680126815,3.1047180648156,0.00190460474790107,0.471202163592807,2.08471774041775,13.2472352392043,0.0685302711062612,"REML",0.0279946397153679,2.72019513737192
"Frrs1","ENSMUSG00000033386",4,0.385849430090135,0.124310320366484,3.1039211302215,0.00190974232406311,0.14220567926519,0.629493180915079,0,0,"REML",0.0280284246673107,2.7190252268815
"Timp2","ENSMUSG00000017466",4,0.859544537770436,0.276929815188759,3.10383530637378,0.00191029636071617,0.316772073755136,1.40231700178574,70.0012678421007,0.176197080252416,"REML",0.0280284246673107,2.71889925168453
"Spmip8","ENSMUSG00000090206",2,-1.89572508263536,0.610992195190907,-3.10269934306285,0.00191764350253265,-3.0932477800446,-0.698202385226114,0,0,"REML",0.0281112584785642,-2.71723212671346
"Slc44a1","ENSMUSG00000028412",4,0.541065749588941,0.17446827132652,3.10122720581285,0.00192720354226719,0.199114221344,0.883017277833883,0,0,"REML",0.0282263561363442,2.71507241476061
"Tns3","ENSMUSG00000020422",4,0.326777224081132,0.10543743071259,3.09925253178719,0.00194009577527797,0.120123657262018,0.533430790900247,0.0063825867050966,3.86155060480467e-06,"REML",0.0283900108975795,2.71217683004502
"Tbc1d2b","ENSMUSG00000037410",4,-0.40018263107218,0.129155420563688,-3.09845788373121,0.00194530617405813,-0.653322603785134,-0.147042658359227,0,0,"REML",0.0284410648686852,-2.71101203483222
"Ppfibp1","ENSMUSG00000016487",4,0.663593309365164,0.214215437709193,3.09778471832652,0.00194973007593126,0.243738766522663,1.08344785220767,0,0,"REML",0.0284805398624761,2.71002550896965
"Cln8","ENSMUSG00000026317",4,-0.306429443979087,0.0989373188562039,-3.09720788395786,0.00195352825693147,-0.500343025664202,-0.112515862293972,0,0,"REML",0.02851081301481,-2.70918030251411
"Cnpy3","ENSMUSG00000023973",4,-0.287591052680268,0.0928651971955738,-3.09686579434707,0.00195578396251266,-0.469603494600802,-0.105578610759733,0,0,"REML",0.028518540904388,-2.7086791194208
"Aurkb","ENSMUSG00000020897",4,1.93033875653745,0.623554098496226,3.09570374277499,0.00196346428675315,0.708195181072507,3.15248233200239,28.7166373296596,0.450366903128915,"REML",0.0285810500813467,2.7069769936587
"Mcoln3","ENSMUSG00000036853",2,4.23154589743396,1.36691362413743,3.09569370201003,0.00196353076946483,1.55244442414747,6.91064737072045,0,0,"REML",0.0285810500813467,2.70696228873831
"Hddc3","ENSMUSG00000030532",4,-0.946831062258148,0.30591385373682,-3.09509049914658,0.00196752853749562,-1.54641119795417,-0.347250926562126,0.000706794708081395,2.97520272868227e-06,"REML",0.0286140307816595,-2.70607895981414
"Cmtr1","ENSMUSG00000024019",4,0.603778682267191,0.195116767341216,3.0944479579826,0.00197179524045805,0.221356845498527,0.986200519035855,0.000642385429394252,1.84098521675985e-06,"REML",0.0286508611852308,2.70513818602577
"Gm12708","ENSMUSG00000084918",4,-1.52424406756277,0.492696266268255,-3.09367894972616,0.00197691289499791,-2.48991100476591,-0.558577130359638,0,0,"REML",0.0286999806135856,-2.70401246576733
"Ascc3","ENSMUSG00000038774",4,0.438602315505203,0.141887906776482,3.09118885090144,0.00199356796747182,0.160507128381523,0.716697502628884,0.000343096349952159,3.53249933798586e-07,"REML",0.0289163620637419,2.70036895318204
"Cd244a","ENSMUSG00000004709",3,1.33422592339648,0.431998101452319,3.08849950708347,0.00201170027342993,0.487525203160256,2.18092664363271,0,0,"REML",0.0291027147262136,2.69643672505352
"Irgm2","ENSMUSG00000069874",4,-0.383861293777526,0.124281229950635,-3.08865058649642,0.00201067765506986,-0.627448028435111,-0.14027455911994,0,0,"REML",0.0291027147262136,-2.69665754842136
"Trim30d","ENSMUSG00000057596",4,0.592805246209265,0.191909482789795,3.08898360618576,0.00200842521348914,0.216669571649557,0.968940920768973,63.0933397255285,0.0810876826355622,"REML",0.0291027147262136,2.6971443351913
"Gcm2","ENSMUSG00000021362",3,3.63125712693311,1.17603109842638,3.08772202690219,0.00201697039252594,1.32627852931833,5.93623572454789,0,0,"REML",0.0291534276945941,2.69530047682788
"Dok3","ENSMUSG00000035711",3,-0.645679269721517,0.209215017059276,-3.08619944589628,0.00202732786648984,-1.05573316818263,-0.235625371260404,0,0,"REML",0.0292775207012925,-2.69307601001801
"Csde1","ENSMUSG00000068823",4,0.250565302251279,0.0812032819865596,3.08565486666846,0.00203104424242764,0.0914097941311718,0.409720810371386,0,0,"REML",0.0292800016833744,2.69228061621463
"Efr3b","ENSMUSG00000020658",4,1.46689132686793,0.475367727249543,3.08580335344871,0.00203003030365912,0.535187702046168,2.3985949516897,0,0,"REML",0.0292800016833744,2.69249747902585
"Rps12","ENSMUSG00000061983",3,0.852603990169533,0.276421177816974,3.08443801919571,0.00203937098348429,0.310828437084122,1.39437954325494,72.336876912443,0.146841788658723,"REML",0.0293744097804219,2.69050376420477
"Mmp28","ENSMUSG00000020682",4,-1.02140142326956,0.331176271202616,-3.0841624599507,0.00204126094665268,-1.67049498736096,-0.372307859178164,6.16341681281283,0.0311243445552819,"REML",0.0293760209927256,-2.69010147326171
"Klf7","ENSMUSG00000025959",4,-0.460689533183683,0.149438110603619,-3.08281154869289,0.00205054963999519,-0.753582847884489,-0.167796218482876,0,0,"REML",0.0294658347920211,-2.68812971278711
"Mia2","ENSMUSG00000021000",3,0.263143330828905,0.0853603145674048,3.08273618908836,0.00205106894321314,0.0958401885677819,0.430446473090028,0.0218347838255046,6.65694095690163e-06,"REML",0.0294658347920211,2.68801974131188
"Marcks","ENSMUSG00000069662",4,-0.262238105720894,0.0850855355145175,-3.08205271477841,0.00205578427887417,-0.429002690934652,-0.0954735205071358,0,0,"REML",0.0295079166561948,-2.68702245942863
"1700017B05Rik","ENSMUSG00000032300",4,-0.595631652876614,0.193352088016952,-3.08055454164214,0.00206615508912015,-0.974594781725458,-0.216668524027769,67.3369915291188,0.0730449166899971,"REML",0.0295360765174803,-2.68483708270935
"Cib1","ENSMUSG00000030538",4,-0.663278316140568,0.215274793293416,-3.08107747309055,0.00206252975849835,-1.08520915777497,-0.241347474506168,0,0,"REML",0.0295360765174803,-2.68559977666488
"Msra","ENSMUSG00000054733",4,-0.894878300623822,0.290521652999257,-3.08024648553859,0.0020682934870968,-1.46429027723141,-0.325466324016236,0.000396568326279174,1.54761427758397e-06,"REML",0.0295360765174803,-2.68438783560563
"Rab32","ENSMUSG00000019832",4,0.493933587595613,0.160356559783581,3.08022065490949,0.00206847288485713,0.179640505735051,0.808226669456175,6.07691931738498,0.00689057092189078,"REML",0.0295360765174803,2.68435016779922
"S1pr3","ENSMUSG00000067586",3,3.32577567548619,1.07934878389673,3.08127986532701,0.00206112819941867,1.21029093229149,5.44126041868089,34.0199997573727,1.28075769969424,"REML",0.0295360765174803,2.68589499484447
"Tmem100","ENSMUSG00000069763",4,-0.459553516001061,0.14916396386552,-3.08086151703085,0.00206402621070162,-0.751909512968714,-0.167197519033407,0,0,"REML",0.0295360765174803,-2.68528479198145
"3632454L22Rik","ENSMUSG00000089759",2,3.17221200341099,1.03033421449176,3.07881846375039,0.00207823276763532,1.15279405096777,5.19162995585421,0,0,"REML",0.0296192111903505,2.68230581190963
"Ptger2","ENSMUSG00000037759",3,3.28037089007836,1.06553566842308,3.07861199516023,0.00207967344475556,1.19195935572631,5.36878242443041,0,0,"REML",0.0296192111903505,2.68200485363083
"Scrn1","ENSMUSG00000019124",2,2.4390633032543,0.792235087954682,3.07871153441492,0.00207897877477492,0.886311063574203,3.9918155429344,0,0,"REML",0.0296192111903505,2.6821499445527
"Lap3","ENSMUSG00000039682",4,0.342558794098328,0.111296886605414,3.07788298978046,0.0020847675606844,0.124420904760279,0.560696683436378,0,0,"REML",0.0296661885185762,2.68094235927029
"Mmachc","ENSMUSG00000028690",4,-0.617818109037563,0.200813676535386,-3.07657386536965,0.0020939441505238,-1.01140568265,-0.224230535425131,0,0,"REML",0.0297711284946675,-2.67903490596319
"Slco2b1","ENSMUSG00000030737",4,-0.513694956274037,0.167031732745402,-3.07543331935037,0.00210196923701677,-0.841071136730345,-0.186318775817729,59.2536252290046,0.0494564638748693,"REML",0.0298595303222305,-2.67737364429808
"Tmem135","ENSMUSG00000039428",4,-0.342868847419466,0.111564577163702,-3.07327698572606,0.00211721871306745,-0.561531400610763,-0.12420629422817,15.6850154167655,0.00838489060992376,"REML",0.0300503181774806,-2.6742342761459
"Cdca3","ENSMUSG00000023505",4,1.55338169588239,0.505586024087603,3.07243796678454,0.00212317957829423,0.562451297583891,2.54431209418089,0,0,"REML",0.0300832331157796,2.67301327170118
"Uhrf1","ENSMUSG00000001228",4,1.36456759943222,0.444125812748264,3.07247982500328,0.00212288182947076,0.494097001841048,2.2350381970234,0,0,"REML",0.0300832331157796,2.67307418022738
"Slc7a8","ENSMUSG00000022180",4,-0.267296324294276,0.0870204333683331,-3.07165011650637,0.00212879091878775,-0.437853239615276,-0.0967394089732751,0,0,"REML",0.0301110914120654,-2.67186699111017
"Smpdl3b","ENSMUSG00000028885",4,-1.0520407410565,0.342495424760103,-3.07169283149808,0.00212848633961657,-1.72331943845605,-0.380762043656948,0.000192604135123701,9.85747067186444e-07,"REML",0.0301110914120654,-2.67192913273053
"Tmem260","ENSMUSG00000036339",4,-0.47678298130536,0.155252464379176,-3.07101715397513,0.00213330894340485,-0.781072219999632,-0.172493742611089,0,0,"REML",0.0301491848194966,-2.67094624595698
"Zfp606","ENSMUSG00000030386",4,-0.703185932279554,0.229048880087538,-3.07002562951109,0.00214040402496114,-1.15211348795036,-0.254258376608746,27.0749414207227,0.0576023774908992,"REML",0.030223602475541,-2.66950424102017
"Prdx6","ENSMUSG00000026701",4,0.626661467560415,0.204199032969213,3.06887578480794,0.00214865909416785,0.226438717262851,1.02688421785798,0,0,"REML",0.0303142586633194,2.66783248412056
"Gm9794","ENSMUSG00000107176",3,1.29565196126514,0.422469229169119,3.06685522117984,0.00216323605826856,0.467627487517265,2.12367643501301,48.331666789722,0.26707026870129,"REML",0.0304938762104563,2.66489608656661
"Ap3m1","ENSMUSG00000021824",4,-0.452098761243768,0.147446475069107,-3.06618900880387,0.00216806215670669,-0.7410885420266,-0.163108980460936,0,0,"REML",0.0305358524219533,-2.66392827105995
"Ctse","ENSMUSG00000004552",4,3.29852895370149,1.07592662911598,3.06575640423703,0.00217120126402033,1.18975151062658,5.4073063967764,72.6677843613212,3.2280715064186,"REML",0.0305540171063713,2.66329991684863
"Gm18982","ENSMUSG00000105798",2,4.97570860796791,1.6233590053228,3.06506976685572,0.00217619226478357,1.79398342355644,8.15743379237937,0,0,"REML",0.0305981892821186,2.66230273772115
"Apol7c","ENSMUSG00000044309",2,4.42954108335646,1.44755168670461,3.06002274325722,0.00221320184191332,1.59239191165521,7.2666902550577,0,0,"REML",0.0308452134251121,2.65497897702084
"Basp1","ENSMUSG00000045763",4,-0.29023267653078,0.0947779383001605,-3.06223876290299,0.00219688141464898,-0.475994022128054,-0.104471330933506,7.370766857214,0.00336229052823491,"REML",0.0308452134251121,-2.65819338520673
"Bcar3","ENSMUSG00000028121",4,1.42410143317095,0.465169230967613,3.06146954347912,0.00220253398115893,0.512386493758235,2.33581637258366,0.676974019531055,0.00670576315660365,"REML",0.0308452134251121,2.65707738247734
"Cdc42ep1","ENSMUSG00000049521",4,-1.6292866639683,0.532400765562002,-3.06026356338617,0.00221142289616945,-2.67277298981137,-0.585800338125222,0,0,"REML",0.0308452134251121,-2.65532819821249
"Csk","ENSMUSG00000032312",4,-0.35104855766943,0.114671934677924,-3.06132933620953,0.00220356572169187,-0.57580141967569,-0.126295695663171,1.08643502256296,0.00086192275211371,"REML",0.0308452134251121,-2.65687399206013
"Hikeshi","ENSMUSG00000062797",3,0.848861863106501,0.277267244631163,3.06152955151881,0.00220209253646836,0.305428049536765,1.39229567667624,1.3283025082218,0.00478815099123816,"REML",0.0308452134251121,2.65716443503131
"Klrd1","ENSMUSG00000030165",4,-1.56923323905178,0.512537433386023,-3.06169488672234,0.00220087667978635,-2.57378814921698,-0.564678328886575,0,0,"REML",0.0308452134251121,-2.65740429128979
"Lgals1-ps2","ENSMUSG00000091135",2,4.0615782272586,1.32695976149403,3.06081491324624,0.00220735499126637,1.46078488579644,6.66237156872077,0,0,"REML",0.0308452134251121,2.65612781711002
"Naip6","ENSMUSG00000078942",4,0.436276564793113,0.142578184027408,3.05991107804576,0.00221402716125717,0.156828459118269,0.715724670467958,0,0,"REML",0.0308452134251121,2.65481705558387
"Rab7b","ENSMUSG00000052688",4,3.34175714675428,1.09216231559738,3.0597623622698,0.00221512675987292,1.20115834291155,5.482355950597,84.2050231037276,4.00352794816934,"REML",0.0308452134251121,2.65460141637628
"Sh3bgr","ENSMUSG00000040666",3,3.61904273088809,1.18246689218175,3.06058694312418,0.00220903614138961,1.30145020930085,5.93663525247533,10.5040250879257,0.531671697819392,"REML",0.0308452134251121,2.65579717870635
"Zbtb6","ENSMUSG00000066798",4,-0.672632321853635,0.219841644413509,-3.05962195492158,0.00221616538560668,-1.10351402720617,-0.241750616501096,0,0,"REML",0.0308452134251121,-2.65439783267275
"Kcne4","ENSMUSG00000047330",2,3.34853235097396,1.09455369527709,3.05926732093876,0.00221879068296288,1.20324652908564,5.49381817286229,0,0,"REML",0.0308557583107994,2.65388366645748
"Cnot11","ENSMUSG00000003135",4,-0.59841199366258,0.195693160760578,-3.05790959345131,0.00222886808232783,-0.981963540774119,-0.214860446551041,0.00284717868171335,5.73432143101048e-06,"REML",0.0309698314450279,-2.65191563489009
"Zfp248","ENSMUSG00000030145",4,-1.08909921881806,0.356212379746787,-3.05744348243102,0.0022323373366021,-1.78726265396907,-0.390935783667051,0,0,"REML",0.0309919707042045,-2.65124017695894
"Camkk1","ENSMUSG00000020785",4,-1.06452258773051,0.348354925109792,-3.05585628621441,0.00224418794986371,-1.74728569478285,-0.381759480678169,42.3205615650221,0.200012689176955,"REML",0.0311039683645964,-2.6489407738996
"Inafm2","ENSMUSG00000074918",4,-0.587208723994769,0.192174149195133,-3.05560725234963,0.00224605255486735,-0.963863135176857,-0.21055431281268,0,0,"REML",0.0311039683645964,-2.64858008599894
"Rpl24","ENSMUSG00000098274",4,0.840609683342942,0.27508788126774,3.05578595272537,0.00224471441790514,0.301447343474742,1.37977202321114,17.9033371028752,0.0820055741572132,"REML",0.0311039683645964,2.64883890393335
"Mib1","ENSMUSG00000024294",4,0.393475738194537,0.128790291541149,3.05516614246361,0.00224935878563167,0.141051405215471,0.645900071173603,0.00193655037590517,1.73622960771575e-06,"REML",0.0311236654082252,2.64794126657754
"4930512H18Rik","ENSMUSG00000086866",3,3.52530376519578,1.15460506695531,3.05325506191653,0.00226373439254679,1.26231941759591,5.78828811279565,43.5619504785681,1.74750292854638,"REML",0.0312963647692599,2.64517453093704
"Tbc1d10a","ENSMUSG00000034412",4,0.497598396811103,0.163085781361244,3.0511451866481,0.00227970310762807,0.177956138952492,0.817240654669714,0,0,"REML",0.0314907818069593,2.64212170875153
"Hells","ENSMUSG00000025001",4,1.42993312378072,0.468738108583655,3.0506013861374,0.0022838355859967,0.511223312775331,2.34864293478611,0,0,"REML",0.0315215102057239,2.64133516428981
"P4ha3","ENSMUSG00000051048",2,3.18680372276672,1.04643023208376,3.0454048679584,0.00232367276186416,1.13583815554866,5.23776928998478,0.731912927674938,0.0203846789215256,"REML",0.0320445723695807,2.63382503278914
"Pttg1ip","ENSMUSG00000009291",4,-0.335700961916529,0.110244494606319,-3.04505874071364,0.0023263486913316,-0.551776200838735,-0.119625722994324,0,0,"REML",0.0320547178728018,-2.63332518927588
"Zfp764l1","ENSMUSG00000078580",3,-1.04084500083538,0.34193997565476,-3.04394067655392,0.0023350118021946,-1.71103503799321,-0.370654963677549,0,0,"REML",0.0321472749867141,-2.63171091997366
"Exoc8","ENSMUSG00000074030",4,-0.558812389147849,0.183708658355377,-3.04184023850879,0.00235136658191444,-0.918874743172561,-0.198750035123137,0,0,"REML",0.0323454848458022,-2.62867965837321
"Psma1","ENSMUSG00000030751",4,-0.461550733272677,0.151876829087826,-3.03898057422423,0.00237380160460346,-0.759223848370962,-0.163877618174392,0,0,"REML",0.0326269353657685,-2.62455558092753
"Bhlhe40","ENSMUSG00000030103",4,2.75394847310637,0.90694004605945,3.03652759085008,0.00239320205037458,0.976378646692746,4.53151829951998,82.1194694534285,2.59237542541586,"REML",0.0328662436194834,2.62102063374827
"Camk1d","ENSMUSG00000039145",4,0.398271302421247,0.131282294545998,3.033701565002,0.00241573272819373,0.140962733303312,0.655579871539182,0,0,"REML",0.0330818492100374,2.61695111686031
"Fem1a","ENSMUSG00000043683",4,-0.394820483022101,0.130147151787854,-3.03364674215597,0.00241617172032895,-0.649904213216762,-0.13973675282744,0,0,"REML",0.0330818492100374,-2.61687220310509
"Gclc","ENSMUSG00000032350",4,-0.448798615104722,0.147944805386457,-3.0335543984284,0.00241691132476939,-0.738765105361966,-0.158832124847478,0,0,"REML",0.0330818492100374,-2.61673928334072
"Zfr","ENSMUSG00000022201",4,0.242764688681958,0.0800069338192712,3.03429561780661,0.00241098054917453,0.0859539798827066,0.399575397481209,0,0,"REML",0.0330818492100374,2.61780629332236
"Tecpr1","ENSMUSG00000066621",4,0.542304620227906,0.178797478680929,3.03306637335568,0.00242082348442548,0.191868001486716,0.892741238969096,41.0726258729726,0.0502774152492356,"REML",0.0331079675382396,2.61603687620666
"Jam3","ENSMUSG00000031990",4,-1.2925807991971,0.42640938353259,-3.03131415281886,0.00243491763615794,-2.12832783359091,-0.456833764803302,29.1185328866054,0.212145746798195,"REML",0.0332731797079945,-2.61351572470277
"Ccdc82","ENSMUSG00000079084",4,0.471806605901893,0.155669723561233,3.03081803647135,0.00243892181436243,0.166699554238571,0.776913657565215,0,0,"REML",0.0333003531364312,2.61280212184093
"Zfp106","ENSMUSG00000027288",4,0.347806282525268,0.114787262935687,3.03000763002893,0.00244547560630004,0.122827381287393,0.572785183763144,0,0,"REML",0.03336226465044,2.6116366649229
"Map1s","ENSMUSG00000019261",4,-0.446844055382434,0.147625326313556,-3.0268793745684,0.00247092540219839,-0.736184378162977,-0.15750373260189,0.000359738974530736,4.35580235773217e-07,"REML",0.0336816489849172,-2.60714036584949
"Mfsd1","ENSMUSG00000027775",4,0.317879497537182,0.105044869768612,3.02613062624944,0.00247705264881369,0.111995336030001,0.523763659044362,0,0,"REML",0.0337373345515671,2.60606476255172
"Eif4b","ENSMUSG00000058655",4,0.612429257599166,0.202468011832472,3.02481983230965,0.00248781277565726,0.215599246386092,1.00925926881224,48.2696237174059,0.0706405587220112,"REML",0.0338559760021694,2.60418230627962
"Dynlt2b","ENSMUSG00000014075",3,0.797370966531783,0.263642460672798,3.02444061740641,0.00249093366425742,0.280641238817581,1.31410069424598,10.3896229072591,0.0343127688000196,"REML",0.0338705473804089,2.60363783795147
"Cks1b","ENSMUSG00000028044",4,1.31361300970985,0.434579546508996,3.02272166341509,0.00250512539472722,0.461852750134465,2.16537326928523,0,0,"REML",0.0340075403831458,2.60117053052523
"Gm12366","ENSMUSG00000082762",3,0.937518038345002,0.310132836334692,3.02295638676984,0.00250318316163977,0.329668848705751,1.54536722798425,0,0,"REML",0.0340075403831458,2.60150737125509
"Dnajb4","ENSMUSG00000028035",4,-0.734661735083704,0.243137276747928,-3.02159234861121,0.00251448926742429,-1.21120204080879,-0.258121429358618,38.7630498561583,0.0870502075378543,"REML",0.0341066315165162,-2.59955021373498
"Cmya5","ENSMUSG00000047419",4,-0.62501077102237,0.206932103967366,-3.02036638607287,0.00252469074476708,-1.0305902420435,-0.219431300001234,4.71619024108596,0.0120854064783379,"REML",0.0342169120543863,-2.59779181202717
"Susd3","ENSMUSG00000021384",4,-0.555138767016294,0.183876854086655,-3.01907909929042,0.00253544324706679,-0.915530778616664,-0.194746755415923,41.9344259257085,0.0488320860081323,"REML",0.0343344736760578,-2.59594610618161
"Rpl17","ENSMUSG00000062328",4,0.758671831437636,0.251443013473048,3.0172714722056,0.00255061277971035,0.265852580866243,1.25149108200903,61.9870366768346,0.126989421390654,"REML",0.0345116082994224,2.59335546863426
"Mrps21","ENSMUSG00000054312",4,0.393087248042695,0.13029517946545,3.01689785957837,0.00255375845397103,0.137713388931231,0.648461107154159,0,0,"REML",0.0345258947774594,2.59282018266713
"Ptprd","ENSMUSG00000028399",4,1.59450809847163,0.528616246866088,3.01638117996696,0.00255811454332021,0.558439292971368,2.6305769039719,0,0,"REML",0.0345565088881383,2.59208001325135
"Prpf19","ENSMUSG00000024735",4,-0.485143853016061,0.160926860690633,-3.01468537280862,0.00257245956918829,-0.800554704114796,-0.169733001917327,0,0,"REML",0.0347218991360782,-2.58965144222789
"Ckap2","ENSMUSG00000037725",4,1.99326787331496,0.661306436188012,3.01413650955041,0.00257711819923672,0.697131075641917,3.28940467098799,0,0,"REML",0.0347543677811827,2.58886566212467
"Cyth4","ENSMUSG00000018008",4,-0.250566535544992,0.0831367966693328,-3.01390654419357,0.00257907238664306,-0.413511662806914,-0.0876214082830704,0,0,"REML",0.0347543677811827,-2.58853646837836
"B4gat1","ENSMUSG00000047379",4,-0.632380234926091,0.210057780666413,-3.01050612321928,0.00260812689189764,-1.04408591970467,-0.220674550147507,0,0,"REML",0.035100357335013,-2.58367128291315
"Mir6236","ENSMUSG00000098973",3,0.653595928658714,0.217112304097723,3.01040482885083,0.00260899696189068,0.228063632026669,1.07912822529076,0,0,"REML",0.035100357335013,2.58352642662415
"Smg8","ENSMUSG00000020495",4,-0.496240079506688,0.164888431505853,-3.00955060931048,0.00261634485919669,-0.819415466725459,-0.173064692287918,0,0,"REML",0.0351705723505195,-2.5823050124215
"Rpl41","ENSMUSG00000093674",3,0.99373135227672,0.330336999896103,3.00823508292825,0.00262769787369871,0.346282729719348,1.64117997483409,81.3589292575141,0.233507598211514,"REML",0.0352944687572166,2.58042457036355
"Sat1","ENSMUSG00000025283",4,0.415897786774206,0.138269969895567,3.00786777554321,0.00263087577512799,0.144893625635457,0.686901947912955,0,0,"REML",0.0353084473443457,2.57989965797668
"Scamp2","ENSMUSG00000040188",4,-0.329586157723091,0.109621262089601,-3.00658970203879,0.0026419609209688,-0.544439883358536,-0.114732432087646,0,0,"REML",0.0354284386163357,-2.57807361061745
"Rnf167","ENSMUSG00000040746",4,-0.847298555189319,0.281906389975389,-3.00560251671943,0.00265055230501805,-1.39982492655279,-0.294772183825852,56.6856648029033,0.150274236783625,"REML",0.035514821274293,-2.57666362114645
"Il1b","ENSMUSG00000027398",4,1.932894352468,0.643184840199833,3.00519264705845,0.00265412685968634,0.672275230274179,3.19351347466182,63.6613022229146,0.901464935100168,"REML",0.0355338977705656,2.57607832293916
"Gm30708","ENSMUSG00000107149",2,-3.07557153601941,1.02412419299973,-3.00312360262758,0.00267223876023937,-5.08281806999503,-1.06832500204379,0,0,"REML",0.0357184923607724,-2.57312474094876
"Pcp4l1","ENSMUSG00000038370",4,1.33090970905534,0.443162521395279,3.00320908199778,0.00267148826376631,0.462327127822628,2.19949229028804,0,0,"REML",0.0357184923607724,2.57324672939525
"Cstf2t","ENSMUSG00000053536",4,-0.469246268091751,0.156418463193709,-2.99994168534078,0.00270031299193509,-0.775820822468525,-0.162671713714977,0,0,"REML",0.0360645682617297,-2.56858589406614
"Dock2","ENSMUSG00000020143",4,0.312114009001827,0.104061908059483,2.99931084122943,0.00270591087611949,0.108156417042722,0.516071600960931,0,0,"REML",0.0361101402135461,2.56768651174687
"Esr1","ENSMUSG00000019768",4,-0.797887224056965,0.266090955709151,-2.99855070958928,0.00271267009660735,-1.31941591385874,-0.276358534255186,0,0,"REML",0.0361419537629436,-2.5666030200736
"Ets1","ENSMUSG00000032035",4,-0.458057877890457,0.152753886150656,-2.99866595497734,0.00271164432373447,-0.757449993244275,-0.158665762536639,8.76173509938083,0.0102061380026616,"REML",0.0361419537629436,-2.56676727585569
"Dock6","ENSMUSG00000032198",4,0.988678077208086,0.329851487862208,2.99734308799327,0.00272344020343179,0.342181040751207,1.63517511366496,37.9785066234401,0.162476796648156,"REML",0.0362270173920262,2.56488215576985
"Ncor1","ENSMUSG00000018501",4,0.299046975106847,0.0997670592699638,2.99745203772764,0.00272246694030047,0.103507132094245,0.494586818119449,0,0,"REML",0.0362270173920262,2.56503738530304
"Psme2b","ENSMUSG00000078153",4,0.513651904503731,0.171400583909294,2.99679203412491,0.00272836771611829,0.177712933112379,0.849590875895083,33.9995843687917,0.0388731219600334,"REML",0.0362633652759375,2.56409709797487
"Hlf","ENSMUSG00000003949",4,-1.58609814412934,0.529450219373658,-2.99574556037714,0.00273774769127526,-2.62380150570854,-0.54839478255014,66.5580164482279,0.677440586624392,"REML",0.0363295820141033,-2.56260657860377
"Mcoln2","ENSMUSG00000011008",3,3.85152380915686,1.28566209232722,2.9957512414363,0.00273769669016653,1.3316724119071,6.37137520640663,32.5801291254945,1.72375941784655,"REML",0.0363295820141033,2.56261466908869
"Stag2","ENSMUSG00000025862",4,-0.284453101615794,0.0950494859723253,-2.99268427078728,0.00276535669159368,-0.470746670870597,-0.0981595323609916,0.00181039054082472,8.92212977937747e-07,"REML",0.036666499118635,-2.55824884294883
"Ptgs2","ENSMUSG00000032487",3,2.10837077035251,0.705103754141444,2.99015677901152,0.00278834291563294,0.726392806871295,3.49034873383373,38.4350288931023,0.576487940071163,"REML",0.0369416305606831,2.5546538169409
"Anpep","ENSMUSG00000039062",3,1.46576860820198,0.490321261100776,2.98940454858374,0.00279521767968076,0.504756595590196,2.42678062081376,0,0,"REML",0.0370030378894277,2.5535843654509
"Ripk4","ENSMUSG00000005251",2,3.51308546118918,1.17545671881056,2.98869826933659,0.00280168657492267,1.20923262693486,5.81693829544351,0,0,"REML",0.0370589783060828,2.55258045091859
"Rufy3","ENSMUSG00000029291",4,0.744420127691972,0.249281994598683,2.98625710569432,0.00282415091700238,0.255836396284245,1.2330038590997,42.9109040032238,0.101052217679591,"REML",0.037326237839837,2.54911209916765
"Cep128","ENSMUSG00000061533",4,0.731984809745265,0.245315759210495,2.98384747926928,0.00284648623005254,0.251174756852595,1.21279486263793,0,0,"REML",0.0375913661124685,2.54569091275764
"Uspl1","ENSMUSG00000041264",4,-0.369951483958962,0.124018475943797,-2.983035238448,0.00285405132250156,-0.613023230226351,-0.126879737691573,0.00175214787938467,1.2163097321383e-06,"REML",0.0376611676509971,-2.54453822152312
"Neat1","ENSMUSG00000092274",4,0.734435374255021,0.246265239584144,2.98229411302718,0.0028609700676342,0.251764374025971,1.21710637448407,48.3987202795079,0.111944798610152,"REML",0.0377223355845049,2.54348668589599
"Dync2h1","ENSMUSG00000047193",4,0.747514402666397,0.250766016872268,2.98092385878249,0.00287380235921577,0.256022041050188,1.23900676428261,0,0,"REML",0.0378613148138786,2.54154310302624
"Pabir1","ENSMUSG00000074922",3,-0.77323617004162,0.259428768921301,-2.98053362877494,0.00287746642391093,-1.28170721368093,-0.264765126402306,0,0,"REML",0.0378793807087111,-2.54098973528993
"Rab37","ENSMUSG00000020732",3,2.87291879218634,0.964529018828729,2.97857165114126,0.0028959531170599,0.98247665323828,4.76336093113441,0,0,"REML",0.0380923896870595,2.5382084732646
"Gm14393","ENSMUSG00000078905",2,3.99757180516041,1.34265196044937,2.97737010254131,0.0029073281442227,1.36602231890756,6.62912129141326,0,0,"REML",0.0382115897141632,2.53650594752699
"Mob3a","ENSMUSG00000003348",4,-0.588723455530876,0.197818506456128,-2.97607876066663,0.00291959869557041,-0.97644060366039,-0.201006307401361,41.6956611681917,0.0623059446203904,"REML",0.0383423609296652,-2.53467683905728
"Med12l","ENSMUSG00000056476",4,-0.514317068246018,0.172834268120147,-2.97578179281256,0.00292242721121747,-0.853066009055847,-0.17556812743619,0,0,"REML",0.0383490229996218,-2.53425629698743
"Ccl11","ENSMUSG00000020676",2,4.08126115908647,1.37173463175361,2.97525561038656,0.00292744505811216,1.39271068450308,6.76981163366985,0,0,"REML",0.0383828469848656,2.53351124695846
"Cyyr1","ENSMUSG00000041134",2,2.86523300928253,0.963132830888884,2.9749095009441,0.00293074995611967,0.977527348412211,4.75293867015285,0,0,"REML",0.0383828469848656,2.53302123284432
"F2r","ENSMUSG00000048376",4,2.25350872088623,0.757588924479927,2.97457981244014,0.00293390122149281,0.768661713819137,3.73835572795332,0.793975031344253,0.0205980591682146,"REML",0.0383828469848656,2.5325545120615
"Mycbpap","ENSMUSG00000039110",4,2.2675372172748,0.762315681621336,2.9745383335839,0.00293429790823106,0.77342593644688,3.76164849810272,0,0,"REML",0.0383828469848656,2.53249579596891
"Tcf7","ENSMUSG00000000782",3,2.58299569052607,0.868589196896068,2.97378288810924,0.00294153124735386,0.880592147249212,4.28539923380294,1.09279255743188,0.0253862720455876,"REML",0.0384470235265294,2.53142653382038
"Rab3d","ENSMUSG00000019066",4,0.989072407327611,0.33275073328116,2.97241240484927,0.00295469508047688,0.336892954267243,1.64125186038798,1.03165562985895e-05,5.44454170153421e-08,"REML",0.0385885513237617,2.52948733092455
"Cyp39a1","ENSMUSG00000023963",3,3.41737463074457,1.15010237152845,2.97136560652681,0.00296478602502213,1.16321540401469,5.67153385747444,0,0,"REML",0.0386897550706087,2.52800664513462
"Pip5k1c","ENSMUSG00000034902",4,0.410438947850858,0.138153146786553,2.97089829220457,0.00296930099386686,0.139663755798339,0.681214139903377,0,0,"REML",0.0387180913336026,2.52734577635148
"Ptgfrn","ENSMUSG00000027864",4,0.990321156115694,0.333413786271199,2.97024657315809,0.00297560806909718,0.336842143075008,1.64380016915638,63.3528228916377,0.25883328750154,"REML",0.0387434192422834,2.52642427226516
"Tafazzin","ENSMUSG00000009995",3,-0.496413751938565,0.167130692983583,-2.97021296972261,0.00297593360077826,-0.823983890897609,-0.168843612979522,0,0,"REML",0.0387434192422834,-2.52637676302445
"Gm19412","ENSMUSG00000101438",3,2.42218706870144,0.815587899804648,2.9698663617761,0.00297929324533766,0.82366415885767,4.02070997854522,0,0,"REML",0.0387565689547864,2.52588674802223
"Lacc1","ENSMUSG00000044350",4,0.4017487725156,0.13528603160503,2.96962493281281,0.00298163544225734,0.136593022958393,0.666904522072807,0,0,"REML",0.0387565689547864,2.52554545782958
"Prelid1","ENSMUSG00000021486",4,0.384752604908375,0.12958003493922,2.96922751324187,0.00298549462419652,0.130780403312062,0.638724806504687,0,0,"REML",0.0387762238100241,2.52498370648987
"Dennd10","ENSMUSG00000024993",3,-0.546376852735227,0.184040168322943,-2.96879131177753,0.00298973564702945,-0.907088954356884,-0.18566475111357,0,0,"REML",0.0388008033185967,-2.52436721037519
"Gmeb1","ENSMUSG00000028901",4,-0.319327429770809,0.107579335904564,-2.96829709056849,0.00299454741509727,-0.530179053624491,-0.108475805917126,0,0,"REML",0.0388327455610847,-2.52366880598866
"Hhex","ENSMUSG00000024986",4,-0.378010844623484,0.127466750903766,-2.96556428985055,0.00302128190481125,-0.627841085621203,-0.128180603625764,0,0,"REML",0.0391487045877542,-2.51980875039966
"Clic4","ENSMUSG00000037242",4,1.1684789390635,0.394091472099208,2.96499422542527,0.00302688611198244,0.396073847134677,1.94088403099232,68.1754842222925,0.394355286439488,"REML",0.0391600524522775,2.51900391927074
"Nrdc","ENSMUSG00000053510",3,0.433343152384419,0.146153179612449,2.96499298567096,0.00302689831012398,0.146888184118006,0.719798120650832,0,0,"REML",0.0391600524522775,2.51900216909756
"Slc27a1","ENSMUSG00000031808",4,0.613460472111097,0.20701418749185,2.9633740544244,0.00304286554837293,0.207720120338249,1.01920082388395,0,0,"REML",0.0393358229457505,2.51671723689249
"Apaf1","ENSMUSG00000019979",4,0.521958708958628,0.176251581032981,2.96144128693494,0.00306202868452061,0.176511957915743,0.867405460001514,0,0,"REML",0.0395216999195039,2.513990745228
"Mrpl49","ENSMUSG00000007338",4,-0.690194024023548,0.233044957165199,-2.9616346666291,0.00306010640708202,-1.14695374684602,-0.233434301201078,0.00119717266990572,4.03113081986435e-06,"REML",0.0395216999195039,-2.51426347181741
"Cacnb3","ENSMUSG00000003352",3,2.42522630519375,0.819001171080916,2.96120004565188,0.00306442827053636,0.82001350657903,4.03043910380848,0.000144264880155425,3.46485551669245e-06,"REML",0.0395217950488143,2.51365053977927
"B4galt3","ENSMUSG00000052423",4,-0.595431855605709,0.201122605718951,-2.96054167296225,0.00307098572070425,-0.989624919291702,-0.201238791919717,25.2150772109787,0.0420943028140493,"REML",0.039544625948367,-2.51272220291016
"Zbtb49","ENSMUSG00000029127",4,-0.640475348850502,0.216320655511874,-2.96076834334179,0.0030687266206791,-1.06445604276587,-0.216494654935133,0,0,"REML",0.039544625948367,-2.51304179922501
"Map3k3","ENSMUSG00000020700",4,-0.358513135741756,0.121113965747188,-2.96013043194468,0.00307508820776669,-0.595892146631062,-0.121134124852451,0,0,"REML",0.0395666139256336,-2.51214242213347
"Gm6305","ENSMUSG00000081052",2,4.43282885840596,1.49833788521608,2.95849748053769,0.00309142768832076,1.49614056671053,7.36951715010139,0,0,"REML",0.0397355205348043,2.50984090764175
"Usp35","ENSMUSG00000035713",4,0.501677329358062,0.169580790758088,2.958338188632,0.00309302581004529,0.169305087002388,0.834049571713737,0,0,"REML",0.0397355205348043,2.50961645597048
"Ifi214","ENSMUSG00000070501",3,2.89228197642348,0.978183094570956,2.95678998387523,0.00310859771110736,0.975078340778471,4.80948561206849,33.8999352882212,0.995436452245816,"REML",0.0398646300682254,2.50743547710463
"Psmb8","ENSMUSG00000024338",4,0.433558552604346,0.146639945081038,2.95661971480381,0.00311031463942513,0.146149541550579,0.720967563658112,28.6692072449444,0.025044699526496,"REML",0.0398646300682254,2.50719567552161
"Tmem123","ENSMUSG00000050912",4,0.445591930402162,0.150700532807503,2.95680394820726,0.00310845693846221,0.150224313648459,0.740959547155864,0,0,"REML",0.0398646300682254,2.50745514454732
"Cox11","ENSMUSG00000020544",4,-0.907605998001687,0.307015206314347,-2.95622490135686,0.0031142991147175,-1.50934474508394,-0.305867250919433,0,0,"REML",0.0398847563366262,-2.50663967769188
"Parvg","ENSMUSG00000022439",4,-0.270473713212272,0.0915691735706852,-2.95376383410827,0.00313924141373,-0.449945995504912,-0.0910014309196326,0,0,"REML",0.0401730498808933,-2.50317528493095
"Myo9b","ENSMUSG00000004677",4,0.560433703552823,0.189793706511385,2.95285715134714,0.00314847622429151,0.188444874298144,0.932422532807502,52.7569127272204,0.0670997522480118,"REML",0.0402600431126316,2.50189958192298
"Lrpap1","ENSMUSG00000029103",4,0.420976695956124,0.142676520109522,2.95056744889048,0.003171907805514,0.141335855101956,0.700617536810291,12.4832592149937,0.0114452666177828,"REML",0.0405282976449318,2.49867944434889
"Qki","ENSMUSG00000062078",3,-0.191705736440621,0.0649966978267309,-2.94946886304398,0.00318320646977843,-0.319096923295047,-0.0643145495861958,0,0,"REML",0.0406412319066534,-2.49713519116934
"Rnf103","ENSMUSG00000052656",4,-0.441939301299402,0.149877452069836,-2.94867103220755,0.00319143492802719,-0.73569370945091,-0.148184893147894,13.6431110580487,0.0139840655463921,"REML",0.0407148235103762,-2.49601400621986
"Sft2d1rt","ENSMUSG00000069899",2,-0.575492467492575,0.195249731524945,-2.94746867510571,0.00320387210761418,-0.958174909272581,-0.192810025712568,0,0,"REML",0.0408419530014614,-2.49432482843861
"Eef1d","ENSMUSG00000055762",3,0.409287519828185,0.138872572484376,2.94721637617991,0.00320648748730443,0.13710227931838,0.68147276033799,0,0,"REML",0.0408437777777614,2.49397045049343
"Myadm","ENSMUSG00000068566",4,-0.492531339384251,0.167159455452635,-2.94647609404191,0.00321417262917267,-0.820157851746743,-0.164904827021759,0,0,"REML",0.0409101278941153,-2.49293080153542
"Glt28d2","ENSMUSG00000031286",2,4.07524551641879,1.38323169133788,2.94617708800264,0.00321728147722655,1.36416121912213,6.78632981371545,0,0,"REML",0.0409181734297612,2.49251094138009
"Ebag9","ENSMUSG00000022339",4,0.443164382703019,0.150451153770098,2.94556985172883,0.00322360351430562,0.148285539881129,0.738043225524909,0,0,"REML",0.0409670412768025,2.4916583794408
"Arhgef10l","ENSMUSG00000040964",4,-0.461932590474434,0.156846607467788,-2.94512325087619,0.00322826037153392,-0.769346292208589,-0.154518888740278,0,0,"REML",0.0409946883920922,-2.49103144502797
"Lrrc3","ENSMUSG00000051652",4,-0.340979587440122,0.115832528804167,-2.94372911444075,0.0032428369635541,-0.568007172134487,-0.113952002745757,0.706990232316092,0.000463950750688816,"REML",0.0411481639591992,-2.48907488531059
"Clcn5","ENSMUSG00000004317",4,-0.477727093989017,0.162301519125783,-2.94345423605543,0.00324571806152346,-0.795832226111691,-0.159621961866343,0,0,"REML",0.0411525454869211,-2.48868920775147
"Dip2b","ENSMUSG00000023026",4,-0.428099551627083,0.145452735620414,-2.94322103878671,0.00324816411324648,-0.71318167489592,-0.143017428358246,40.2391137057995,0.0310971598474137,"REML",0.0411525454869211,-2.48836203618062
"Got1","ENSMUSG00000025190",4,0.564423390864637,0.191959321956588,2.94032811280861,0.00327864854768533,0.188190033332994,0.940656748396279,0,0,"REML",0.0415069369013865,2.48430513471257
"Oard1","ENSMUSG00000040771",4,-0.524641278788535,0.178514923799497,-2.93892111439264,0.00329356890845128,-0.874524100138461,-0.174758457438609,1.03197226255081,0.00168318969952218,"REML",0.0416478472708489,-2.48233324576518
"Pml","ENSMUSG00000036986",4,0.730407029269843,0.248538929413169,2.93880331340617,0.00329482091780156,0.24327967886389,1.2175343796758,54.9231454579967,0.1254099580271,"REML",0.0416478472708489,2.48216818547791
"Sri","ENSMUSG00000003161",4,0.449229663305859,0.152956015158114,2.93698592266202,0.00331419147801254,0.149441382377193,0.749017944234525,0,0,"REML",0.0418606708014106,2.47962240374952
"Yod1","ENSMUSG00000046404",4,-0.66940058083073,0.227997835025492,-2.93599533853418,0.00332479318626981,-1.1162681260338,-0.22253303562766,0,0,"REML",0.0419624967382457,-2.47823536415193
"Gm4705","ENSMUSG00000093686",3,1.09548089012126,0.373355560999722,2.93414911830409,0.00334463479026203,0.363717437134061,1.82724434310846,0,0,"REML",0.0421806957022283,2.47565129709887
"Hes1","ENSMUSG00000022528",4,-1.10008686855787,0.375007075109479,-2.93350963641609,0.00335153250160907,-1.83508722972015,-0.365086507395582,0,0,"REML",0.0422354450488813,-2.4747565646632
"Cyrib","ENSMUSG00000022378",3,-0.312137408979017,0.106501193127295,-2.93083485558642,0.00338052440493229,-0.520875911819059,-0.103398906138974,0,0,"REML",0.0425683259861939,-2.47101592442564
"Bmp2k","ENSMUSG00000034663",4,-0.249645428002739,0.0852953593595745,-2.92683482286913,0.00342430692975552,-0.416821260395906,-0.0824695956095715,0,0,"REML",0.0430540142971773,-2.46542731527845
"Upk1b","ENSMUSG00000049436",4,-1.35239995995268,0.462038055529169,-2.92703153726978,0.00342214177319489,-2.25797790827677,-0.446822011628595,83.094635698386,0.678219288164978,"REML",0.0430540142971773,-2.46570200238089
"Grk2","ENSMUSG00000024858",3,-0.271615936517306,0.0928142155603451,-2.92644758001223,0.00342857280069818,-0.453528456268919,-0.0897034167656922,0,0,"REML",0.0430748678633723,-2.46488662449646
"Gm16835","ENSMUSG00000087479",4,2.44817978067355,0.836724690501757,2.92590837639254,0.00343452073052984,0.80822952231468,4.08813003903242,0,0,"REML",0.0431168062227079,2.46413385790815
"Bcl2a1d","ENSMUSG00000099974",3,1.2505135340031,0.427473519192335,2.92535906403235,0.00344058982645067,0.412680832041537,2.08834623596467,52.9742869452189,0.28455035556868,"REML",0.0431602008525372,2.46336709916838
"H2bc26","ENSMUSG00000080712",3,2.78042622071492,0.950759425920679,2.92442666873638,0.00345091377856118,0.916971987948412,4.64388045348143,0,0,"REML",0.0432312882221563,2.46206589146565
"Sdf4","ENSMUSG00000029076",4,0.475972488241677,0.162760432284772,2.92437468714078,0.00345149017402241,0.156967902855354,0.794977073628,33.0753004270719,0.0340102647792076,"REML",0.0432312882221563,2.46199335865809
"Rragd","ENSMUSG00000028278",4,1.28209387530308,0.438474935120352,2.92398441190527,0.00345582052198052,0.422698794343658,2.14148895626251,0,0,"REML",0.0432527354876062,2.46144882068895
"Inip","ENSMUSG00000038544",4,-0.564647849527123,0.193286209015144,-2.9213043827813,0.00348569094243767,-0.943481857905087,-0.18581384114916,35.8485369681989,0.0528427174462643,"REML",0.0435935655261262,-2.45771112208664
"Actn1","ENSMUSG00000015143",4,-0.533179966878424,0.182567836684978,-2.92044851141239,0.00349527948940976,-0.891006351516371,-0.175353582240477,1.33602295942457,0.00260504246272826,"REML",0.0436804178854302,-2.45651809149044
"Bbs9","ENSMUSG00000035919",4,-0.537979417336397,0.184275563744832,-2.91942895956266,0.00350673311483081,-0.899152885507081,-0.176805949165712,0,0,"REML",0.0437573548263745,-2.45509728549198
"Nutf2-ps1","ENSMUSG00000071497",4,0.549104007401834,0.188072878124055,2.91963420179936,0.00350442468570928,0.180487939809895,0.917720074993774,0,0,"REML",0.0437573548263745,2.45538326908958
"Stx11","ENSMUSG00000039232",3,2.43652086341523,0.834731626276203,2.91892721770316,0.0035123822029258,0.800476939157322,4.07256478767313,29.355829735595,0.624559242716824,"REML",0.0437845477104603,2.45439823206257
"Tnfrsf13b","ENSMUSG00000010142",4,-0.383540573434376,0.131405098431084,-2.91876478168407,0.00351421283603114,-0.641089833744242,-0.125991313124511,0,0,"REML",0.0437845477104603,-2.45417193927933
"Ano1","ENSMUSG00000031075",3,2.78390800427444,0.954182223579573,2.91758527404831,0.00352753179769546,0.91374521137013,4.65407079717875,0,0,"REML",0.043826564422897,2.45252906276102
"Crtam","ENSMUSG00000032021",2,3.47151011935793,1.18977182000891,2.91779487543412,0.00352516163514596,1.13960020231979,5.80342003639607,0,0,"REML",0.043826564422897,2.4528209650151
"Cxcl9","ENSMUSG00000029417",4,2.60752600434699,0.893577696544679,2.9180741802642,0.00352200552127315,0.856145901731156,4.35890610696282,66.8310856875601,1.93491408956137,"REML",0.043826564422897,2.45320996754632
"Gm15326","ENSMUSG00000086111",4,1.49126371633735,0.511139726909014,2.91752653497584,0.00352819627640294,0.489448260528047,2.49307917214666,0.000391057063279732,4.83617601070072e-06,"REML",0.043826564422897,2.45244726271605
"Masp1","ENSMUSG00000022887",4,1.12664086240318,0.386223275738523,2.91707137600356,0.00353334906921811,0.369657151964588,1.88362457284176,0,0,"REML",0.0438575957720154,2.45181345530601
"Selenow","ENSMUSG00000041571",3,1.37126549176797,0.47080351394533,2.91260674814589,0.00358425669023746,0.44850756064022,2.29402342289571,62.3077862976005,0.387693033431956,"REML",0.0444560846692291,2.44560089544916
"Twf2","ENSMUSG00000023277",4,-0.287465656193987,0.0987064121610991,-2.91233011007242,0.00358743288083635,-0.480926669072908,-0.0940046433150668,0.00216959921864053,1.25232318011588e-06,"REML",0.0444620994930963,-2.44521621562522
"Cd9","ENSMUSG00000030342",4,0.486809864803834,0.167217141532999,2.91124378960734,0.00359993013482119,0.15907028980142,0.814549439806249,53.2179151080413,0.0512617954184057,"REML",0.0445835425467623,2.44370592766495
"4933427I04Rik","ENSMUSG00000073761",2,3.6245892357719,1.24524563544827,2.91074237290308,0.00360571188170758,1.1839526383876,6.0652258331562,0,0,"REML",0.0446177281824497,2.44300897899566
"Capn1","ENSMUSG00000024942",4,1.25509202187396,0.431223644316661,2.91053618792829,0.00360809181355564,0.409909209731193,2.10027483401672,26.6868885425644,0.20069387426574,"REML",0.0446177281824497,2.44272241968518
"Mfsd12","ENSMUSG00000034854",4,0.855269680679999,0.293890535283584,2.91016408491931,0.00361239050410946,0.279254816126976,1.43128454523302,63.8655334954373,0.200003874584214,"REML",0.0446374745836892,2.44220530802273
"Cd69","ENSMUSG00000030156",4,3.92540722877032,1.34905538357054,2.90974505315042,0.00361723691128969,1.2813072638222,6.56950719371844,81.144991805469,5.82293385997325,"REML",0.0446639544180994,2.44162304614677
"Zfp597","ENSMUSG00000039789",4,-0.560819073599539,0.192770145797035,-2.90926310856255,0.00362281826231253,-0.938641616656263,-0.182996530542814,0.000657718517566824,1.18512183802538e-06,"REML",0.0446994626674124,-2.44095345168296
"Pip4p2","ENSMUSG00000028221",3,-0.700497309645644,0.240891848072596,-2.90793281404251,0.00363826493758586,-1.17263665603723,-0.228357963254061,19.0370004458329,0.0407004397361962,"REML",0.0448565485327283,-2.43910567890032
"Larp1","ENSMUSG00000037331",4,0.296149751104212,0.101850376711744,2.90769421444923,0.00364104175582307,0.0965266809373573,0.495772821271067,0,0,"REML",0.0448573086114489,2.43877434050589
"Ehmt2","ENSMUSG00000013787",4,0.379882513047773,0.130675520968748,2.90706714028425,0.00364834882592815,0.123763198288018,0.636001827807527,0,0,"REML",0.0449138382661393,2.43790364459438
"Slc39a14","ENSMUSG00000022094",4,0.632434215487748,0.217693684650521,2.90515646562296,0.00367069552368431,0.205762433910907,1.05910599706459,5.60615658751758,0.0124864821911061,"REML",0.045155294673707,2.43525163779724
"Eid2b","ENSMUSG00000070705",4,-0.838819347098053,0.288969082763121,-2.90279963197885,0.00369843177958625,-1.40518834195934,-0.272450352236761,0.308455403343808,0.00107688641250118,"REML",0.0454626424334409,-2.43198238778335
"Cbfa2t3","ENSMUSG00000006362",4,-0.644729266938358,0.222196360185792,-2.90161938926119,0.00371239287337153,-1.0802261303984,-0.209232403478316,37.5380459037371,0.0719013223007189,"REML",0.0455077833846326,-2.43034606970837
"Ccl5","ENSMUSG00000035042",4,4.61347463273164,1.58969530425641,2.90211251198834,0.00370655390689873,1.49772908999663,7.72922017546665,91.3941917139001,8.94199990109154,"REML",0.0455077833846326,2.43102967926046
"Mospd2","ENSMUSG00000061778",4,0.415587397991905,0.143222263881143,2.90169549572818,0.00371149116675109,0.134876919000573,0.696297876983237,0,0,"REML",0.0455077833846326,2.43045156871922
"Zfp35","ENSMUSG00000063281",4,-0.588807519911408,0.202928065413077,-2.90155784372576,0.00371312220824918,-0.986539219573427,-0.191075820249388,0,0,"REML",0.0455077833846326,-2.43026075680809
"Gm7052","ENSMUSG00000092147",2,5.90243695843037,2.03452454290516,2.90113824333724,0.00371809808342248,1.91484212867344,9.8900317881873,0,0,"REML",0.0455349877214402,2.42967915772515
"Tada2b","ENSMUSG00000029196",4,-0.540107496523208,0.186190634349784,-2.90083063742371,0.00372174971025965,-0.905034434107451,-0.175180558938966,0.00254591710053052,4.18025376825552e-06,"REML",0.0455459458986664,-2.42925283676895
"Itgb3","ENSMUSG00000020689",4,-0.432296262523332,0.149112967610491,-2.89911916750638,0.0037421263720338,-0.724552308667781,-0.140040216378883,19.1325685218677,0.0183232280634812,"REML",0.0457614136138937,-2.42688155041425
"Tnfrsf1a","ENSMUSG00000030341",4,-0.358354806346002,0.123622181296511,-2.89879051305913,0.00374605089962158,-0.600649829377446,-0.116059783314559,0,0,"REML",0.0457755228643848,-2.42642632592645
"Misfa","ENSMUSG00000056509",3,2.77065782665638,0.956079543593908,2.89793652130811,0.00375626607981174,0.896776354856826,4.64453929845593,0,0,"REML",0.0458635167643603,2.42524365152279
"Snrpa","ENSMUSG00000061479",4,-0.32987534114475,0.113839435516078,-2.89772467378548,0.00375880404932776,-0.552996534776633,-0.106754147512867,0,0,"REML",0.0458635167643603,-2.42495031395467
"Dusp29","ENSMUSG00000063821",3,-3.67662148242315,1.26918769854109,-2.89683037950128,0.00376953503333404,-6.16418366118497,-1.18905930366133,0,0,"REML",0.0459605079599348,-2.42371221608355
"Eef1g","ENSMUSG00000071644",4,0.681012288075398,0.235134874941458,2.89626236110212,0.00377636535740166,0.220156401680811,1.14186817446999,71.4687832109777,0.122399783336632,"REML",0.0460098319097587,2.42292599503405
"Car15","ENSMUSG00000090236",3,2.71329580058953,0.937273576646993,2.8948813539544,0.00379301867367639,0.876273346700385,4.55031825447868,0,0,"REML",0.0461512932985538,2.42101501918631
"Kifc1","ENSMUSG00000079553",4,1.70499873757431,0.588979328068726,2.89483629784603,0.00379356311963174,0.550620466921008,2.85937700822761,0,0,"REML",0.0461512932985538,2.42095268548163
"Smdt1","ENSMUSG00000022452",4,0.476970511065646,0.164821430831496,2.89386221597162,0.00380535104211093,0.153926442755554,0.800014579375737,0,0,"REML",0.0462466732784552,2.4196052735532
"Zmiz1","ENSMUSG00000007817",4,-0.288842019519878,0.0998166434383213,-2.893726031755,0.00380700173468308,-0.484479045716664,-0.0932049933230915,7.10561548729672,0.00372155787577057,"REML",0.0462466732784552,-2.41941692529671
"Grcc10","ENSMUSG00000072772",4,0.460646181984397,0.159221901677566,2.89310815365862,0.00381449922778352,0.14857698914639,0.772715374822404,0,0,"REML",0.0463037044395382,2.41856246868823
"Cd74","ENSMUSG00000024610",4,0.691338683200205,0.239058873112426,2.89191810452096,0.0038289774102452,0.222791901715119,1.15988546468529,19.6199735197066,0.0481637373326812,"REML",0.0464453273088553,2.41691719584474
"Gm14963","ENSMUSG00000085196",2,3.39489056078339,1.17458461174173,2.89029034336598,0.00384886167032466,1.09274702497464,5.69703409659213,0,0,"REML",0.0465839147658855,2.41466769734767
"Nectin2","ENSMUSG00000062300",4,0.508189295789093,0.175817565059621,2.8904352964777,0.00384708716736487,0.163593200422708,0.852785391155479,0,0,"REML",0.0465839147658855,2.41486797333013
"Rad51b","ENSMUSG00000059060",4,1.47672700646648,0.510897635311505,2.89045574768826,0.00384683686532562,0.475386041469254,2.47806797146371,0,0,"REML",0.0465839147658855,2.41489623063915
"Nyap2","ENSMUSG00000054976",3,-3.35352812384093,1.16065620933769,-2.88933802866102,0.0038605383243146,-5.62837249257558,-1.07868375510628,0,0,"REML",0.0466910348872631,-2.41335213186237
"C2","ENSMUSG00000024371",4,2.61342129365131,0.90476733092591,2.88850094861054,0.00387082861358854,0.840109910648098,4.38673267665453,30.0335995180121,0.987472252537689,"REML",0.046745181732191,2.41219605725778
"Sod3","ENSMUSG00000072941",3,1.90489848688578,0.659470011469349,2.88852935502181,0.00387047900335897,0.612361015521642,3.19743595824992,0,0,"REML",0.046745181732191,2.41223528416908
"Xylt1","ENSMUSG00000030657",4,1.53914554407144,0.532892789442542,2.88828367462343,0.00387350364937773,0.494694869142967,2.5835962189999,53.1254822847386,0.558809673304247,"REML",0.046745181732191,2.41189603053142
"Abraxas2","ENSMUSG00000030965",3,-0.474716275224996,0.164414403261535,-2.88731562325389,0.00388544253391549,-0.79696258415725,-0.152469966292743,0.00330943306703253,3.42637759073845e-06,"REML",0.0468208578430473,-2.41055950991523
"Rps3","ENSMUSG00000030744",4,0.527617217020973,0.182734693857911,2.88734014259619,0.00388513972709003,0.169463798333514,0.885770635708431,42.6566416828628,0.050489079919705,"REML",0.0468208578430473,2.41059335740027
"Cox6a1","ENSMUSG00000041697",4,0.620523693632934,0.21496447690161,2.88663365490359,0.00389387324192795,0.199201060950286,1.04184632631558,25.9720177948202,0.0545512562928317,"REML",0.0468882506048773,2.4096181902652
"Tnfaip1","ENSMUSG00000017615",4,-0.414433014898809,0.14360073547005,-2.88600899948208,0.00390161000611697,-0.695885284573569,-0.132980745224048,6.63702990702275,0.00592690758322069,"REML",0.0469130268639436,-2.4087561436181
"Zfp105","ENSMUSG00000057895",4,-0.688324963847015,0.238489837853953,-2.88618152471776,0.00389947177427582,-1.15575645671956,-0.220893470974469,0,0,"REML",0.0469130268639436,-2.40899421888485
"Klhl36","ENSMUSG00000031828",4,-0.526059291949222,0.182310744533284,-2.88550898794218,0.0039078130332288,-0.883381785229141,-0.168736798669303,0,0,"REML",0.0469534393614349,-2.40806622299304
"Arhgef7","ENSMUSG00000031511",4,0.358989615907482,0.124430059877988,2.88507147115011,0.0039132481115901,0.115111179952464,0.602868051862501,0,0,"REML",0.0469845727119041,2.4074626156622
"Tor4a","ENSMUSG00000059555",4,-0.51599342883351,0.178866501980999,-2.8847963320059,0.00391666955944498,-0.866565330756929,-0.165421526910091,28.9401413357548,0.0370650986687327,"REML",0.0469915016641907,-2.40708306735007
"Chst7","ENSMUSG00000037347",4,-0.501151049465299,0.173764924952277,-2.88407484768825,0.00392565436709714,-0.841724044148067,-0.16057805478253,0,0,"REML",0.0470651203184411,-2.40608794036269
"Osbp","ENSMUSG00000024687",4,-0.411767591484399,0.142946024013389,-2.88058093484175,0.00396943024245207,-0.691936650283839,-0.131598532684959,0,0,"REML",0.047555443825635,-2.40127182581037
"Jun","ENSMUSG00000052684",4,-0.337816763827961,0.117287427441714,-2.8802470238836,0.00397363699380659,-0.567695897453076,-0.107937630202847,0,0,"REML",0.0475713454888976,-2.40081180979477
"Rab33b","ENSMUSG00000027739",4,-0.46636733475873,0.161992326927548,-2.87894706869243,0.00399005296412396,-0.783866461308562,-0.148868208208898,0,0,"REML",0.0477332838669746,-2.39902133943252
"Snx8","ENSMUSG00000029560",4,0.52511846258563,0.182468927981929,2.87785141499618,0.00400393678728501,0.167485935443417,0.882750989727843,7.44251742067646e-05,1.0918729299333e-07,"REML",0.0478647175562486,2.39751278762379
"Slc25a37","ENSMUSG00000034248",4,-0.574565472410716,0.199696877787183,-2.87718806011093,0.00401236394017652,-0.965964160698692,-0.18316678412274,12.7193566029652,0.0222875697439596,"REML",0.0479307770467508,-2.39659968132412
"Slc8b1","ENSMUSG00000032754",4,0.411153058844142,0.142920270116773,2.87680018032577,0.00401729895940208,0.13103447675453,0.691271640933754,0,0,"REML",0.047955054991533,2.39606584773374
"Rps12-ps3","ENSMUSG00000067038",3,1.22262897387804,0.425062731067787,2.8763494997708,0.00402303991736229,0.389521329814942,2.05573661794114,54.2241973603862,0.296230844445153,"REML",0.04798891153411,2.39544565825544
"Rnase10","ENSMUSG00000021872",4,-1.73380102298127,0.603094372841027,-2.87484198337611,0.00404229745799402,-2.91584427302845,-0.551757772934082,0,0,"REML",0.0481490961092423,-2.39337173149064
"Stk36","ENSMUSG00000033276",4,1.43114641381642,0.497802327538692,2.87492913279958,0.00404118190602687,0.455471780420376,2.40682104721247,0,0,"REML",0.0481490961092423,2.39349160018699
"Gm527","ENSMUSG00000047227",3,-1.96455472196541,0.683482210682023,-2.87433190105277,0.00404883234994423,-3.30415523897599,-0.624954204954825,0,0,"REML",0.0481921896638534,-2.39267020569676
"Rbsn","ENSMUSG00000014550",4,-0.487014449330998,0.169467848925553,-2.87378669416488,0.00405582783988772,-0.819165329762556,-0.154863568899439,0,0,"REML",0.0482406995988373,-2.39192048803705
"Zfp455","ENSMUSG00000051037",4,-0.609292576050999,0.212164621726551,-2.87179158849719,0.0040815204503311,-1.0251275934286,-0.193457558673394,0.000128023957855643,3.16375968920284e-07,"REML",0.0485113664459857,-2.38917802314013
"Adgrg5","ENSMUSG00000061577",4,3.0866641716752,1.07515697583761,2.87089628867496,0.00409309790381504,0.979395221306478,5.19393312204392,10.403834209596,0.507254152193748,"REML",0.0486139974614869,2.38794786723401
"Plac8","ENSMUSG00000029322",4,3.71431477504662,1.29447273370157,2.86936501507102,0.00411296846827999,1.17719483802244,6.25143471207081,59.0954451264144,3.63546817261595,"REML",0.04881490809228,2.38584461995946
"Rmrp","ENSMUSG00000088088",3,0.708850294670259,0.247060581511367,2.86913553887853,0.00411595379553783,0.224620452908457,1.19308013643206,30.368687000709,0.0582052981282877,"REML",0.0488152711098927,2.38552950914177
"Fgd5","ENSMUSG00000034037",2,2.34948898605062,0.819054658275119,2.86853748075678,0.00412374336225437,0.744171354461621,3.95480661763961,0,0,"REML",0.0488725710816387,2.38470837050416
"Ppp2cb","ENSMUSG00000009630",4,-0.557832231243332,0.194482587195725,-2.86828882362582,0.00412698599839808,-0.939011097767124,-0.176653364719541,16.9380012550091,0.0286400056535107,"REML",0.048875939555222,-2.3843670045485
"Zfp322a","ENSMUSG00000046351",4,-0.541928590612791,0.188985371020146,-2.86756899588287,0.00413638602599512,-0.912333111417217,-0.171524069808365,0,0,"REML",0.0489521730196744,-2.38337893772445
"Tet1","ENSMUSG00000047146",4,-0.69438747486197,0.24223796871672,-2.86655093146858,0.00414971381176949,-1.16916516923488,-0.219609780489058,19.3469102320366,0.0468877428733374,"REML",0.0490747472328159,-2.38198185371082
"Amdhd2","ENSMUSG00000036820",4,0.627400528811094,0.218907378964664,2.86605472953184,0.00415622385266204,0.198349950090292,1.0564511075319,0.00061800161503649,1.78650932735594e-06,"REML",0.0491165278581309,2.38130106954658
"Car13","ENSMUSG00000027555",4,3.55314522742616,1.23999515725298,2.86545089038703,0.00416415856434893,1.12279937820624,5.98349107664608,62.2608117129068,3.7463409213411,"REML",0.0491165278581309,2.38047274162292
"Fasn","ENSMUSG00000025153",4,0.522752991122606,0.182452195964549,2.86515044863685,0.00416811161897582,0.165153258131846,0.880352724113365,0,0,"REML",0.0491165278581309,2.38006065946472
"Gm4204","ENSMUSG00000079139",3,1.10291762376121,0.384926476136123,2.86526828404286,0.00416656079702466,0.348475593838496,1.85735965368393,51.0191100817082,0.220880964957435,"REML",0.0491165278581309,2.38022227671612
"Lfng","ENSMUSG00000029570",4,-0.412712140835558,0.144045290908641,-2.86515538433891,0.00416804665010571,-0.69503572315909,-0.130388558512027,0,0,"REML",0.0491165278581309,-2.38006742891916
"Pak1","ENSMUSG00000030774",4,-0.367154454748852,0.128194141417691,-2.86405018738387,0.00418261735926571,-0.618410354956561,-0.115898554541144,15.7385916570306,0.011027238371584,"REML",0.0492523317123513,-2.37855186440826
"Pcbp1","ENSMUSG00000051695",4,-0.316933702875331,0.110744019780301,-2.86185839654437,0.0042116502883792,-0.533987993147912,-0.0998794126027494,0,0,"REML",0.0495588849104792,-2.37554769734708
"Eef1b2","ENSMUSG00000025967",4,0.671968498103207,0.234872033884143,2.86099833594779,0.00422309268626306,0.211627770714615,1.1323092254918,43.2153115519272,0.0828737765396641,"REML",0.0496581596225993,2.3743693867989
"Chst8","ENSMUSG00000060402",4,-0.777339499696927,0.271799057231902,-2.85997864603957,0.00423669534954985,-1.3100558629034,-0.244623136490457,20.8043509098664,0.0621599713696536,"REML",0.049782677005628,-2.37297276393535
"Cd1d1","ENSMUSG00000028076",3,-1.11393023383419,0.389548662223978,-2.8595406475654,0.00424255044039489,-1.87743158201894,-0.350428885649432,0.000324395730636514,1.69559803782875e-06,"REML",0.0498160453630163,-2.37237298557954
"Rgs7bp","ENSMUSG00000021719",4,-0.964881839254192,0.337479871268442,-2.85907967081893,0.00424872062660802,-1.62633023244755,-0.303433446060833,48.4591840663997,0.213047894924843,"REML",0.0498530635455903,-2.37174182487929
"Ankrd68","ENSMUSG00000026774",2,4.40102757560544,1.53944787722232,2.85883506724916,0.00425199795594341,1.38376518017306,7.41828997103782,0,0,"REML",0.0498561094607105,2.37140695292642
"Vps33a","ENSMUSG00000029434",4,0.343913153105237,0.120319993989245,2.85832089665811,0.00425889456456396,0.108090298266241,0.579736007944232,0,0,"REML",0.0499015582277739,2.37070311141601
"Tm9sf4","ENSMUSG00000068040",4,0.312059963434311,0.109187762278939,2.85801226182381,0.00426303917744702,0.0980558818150692,0.526064045053553,0,0,"REML",0.0499147202343034,2.37028067615632
