"ID","Description","GeneRatio","BgRatio","RichFactor","FoldEnrichment","zScore","pvalue","p.adjust","qvalue","geneID","Count"
"GO:0003018","vascular process in circulatory system","6/42","191/14942",0.031413612565445,11.1757666417352,7.51440217166925,1.44271811485422e-05,0.00962895707982821,0.00795463476281611,"Tjp1/Adrb2/Ptgs1/Cysltr1/Rgs2/Itga9",6
"GO:0051953","negative regulation of amine transport","3/42","23/14942",0.130434782608696,46.4037267080745,11.5692952861372,3.51691587410901e-05,0.00962895707982821,0.00795463476281611,"Ptgs1/Entpd1/Rgs2",3
"GO:0035150","regulation of tube size","5/42","138/14942",0.036231884057971,12.8899240855763,7.44989978318624,4.03882628669622e-05,0.00962895707982821,0.00795463476281611,"Adrb2/Ptgs1/Cysltr1/Rgs2/Itga9",5
"GO:0035296","regulation of tube diameter","5/42","138/14942",0.036231884057971,12.8899240855763,7.44989978318624,4.03882628669622e-05,0.00962895707982821,0.00795463476281611,"Adrb2/Ptgs1/Cysltr1/Rgs2/Itga9",5
"GO:0097746","blood vessel diameter maintenance","5/42","138/14942",0.036231884057971,12.8899240855763,7.44989978318624,4.03882628669622e-05,0.00962895707982821,0.00795463476281611,"Adrb2/Ptgs1/Cysltr1/Rgs2/Itga9",5
"GO:0045123","cellular extravasation","4/42","71/14942",0.0563380281690141,20.0429242119383,8.53913875118208,4.570707474602e-05,0.00962895707982821,0.00795463476281611,"Cx3cr1/Jam2/Pecam1/Gcnt1",4
"GO:0001525","angiogenesis","8/42","497/14942",0.0160965794768612,5.72654977483951,5.68964278676903,6.16727982053326e-05,0.0111363452759343,0.00919991215333683,"Cx3cr1/Tjp1/Adgrg1/Adrb2/Cysltr1/Ecscr/Pik3cg/Pecam1",8
"GO:0050901","leukocyte tethering or rolling","3/42","30/14942",0.1,35.5761904761905,10.0644759345278,7.95283591071297e-05,0.0125654807389265,0.0103805437150359,"Cx3cr1/Jam2/Gcnt1",3
"GO:0045765","regulation of angiogenesis","6/42","268/14942",0.0223880597014925,7.96481876332623,6.10835548187759,9.60282724695932e-05,0.0127133700696697,0.010502717445963,"Cx3cr1/Tjp1/Adrb2/Cysltr1/Ecscr/Pik3cg",6
"GO:0008015","blood circulation","7/42","399/14942",0.0175438596491228,6.24143692564745,5.63418565572548,0.000110521077210129,0.0127133700696697,0.010502717445963,"Tjp1/Adrb2/Ptgs1/Slc2a5/Cysltr1/Rgs2/Itga9",7
"GO:1901342","regulation of vasculature development","6/42","275/14942",0.0218181818181818,7.76207792207792,6.00893098224306,0.000110638505353138,0.0127133700696697,0.010502717445963,"Cx3cr1/Tjp1/Adrb2/Cysltr1/Ecscr/Pik3cg",6
"GO:0003013","circulatory system process","7/42","425/14942",0.0164705882352941,5.85960784313726,5.3960826723752,0.000163445112397016,0.017216218505819,0.0142225922366526,"Tjp1/Adrb2/Ptgs1/Slc2a5/Cysltr1/Rgs2/Itga9",7
"GO:1903522","regulation of blood circulation","5/42","192/14942",0.0260416666666667,9.26463293650794,6.11926861617257,0.000192292414390373,0.0186967393684178,0.0154456740951619,"Adrb2/Ptgs1/Cysltr1/Rgs2/Itga9",5
"GO:0061756","leukocyte adhesion to vascular endothelial cell","3/42","46/14942",0.0652173913043478,23.2018633540373,8.00672390913578,0.000288194799297198,0.0260198733079756,0.0214954316468286,"Cx3cr1/Jam2/Gcnt1",3
"GO:0006940","regulation of smooth muscle contraction","3/42","48/14942",0.0625,22.235119047619,7.82331807528225,0.000327087220609975,0.0274713995669975,0.0226945606016501,"Adrb2/Ptgs1/Rgs2",3
"GO:0034332","adherens junction organization","3/42","49/14942",0.0612244897959184,21.7813411078717,7.73573992041201,0.000347739235025284,0.0274713995669975,0.0226945606016501,"Mtss1/Tjp1/Zfp703",3
"GO:0033604","negative regulation of catecholamine secretion","2/42","11/14942",0.181818181818182,64.6839826839827,11.2176905207229,0.000417474008143605,0.0310404203702069,0.0256429855156939,"Ptgs1/Entpd1",2
"GO:0045744","negative regulation of G protein-coupled receptor signaling pathway","3/42","58/14942",0.0517241379310345,18.4014778325123,7.04955401583062,0.000572241490086352,0.0365560668886745,0.0301995489286851,"Adrb2/Rgs2/Gprasp1",3
"GO:0006935","chemotaxis","6/42","374/14942",0.0160427807486631,5.707410236822,4.89484817838948,0.00057841877988409,0.0365560668886745,0.0301995489286851,"Cx3cr1/Sema4b/Cysltr1/Ecscr/Pik3cg/Itga9",6
"GO:0042330","taxis","6/42","374/14942",0.0160427807486631,5.707410236822,4.89484817838948,0.00057841877988409,0.0365560668886745,0.0301995489286851,"Cx3cr1/Sema4b/Cysltr1/Ecscr/Pik3cg/Itga9",6
"GO:0019229","regulation of vasoconstriction","3/42","64/14942",0.046875,16.6763392857143,6.6724251106299,0.000763690023299801,0.0459668661643309,0.0379739600558096,"Ptgs1/Cysltr1/Itga9",3
"GO:0045217","cell-cell junction maintenance","2/42","17/14942",0.117647058823529,41.8543417366947,8.94801806059394,0.00102131509683451,0.0561279253216878,0.0463681728173837,"Mtss1/Tjp1",2
"GO:0045986","negative regulation of smooth muscle contraction","2/42","17/14942",0.117647058823529,41.8543417366947,8.94801806059394,0.00102131509683451,0.0561279253216878,0.0463681728173837,"Adrb2/Rgs2",2
"GO:0034109","homotypic cell-cell adhesion","3/42","72/14942",0.0416666666666667,14.8234126984127,6.24233945850025,0.00107626605883286,0.0562819952970358,0.0464954524772315,"Il6ra/Zfp703/Entpd1",3
"GO:0030728","ovulation","2/42","19/14942",0.105263157894737,37.4486215538847,8.44016978832623,0.00127958577777588,0.0562819952970358,0.0464954524772315,"Hpgd/Nrip1",2
"GO:0035633","maintenance of blood-brain barrier","2/42","19/14942",0.105263157894737,37.4486215538847,8.44016978832623,0.00127958577777588,0.0562819952970358,0.0464954524772315,"Tjp1/Ptgs1",2
"GO:0071875","adrenergic receptor signaling pathway","2/42","19/14942",0.105263157894737,37.4486215538847,8.44016978832623,0.00127958577777588,0.0562819952970358,0.0464954524772315,"Adrb2/Rgs2",2
"GO:0051952","regulation of amine transport","3/42","77/14942",0.038961038961039,13.860853432282,6.00695029750473,0.00130726851352084,0.0562819952970358,0.0464954524772315,"Ptgs1/Entpd1/Rgs2",3
"GO:0045216","cell-cell junction organization","4/42","171/14942",0.0233918128654971,8.32191590086327,5.11256904620891,0.00132061065301716,0.0562819952970358,0.0464954524772315,"Mtss1/Tjp1/Zfp703/Pecam1",4
"GO:0001822","kidney development","5/42","294/14942",0.0170068027210884,6.05037252996437,4.64332687374288,0.00133580685040433,0.0562819952970358,0.0464954524772315,"Mtss1/Il6ra/Sall1/Hpgd/Gcnt1",5
"GO:0042310","vasoconstriction","3/42","79/14942",0.0379746835443038,13.5099457504521,5.91884649879661,0.00140773050568522,0.0563041969553693,0.0465137936206915,"Ptgs1/Cysltr1/Itga9",3
"GO:0045785","positive regulation of cell adhesion","6/42","445/14942",0.0134831460674157,4.79678972712681,4.3169679632921,0.00142542270773087,0.0563041969553693,0.0465137936206915,"Cass4/Il6ra/Tjp1/Adgrg1/Vsir/Gcnt1",6
"GO:0006939","smooth muscle contraction","3/42","82/14942",0.0365853658536585,13.0156794425087,5.7925154247763,0.00156732232841189,0.0592545669562428,0.0489511412563231,"Adrb2/Ptgs1/Rgs2",3
"GO:0072001","renal system development","5/42","306/14942",0.0163398692810458,5.81310301898537,4.51643759734992,0.00159387284534197,0.0592545669562428,0.0489511412563231,"Mtss1/Il6ra/Sall1/Hpgd/Gcnt1",5
"GO:0015837","amine transport","3/42","85/14942",0.0352941176470588,12.5563025210084,5.67262594968661,0.00173783592561761,0.0627607031423046,0.0518476161868473,"Ptgs1/Entpd1/Rgs2",3
"GO:0090066","regulation of anatomical structure size","6/42","471/14942",0.0127388535031847,4.53199878677586,4.13526238859148,0.00190226203842258,0.0667905337935041,0.0551767234536609,"Adrb2/Ptgs1/Cysltr1/Rgs2/Pecam1/Itga9",6
"GO:0032355","response to estradiol","3/42","89/14942",0.0337078651685393,11.991974317817,5.52185453574805,0.00198263488701746,0.0677310945186505,0.0559537356449878,"Zfp703/Hpgd/Nrip1",3
"GO:0007200","phospholipase C-activating G protein-coupled receptor signaling pathway","3/42","90/14942",0.0333333333333333,11.8587301587302,5.48566357026863,0.00204701378518238,0.0680901427492244,0.0562503511052886,"Cx3cr1/Adgrg1/Pik3cg",3
"GO:0050900","leukocyte migration","5/42","330/14942",0.0151515151515152,5.39033189033189,4.28174534580265,0.0022180553308202,0.0718877420040189,0.0593876083177771,"Cx3cr1/Jam2/Pecam1/Gcnt1/Itga9",5
"GO:0044057","regulation of system process","6/42","491/14942",0.0122199592668024,4.34739598487053,4.00424120428176,0.00234508955431913,0.0740470473891367,0.0611714448784341,"Adrb2/Ptgs1/Jam2/Cysltr1/Rgs2/Itga9",6
"GO:0071392","cellular response to estradiol stimulus","2/42","26/14942",0.0769230769230769,27.3663003663004,7.14382859493307,0.00240184251816029,0.0740470473891367,0.0611714448784341,"Zfp703/Nrip1",2
"GO:0045823","positive regulation of heart contraction","2/42","27/14942",0.0740740740740741,26.352733686067,7.00029579832433,0.00258937928889457,0.0743858050264259,0.0614512979565411,"Adrb2/Rgs2",2
"GO:0045932","negative regulation of muscle contraction","2/42","27/14942",0.0740740740740741,26.352733686067,7.00029579832433,0.00258937928889457,0.0743858050264259,0.0614512979565411,"Adrb2/Rgs2",2
"GO:0150105","protein localization to cell-cell junction","2/42","27/14942",0.0740740740740741,26.352733686067,7.00029579832433,0.00258937928889457,0.0743858050264259,0.0614512979565411,"Tjp1/Pecam1",2
"GO:0002685","regulation of leukocyte migration","4/42","208/14942",0.0192307692307692,6.84157509157509,4.50425160915785,0.00269937248916645,0.0758223739179198,0.0626380703918858,"Cx3cr1/Jam2/Pecam1/Gcnt1",4
"GO:2000177","regulation of neural precursor cell proliferation","3/42","104/14942",0.0288461538461538,10.2623626373626,5.03236473728884,0.00308781069900596,0.0848476679031203,0.0700940094602726,"Cx3cr1/Adgrg1/Sall1",3
"GO:0007159","leukocyte cell-cell adhesion","5/42","360/14942",0.0138888888888889,4.94113756613757,4.01870050596672,0.00322979434984834,0.0868608523023043,0.0717571331478064,"Cx3cr1/Jam2/Pecam1/Vsir/Gcnt1",5
"GO:1903524","positive regulation of blood circulation","2/42","31/14942",0.0645161290322581,22.952380952381,6.49576696642533,0.00340606099669658,0.0896929395796766,0.0740967655421712,"Adrb2/Rgs2",2
"GO:0045907","positive regulation of vasoconstriction","2/42","33/14942",0.0606060606060606,21.5613275613276,6.27776722427219,0.00385380443521235,0.0974241761221681,0.0804836631522241,"Ptgs1/Cysltr1",2
"GO:0045933","positive regulation of muscle contraction","2/42","33/14942",0.0606060606060606,21.5613275613276,6.27776722427219,0.00385380443521235,0.0974241761221681,0.0804836631522241,"Ptgs1/Rgs2",2
"GO:0034110","regulation of homotypic cell-cell adhesion","2/42","34/14942",0.0588235294117647,20.9271708683473,6.17585022526388,0.00408739828139324,0.0977351447469842,0.0807405592846505,"Il6ra/Zfp703",2
"GO:0007043","cell-cell junction assembly","3/42","115/14942",0.0260869565217391,9.28074534161491,4.73274438844934,0.00409807173385298,0.0977351447469842,0.0807405592846505,"Tjp1/Zfp703/Pecam1",3
"GO:0045471","response to ethanol","3/42","115/14942",0.0260869565217391,9.28074534161491,4.73274438844934,0.00409807173385298,0.0977351447469842,0.0807405592846505,"Tjp1/Hpgd/Rgs2",3
"GO:0050433","regulation of catecholamine secretion","2/42","35/14942",0.0571428571428571,20.3292517006803,6.07820413533467,0.0043274249751566,0.10129379941848,0.083680420572229,"Ptgs1/Entpd1",2
"GO:0006937","regulation of muscle contraction","3/42","119/14942",0.0252100840336134,8.968787515006,4.63360508650549,0.00450962444027814,0.103134214882277,0.0852008170912882,"Adrb2/Ptgs1/Rgs2",3
"GO:0045860","positive regulation of protein kinase activity","4/42","241/14942",0.016597510373444,5.90476190476191,4.0754386171871,0.00456923736820215,0.103134214882277,0.0852008170912882,"Cass4/Adrb2/Pik3cg/Tab2",4
"GO:0006693","prostaglandin metabolic process","2/42","37/14942",0.0540540540540541,19.2303732303732,5.89456519950408,0.0048266320643583,0.105123876685949,0.0868445083881259,"Ptgs1/Hpgd",2
"GO:0003044","regulation of systemic arterial blood pressure mediated by a chemical signal","2/42","38/14942",0.0526315789473684,18.7243107769424,5.80805977756815,0.00508574040003413,0.105123876685949,0.0868445083881259,"Adrb2/Slc2a5",2
"GO:0006692","prostanoid metabolic process","2/42","38/14942",0.0526315789473684,18.7243107769424,5.80805977756815,0.00508574040003413,0.105123876685949,0.0868445083881259,"Ptgs1/Hpgd",2
"GO:0010573","vascular endothelial growth factor production","2/42","38/14942",0.0526315789473684,18.7243107769424,5.80805977756815,0.00508574040003413,0.105123876685949,0.0868445083881259,"Il6ra/Adgrg1",2
"GO:0042531","positive regulation of tyrosine phosphorylation of STAT protein","2/42","38/14942",0.0526315789473684,18.7243107769424,5.80805977756815,0.00508574040003413,0.105123876685949,0.0868445083881259,"Il6ra/Pecam1",2
"GO:0033674","positive regulation of kinase activity","4/42","252/14942",0.0158730158730159,5.64701436130008,3.94988754274154,0.00534819852379514,0.105123876685949,0.0868445083881259,"Cass4/Adrb2/Pik3cg/Tab2",4
"GO:0002691","regulation of cellular extravasation","2/42","39/14942",0.0512820512820513,18.2442002442002,5.724793872032,0.00535113746277886,0.105123876685949,0.0868445083881259,"Pecam1/Gcnt1",2
"GO:0007218","neuropeptide signaling pathway","2/42","39/14942",0.0512820512820513,18.2442002442002,5.724793872032,0.00535113746277886,0.105123876685949,0.0868445083881259,"Cysltr1/Gpr165",2
"GO:0008277","regulation of G protein-coupled receptor signaling pathway","3/42","127/14942",0.0236220472440945,8.40382452193476,4.44865260891106,0.00540589555742618,0.105123876685949,0.0868445083881259,"Adrb2/Rgs2/Gprasp1",3
"GO:0035850","epithelial cell differentiation involved in kidney development","2/42","40/14942",0.05,17.7880952380952,5.6445650748151,0.00562278758126335,0.107684901556316,0.0889602118120134,"Mtss1/Sall1",2
"GO:0045859","regulation of protein kinase activity","5/42","418/14942",0.0119617224880383,4.25552517657781,3.58416028257162,0.00607246311369362,0.114561095159832,0.0946407448355707,"Cass4/Adrb2/Rgs2/Pik3cg/Tab2",5
"GO:0072006","nephron development","3/42","135/14942",0.0222222222222222,7.90582010582011,4.27927257922775,0.00640230279691898,0.119007510813318,0.0983139996059385,"Mtss1/Il6ra/Sall1",3
"GO:0050731","positive regulation of peptidyl-tyrosine phosphorylation","3/42","136/14942",0.0220588235294118,7.84768907563025,4.2590815740856,0.00653403785493375,0.119695997806323,0.0988827696734444,"Cass4/Il6ra/Pecam1",3
"GO:0050432","catecholamine secretion","2/42","45/14942",0.0444444444444444,15.8116402116402,5.28300894434074,0.00707359546348198,0.125765495967309,0.103896878747144,"Ptgs1/Entpd1",2
"GO:0002687","positive regulation of leukocyte migration","3/42","140/14942",0.0214285714285714,7.6234693877551,4.18033123573224,0.00707716833900806,0.125765495967309,0.103896878747144,"Cx3cr1/Jam2/Pecam1",3
"GO:0022407","regulation of cell-cell adhesion","5/42","435/14942",0.0114942528735632,4.08921729611385,3.47156758471847,0.00716385736522649,0.125765495967309,0.103896878747144,"Il6ra/Tjp1/Zfp703/Vsir/Gcnt1",5
"GO:1902692","regulation of neuroblast proliferation","2/42","46/14942",0.0434782608695652,15.4679089026915,5.21760494960049,0.00738202276639948,0.127820229818205,0.105594327098317,"Cx3cr1/Sall1",2
"GO:0022409","positive regulation of cell-cell adhesion","4/42","281/14942",0.0142348754448399,5.06422640230469,3.65149407060111,0.00781803890430467,0.131601520678206,0.108718111686193,"Il6ra/Tjp1/Vsir/Gcnt1",4
"GO:0043549","regulation of kinase activity","5/42","446/14942",0.0112107623318386,3.9883621610079,3.40171489569507,0.00793954454681787,0.131601520678206,0.108718111686193,"Cass4/Adrb2/Rgs2/Pik3cg/Tab2",5
"GO:0008217","regulation of blood pressure","3/42","146/14942",0.0205479452054795,7.31017612524462,4.06787024523149,0.00794096690508553,0.131601520678206,0.108718111686193,"Adrb2/Ptgs1/Slc2a5",3
"GO:0061005","cell differentiation involved in kidney development","2/42","48/14942",0.0416666666666667,14.8234126984127,5.09274067091721,0.0080168647881502,0.131601520678206,0.108718111686193,"Mtss1/Sall1",2
"GO:0042509","regulation of tyrosine phosphorylation of STAT protein","2/42","49/14942",0.0408163265306122,14.5208940719145,5.0330784470956,0.00834321055636827,0.133491368901892,0.110279345395301,"Il6ra/Pecam1",2
"GO:0061028","establishment of endothelial barrier","2/42","49/14942",0.0408163265306122,14.5208940719145,5.0330784470956,0.00834321055636827,0.133491368901892,0.110279345395301,"Tjp1/Pecam1",2
"GO:0045766","positive regulation of angiogenesis","3/42","151/14942",0.0198675496688742,7.06811731315043,3.97891825869201,0.00870643391714889,0.137534018792364,0.113619042839795,"Cx3cr1/Tjp1/Cysltr1",3
"GO:0051347","positive regulation of transferase activity","4/42","293/14942",0.0136518771331058,4.85681781244921,3.5398127465635,0.00902862403438425,0.137534018792364,0.113619042839795,"Cass4/Adrb2/Pik3cg/Tab2",4
"GO:1904018","positive regulation of vasculature development","3/42","154/14942",0.0194805194805195,6.930426716141,3.92747045717785,0.00918586320312268,0.137534018792364,0.113619042839795,"Cx3cr1/Tjp1/Cysltr1",3
"GO:0007260","tyrosine phosphorylation of STAT protein","2/42","52/14942",0.0384615384615385,13.6831501831502,4.86410343745931,0.00935753608872099,0.137534018792364,0.113619042839795,"Il6ra/Pecam1",2
"GO:0010712","regulation of collagen metabolic process","2/42","52/14942",0.0384615384615385,13.6831501831502,4.86410343745931,0.00935753608872099,0.137534018792364,0.113619042839795,"Il6ra/Vsir",2
"GO:0042311","vasodilation","2/42","52/14942",0.0384615384615385,13.6831501831502,4.86410343745931,0.00935753608872099,0.137534018792364,0.113619042839795,"Adrb2/Rgs2",2
"GO:0070527","platelet aggregation","2/42","52/14942",0.0384615384615385,13.6831501831502,4.86410343745931,0.00935753608872099,0.137534018792364,0.113619042839795,"Il6ra/Entpd1",2
"GO:0007188","adenylate cyclase-modulating G protein-coupled receptor signaling pathway","3/42","156/14942",0.0192307692307692,6.84157509157509,3.89393103846953,0.00951394356035967,0.138225570807984,0.114190344971286,"Adgrg1/Adrb2/Rgs2",3
"GO:0050873","brown fat cell differentiation","2/42","53/14942",0.0377358490566038,13.4249775381851,4.81085343377309,0.00970729403218007,0.139432041553132,0.115187029664146,"Adrb2/Rgs2",2
"GO:0051897","positive regulation of phosphatidylinositol 3-kinase/protein kinase B signal transduction","3/42","159/14942",0.0188679245283019,6.71248876909254,3.8447134485866,0.0100188292738264,0.13977368086485,0.115469263339383,"Cass4/Cx3cr1/Pik3cg",3
"GO:0034331","cell junction maintenance","2/42","54/14942",0.037037037037037,13.1763668430335,4.75902260348614,0.0100628203787194,0.13977368086485,0.115469263339383,"Mtss1/Tjp1",2
"GO:0070830","bicellular tight junction assembly","2/42","54/14942",0.037037037037037,13.1763668430335,4.75902260348614,0.0100628203787194,0.13977368086485,0.115469263339383,"Tjp1/Pecam1",2
"GO:0050994","regulation of lipid catabolic process","2/42","55/14942",0.0363636363636364,12.9367965367965,4.70854673927924,0.01042408154441,0.143217816001459,0.118314518215729,"Hpgd/Pik3cg",2
"GO:0051937","catecholamine transport","2/42","56/14942",0.0357142857142857,12.7057823129252,4.65936564881555,0.0107910440806838,0.144110027231679,0.119051588119441,"Ptgs1/Entpd1",2
"GO:0032496","response to lipopolysaccharide","4/42","309/14942",0.0129449838187702,4.60533210047773,3.40000200110508,0.010825613638786,0.144110027231679,0.119051588119441,"Cx3cr1/Tjp1/Hpgd/Tab2",4
"GO:0098739","import across plasma membrane","3/42","164/14942",0.0182926829268293,6.50783972125435,3.76544865948243,0.0108945775850932,0.144110027231679,0.119051588119441,"Adrb2/Slc2a5/Rgs2",3
"GO:0007178","cell surface receptor protein serine/threonine kinase signaling pathway","4/42","310/14942",0.0129032258064516,4.59047619047619,3.39158257789572,0.010945065359368,0.144110027231679,0.119051588119441,"Zfp703/Hpgd/Vsir/Ppm1l",4
"GO:0120192","tight junction assembly","2/42","60/14942",0.0333333333333333,11.8587301587302,4.47450873185004,0.0123152436718042,0.158841510215923,0.131221500777978,"Tjp1/Pecam1",2
"GO:2000179","positive regulation of neural precursor cell proliferation","2/42","60/14942",0.0333333333333333,11.8587301587302,4.47450873185004,0.0123152436718042,0.158841510215923,0.131221500777978,"Cx3cr1/Adgrg1",2
"GO:0002237","response to molecule of bacterial origin","4/42","324/14942",0.0123456790123457,4.39212228101117,3.27733902766269,0.0127080801198197,0.160657130714468,0.13272141378144,"Cx3cr1/Tjp1/Hpgd/Tab2",4
"GO:0002704","negative regulation of leukocyte mediated immunity","2/42","61/14942",0.0327868852459016,11.664324746292,4.43101851384441,0.0127102160375371,0.160657130714468,0.13272141378144,"Cx3cr1/Vsir",2
"GO:0031589","cell-substrate adhesion","4/42","325/14942",0.0123076923076923,4.37860805860806,3.26942752415108,0.0128405752340946,0.16069789203857,0.132755087360311,"Cass4/Nid2/Pecam1/Itga9",4
"GO:0043297","apical junction assembly","2/42","63/14942",0.0317460317460317,11.2940287226002,4.34700482660595,0.0135166387421871,0.165874090972083,0.137031227718443,"Tjp1/Pecam1",2
"GO:0061333","renal tubule morphogenesis","2/42","63/14942",0.0317460317460317,11.2940287226002,4.34700482660595,0.0135166387421871,0.165874090972083,0.137031227718443,"Mtss1/Sall1",2
"GO:0044380","protein localization to cytoskeleton","2/42","64/14942",0.03125,11.1175595238095,4.30640451157366,0.0139280241847319,0.16927906316828,0.139844129466134,"Filip1l/Cttnbp2nl",2
"GO:0071674","mononuclear cell migration","3/42","183/14942",0.0163934426229508,5.83216237314598,3.49188507400723,0.0146192782766867,0.174443600379193,0.14411063588954,"Cx3cr1/Jam2/Pecam1",3
"GO:0032835","glomerulus development","2/42","66/14942",0.0303030303030303,10.7806637806638,4.22784012991349,0.0147669819941247,0.174443600379193,0.14411063588954,"Mtss1/Il6ra",2
"GO:0120193","tight junction organization","2/42","66/14942",0.0303030303030303,10.7806637806638,4.22784012991349,0.0147669819941247,0.174443600379193,0.14411063588954,"Tjp1/Pecam1",2
"GO:0001885","endothelial cell development","2/42","67/14942",0.0298507462686567,10.6197583511016,4.18981088480082,0.0151944902505316,0.177024699755427,0.146242923182364,"Tjp1/Pecam1",2
"GO:0061351","neural precursor cell proliferation","3/42","186/14942",0.0161290322580645,5.73809523809524,3.45221057607062,0.0152655793301752,0.177024699755427,0.146242923182364,"Cx3cr1/Adgrg1/Sall1",3
"GO:0051057","positive regulation of small GTPase mediated signal transduction","2/42","68/14942",0.0294117647058824,10.4635854341737,4.15257627907001,0.0156273088845162,0.179571985727532,0.148347276683637,"Adgrg1/Pik3cg",2
"GO:0001656","metanephros development","2/42","69/14942",0.0289855072463768,10.311939268461,4.11610775105066,0.0160654061652805,0.182943003539771,0.151132128174095,"Mtss1/Sall1",2
"GO:0050730","regulation of peptidyl-tyrosine phosphorylation","3/42","193/14942",0.0155440414507772,5.5299777942265,3.36290643057253,0.0168360144951147,0.189681772839229,0.156699132791901,"Cass4/Il6ra/Pecam1",3
"GO:0015844","monoamine transport","2/42","71/14942",0.028169014084507,10.0214621059691,4.04536172092242,0.0169573103883171,0.189681772839229,0.156699132791901,"Ptgs1/Entpd1",2
"GO:0006690","icosanoid metabolic process","2/42","73/14942",0.0273972602739726,9.74690150032616,3.97737124048154,0.0178699516444616,0.196414077205213,0.162260796625226,"Ptgs1/Hpgd",2
"GO:0008347","glial cell migration","2/42","73/14942",0.0273972602739726,9.74690150032616,3.97737124048154,0.0178699516444616,0.196414077205213,0.162260796625226,"Cx3cr1/Adgrg1",2
"GO:0007405","neuroblast proliferation","2/42","75/14942",0.0266666666666667,9.48698412698413,3.9119535984827,0.0188030807005682,0.204888741426881,0.169261851678436,"Cx3cr1/Sall1",2
"GO:0033559","unsaturated fatty acid metabolic process","2/42","76/14942",0.0263157894736842,9.36215538847118,3.88015709630833,0.0192772508231387,0.208101277034696,0.171915778496351,"Ptgs1/Hpgd",2
"GO:0097529","myeloid leukocyte migration","3/42","204/14942",0.0147058823529412,5.23179271708683,3.23103407585255,0.0194813469407782,0.208101277034696,0.171915778496351,"Cx3cr1/Pecam1/Itga9",3
"GO:0007160","cell-matrix adhesion","3/42","205/14942",0.0146341463414634,5.20627177700348,3.21951952072778,0.019732633501495,0.208101277034696,0.171915778496351,"Nid2/Pecam1/Itga9",3
"GO:0072080","nephron tubule development","2/42","77/14942",0.025974025974026,9.24056895485467,3.84894271563043,0.0197564503513952,0.208101277034696,0.171915778496351,"Mtss1/Sall1",2
"GO:0060993","kidney morphogenesis","2/42","79/14942",0.0253164556962025,9.00663050030139,3.7881872431105,0.020729815405565,0.21654947663334,0.178894970703093,"Sall1/Gcnt1",2
"GO:0090257","regulation of muscle system process","3/42","210/14942",0.0142857142857143,5.08231292517007,3.16305270256624,0.0210161424970467,0.217741017346451,0.17987932145876,"Adrb2/Ptgs1/Rgs2",3
"GO:0003073","regulation of systemic arterial blood pressure","2/42","82/14942",0.024390243902439,8.67711962833914,3.7009837086435,0.0222268229301909,0.226570195030333,0.187173245727923,"Adrb2/Slc2a5",2
"GO:0061326","renal tubule development","2/42","82/14942",0.024390243902439,8.67711962833914,3.7009837086435,0.0222268229301909,0.226570195030333,0.187173245727923,"Mtss1/Sall1",2
"GO:0032481","positive regulation of type I interferon production","2/42","84/14942",0.0238095238095238,8.47052154195011,3.64528704635003,0.023249116870757,0.229714235120254,0.189770587307871,"Sting1/Usp22",2
"GO:0043954","cellular component maintenance","2/42","84/14942",0.0238095238095238,8.47052154195011,3.64528704635003,0.023249116870757,0.229714235120254,0.189770587307871,"Mtss1/Tjp1",2
"GO:0051051","negative regulation of transport","4/42","393/14942",0.0101781170483461,3.62098630800921,2.79554057016605,0.0240272330066991,0.229714235120254,0.189770587307871,"Ptgs1/Cttnbp2nl/Entpd1/Rgs2",4
"GO:0030168","platelet activation","2/42","87/14942",0.0229885057471264,8.1784345922277,3.56512194660433,0.0248183955344496,0.229714235120254,0.189770587307871,"Il6ra/Entpd1",2
"GO:0071677","positive regulation of mononuclear cell migration","2/42","88/14942",0.0227272727272727,8.08549783549784,3.53925080776974,0.0253509271276324,0.229714235120254,0.189770587307871,"Cx3cr1/Jam2",2
"GO:0006936","muscle contraction","3/42","228/14942",0.0131578947368421,4.68107769423559,2.97370837135732,0.0260111141438599,0.229714235120254,0.189770587307871,"Adrb2/Ptgs1/Rgs2",3
"GO:0001894","tissue homeostasis","3/42","230/14942",0.0130434782608696,4.64037267080745,2.95389632914712,0.0266022978621424,0.229714235120254,0.189770587307871,"Tjp1/Adrb2/Ptgs1",3
"GO:0060249","anatomical structure homeostasis","3/42","230/14942",0.0130434782608696,4.64037267080745,2.95389632914712,0.0266022978621424,0.229714235120254,0.189770587307871,"Tjp1/Adrb2/Ptgs1",3
"GO:0034762","regulation of transmembrane transport","4/42","408/14942",0.00980392156862745,3.48786181139122,2.70511106742937,0.0270996747790547,0.229714235120254,0.189770587307871,"Adrb2/Cttnbp2nl/Rgs2/Pik3cg",4
"GO:0055013","cardiac muscle cell development","2/42","92/14942",0.0217391304347826,7.73395445134576,3.43971297960726,0.027527468227067,0.229714235120254,0.189770587307871,"Myo18b/Rgs2",2
"GO:0021978","telencephalon regionalization","1/42","10/14942",0.1,35.5761904761905,5.80683512624008,0.027764051712455,0.229714235120254,0.189770587307871,"Adgrg1",1
"GO:0030002","intracellular monoatomic anion homeostasis","1/42","10/14942",0.1,35.5761904761905,5.80683512624008,0.027764051712455,0.229714235120254,0.189770587307871,"Ckb",1
"GO:0030644","intracellular chloride ion homeostasis","1/42","10/14942",0.1,35.5761904761905,5.80683512624008,0.027764051712455,0.229714235120254,0.189770587307871,"Ckb",1
"GO:0044557","relaxation of smooth muscle","1/42","10/14942",0.1,35.5761904761905,5.80683512624008,0.027764051712455,0.229714235120254,0.189770587307871,"Rgs2",1
"GO:0060352","cell adhesion molecule production","1/42","10/14942",0.1,35.5761904761905,5.80683512624008,0.027764051712455,0.229714235120254,0.189770587307871,"Gcnt1",1
"GO:0072102","glomerulus morphogenesis","1/42","10/14942",0.1,35.5761904761905,5.80683512624008,0.027764051712455,0.229714235120254,0.189770587307871,"Mtss1",1
"GO:0072124","regulation of glomerular mesangial cell proliferation","1/42","10/14942",0.1,35.5761904761905,5.80683512624008,0.027764051712455,0.229714235120254,0.189770587307871,"Il6ra",1
"GO:1905665","positive regulation of calcium ion import across plasma membrane","1/42","10/14942",0.1,35.5761904761905,5.80683512624008,0.027764051712455,0.229714235120254,0.189770587307871,"Adrb2",1
"GO:0071900","regulation of protein serine/threonine kinase activity","3/42","235/14942",0.0127659574468085,4.54164133738602,2.90534564217601,0.0281118884030614,0.229714235120254,0.189770587307871,"Adrb2/Rgs2/Pik3cg",3
"GO:0016239","positive regulation of macroautophagy","2/42","94/14942",0.0212765957446809,7.5694022289767,3.39216637392901,0.0286431829386334,0.229714235120254,0.189770587307871,"Adrb2/Sting1",2
"GO:0018108","peptidyl-tyrosine phosphorylation","3/42","237/14942",0.0126582278481013,4.50331525015069,2.88630500231005,0.0287283664353171,0.229714235120254,0.189770587307871,"Cass4/Il6ra/Pecam1",3
"GO:0097305","response to alcohol","3/42","237/14942",0.0126582278481013,4.50331525015069,2.88630500231005,0.0287283664353171,0.229714235120254,0.189770587307871,"Tjp1/Hpgd/Rgs2",3
"GO:0051896","regulation of phosphatidylinositol 3-kinase/protein kinase B signal transduction","3/42","238/14942",0.0126050420168067,4.484393757503,2.87686380596965,0.0290393119683032,0.229714235120254,0.189770587307871,"Cass4/Cx3cr1/Pik3cg",3
"GO:0071560","cellular response to transforming growth factor beta stimulus","3/42","240/14942",0.0125,4.44702380952381,2.85813697757735,0.0296666125109549,0.229714235120254,0.189770587307871,"Cx3cr1/Zfp703/Hpgd",3
"GO:0048640","negative regulation of developmental growth","2/42","96/14942",0.0208333333333333,7.41170634920635,3.34599937952643,0.029776888287942,0.229714235120254,0.189770587307871,"Adrb2/Rgs2",2
"GO:0018212","peptidyl-tyrosine modification","3/42","241/14942",0.012448132780083,4.42857142857143,2.84885029550943,0.0299829659791409,0.229714235120254,0.189770587307871,"Cass4/Il6ra/Pecam1",3
"GO:0015695","organic cation transport","2/42","97/14942",0.0206185567010309,7.3352970054001,3.32341128261035,0.0303504165211998,0.229714235120254,0.189770587307871,"Ptgs1/Rgs2",2
"GO:0072009","nephron epithelium development","2/42","97/14942",0.0206185567010309,7.3352970054001,3.32341128261035,0.0303504165211998,0.229714235120254,0.189770587307871,"Mtss1/Sall1",2
"GO:0010896","regulation of triglyceride catabolic process","1/42","11/14942",0.0909090909090909,32.3419913419913,5.52077216844767,0.0304987094828858,0.229714235120254,0.189770587307871,"Pik3cg",1
"GO:0014061","regulation of norepinephrine secretion","1/42","11/14942",0.0909090909090909,32.3419913419913,5.52077216844767,0.0304987094828858,0.229714235120254,0.189770587307871,"Ptgs1",1
"GO:0030259","lipid glycosylation","1/42","11/14942",0.0909090909090909,32.3419913419913,5.52077216844767,0.0304987094828858,0.229714235120254,0.189770587307871,"Ggta1",1
"GO:0031642","negative regulation of myelination","1/42","11/14942",0.0909090909090909,32.3419913419913,5.52077216844767,0.0304987094828858,0.229714235120254,0.189770587307871,"Jam2",1
"GO:0035701","hematopoietic stem cell migration","1/42","11/14942",0.0909090909090909,32.3419913419913,5.52077216844767,0.0304987094828858,0.229714235120254,0.189770587307871,"Jam2",1
"GO:0036151","phosphatidylcholine acyl-chain remodeling","1/42","11/14942",0.0909090909090909,32.3419913419913,5.52077216844767,0.0304987094828858,0.229714235120254,0.189770587307871,"Lpcat2",1
"GO:0071880","adenylate cyclase-activating adrenergic receptor signaling pathway","1/42","11/14942",0.0909090909090909,32.3419913419913,5.52077216844767,0.0304987094828858,0.229714235120254,0.189770587307871,"Adrb2",1
"GO:0072077","renal vesicle morphogenesis","1/42","11/14942",0.0909090909090909,32.3419913419913,5.52077216844767,0.0304987094828858,0.229714235120254,0.189770587307871,"Sall1",1
"GO:0072110","glomerular mesangial cell proliferation","1/42","11/14942",0.0909090909090909,32.3419913419913,5.52077216844767,0.0304987094828858,0.229714235120254,0.189770587307871,"Il6ra",1
"GO:0072160","nephron tubule epithelial cell differentiation","1/42","11/14942",0.0909090909090909,32.3419913419913,5.52077216844767,0.0304987094828858,0.229714235120254,0.189770587307871,"Mtss1",1
"GO:0071559","response to transforming growth factor beta","3/42","247/14942",0.0121457489878543,4.32099479467901,2.7941725394398,0.0319188768660829,0.229714235120254,0.189770587307871,"Cx3cr1/Zfp703/Hpgd",3
"GO:0048565","digestive tract development","2/42","100/14942",0.02,7.1152380952381,3.25753057814967,0.0320973657982012,0.229714235120254,0.189770587307871,"Filip1l/Sall1",2
"GO:0110053","regulation of actin filament organization","3/42","249/14942",0.0120481927710843,4.28628800917958,2.77633200966176,0.0325785533650242,0.229714235120254,0.189770587307871,"Mtss1/Tjp1/Pecam1",3
"GO:0055006","cardiac cell development","2/42","101/14942",0.0198019801980198,7.04479019330505,3.23617262535117,0.0326883773011793,0.229714235120254,0.189770587307871,"Myo18b/Rgs2",2
"GO:0001542","ovulation from ovarian follicle","1/42","12/14942",0.0833333333333333,29.6468253968254,5.27058187333377,0.0332258579794178,0.229714235120254,0.189770587307871,"Nrip1",1
"GO:0008611","ether lipid biosynthetic process","1/42","12/14942",0.0833333333333333,29.6468253968254,5.27058187333377,0.0332258579794178,0.229714235120254,0.189770587307871,"Lpcat2",1
"GO:0021889","olfactory bulb interneuron differentiation","1/42","12/14942",0.0833333333333333,29.6468253968254,5.27058187333377,0.0332258579794178,0.229714235120254,0.189770587307871,"Sall1",1
"GO:0046504","glycerol ether biosynthetic process","1/42","12/14942",0.0833333333333333,29.6468253968254,5.27058187333377,0.0332258579794178,0.229714235120254,0.189770587307871,"Lpcat2",1
"GO:0070493","thrombin-activated receptor signaling pathway","1/42","12/14942",0.0833333333333333,29.6468253968254,5.27058187333377,0.0332258579794178,0.229714235120254,0.189770587307871,"Hpgd",1
"GO:0090557","establishment of endothelial intestinal barrier","1/42","12/14942",0.0833333333333333,29.6468253968254,5.27058187333377,0.0332258579794178,0.229714235120254,0.189770587307871,"Tjp1",1
"GO:1903238","positive regulation of leukocyte tethering or rolling","1/42","12/14942",0.0833333333333333,29.6468253968254,5.27058187333377,0.0332258579794178,0.229714235120254,0.189770587307871,"Gcnt1",1
"GO:2000311","regulation of AMPA receptor activity","1/42","12/14942",0.0833333333333333,29.6468253968254,5.27058187333377,0.0332258579794178,0.229714235120254,0.189770587307871,"Adrb2",1
"GO:2000562","negative regulation of CD4-positive, alpha-beta T cell proliferation","1/42","12/14942",0.0833333333333333,29.6468253968254,5.27058187333377,0.0332258579794178,0.229714235120254,0.189770587307871,"Vsir",1
"GO:2000696","regulation of epithelial cell differentiation involved in kidney development","1/42","12/14942",0.0833333333333333,29.6468253968254,5.27058187333377,0.0332258579794178,0.229714235120254,0.189770587307871,"Sall1",1
"GO:0016525","negative regulation of angiogenesis","2/42","102/14942",0.0196078431372549,6.97572362278245,3.21510367928857,0.0332836900744516,0.229714235120254,0.189770587307871,"Adrb2/Ecscr",2
"GO:1990266","neutrophil migration","2/42","102/14942",0.0196078431372549,6.97572362278245,3.21510367928857,0.0332836900744516,0.229714235120254,0.189770587307871,"Pecam1/Itga9",2
"GO:2000181","negative regulation of blood vessel morphogenesis","2/42","104/14942",0.0192307692307692,6.84157509157509,3.17380539415349,0.0344871091930112,0.229714235120254,0.189770587307871,"Adrb2/Ecscr",2
"GO:1901343","negative regulation of vasculature development","2/42","105/14942",0.019047619047619,6.77641723356009,3.15356291702399,0.0350951607048266,0.229714235120254,0.189770587307871,"Adrb2/Ecscr",2
"GO:0001886","endothelial cell morphogenesis","1/42","13/14942",0.0769230769230769,27.3663003663004,5.04924979223387,0.0359455173206679,0.229714235120254,0.189770587307871,"Pecam1",1
"GO:0003376","sphingosine-1-phosphate receptor signaling pathway","1/42","13/14942",0.0769230769230769,27.3663003663004,5.04924979223387,0.0359455173206679,0.229714235120254,0.189770587307871,"Pik3cg",1
"GO:0010738","regulation of protein kinase A signaling","1/42","13/14942",0.0769230769230769,27.3663003663004,5.04924979223387,0.0359455173206679,0.229714235120254,0.189770587307871,"Adrb2",1
"GO:0015816","glycine transport","1/42","13/14942",0.0769230769230769,27.3663003663004,5.04924979223387,0.0359455173206679,0.229714235120254,0.189770587307871,"Rgs2",1
"GO:0034333","adherens junction assembly","1/42","13/14942",0.0769230769230769,27.3663003663004,5.04924979223387,0.0359455173206679,0.229714235120254,0.189770587307871,"Zfp703",1
"GO:0048243","norepinephrine secretion","1/42","13/14942",0.0769230769230769,27.3663003663004,5.04924979223387,0.0359455173206679,0.229714235120254,0.189770587307871,"Ptgs1",1
"GO:0051956","negative regulation of amino acid transport","1/42","13/14942",0.0769230769230769,27.3663003663004,5.04924979223387,0.0359455173206679,0.229714235120254,0.189770587307871,"Rgs2",1
"GO:0060644","mammary gland epithelial cell differentiation","1/42","13/14942",0.0769230769230769,27.3663003663004,5.04924979223387,0.0359455173206679,0.229714235120254,0.189770587307871,"Zfp703",1
"GO:0072087","renal vesicle development","1/42","13/14942",0.0769230769230769,27.3663003663004,5.04924979223387,0.0359455173206679,0.229714235120254,0.189770587307871,"Sall1",1
"GO:0090190","positive regulation of branching involved in ureteric bud morphogenesis","1/42","13/14942",0.0769230769230769,27.3663003663004,5.04924979223387,0.0359455173206679,0.229714235120254,0.189770587307871,"Sall1",1
"GO:0090209","negative regulation of triglyceride metabolic process","1/42","13/14942",0.0769230769230769,27.3663003663004,5.04924979223387,0.0359455173206679,0.229714235120254,0.189770587307871,"Pik3cg",1
"GO:1901503","ether biosynthetic process","1/42","13/14942",0.0769230769230769,27.3663003663004,5.04924979223387,0.0359455173206679,0.229714235120254,0.189770587307871,"Lpcat2",1
"GO:1901722","regulation of cell proliferation involved in kidney development","1/42","13/14942",0.0769230769230769,27.3663003663004,5.04924979223387,0.0359455173206679,0.229714235120254,0.189770587307871,"Il6ra",1
"GO:0007189","adenylate cyclase-activating G protein-coupled receptor signaling pathway","2/42","107/14942",0.0186915887850467,6.64975522919448,3.11386005378972,0.0363238114035331,0.229714235120254,0.189770587307871,"Adgrg1/Adrb2",2
"GO:0032231","regulation of actin filament bundle assembly","2/42","107/14942",0.0186915887850467,6.64975522919448,3.11386005378972,0.0363238114035331,0.229714235120254,0.189770587307871,"Mtss1/Tjp1",2
"GO:0032963","collagen metabolic process","2/42","109/14942",0.018348623853211,6.52774137177807,3.0751606576684,0.0375690120161998,0.229714235120254,0.189770587307871,"Il6ra/Vsir",2
"GO:0034763","negative regulation of transmembrane transport","2/42","109/14942",0.018348623853211,6.52774137177807,3.0751606576684,0.0375690120161998,0.229714235120254,0.189770587307871,"Cttnbp2nl/Rgs2",2
"GO:0045446","endothelial cell differentiation","2/42","109/14942",0.018348623853211,6.52774137177807,3.0751606576684,0.0375690120161998,0.229714235120254,0.189770587307871,"Tjp1/Pecam1",2
"GO:0007398","ectoderm development","1/42","14/14942",0.0714285714285714,25.4115646258503,4.85154612087148,0.038657707572696,0.229714235120254,0.189770587307871,"Sall1",1
"GO:0010950","positive regulation of endopeptidase activity","1/42","14/14942",0.0714285714285714,25.4115646258503,4.85154612087148,0.038657707572696,0.229714235120254,0.189770587307871,"Vsir",1
"GO:0010960","magnesium ion homeostasis","1/42","14/14942",0.0714285714285714,25.4115646258503,4.85154612087148,0.038657707572696,0.229714235120254,0.189770587307871,"Mtss1",1
"GO:0034112","positive regulation of homotypic cell-cell adhesion","1/42","14/14942",0.0714285714285714,25.4115646258503,4.85154612087148,0.038657707572696,0.229714235120254,0.189770587307871,"Il6ra",1
"GO:0055119","relaxation of cardiac muscle","1/42","14/14942",0.0714285714285714,25.4115646258503,4.85154612087148,0.038657707572696,0.229714235120254,0.189770587307871,"Rgs2",1
"GO:0061052","negative regulation of cell growth involved in cardiac muscle cell development","1/42","14/14942",0.0714285714285714,25.4115646258503,4.85154612087148,0.038657707572696,0.229714235120254,0.189770587307871,"Rgs2",1
"GO:0072672","neutrophil extravasation","1/42","14/14942",0.0714285714285714,25.4115646258503,4.85154612087148,0.038657707572696,0.229714235120254,0.189770587307871,"Pecam1",1
"GO:0090189","regulation of branching involved in ureteric bud morphogenesis","1/42","14/14942",0.0714285714285714,25.4115646258503,4.85154612087148,0.038657707572696,0.229714235120254,0.189770587307871,"Sall1",1
"GO:0097154","GABAergic neuron differentiation","1/42","14/14942",0.0714285714285714,25.4115646258503,4.85154612087148,0.038657707572696,0.229714235120254,0.189770587307871,"Sall1",1
"GO:1900272","negative regulation of long-term synaptic potentiation","1/42","14/14942",0.0714285714285714,25.4115646258503,4.85154612087148,0.038657707572696,0.229714235120254,0.189770587307871,"Cx3cr1",1
"GO:1903977","positive regulation of glial cell migration","1/42","14/14942",0.0714285714285714,25.4115646258503,4.85154612087148,0.038657707572696,0.229714235120254,0.189770587307871,"Cx3cr1",1
"GO:1905664","regulation of calcium ion import across plasma membrane","1/42","14/14942",0.0714285714285714,25.4115646258503,4.85154612087148,0.038657707572696,0.229714235120254,0.189770587307871,"Adrb2",1
"GO:0048661","positive regulation of smooth muscle cell proliferation","2/42","111/14942",0.018018018018018,6.41012441012441,3.03742013800361,0.038830547734097,0.229714235120254,0.189770587307871,"Il6ra/Hpgd",2
"GO:0055123","digestive system development","2/42","112/14942",0.0178571428571429,6.35289115646258,3.01889628094881,0.0394673746190954,0.229714235120254,0.189770587307871,"Filip1l/Sall1",2
"GO:0050878","regulation of body fluid levels","3/42","269/14942",0.0111524163568773,3.9676048858205,2.60761879421198,0.0395680315416854,0.229714235120254,0.189770587307871,"Il6ra/Adrb2/Entpd1",3
"GO:0007162","negative regulation of cell adhesion","3/42","270/14942",0.0111111111111111,3.95291005291005,2.59961350898181,0.0399361286254029,0.229714235120254,0.189770587307871,"Zfp703/Jam2/Vsir",3
"GO:0032966","negative regulation of collagen biosynthetic process","1/42","15/14942",0.0666666666666667,23.7174603174603,4.67348103963687,0.0413624487491395,0.229714235120254,0.189770587307871,"Il6ra",1
"GO:0034111","negative regulation of homotypic cell-cell adhesion","1/42","15/14942",0.0666666666666667,23.7174603174603,4.67348103963687,0.0413624487491395,0.229714235120254,0.189770587307871,"Zfp703",1
"GO:0040015","negative regulation of multicellular organism growth","1/42","15/14942",0.0666666666666667,23.7174603174603,4.67348103963687,0.0413624487491395,0.229714235120254,0.189770587307871,"Adrb2",1
"GO:0046642","negative regulation of alpha-beta T cell proliferation","1/42","15/14942",0.0666666666666667,23.7174603174603,4.67348103963687,0.0413624487491395,0.229714235120254,0.189770587307871,"Vsir",1
"GO:0072202","cell differentiation involved in metanephros development","1/42","15/14942",0.0666666666666667,23.7174603174603,4.67348103963687,0.0413624487491395,0.229714235120254,0.189770587307871,"Sall1",1
"GO:0090520","sphingolipid mediated signaling pathway","1/42","15/14942",0.0666666666666667,23.7174603174603,4.67348103963687,0.0413624487491395,0.229714235120254,0.189770587307871,"Pik3cg",1
"GO:0141161","regulation of cAMP/PKA signal transduction","1/42","15/14942",0.0666666666666667,23.7174603174603,4.67348103963687,0.0413624487491395,0.229714235120254,0.189770587307871,"Adrb2",1
"GO:1901653","cellular response to peptide","1/42","15/14942",0.0666666666666667,23.7174603174603,4.67348103963687,0.0413624487491395,0.229714235120254,0.189770587307871,"Klf3",1
"GO:1903236","regulation of leukocyte tethering or rolling","1/42","15/14942",0.0666666666666667,23.7174603174603,4.67348103963687,0.0413624487491395,0.229714235120254,0.189770587307871,"Gcnt1",1
"GO:0002698","negative regulation of immune effector process","2/42","115/14942",0.0173913043478261,6.1871635610766,2.96465091279653,0.0414017741793578,0.229714235120254,0.189770587307871,"Cx3cr1/Vsir",2
"GO:0030282","bone mineralization","2/42","115/14942",0.0173913043478261,6.1871635610766,2.96465091279653,0.0414017741793578,0.229714235120254,0.189770587307871,"Mtss1/Adrb2",2
"GO:0090287","regulation of cellular response to growth factor stimulus","3/42","275/14942",0.0109090909090909,3.88103896103896,2.56015450776062,0.0418029947578676,0.229714235120254,0.189770587307871,"Adgrg1/Zfp703/Vsir",3
"GO:0043491","phosphatidylinositol 3-kinase/protein kinase B signal transduction","3/42","280/14942",0.0107142857142857,3.81173469387755,2.52161100749027,0.0437136486075287,0.229714235120254,0.189770587307871,"Cass4/Cx3cr1/Pik3cg",3
"GO:0002544","chronic inflammatory response","1/42","16/14942",0.0625,22.235119047619,4.51195039817209,0.0440597608113448,0.229714235120254,0.189770587307871,"Cx3cr1",1
"GO:0007252","I-kappaB phosphorylation","1/42","16/14942",0.0625,22.235119047619,4.51195039817209,0.0440597608113448,0.229714235120254,0.189770587307871,"Cx3cr1",1
"GO:0010517","regulation of phospholipase activity","1/42","16/14942",0.0625,22.235119047619,4.51195039817209,0.0440597608113448,0.229714235120254,0.189770587307871,"Rgs2",1
"GO:0010713","negative regulation of collagen metabolic process","1/42","16/14942",0.0625,22.235119047619,4.51195039817209,0.0440597608113448,0.229714235120254,0.189770587307871,"Il6ra",1
"GO:0021819","layer formation in cerebral cortex","1/42","16/14942",0.0625,22.235119047619,4.51195039817209,0.0440597608113448,0.229714235120254,0.189770587307871,"Adgrg1",1
"GO:0021871","forebrain regionalization","1/42","16/14942",0.0625,22.235119047619,4.51195039817209,0.0440597608113448,0.229714235120254,0.189770587307871,"Adgrg1",1
"GO:0032693","negative regulation of interleukin-10 production","1/42","16/14942",0.0625,22.235119047619,4.51195039817209,0.0440597608113448,0.229714235120254,0.189770587307871,"Vsir",1
"GO:0032700","negative regulation of interleukin-17 production","1/42","16/14942",0.0625,22.235119047619,4.51195039817209,0.0440597608113448,0.229714235120254,0.189770587307871,"Vsir",1
"GO:0045906","negative regulation of vasoconstriction","1/42","16/14942",0.0625,22.235119047619,4.51195039817209,0.0440597608113448,0.229714235120254,0.189770587307871,"Itga9",1
"GO:0048643","positive regulation of skeletal muscle tissue development","1/42","16/14942",0.0625,22.235119047619,4.51195039817209,0.0440597608113448,0.229714235120254,0.189770587307871,"Adrb2",1
"GO:0055064","chloride ion homeostasis","1/42","16/14942",0.0625,22.235119047619,4.51195039817209,0.0440597608113448,0.229714235120254,0.189770587307871,"Ckb",1
"GO:0055081","monoatomic anion homeostasis","1/42","16/14942",0.0625,22.235119047619,4.51195039817209,0.0440597608113448,0.229714235120254,0.189770587307871,"Ckb",1
"GO:0070486","leukocyte aggregation","1/42","16/14942",0.0625,22.235119047619,4.51195039817209,0.0440597608113448,0.229714235120254,0.189770587307871,"Jam2",1
"GO:0072109","glomerular mesangium development","1/42","16/14942",0.0625,22.235119047619,4.51195039817209,0.0440597608113448,0.229714235120254,0.189770587307871,"Il6ra",1
"GO:0007259","cell surface receptor signaling pathway via JAK-STAT","2/42","120/14942",0.0166666666666667,5.92936507936508,2.87838939926226,0.0447039352942011,0.229714235120254,0.189770587307871,"Il6ra/Pecam1",2
"GO:0035710","CD4-positive, alpha-beta T cell activation","2/42","120/14942",0.0166666666666667,5.92936507936508,2.87838939926226,0.0447039352942011,0.229714235120254,0.189770587307871,"Il6ra/Vsir",2
"GO:0007611","learning or memory","3/42","284/14942",0.0105633802816901,3.75804828973843,2.49140895449593,0.0452735244168632,0.229714235120254,0.189770587307871,"Cx3cr1/Adrb2/Ptgs1",3
"GO:0007266","Rho protein signal transduction","2/42","123/14942",0.016260162601626,5.78474641889276,2.82893765622047,0.046730993709083,0.229714235120254,0.189770587307871,"Adgrg1/Pecam1",2
"GO:0035809","regulation of urine volume","1/42","17/14942",0.0588235294117647,20.9271708683473,4.36449780480393,0.0467496636685018,0.229714235120254,0.189770587307871,"Adrb2",1
"GO:0036092","phosphatidylinositol-3-phosphate biosynthetic process","1/42","17/14942",0.0588235294117647,20.9271708683473,4.36449780480393,0.0467496636685018,0.229714235120254,0.189770587307871,"Pik3cg",1
"GO:0043117","positive regulation of vascular permeability","1/42","17/14942",0.0588235294117647,20.9271708683473,4.36449780480393,0.0467496636685018,0.229714235120254,0.189770587307871,"Tjp1",1
"GO:0070102","interleukin-6-mediated signaling pathway","1/42","17/14942",0.0588235294117647,20.9271708683473,4.36449780480393,0.0467496636685018,0.229714235120254,0.189770587307871,"Il6ra",1
"GO:0071360","cellular response to exogenous dsRNA","1/42","17/14942",0.0588235294117647,20.9271708683473,4.36449780480393,0.0467496636685018,0.229714235120254,0.189770587307871,"Sting1",1
"GO:0072273","metanephric nephron morphogenesis","1/42","17/14942",0.0588235294117647,20.9271708683473,4.36449780480393,0.0467496636685018,0.229714235120254,0.189770587307871,"Sall1",1
"GO:0072540","T-helper 17 cell lineage commitment","1/42","17/14942",0.0588235294117647,20.9271708683473,4.36449780480393,0.0467496636685018,0.229714235120254,0.189770587307871,"Il6ra",1
"GO:0098883","synapse pruning","1/42","17/14942",0.0588235294117647,20.9271708683473,4.36449780480393,0.0467496636685018,0.229714235120254,0.189770587307871,"Cx3cr1",1
"GO:1901096","regulation of autophagosome maturation","1/42","17/14942",0.0588235294117647,20.9271708683473,4.36449780480393,0.0467496636685018,0.229714235120254,0.189770587307871,"Adrb2",1
"GO:1901569","fatty acid derivative catabolic process","1/42","17/14942",0.0588235294117647,20.9271708683473,4.36449780480393,0.0467496636685018,0.229714235120254,0.189770587307871,"Hpgd",1
"GO:2000047","regulation of cell-cell adhesion mediated by cadherin","1/42","17/14942",0.0588235294117647,20.9271708683473,4.36449780480393,0.0467496636685018,0.229714235120254,0.189770587307871,"Tjp1",1
"GO:0141091","transforming growth factor beta receptor superfamily signaling pathway","3/42","288/14942",0.0104166666666667,3.70585317460317,2.46174872293947,0.0468611163650169,0.229714235120254,0.189770587307871,"Zfp703/Hpgd/Vsir",3
"GO:0072073","kidney epithelium development","2/42","124/14942",0.0161290322580645,5.73809523809524,2.81281505090291,0.0474141539264292,0.229714235120254,0.189770587307871,"Mtss1/Sall1",2
"GO:0055007","cardiac muscle cell differentiation","2/42","125/14942",0.016,5.69219047619048,2.79686718577126,0.0481010091628099,0.229714235120254,0.189770587307871,"Myo18b/Rgs2",2
"GO:0015874","norepinephrine transport","1/42","18/14942",0.0555555555555556,19.7645502645503,4.22915045979777,0.0494321771777761,0.229714235120254,0.189770587307871,"Ptgs1",1
"GO:0031645","negative regulation of nervous system process","1/42","18/14942",0.0555555555555556,19.7645502645503,4.22915045979777,0.0494321771777761,0.229714235120254,0.189770587307871,"Jam2",1
"GO:0031649","heat generation","1/42","18/14942",0.0555555555555556,19.7645502645503,4.22915045979777,0.0494321771777761,0.229714235120254,0.189770587307871,"Adrb2",1
"GO:0033599","regulation of mammary gland epithelial cell proliferation","1/42","18/14942",0.0555555555555556,19.7645502645503,4.22915045979777,0.0494321771777761,0.229714235120254,0.189770587307871,"Zfp703",1
"GO:0035022","positive regulation of Rac protein signal transduction","1/42","18/14942",0.0555555555555556,19.7645502645503,4.22915045979777,0.0494321771777761,0.229714235120254,0.189770587307871,"Pik3cg",1
"GO:0043116","negative regulation of vascular permeability","1/42","18/14942",0.0555555555555556,19.7645502645503,4.22915045979777,0.0494321771777761,0.229714235120254,0.189770587307871,"Tjp1",1
"GO:0045987","positive regulation of smooth muscle contraction","1/42","18/14942",0.0555555555555556,19.7645502645503,4.22915045979777,0.0494321771777761,0.229714235120254,0.189770587307871,"Ptgs1",1
"GO:0060340","positive regulation of type I interferon-mediated signaling pathway","1/42","18/14942",0.0555555555555556,19.7645502645503,4.22915045979777,0.0494321771777761,0.229714235120254,0.189770587307871,"Sting1",1
"GO:0071498","cellular response to fluid shear stress","1/42","18/14942",0.0555555555555556,19.7645502645503,4.22915045979777,0.0494321771777761,0.229714235120254,0.189770587307871,"Mtss1",1
"GO:0072520","seminiferous tubule development","1/42","18/14942",0.0555555555555556,19.7645502645503,4.22915045979777,0.0494321771777761,0.229714235120254,0.189770587307871,"Adgrg1",1
"GO:2000273","positive regulation of signaling receptor activity","1/42","18/14942",0.0555555555555556,19.7645502645503,4.22915045979777,0.0494321771777761,0.229714235120254,0.189770587307871,"Adrb2",1
"GO:2000738","positive regulation of stem cell differentiation","1/42","18/14942",0.0555555555555556,19.7645502645503,4.22915045979777,0.0494321771777761,0.229714235120254,0.189770587307871,"Vsir",1
"GO:2001185","regulation of CD8-positive, alpha-beta T cell activation","1/42","18/14942",0.0555555555555556,19.7645502645503,4.22915045979777,0.0494321771777761,0.229714235120254,0.189770587307871,"Vsir",1
"GO:0009896","positive regulation of catabolic process","4/42","500/14942",0.008,2.84609523809524,2.22918841698091,0.0509983121394258,0.234390227496711,0.193633499064572,"Adrb2/Sting1/Ecscr/Vsir",4
"GO:0071675","regulation of mononuclear cell migration","2/42","130/14942",0.0153846153846154,5.47326007326007,2.71963309179668,0.0515898374627947,0.234390227496711,0.193633499064572,"Cx3cr1/Jam2",2
"GO:0097696","cell surface receptor signaling pathway via STAT","2/42","130/14942",0.0153846153846154,5.47326007326007,2.71963309179668,0.0515898374627947,0.234390227496711,0.193633499064572,"Il6ra/Pecam1",2
"GO:0002281","macrophage activation involved in immune response","1/42","19/14942",0.0526315789473684,18.7243107769424,4.10430315224116,0.0521073211444429,0.234390227496711,0.193633499064572,"Cx3cr1",1
"GO:0010958","regulation of amino acid import across plasma membrane","1/42","19/14942",0.0526315789473684,18.7243107769424,4.10430315224116,0.0521073211444429,0.234390227496711,0.193633499064572,"Rgs2",1
"GO:0019433","triglyceride catabolic process","1/42","19/14942",0.0526315789473684,18.7243107769424,4.10430315224116,0.0521073211444429,0.234390227496711,0.193633499064572,"Pik3cg",1
"GO:0061760","antifungal innate immune response","1/42","19/14942",0.0526315789473684,18.7243107769424,4.10430315224116,0.0521073211444429,0.234390227496711,0.193633499064572,"Cx3cr1",1
"GO:0072111","cell proliferation involved in kidney development","1/42","19/14942",0.0526315789473684,18.7243107769424,4.10430315224116,0.0521073211444429,0.234390227496711,0.193633499064572,"Il6ra",1
"GO:1903789","regulation of amino acid transmembrane transport","1/42","19/14942",0.0526315789473684,18.7243107769424,4.10430315224116,0.0521073211444429,0.234390227496711,0.193633499064572,"Rgs2",1
"GO:1902414","protein localization to cell junction","2/42","131/14942",0.0152671755725191,5.43147946201381,2.70466537724951,0.0522983403835015,0.234415256187042,0.193654175664179,"Tjp1/Pecam1",2
"GO:0006941","striated muscle contraction","2/42","132/14942",0.0151515151515152,5.39033189033189,2.68985043564086,0.053010365157225,0.234697443278065,0.193887294913258,"Adrb2/Rgs2",2
"GO:0032479","regulation of type I interferon production","2/42","132/14942",0.0151515151515152,5.39033189033189,2.68985043564086,0.053010365157225,0.234697443278065,0.193887294913258,"Sting1/Usp22",2
"GO:0003158","endothelium development","2/42","133/14942",0.0150375939849624,5.34980307912639,2.67518545282066,0.05372588746258,0.234697443278065,0.193887294913258,"Tjp1/Pecam1",2
"GO:0071456","cellular response to hypoxia","2/42","134/14942",0.0149253731343284,5.30987917555082,2.66066768756101,0.0544448830812332,0.234697443278065,0.193887294913258,"Adrb2/Cysltr1",2
"GO:0002295","T-helper cell lineage commitment","1/42","20/14942",0.05,17.7880952380952,3.98863456203228,0.0547751153220167,0.234697443278065,0.193887294913258,"Il6ra",1
"GO:0006662","glycerol ether metabolic process","1/42","20/14942",0.05,17.7880952380952,3.98863456203228,0.0547751153220167,0.234697443278065,0.193887294913258,"Lpcat2",1
"GO:0045844","positive regulation of striated muscle tissue development","1/42","20/14942",0.05,17.7880952380952,3.98863456203228,0.0547751153220167,0.234697443278065,0.193887294913258,"Adrb2",1
"GO:0046485","ether lipid metabolic process","1/42","20/14942",0.05,17.7880952380952,3.98863456203228,0.0547751153220167,0.234697443278065,0.193887294913258,"Lpcat2",1
"GO:0048015","phosphatidylinositol-mediated signaling","1/42","20/14942",0.05,17.7880952380952,3.98863456203228,0.0547751153220167,0.234697443278065,0.193887294913258,"Pik3cg",1
"GO:0048636","positive regulation of muscle organ development","1/42","20/14942",0.05,17.7880952380952,3.98863456203228,0.0547751153220167,0.234697443278065,0.193887294913258,"Adrb2",1
"GO:0072170","metanephric tubule development","1/42","20/14942",0.05,17.7880952380952,3.98863456203228,0.0547751153220167,0.234697443278065,0.193887294913258,"Mtss1",1
"GO:0090026","positive regulation of monocyte chemotaxis","1/42","20/14942",0.05,17.7880952380952,3.98863456203228,0.0547751153220167,0.234697443278065,0.193887294913258,"Cx3cr1",1
"GO:1901863","positive regulation of muscle tissue development","1/42","20/14942",0.05,17.7880952380952,3.98863456203228,0.0547751153220167,0.234697443278065,0.193887294913258,"Adrb2",1
"GO:0097530","granulocyte migration","2/42","135/14942",0.0148148148148148,5.2705467372134,2.64629446913425,0.0551673278975387,0.235301273574109,0.19438612873544,"Pecam1/Itga9",2
"GO:0007204","positive regulation of cytosolic calcium ion concentration","2/42","136/14942",0.0147058823529412,5.23179271708683,2.63206319498894,0.0558931978981747,0.235301273574109,0.19438612873544,"Cx3cr1/Pik3cg",2
"GO:0032606","type I interferon production","2/42","136/14942",0.0147058823529412,5.23179271708683,2.63206319498894,0.0558931978981747,0.235301273574109,0.19438612873544,"Sting1/Usp22",2
"GO:0031644","regulation of nervous system process","2/42","137/14942",0.0145985401459854,5.1936044490789,2.61797132851881,0.0566224691717809,0.235301273574109,0.19438612873544,"Adrb2/Jam2",2
"GO:0002693","positive regulation of cellular extravasation","1/42","21/14942",0.0476190476190476,16.9410430839002,3.88104574411482,0.0574355794123848,0.235301273574109,0.19438612873544,"Pecam1",1
"GO:0003338","metanephros morphogenesis","1/42","21/14942",0.0476190476190476,16.9410430839002,3.88104574411482,0.0574355794123848,0.235301273574109,0.19438612873544,"Sall1",1
"GO:0010737","protein kinase A signaling","1/42","21/14942",0.0476190476190476,16.9410430839002,3.88104574411482,0.0574355794123848,0.235301273574109,0.19438612873544,"Adrb2",1
"GO:0010952","positive regulation of peptidase activity","1/42","21/14942",0.0476190476190476,16.9410430839002,3.88104574411482,0.0574355794123848,0.235301273574109,0.19438612873544,"Vsir",1
"GO:0014059","regulation of dopamine secretion","1/42","21/14942",0.0476190476190476,16.9410430839002,3.88104574411482,0.0574355794123848,0.235301273574109,0.19438612873544,"Entpd1",1
"GO:0090280","positive regulation of calcium ion import","1/42","21/14942",0.0476190476190476,16.9410430839002,3.88104574411482,0.0574355794123848,0.235301273574109,0.19438612873544,"Adrb2",1
"GO:1903672","positive regulation of sprouting angiogenesis","1/42","21/14942",0.0476190476190476,16.9410430839002,3.88104574411482,0.0574355794123848,0.235301273574109,0.19438612873544,"Tjp1",1
"GO:2000353","positive regulation of endothelial cell apoptotic process","1/42","21/14942",0.0476190476190476,16.9410430839002,3.88104574411482,0.0574355794123848,0.235301273574109,0.19438612873544,"Ecscr",1
"GO:2001169","regulation of ATP biosynthetic process","1/42","21/14942",0.0476190476190476,16.9410430839002,3.88104574411482,0.0574355794123848,0.235301273574109,0.19438612873544,"Entpd1",1
"GO:0008016","regulation of heart contraction","2/42","139/14942",0.0143884892086331,5.11887632750942,2.59019598913667,0.0580911204001086,0.235301273574109,0.19438612873544,"Adrb2/Rgs2",2
"GO:0071902","positive regulation of protein serine/threonine kinase activity","2/42","139/14942",0.0143884892086331,5.11887632750942,2.59019598913667,0.0580911204001086,0.235301273574109,0.19438612873544,"Adrb2/Pik3cg",2
"GO:0016241","regulation of macroautophagy","2/42","141/14942",0.0141843971631206,5.04626815265113,2.56294939772274,0.0595730923171866,0.235301273574109,0.19438612873544,"Adrb2/Sting1",2
"GO:0050890","cognition","3/42","319/14942",0.00940438871473354,3.34572324227497,2.24840848945426,0.0600870857532785,0.235301273574109,0.19438612873544,"Cx3cr1/Adrb2/Ptgs1",3
"GO:0002675","positive regulation of acute inflammatory response","1/42","22/14942",0.0454545454545455,16.1709956709957,3.78061416451849,0.0600887330659392,0.235301273574109,0.19438612873544,"Pik3cg",1
"GO:0003085","negative regulation of systemic arterial blood pressure","1/42","22/14942",0.0454545454545455,16.1709956709957,3.78061416451849,0.0600887330659392,0.235301273574109,0.19438612873544,"Adrb2",1
"GO:0032891","negative regulation of organic acid transport","1/42","22/14942",0.0454545454545455,16.1709956709957,3.78061416451849,0.0600887330659392,0.235301273574109,0.19438612873544,"Rgs2",1
"GO:0035025","positive regulation of Rho protein signal transduction","1/42","22/14942",0.0454545454545455,16.1709956709957,3.78061416451849,0.0600887330659392,0.235301273574109,0.19438612873544,"Adgrg1",1
"GO:0045591","positive regulation of regulatory T cell differentiation","1/42","22/14942",0.0454545454545455,16.1709956709957,3.78061416451849,0.0600887330659392,0.235301273574109,0.19438612873544,"Vsir",1
"GO:0061098","positive regulation of protein tyrosine kinase activity","1/42","22/14942",0.0454545454545455,16.1709956709957,3.78061416451849,0.0600887330659392,0.235301273574109,0.19438612873544,"Cass4",1
"GO:0061709","reticulophagy","1/42","22/14942",0.0454545454545455,16.1709956709957,3.78061416451849,0.0600887330659392,0.235301273574109,0.19438612873544,"Sting1",1
"GO:0072207","metanephric epithelium development","1/42","22/14942",0.0454545454545455,16.1709956709957,3.78061416451849,0.0600887330659392,0.235301273574109,0.19438612873544,"Mtss1",1
"GO:0140896","cGAS/STING signaling pathway","1/42","22/14942",0.0454545454545455,16.1709956709957,3.78061416451849,0.0600887330659392,0.235301273574109,0.19438612873544,"Sting1",1
"GO:0141156","cAMP/PKA signal transduction","1/42","22/14942",0.0454545454545455,16.1709956709957,3.78061416451849,0.0600887330659392,0.235301273574109,0.19438612873544,"Adrb2",1
"GO:0043405","regulation of MAP kinase activity","2/42","142/14942",0.0140845070422535,5.01073105298457,2.54951868329356,0.0603190148286988,0.235301273574109,0.19438612873544,"Rgs2/Pik3cg",2
"GO:1903531","negative regulation of secretion by cell","2/42","142/14942",0.0140845070422535,5.01073105298457,2.54951868329356,0.0603190148286988,0.235301273574109,0.19438612873544,"Ptgs1/Entpd1",2
"GO:0036294","cellular response to decreased oxygen levels","2/42","143/14942",0.013986013986014,4.97569097569098,2.53621342749723,0.0610681972660808,0.235301273574109,0.19438612873544,"Adrb2/Cysltr1",2
"GO:0032956","regulation of actin cytoskeleton organization","3/42","322/14942",0.0093167701863354,3.31455190771961,2.2291665542931,0.0614519271012224,0.235301273574109,0.19438612873544,"Mtss1/Tjp1/Pecam1",3
"GO:0050727","regulation of inflammatory response","3/42","322/14942",0.0093167701863354,3.31455190771961,2.2291665542931,0.0614519271012224,0.235301273574109,0.19438612873544,"Cx3cr1/Sting1/Pik3cg",3
"GO:1990845","adaptive thermogenesis","2/42","144/14942",0.0138888888888889,4.94113756613757,2.52303149983721,0.0618206164216598,0.235301273574109,0.19438612873544,"Adrb2/Ckb",2
"GO:0007565","female pregnancy","2/42","145/14942",0.0137931034482759,4.90706075533662,2.50997082078786,0.0625762491868687,0.235301273574109,0.19438612873544,"Hpgd/Rgs2",2
"GO:0007613","memory","2/42","145/14942",0.0137931034482759,4.90706075533662,2.50997082078786,0.0625762491868687,0.235301273574109,0.19438612873544,"Cx3cr1/Ptgs1",2
"GO:0043373","CD4-positive, alpha-beta T cell lineage commitment","1/42","23/14942",0.0434782608695652,15.4679089026915,3.68655884448368,0.0627345958817048,0.235301273574109,0.19438612873544,"Il6ra",1
"GO:0048641","regulation of skeletal muscle tissue development","1/42","23/14942",0.0434782608695652,15.4679089026915,3.68655884448368,0.0627345958817048,0.235301273574109,0.19438612873544,"Adrb2",1
"GO:0070528","protein kinase C signaling","1/42","23/14942",0.0434782608695652,15.4679089026915,3.68655884448368,0.0627345958817048,0.235301273574109,0.19438612873544,"Adgrg1",1
"GO:0071359","cellular response to dsRNA","1/42","23/14942",0.0434782608695652,15.4679089026915,3.68655884448368,0.0627345958817048,0.235301273574109,0.19438612873544,"Sting1",1
"GO:0090183","regulation of kidney development","1/42","23/14942",0.0434782608695652,15.4679089026915,3.68655884448368,0.0627345958817048,0.235301273574109,0.19438612873544,"Sall1",1
"GO:1900746","regulation of vascular endothelial growth factor signaling pathway","1/42","23/14942",0.0434782608695652,15.4679089026915,3.68655884448368,0.0627345958817048,0.235301273574109,0.19438612873544,"Adgrg1",1
"GO:2000810","regulation of bicellular tight junction assembly","1/42","23/14942",0.0434782608695652,15.4679089026915,3.68655884448368,0.0627345958817048,0.235301273574109,0.19438612873544,"Tjp1",1
"GO:0007292","female gamete generation","2/42","146/14942",0.0136986301369863,4.87345075016308,2.49702936022997,0.0633350725518934,0.236090596808711,0.195038201227716,"Hpgd/Nrip1",2
"GO:0031214","biomineral tissue development","2/42","146/14942",0.0136986301369863,4.87345075016308,2.49702936022997,0.0633350725518934,0.236090596808711,0.195038201227716,"Mtss1/Adrb2",2
"GO:0030041","actin filament polymerization","2/42","147/14942",0.0136054421768707,4.84029802397149,2.48420513594486,0.0640970636053228,0.236090596808711,0.195038201227716,"Mtss1/Pecam1",2
"GO:0042060","wound healing","3/42","330/14942",0.00909090909090909,3.23419913419913,2.1789404499281,0.0651629024566212,0.236090596808711,0.195038201227716,"Il6ra/Entpd1/Pecam1",3
"GO:0001516","prostaglandin biosynthetic process","1/42","24/14942",0.0416666666666667,14.8234126984127,3.59821357263476,0.0653731874074753,0.236090596808711,0.195038201227716,"Ptgs1",1
"GO:0001911","negative regulation of leukocyte mediated cytotoxicity","1/42","24/14942",0.0416666666666667,14.8234126984127,3.59821357263476,0.0653731874074753,0.236090596808711,0.195038201227716,"Cx3cr1",1
"GO:0002026","regulation of the force of heart contraction","1/42","24/14942",0.0416666666666667,14.8234126984127,3.59821357263476,0.0653731874074753,0.236090596808711,0.195038201227716,"Adrb2",1
"GO:0031128","developmental induction","1/42","24/14942",0.0416666666666667,14.8234126984127,3.59821357263476,0.0653731874074753,0.236090596808711,0.195038201227716,"Sall1",1
"GO:0046457","prostanoid biosynthetic process","1/42","24/14942",0.0416666666666667,14.8234126984127,3.59821357263476,0.0653731874074753,0.236090596808711,0.195038201227716,"Ptgs1",1
"GO:0090330","regulation of platelet aggregation","1/42","24/14942",0.0416666666666667,14.8234126984127,3.59821357263476,0.0653731874074753,0.236090596808711,0.195038201227716,"Il6ra",1
"GO:1904996","positive regulation of leukocyte adhesion to vascular endothelial cell","1/42","24/14942",0.0416666666666667,14.8234126984127,3.59821357263476,0.0653731874074753,0.236090596808711,0.195038201227716,"Gcnt1",1
"GO:2000269","regulation of fibroblast apoptotic process","1/42","24/14942",0.0416666666666667,14.8234126984127,3.59821357263476,0.0653731874074753,0.236090596808711,0.195038201227716,"Pik3cg",1
"GO:2000561","regulation of CD4-positive, alpha-beta T cell proliferation","1/42","24/14942",0.0416666666666667,14.8234126984127,3.59821357263476,0.0653731874074753,0.236090596808711,0.195038201227716,"Vsir",1
"GO:0071331","cellular response to hexose stimulus","2/42","151/14942",0.0132450331125828,4.71207820876695,2.4340425539478,0.0671762498994014,0.236120485593998,0.195062892829152,"Tjp1/Slc2a5",2
"GO:0043123","positive regulation of canonical NF-kappaB signal transduction","2/42","152/14942",0.0131578947368421,4.68107769423559,2.42177635568398,0.0679537391433598,0.236120485593998,0.195062892829152,"Cx3cr1/Tab2",2
"GO:0071326","cellular response to monosaccharide stimulus","2/42","152/14942",0.0131578947368421,4.68107769423559,2.42177635568398,0.0679537391433598,0.236120485593998,0.195062892829152,"Tjp1/Slc2a5",2
"GO:0002363","alpha-beta T cell lineage commitment","1/42","25/14942",0.04,14.2304761904762,3.51500606656958,0.0680045271399385,0.236120485593998,0.195062892829152,"Il6ra",1
"GO:0002710","negative regulation of T cell mediated immunity","1/42","25/14942",0.04,14.2304761904762,3.51500606656958,0.0680045271399385,0.236120485593998,0.195062892829152,"Vsir",1
"GO:0018904","ether metabolic process","1/42","25/14942",0.04,14.2304761904762,3.51500606656958,0.0680045271399385,0.236120485593998,0.195062892829152,"Lpcat2",1
"GO:0032691","negative regulation of interleukin-1 beta production","1/42","25/14942",0.04,14.2304761904762,3.51500606656958,0.0680045271399385,0.236120485593998,0.195062892829152,"Cx3cr1",1
"GO:0035739","CD4-positive, alpha-beta T cell proliferation","1/42","25/14942",0.04,14.2304761904762,3.51500606656958,0.0680045271399385,0.236120485593998,0.195062892829152,"Vsir",1
"GO:0048566","embryonic digestive tract development","1/42","25/14942",0.04,14.2304761904762,3.51500606656958,0.0680045271399385,0.236120485593998,0.195062892829152,"Sall1",1
"GO:0050995","negative regulation of lipid catabolic process","1/42","25/14942",0.04,14.2304761904762,3.51500606656958,0.0680045271399385,0.236120485593998,0.195062892829152,"Pik3cg",1
"GO:1902547","regulation of cellular response to vascular endothelial growth factor stimulus","1/42","25/14942",0.04,14.2304761904762,3.51500606656958,0.0680045271399385,0.236120485593998,0.195062892829152,"Adgrg1",1
"GO:0003012","muscle system process","3/42","339/14942",0.00884955752212389,3.14833544037084,2.12423344975492,0.0694602171508292,0.236120485593998,0.195062892829152,"Adrb2/Ptgs1/Rgs2",3
"GO:0010508","positive regulation of autophagy","2/42","154/14942",0.012987012987013,4.62028447742733,2.39756108830691,0.0695177921996138,0.236120485593998,0.195062892829152,"Adrb2/Sting1",2
"GO:0007596","blood coagulation","2/42","155/14942",0.0129032258064516,4.59047619047619,2.38560868750142,0.0703043116429005,0.236120485593998,0.195062892829152,"Il6ra/Entpd1",2
"GO:0001975","response to amphetamine","1/42","26/14942",0.0384615384615385,13.6831501831502,3.43644158237785,0.0706286345248102,0.236120485593998,0.195062892829152,"Rgs2",1
"GO:0030808","regulation of nucleotide biosynthetic process","1/42","26/14942",0.0384615384615385,13.6831501831502,3.43644158237785,0.0706286345248102,0.236120485593998,0.195062892829152,"Entpd1",1
"GO:0043369","CD4-positive or CD8-positive, alpha-beta T cell lineage commitment","1/42","26/14942",0.0384615384615385,13.6831501831502,3.43644158237785,0.0706286345248102,0.236120485593998,0.195062892829152,"Il6ra",1
"GO:0055022","negative regulation of cardiac muscle tissue growth","1/42","26/14942",0.0384615384615385,13.6831501831502,3.43644158237785,0.0706286345248102,0.236120485593998,0.195062892829152,"Rgs2",1
"GO:0061117","negative regulation of heart growth","1/42","26/14942",0.0384615384615385,13.6831501831502,3.43644158237785,0.0706286345248102,0.236120485593998,0.195062892829152,"Rgs2",1
"GO:0072012","glomerulus vasculature development","1/42","26/14942",0.0384615384615385,13.6831501831502,3.43644158237785,0.0706286345248102,0.236120485593998,0.195062892829152,"Il6ra",1
"GO:1900371","regulation of purine nucleotide biosynthetic process","1/42","26/14942",0.0384615384615385,13.6831501831502,3.43644158237785,0.0706286345248102,0.236120485593998,0.195062892829152,"Entpd1",1
"GO:1903579","negative regulation of ATP metabolic process","1/42","26/14942",0.0384615384615385,13.6831501831502,3.43644158237785,0.0706286345248102,0.236120485593998,0.195062892829152,"Entpd1",1
"GO:1903975","regulation of glial cell migration","1/42","26/14942",0.0384615384615385,13.6831501831502,3.43644158237785,0.0706286345248102,0.236120485593998,0.195062892829152,"Cx3cr1",1
"GO:0051048","negative regulation of secretion","2/42","156/14942",0.0128205128205128,4.56105006105006,2.3737576158638,0.0710937969426737,0.236120485593998,0.195062892829152,"Ptgs1/Entpd1",2
"GO:0010563","negative regulation of phosphorus metabolic process","3/42","343/14942",0.0087463556851312,3.11162015826739,2.10049982107964,0.0714111424352691,0.236120485593998,0.195062892829152,"Entpd1/Rgs2/Pecam1",3
"GO:0045936","negative regulation of phosphate metabolic process","3/42","343/14942",0.0087463556851312,3.11162015826739,2.10049982107964,0.0714111424352691,0.236120485593998,0.195062892829152,"Entpd1/Rgs2/Pecam1",3
"GO:0050817","coagulation","2/42","157/14942",0.0127388535031847,4.53199878677586,2.36200629852434,0.0718862261524978,0.236120485593998,0.195062892829152,"Il6ra/Entpd1",2
"GO:1903169","regulation of calcium ion transmembrane transport","2/42","157/14942",0.0127388535031847,4.53199878677586,2.36200629852434,0.0718862261524978,0.236120485593998,0.195062892829152,"Adrb2/Pik3cg",2
"GO:0007599","hemostasis","2/42","158/14942",0.0126582278481013,4.50331525015069,2.35035319515385,0.0726815774205538,0.236120485593998,0.195062892829152,"Il6ra/Entpd1",2
"GO:0046474","glycerophospholipid biosynthetic process","2/42","158/14942",0.0126582278481013,4.50331525015069,2.35035319515385,0.0726815774205538,0.236120485593998,0.195062892829152,"Lpcat2/Pik3cg",2
"GO:0002719","negative regulation of cytokine production involved in immune response","1/42","27/14942",0.037037037037037,13.1763668430335,3.36208989159173,0.07324552895696,0.236120485593998,0.195062892829152,"Vsir",1
"GO:0031342","negative regulation of cell killing","1/42","27/14942",0.037037037037037,13.1763668430335,3.36208989159173,0.07324552895696,0.236120485593998,0.195062892829152,"Cx3cr1",1
"GO:0090025","regulation of monocyte chemotaxis","1/42","27/14942",0.037037037037037,13.1763668430335,3.36208989159173,0.07324552895696,0.236120485593998,0.195062892829152,"Cx3cr1",1
"GO:0097284","hepatocyte apoptotic process","1/42","27/14942",0.037037037037037,13.1763668430335,3.36208989159173,0.07324552895696,0.236120485593998,0.195062892829152,"Pik3cg",1
"GO:0007612","learning","2/42","159/14942",0.0125786163522013,4.47499251272836,2.33879679899079,0.073479828989302,0.236120485593998,0.195062892829152,"Adrb2/Ptgs1",2
"GO:0035051","cardiocyte differentiation","2/42","159/14942",0.0125786163522013,4.47499251272836,2.33879679899079,0.073479828989302,0.236120485593998,0.195062892829152,"Myo18b/Rgs2",2
"GO:0051494","negative regulation of cytoskeleton organization","2/42","159/14942",0.0125786163522013,4.47499251272836,2.33879679899079,0.073479828989302,0.236120485593998,0.195062892829152,"Tjp1/Pecam1",2
"GO:0071453","cellular response to oxygen levels","2/42","159/14942",0.0125786163522013,4.47499251272836,2.33879679899079,0.073479828989302,0.236120485593998,0.195062892829152,"Adrb2/Cysltr1",2
"GO:1902904","negative regulation of supramolecular fiber organization","2/42","161/14942",0.0124223602484472,4.41940254362615,2.31596826347501,0.075084946468093,0.236120485593998,0.195062892829152,"Tjp1/Pecam1",2
"GO:0002230","positive regulation of defense response to virus by host","1/42","28/14942",0.0357142857142857,12.7057823129252,3.29157483708638,0.0758552297805479,0.236120485593998,0.195062892829152,"Sting1",1
"GO:0014046","dopamine secretion","1/42","28/14942",0.0357142857142857,12.7057823129252,3.29157483708638,0.0758552297805479,0.236120485593998,0.195062892829152,"Entpd1",1
"GO:0021801","cerebral cortex radial glia-guided migration","1/42","28/14942",0.0357142857142857,12.7057823129252,3.29157483708638,0.0758552297805479,0.236120485593998,0.195062892829152,"Adgrg1",1
"GO:0022030","telencephalon glial cell migration","1/42","28/14942",0.0357142857142857,12.7057823129252,3.29157483708638,0.0758552297805479,0.236120485593998,0.195062892829152,"Adgrg1",1
"GO:0033598","mammary gland epithelial cell proliferation","1/42","28/14942",0.0357142857142857,12.7057823129252,3.29157483708638,0.0758552297805479,0.236120485593998,0.195062892829152,"Zfp703",1
"GO:0046461","neutral lipid catabolic process","1/42","28/14942",0.0357142857142857,12.7057823129252,3.29157483708638,0.0758552297805479,0.236120485593998,0.195062892829152,"Pik3cg",1
"GO:0046464","acylglycerol catabolic process","1/42","28/14942",0.0357142857142857,12.7057823129252,3.29157483708638,0.0758552297805479,0.236120485593998,0.195062892829152,"Pik3cg",1
"GO:0061437","renal system vasculature development","1/42","28/14942",0.0357142857142857,12.7057823129252,3.29157483708638,0.0758552297805479,0.236120485593998,0.195062892829152,"Il6ra",1
"GO:0061440","kidney vasculature development","1/42","28/14942",0.0357142857142857,12.7057823129252,3.29157483708638,0.0758552297805479,0.236120485593998,0.195062892829152,"Il6ra",1
"GO:0061484","hematopoietic stem cell homeostasis","1/42","28/14942",0.0357142857142857,12.7057823129252,3.29157483708638,0.0758552297805479,0.236120485593998,0.195062892829152,"Adgrg1",1
"GO:0072210","metanephric nephron development","1/42","28/14942",0.0357142857142857,12.7057823129252,3.29157483708638,0.0758552297805479,0.236120485593998,0.195062892829152,"Sall1",1
"GO:0099601","regulation of neurotransmitter receptor activity","1/42","28/14942",0.0357142857142857,12.7057823129252,3.29157483708638,0.0758552297805479,0.236120485593998,0.195062892829152,"Adrb2",1
"GO:0071322","cellular response to carbohydrate stimulus","2/42","162/14942",0.0123456790123457,4.39212228101117,2.30469327014183,0.0758917693314289,0.236120485593998,0.195062892829152,"Tjp1/Slc2a5",2
"GO:0051017","actin filament bundle assembly","2/42","163/14942",0.0122699386503067,4.36517674554484,2.29350927433134,0.0767014064013751,0.236120485593998,0.195062892829152,"Mtss1/Tjp1",2
"GO:0055002","striated muscle cell development","2/42","163/14942",0.0122699386503067,4.36517674554484,2.29350927433134,0.0767014064013751,0.236120485593998,0.195062892829152,"Myo18b/Rgs2",2
"GO:0044706","multi-multicellular organism process","2/42","164/14942",0.0121951219512195,4.33855981416957,2.28241492365064,0.0775138363867613,0.236120485593998,0.195062892829152,"Hpgd/Rgs2",2
"GO:0032409","regulation of transporter activity","2/42","165/14942",0.0121212121212121,4.31226551226551,2.27140889409337,0.0783290380886935,0.236120485593998,0.195062892829152,"Adrb2/Cttnbp2nl",2
"GO:0032970","regulation of actin filament-based process","3/42","357/14942",0.00840336134453781,2.98959583833533,2.02007316314316,0.0784341096148084,0.236120485593998,0.195062892829152,"Mtss1/Tjp1/Pecam1",3
"GO:0002360","T cell lineage commitment","1/42","29/14942",0.0344827586206897,12.2676518883415,3.22456588511618,0.0784577562891449,0.236120485593998,0.195062892829152,"Il6ra",1
"GO:0002724","regulation of T cell cytokine production","1/42","29/14942",0.0344827586206897,12.2676518883415,3.22456588511618,0.0784577562891449,0.236120485593998,0.195062892829152,"Vsir",1
"GO:0032252","secretory granule localization","1/42","29/14942",0.0344827586206897,12.2676518883415,3.22456588511618,0.0784577562891449,0.236120485593998,0.195062892829152,"Pik3cg",1
"GO:0032689","negative regulation of type II interferon production","1/42","29/14942",0.0344827586206897,12.2676518883415,3.22456588511618,0.0784577562891449,0.236120485593998,0.195062892829152,"Vsir",1
"GO:0032801","receptor catabolic process","1/42","29/14942",0.0344827586206897,12.2676518883415,3.22456588511618,0.0784577562891449,0.236120485593998,0.195062892829152,"Gprasp1",1
"GO:0035235","ionotropic glutamate receptor signaling pathway","1/42","29/14942",0.0344827586206897,12.2676518883415,3.22456588511618,0.0784577562891449,0.236120485593998,0.195062892829152,"Adrb2",1
"GO:0045980","negative regulation of nucleotide metabolic process","1/42","29/14942",0.0344827586206897,12.2676518883415,3.22456588511618,0.0784577562891449,0.236120485593998,0.195062892829152,"Entpd1",1
"GO:0060252","positive regulation of glial cell proliferation","1/42","29/14942",0.0344827586206897,12.2676518883415,3.22456588511618,0.0784577562891449,0.236120485593998,0.195062892829152,"Cysltr1",1
"GO:0090075","relaxation of muscle","1/42","29/14942",0.0344827586206897,12.2676518883415,3.22456588511618,0.0784577562891449,0.236120485593998,0.195062892829152,"Rgs2",1
"GO:1900543","negative regulation of purine nucleotide metabolic process","1/42","29/14942",0.0344827586206897,12.2676518883415,3.22456588511618,0.0784577562891449,0.236120485593998,0.195062892829152,"Entpd1",1
"GO:1902235","regulation of endoplasmic reticulum stress-induced intrinsic apoptotic signaling pathway","1/42","29/14942",0.0344827586206897,12.2676518883415,3.22456588511618,0.0784577562891449,0.236120485593998,0.195062892829152,"Serinc3",1
"GO:1904994","regulation of leukocyte adhesion to vascular endothelial cell","1/42","29/14942",0.0344827586206897,12.2676518883415,3.22456588511618,0.0784577562891449,0.236120485593998,0.195062892829152,"Gcnt1",1
"GO:1905523","positive regulation of macrophage migration","1/42","29/14942",0.0344827586206897,12.2676518883415,3.22456588511618,0.0784577562891449,0.236120485593998,0.195062892829152,"Cx3cr1",1
"GO:0044703","multi-organism reproductive process","2/42","166/14942",0.0120481927710843,4.28628800917958,2.26048988927431,0.0791469904002235,0.236607744677824,0.19546542531679,"Hpgd/Rgs2",2
"GO:0061572","actin filament bundle organization","2/42","166/14942",0.0120481927710843,4.28628800917958,2.26048988927431,0.0791469904002235,0.236607744677824,0.19546542531679,"Mtss1/Tjp1",2
"GO:0006816","calcium ion transport","3/42","360/14942",0.00833333333333333,2.96468253968254,2.00334816630722,0.0799777899928299,0.236607744677824,0.19546542531679,"Adrb2/Cysltr1/Pik3cg",3
"GO:1902903","regulation of supramolecular fiber organization","3/42","362/14942",0.00828729281767956,2.94830307813733,1.99229380171959,0.0810143919714758,0.236607744677824,0.19546542531679,"Mtss1/Tjp1/Pecam1",3
"GO:0002021","response to dietary excess","1/42","30/14942",0.0333333333333333,11.8587301587302,3.16077123757538,0.0810531277258684,0.236607744677824,0.19546542531679,"Adrb2",1
"GO:0002052","positive regulation of neuroblast proliferation","1/42","30/14942",0.0333333333333333,11.8587301587302,3.16077123757538,0.0810531277258684,0.236607744677824,0.19546542531679,"Cx3cr1",1
"GO:0019369","arachidonate metabolic process","1/42","30/14942",0.0333333333333333,11.8587301587302,3.16077123757538,0.0810531277258684,0.236607744677824,0.19546542531679,"Ptgs1",1
"GO:0044346","fibroblast apoptotic process","1/42","30/14942",0.0333333333333333,11.8587301587302,3.16077123757538,0.0810531277258684,0.236607744677824,0.19546542531679,"Pik3cg",1
"GO:0071354","cellular response to interleukin-6","1/42","30/14942",0.0333333333333333,11.8587301587302,3.16077123757538,0.0810531277258684,0.236607744677824,0.19546542531679,"Il6ra",1
"GO:0098703","calcium ion import across plasma membrane","1/42","30/14942",0.0333333333333333,11.8587301587302,3.16077123757538,0.0810531277258684,0.236607744677824,0.19546542531679,"Adrb2",1
"GO:0150146","cell junction disassembly","1/42","30/14942",0.0333333333333333,11.8587301587302,3.16077123757538,0.0810531277258684,0.236607744677824,0.19546542531679,"Cx3cr1",1
"GO:1902656","calcium ion import into cytosol","1/42","30/14942",0.0333333333333333,11.8587301587302,3.16077123757538,0.0810531277258684,0.236607744677824,0.19546542531679,"Adrb2",1
"GO:1905332","positive regulation of morphogenesis of an epithelium","1/42","30/14942",0.0333333333333333,11.8587301587302,3.16077123757538,0.0810531277258684,0.236607744677824,0.19546542531679,"Sall1",1
"GO:0048660","regulation of smooth muscle cell proliferation","2/42","169/14942",0.0118343195266272,4.2102000563539,2.22824245833154,0.0816171412952099,0.237705222574067,0.196372069281708,"Il6ra/Hpgd",2
"GO:0060047","heart contraction","2/42","170/14942",0.0117647058823529,4.18543417366947,2.21765911562414,0.0824458868030789,0.239566898664579,0.197910029543023,"Adrb2/Rgs2",2
"GO:0008154","actin polymerization or depolymerization","2/42","171/14942",0.0116959064327485,4.16095795043163,2.20715670496015,0.0832772787535174,0.240278825432622,0.198498163581913,"Mtss1/Pecam1",2
"GO:0034405","response to fluid shear stress","1/42","31/14942",0.032258064516129,11.4761904761905,3.09993217486675,0.0836413632835076,0.240278825432622,0.198498163581913,"Mtss1",1
"GO:0035136","forelimb morphogenesis","1/42","31/14942",0.032258064516129,11.4761904761905,3.09993217486675,0.0836413632835076,0.240278825432622,0.198498163581913,"Sall1",1
"GO:0036037","CD8-positive, alpha-beta T cell activation","1/42","31/14942",0.032258064516129,11.4761904761905,3.09993217486675,0.0836413632835076,0.240278825432622,0.198498163581913,"Vsir",1
"GO:0061050","regulation of cell growth involved in cardiac muscle cell development","1/42","31/14942",0.032258064516129,11.4761904761905,3.09993217486675,0.0836413632835076,0.240278825432622,0.198498163581913,"Rgs2",1
"GO:0042063","gliogenesis","3/42","369/14942",0.00813008130081301,2.89237320944638,1.95419022038955,0.0846891529920768,0.242189371956178,0.200076496486116,"Cx3cr1/Adgrg1/Cysltr1",3
"GO:0032680","regulation of tumor necrosis factor production","2/42","173/14942",0.0115606936416185,4.11285439031104,2.18639012111191,0.08494791982319,0.242189371956178,0.200076496486116,"Cx3cr1/Vsir",2
"GO:0000910","cytokinesis","2/42","174/14942",0.0114942528735632,4.08921729611385,2.1761237253011,0.085787128086808,0.242189371956178,0.200076496486116,"Filip1l/Klhl9",2
"GO:0046631","alpha-beta T cell activation","2/42","174/14942",0.0114942528735632,4.08921729611385,2.1761237253011,0.085787128086808,0.242189371956178,0.200076496486116,"Il6ra/Vsir",2
"GO:0003009","skeletal muscle contraction","1/42","32/14942",0.03125,11.1175595238095,3.04181837760155,0.086222482104652,0.242189371956178,0.200076496486116,"Adrb2",1
"GO:0030279","negative regulation of ossification","1/42","32/14942",0.03125,11.1175595238095,3.04181837760155,0.086222482104652,0.242189371956178,0.200076496486116,"Adrb2",1
"GO:0032692","negative regulation of interleukin-1 production","1/42","32/14942",0.03125,11.1175595238095,3.04181837760155,0.086222482104652,0.242189371956178,0.200076496486116,"Cx3cr1",1
"GO:0045777","positive regulation of blood pressure","1/42","32/14942",0.03125,11.1175595238095,3.04181837760155,0.086222482104652,0.242189371956178,0.200076496486116,"Adrb2",1
"GO:0051497","negative regulation of stress fiber assembly","1/42","32/14942",0.03125,11.1175595238095,3.04181837760155,0.086222482104652,0.242189371956178,0.200076496486116,"Tjp1",1
"GO:0070741","response to interleukin-6","1/42","32/14942",0.03125,11.1175595238095,3.04181837760155,0.086222482104652,0.242189371956178,0.200076496486116,"Il6ra",1
"GO:0014706","striated muscle tissue development","3/42","374/14942",0.00802139037433155,2.853705118411,1.92751527180495,0.087357873076206,0.244075382585667,0.201634559897553,"Adrb2/Myo18b/Rgs2",3
"GO:0048659","smooth muscle cell proliferation","2/42","176/14942",0.0113636363636364,4.04274891774892,2.15581933337687,0.0874732186007178,0.244075382585667,0.201634559897553,"Il6ra/Hpgd",2
"GO:1903555","regulation of tumor necrosis factor superfamily cytokine production","2/42","176/14942",0.0113636363636364,4.04274891774892,2.15581933337687,0.0874732186007178,0.244075382585667,0.201634559897553,"Cx3cr1/Vsir",2
"GO:0010714","positive regulation of collagen metabolic process","1/42","33/14942",0.0303030303030303,10.7806637806638,2.98622403299298,0.0887965032818221,0.245062838751579,0.202450313159199,"Vsir",1
"GO:0031638","zymogen activation","1/42","33/14942",0.0303030303030303,10.7806637806638,2.98622403299298,0.0887965032818221,0.245062838751579,0.202450313159199,"Vsir",1
"GO:0035020","regulation of Rac protein signal transduction","1/42","33/14942",0.0303030303030303,10.7806637806638,2.98622403299298,0.0887965032818221,0.245062838751579,0.202450313159199,"Pik3cg",1
"GO:0046456","icosanoid biosynthetic process","1/42","33/14942",0.0303030303030303,10.7806637806638,2.98622403299298,0.0887965032818221,0.245062838751579,0.202450313159199,"Ptgs1",1
"GO:0072539","T-helper 17 cell differentiation","1/42","33/14942",0.0303030303030303,10.7806637806638,2.98622403299298,0.0887965032818221,0.245062838751579,0.202450313159199,"Il6ra",1
"GO:0032640","tumor necrosis factor production","2/42","178/14942",0.0112359550561798,3.99732477260567,2.13581252923914,0.0891694068357222,0.245555839303601,0.202857588765133,"Cx3cr1/Vsir",2
"GO:0003015","heart process","2/42","179/14942",0.0111731843575419,3.97499334929503,2.12591819372758,0.0900212375809591,0.24736270500507,0.20435026929133,"Adrb2/Rgs2",2
"GO:0010614","negative regulation of cardiac muscle hypertrophy","1/42","34/14942",0.0294117647058824,10.4635854341737,2.93296457493028,0.0913634458575929,0.248286066691531,0.205113073082944,"Rgs2",1
"GO:0030574","collagen catabolic process","1/42","34/14942",0.0294117647058824,10.4635854341737,2.93296457493028,0.0913634458575929,0.248286066691531,0.205113073082944,"Vsir",1
"GO:0031018","endocrine pancreas development","1/42","34/14942",0.0294117647058824,10.4635854341737,2.93296457493028,0.0913634458575929,0.248286066691531,0.205113073082944,"Il6ra",1
"GO:0070306","lens fiber cell differentiation","1/42","34/14942",0.0294117647058824,10.4635854341737,2.93296457493028,0.0913634458575929,0.248286066691531,0.205113073082944,"Maf",1
"GO:1905898","positive regulation of response to endoplasmic reticulum stress","1/42","34/14942",0.0294117647058824,10.4635854341737,2.93296457493028,0.0913634458575929,0.248286066691531,0.205113073082944,"Serinc3",1
"GO:0022408","negative regulation of cell-cell adhesion","2/42","181/14942",0.0110497237569061,3.93107077084978,2.10634276743552,0.0917322730577096,0.248286066691531,0.205113073082944,"Zfp703/Vsir",2
"GO:0071706","tumor necrosis factor superfamily cytokine production","2/42","181/14942",0.0110497237569061,3.93107077084978,2.10634276743552,0.0917322730577096,0.248286066691531,0.205113073082944,"Cx3cr1/Vsir",2
"GO:0014741","negative regulation of muscle hypertrophy","1/42","35/14942",0.0285714285714286,10.1646258503401,2.88187393929854,0.0939233288247233,0.252057510901168,0.208228723196168,"Rgs2",1
"GO:0030513","positive regulation of BMP signaling pathway","1/42","35/14942",0.0285714285714286,10.1646258503401,2.88187393929854,0.0939233288247233,0.252057510901168,0.208228723196168,"Vsir",1
"GO:0035137","hindlimb morphogenesis","1/42","35/14942",0.0285714285714286,10.1646258503401,2.88187393929854,0.0939233288247233,0.252057510901168,0.208228723196168,"Sall1",1
"GO:0046621","negative regulation of organ growth","1/42","35/14942",0.0285714285714286,10.1646258503401,2.88187393929854,0.0939233288247233,0.252057510901168,0.208228723196168,"Rgs2",1
"GO:0002548","monocyte chemotaxis","1/42","36/14942",0.0277777777777778,9.88227513227513,2.8328022409438,0.0964761711262837,0.254584301260172,0.210316144945112,"Cx3cr1",1
"GO:0002701","negative regulation of production of molecular mediator of immune response","1/42","36/14942",0.0277777777777778,9.88227513227513,2.8328022409438,0.0964761711262837,0.254584301260172,0.210316144945112,"Vsir",1
"GO:0043330","response to exogenous dsRNA","1/42","36/14942",0.0277777777777778,9.88227513227513,2.8328022409438,0.0964761711262837,0.254584301260172,0.210316144945112,"Sting1",1
"GO:0044331","cell-cell adhesion mediated by cadherin","1/42","36/14942",0.0277777777777778,9.88227513227513,2.8328022409438,0.0964761711262837,0.254584301260172,0.210316144945112,"Tjp1",1
"GO:0045589","regulation of regulatory T cell differentiation","1/42","36/14942",0.0277777777777778,9.88227513227513,2.8328022409438,0.0964761711262837,0.254584301260172,0.210316144945112,"Vsir",1
"GO:0050919","negative chemotaxis","1/42","36/14942",0.0277777777777778,9.88227513227513,2.8328022409438,0.0964761711262837,0.254584301260172,0.210316144945112,"Sema4b",1
"GO:0090279","regulation of calcium ion import","1/42","36/14942",0.0277777777777778,9.88227513227513,2.8328022409438,0.0964761711262837,0.254584301260172,0.210316144945112,"Adrb2",1
"GO:2000515","negative regulation of CD4-positive, alpha-beta T cell activation","1/42","36/14942",0.0277777777777778,9.88227513227513,2.8328022409438,0.0964761711262837,0.254584301260172,0.210316144945112,"Vsir",1
"GO:0007179","transforming growth factor beta receptor signaling pathway","2/42","188/14942",0.0106382978723404,3.78470111448835,2.03997087778887,0.0977962667341987,0.257260246295015,0.212526785746715,"Zfp703/Hpgd",2
"GO:0009409","response to cold","1/42","37/14942",0.027027027027027,9.61518661518662,2.78561379777482,0.0990219916557817,0.257260246295015,0.212526785746715,"Adrb2",1
"GO:0021772","olfactory bulb development","1/42","37/14942",0.027027027027027,9.61518661518662,2.78561379777482,0.0990219916557817,0.257260246295015,0.212526785746715,"Sall1",1
"GO:0032660","regulation of interleukin-17 production","1/42","37/14942",0.027027027027027,9.61518661518662,2.78561379777482,0.0990219916557817,0.257260246295015,0.212526785746715,"Vsir",1
"GO:0042398","modified amino acid biosynthetic process","1/42","37/14942",0.027027027027027,9.61518661518662,2.78561379777482,0.0990219916557817,0.257260246295015,0.212526785746715,"Ckb",1
"GO:0043243","positive regulation of protein-containing complex disassembly","1/42","37/14942",0.027027027027027,9.61518661518662,2.78561379777482,0.0990219916557817,0.257260246295015,0.212526785746715,"Adrb2",1
"GO:2000463","positive regulation of excitatory postsynaptic potential","1/42","37/14942",0.027027027027027,9.61518661518662,2.78561379777482,0.0990219916557817,0.257260246295015,0.212526785746715,"Adrb2",1
"GO:0002250","adaptive immune response","3/42","396/14942",0.00757575757575758,2.69516594516595,1.81513681068417,0.0995213899822394,0.257260246295015,0.212526785746715,"Cx3cr1/Il6ra/Vsir",3
"GO:0060537","muscle tissue development","3/42","396/14942",0.00757575757575758,2.69516594516595,1.81513681068417,0.0995213899822394,0.257260246295015,0.212526785746715,"Adrb2/Myo18b/Rgs2",3
"GO:0031032","actomyosin structure organization","2/42","192/14942",0.0104166666666667,3.70585317460317,2.00345768995717,0.10131220564924,0.257260246295015,0.212526785746715,"Tjp1/Myo18b",2
"GO:0055001","muscle cell development","2/42","192/14942",0.0104166666666667,3.70585317460317,2.00345768995717,0.10131220564924,0.257260246295015,0.212526785746715,"Myo18b/Rgs2",2
"GO:0002369","T cell cytokine production","1/42","38/14942",0.0263157894736842,9.36215538847118,2.74018544228735,0.101560809257288,0.257260246295015,0.212526785746715,"Vsir",1
"GO:0015872","dopamine transport","1/42","38/14942",0.0263157894736842,9.36215538847118,2.74018544228735,0.101560809257288,0.257260246295015,0.212526785746715,"Entpd1",1
"GO:0032232","negative regulation of actin filament bundle assembly","1/42","38/14942",0.0263157894736842,9.36215538847118,2.74018544228735,0.101560809257288,0.257260246295015,0.212526785746715,"Tjp1",1
"GO:0032620","interleukin-17 production","1/42","38/14942",0.0263157894736842,9.36215538847118,2.74018544228735,0.101560809257288,0.257260246295015,0.212526785746715,"Vsir",1
"GO:0043268","positive regulation of potassium ion transport","1/42","38/14942",0.0263157894736842,9.36215538847118,2.74018544228735,0.101560809257288,0.257260246295015,0.212526785746715,"Adrb2",1
"GO:0043368","positive T cell selection","1/42","38/14942",0.0263157894736842,9.36215538847118,2.74018544228735,0.101560809257288,0.257260246295015,0.212526785746715,"Il6ra",1
"GO:0050691","regulation of defense response to virus by host","1/42","38/14942",0.0263157894736842,9.36215538847118,2.74018544228735,0.101560809257288,0.257260246295015,0.212526785746715,"Sting1",1
"GO:0051180","vitamin transport","1/42","38/14942",0.0263157894736842,9.36215538847118,2.74018544228735,0.101560809257288,0.257260246295015,0.212526785746715,"Slc2a5",1
"GO:1904646","cellular response to amyloid-beta","1/42","38/14942",0.0263157894736842,9.36215538847118,2.74018544228735,0.101560809257288,0.257260246295015,0.212526785746715,"Adrb2",1
"GO:0030595","leukocyte chemotaxis","2/42","194/14942",0.0103092783505155,3.66764850270005,1.98556564295686,0.103083536180283,0.258026855816262,0.213160094078724,"Cx3cr1/Itga9",2
"GO:0002673","regulation of acute inflammatory response","1/42","39/14942",0.0256410256410256,9.12210012210012,2.69640507234701,0.104092642725565,0.258026855816262,0.213160094078724,"Pik3cg",1
"GO:0003382","epithelial cell morphogenesis","1/42","39/14942",0.0256410256410256,9.12210012210012,2.69640507234701,0.104092642725565,0.258026855816262,0.213160094078724,"Pecam1",1
"GO:0016202","regulation of striated muscle tissue development","1/42","39/14942",0.0256410256410256,9.12210012210012,2.69640507234701,0.104092642725565,0.258026855816262,0.213160094078724,"Adrb2",1
"GO:0021799","cerebral cortex radially oriented cell migration","1/42","39/14942",0.0256410256410256,9.12210012210012,2.69640507234701,0.104092642725565,0.258026855816262,0.213160094078724,"Adgrg1",1
"GO:0043114","regulation of vascular permeability","1/42","39/14942",0.0256410256410256,9.12210012210012,2.69640507234701,0.104092642725565,0.258026855816262,0.213160094078724,"Tjp1",1
"GO:0045776","negative regulation of blood pressure","1/42","39/14942",0.0256410256410256,9.12210012210012,2.69640507234701,0.104092642725565,0.258026855816262,0.213160094078724,"Adrb2",1
"GO:0045879","negative regulation of smoothened signaling pathway","1/42","39/14942",0.0256410256410256,9.12210012210012,2.69640507234701,0.104092642725565,0.258026855816262,0.213160094078724,"Sall1",1
"GO:0051154","negative regulation of striated muscle cell differentiation","1/42","39/14942",0.0256410256410256,9.12210012210012,2.69640507234701,0.104092642725565,0.258026855816262,0.213160094078724,"Rgs2",1
"GO:1900026","positive regulation of substrate adhesion-dependent cell spreading","1/42","39/14942",0.0256410256410256,9.12210012210012,2.69640507234701,0.104092642725565,0.258026855816262,0.213160094078724,"Cass4",1
"GO:0007264","small GTPase-mediated signal transduction","3/42","404/14942",0.00742574257425743,2.64179632248939,1.77614727023584,0.104108937077764,0.258026855816262,0.213160094078724,"Adgrg1/Pik3cg/Pecam1",3
"GO:0009746","response to hexose","2/42","197/14942",0.0101522842639594,3.6117959874305,1.95916637682827,0.105756813877971,0.259746336458622,0.214580584416184,"Tjp1/Slc2a5",2
"GO:0045017","glycerolipid biosynthetic process","2/42","197/14942",0.0101522842639594,3.6117959874305,1.95916637682827,0.105756813877971,0.259746336458622,0.214580584416184,"Lpcat2/Pik3cg",2
"GO:0021988","olfactory lobe development","1/42","40/14942",0.025,8.89404761904762,2.65417040214856,0.106617510806188,0.259746336458622,0.214580584416184,"Sall1",1
"GO:0045066","regulatory T cell differentiation","1/42","40/14942",0.025,8.89404761904762,2.65417040214856,0.106617510806188,0.259746336458622,0.214580584416184,"Vsir",1
"GO:0071320","cellular response to cAMP","1/42","40/14942",0.025,8.89404761904762,2.65417040214856,0.106617510806188,0.259746336458622,0.214580584416184,"Pik3cg",1
"GO:1901861","regulation of muscle tissue development","1/42","40/14942",0.025,8.89404761904762,2.65417040214856,0.106617510806188,0.259746336458622,0.214580584416184,"Adrb2",1
"GO:1990806","ligand-gated ion channel signaling pathway","1/42","40/14942",0.025,8.89404761904762,2.65417040214856,0.106617510806188,0.259746336458622,0.214580584416184,"Adrb2",1
"GO:2000403","positive regulation of lymphocyte migration","1/42","40/14942",0.025,8.89404761904762,2.65417040214856,0.106617510806188,0.259746336458622,0.214580584416184,"Jam2",1
"GO:0045862","positive regulation of proteolysis","2/42","198/14942",0.0101010101010101,3.59355459355459,1.95048076629712,0.106652174542741,0.259746336458622,0.214580584416184,"Ecscr/Vsir",2
"GO:0006486","protein glycosylation","2/42","200/14942",0.01,3.55761904761905,1.93327660689733,0.108449188390854,0.263108971451131,0.217358510725785,"Ggta1/Gcnt1",2
"GO:0043413","macromolecule glycosylation","2/42","200/14942",0.01,3.55761904761905,1.93327660689733,0.108449188390854,0.263108971451131,0.217358510725785,"Ggta1/Gcnt1",2
"GO:0007015","actin filament organization","3/42","412/14942",0.00728155339805825,2.59049930651872,1.73808346831095,0.108780806650796,0.263257989113232,0.217481616589212,"Mtss1/Tjp1/Pecam1",3
"GO:0006636","unsaturated fatty acid biosynthetic process","1/42","41/14942",0.024390243902439,8.67711962833914,2.61338788145701,0.109135432195675,0.263257989113232,0.217481616589212,"Ptgs1",1
"GO:0010765","positive regulation of sodium ion transport","1/42","41/14942",0.024390243902439,8.67711962833914,2.61338788145701,0.109135432195675,0.263257989113232,0.217481616589212,"Adrb2",1
"GO:0043410","positive regulation of MAPK cascade","3/42","414/14942",0.0072463768115942,2.57798481711525,1.72870711348271,0.109961694321172,0.263285600530963,0.217504426821048,"Il6ra/Adrb2/Pik3cg",3
"GO:0034284","response to monosaccharide","2/42","203/14942",0.00985221674876847,3.50504339666901,1.90787803134134,0.111160169126115,0.263285600530963,0.217504426821048,"Tjp1/Slc2a5",2
"GO:0003298","physiological muscle hypertrophy","1/42","42/14942",0.0238095238095238,8.47052154195011,2.57397175696171,0.111646425541611,0.263285600530963,0.217504426821048,"Rgs2",1
"GO:0003301","physiological cardiac muscle hypertrophy","1/42","42/14942",0.0238095238095238,8.47052154195011,2.57397175696171,0.111646425541611,0.263285600530963,0.217504426821048,"Rgs2",1
"GO:0014075","response to amine","1/42","42/14942",0.0238095238095238,8.47052154195011,2.57397175696171,0.111646425541611,0.263285600530963,0.217504426821048,"Rgs2",1
"GO:0021545","cranial nerve development","1/42","42/14942",0.0238095238095238,8.47052154195011,2.57397175696171,0.111646425541611,0.263285600530963,0.217504426821048,"Sall1",1
"GO:0048634","regulation of muscle organ development","1/42","42/14942",0.0238095238095238,8.47052154195011,2.57397175696171,0.111646425541611,0.263285600530963,0.217504426821048,"Adrb2",1
"GO:0050732","negative regulation of peptidyl-tyrosine phosphorylation","1/42","42/14942",0.0238095238095238,8.47052154195011,2.57397175696171,0.111646425541611,0.263285600530963,0.217504426821048,"Pecam1",1
"GO:0050832","defense response to fungus","1/42","42/14942",0.0238095238095238,8.47052154195011,2.57397175696171,0.111646425541611,0.263285600530963,0.217504426821048,"Cx3cr1",1
"GO:0060338","regulation of type I interferon-mediated signaling pathway","1/42","42/14942",0.0238095238095238,8.47052154195011,2.57397175696171,0.111646425541611,0.263285600530963,0.217504426821048,"Sting1",1
"GO:0061049","cell growth involved in cardiac muscle cell development","1/42","42/14942",0.0238095238095238,8.47052154195011,2.57397175696171,0.111646425541611,0.263285600530963,0.217504426821048,"Rgs2",1
"GO:1904645","response to amyloid-beta","1/42","42/14942",0.0238095238095238,8.47052154195011,2.57397175696171,0.111646425541611,0.263285600530963,0.217504426821048,"Adrb2",1
"GO:0008406","gonad development","2/42","204/14942",0.00980392156862745,3.48786181139122,1.8995179646112,0.112067880236861,0.26378733821116,0.217918920307687,"Adgrg1/Nrip1",2
"GO:0008654","phospholipid biosynthetic process","2/42","206/14942",0.00970873786407767,3.4539990753583,1.88295327124538,0.113889272031308,0.264745401716806,0.218710391824677,"Lpcat2/Pik3cg",2
"GO:0045926","negative regulation of growth","2/42","206/14942",0.00970873786407767,3.4539990753583,1.88295327124538,0.113889272031308,0.264745401716806,0.218710391824677,"Adrb2/Rgs2",2
"GO:0010543","regulation of platelet activation","1/42","43/14942",0.0232558139534884,8.27353266888151,2.53584325416153,0.114150509442768,0.264745401716806,0.218710391824677,"Il6ra",1
"GO:0030501","positive regulation of bone mineralization","1/42","43/14942",0.0232558139534884,8.27353266888151,2.53584325416153,0.114150509442768,0.264745401716806,0.218710391824677,"Adrb2",1
"GO:0046636","negative regulation of alpha-beta T cell activation","1/42","43/14942",0.0232558139534884,8.27353266888151,2.53584325416153,0.114150509442768,0.264745401716806,0.218710391824677,"Vsir",1
"GO:0046640","regulation of alpha-beta T cell proliferation","1/42","43/14942",0.0232558139534884,8.27353266888151,2.53584325416153,0.114150509442768,0.264745401716806,0.218710391824677,"Vsir",1
"GO:1903670","regulation of sprouting angiogenesis","1/42","43/14942",0.0232558139534884,8.27353266888151,2.53584325416153,0.114150509442768,0.264745401716806,0.218710391824677,"Tjp1",1
"GO:1904707","positive regulation of vascular associated smooth muscle cell proliferation","1/42","43/14942",0.0232558139534884,8.27353266888151,2.53584325416153,0.114150509442768,0.264745401716806,0.218710391824677,"Hpgd",1
"GO:0002064","epithelial cell development","2/42","207/14942",0.00966183574879227,3.437313089487,1.874747431897,0.114802917418354,0.265284986502376,0.219156151407692,"Tjp1/Pecam1",2
"GO:0045137","development of primary sexual characteristics","2/42","207/14942",0.00966183574879227,3.437313089487,1.874747431897,0.114802917418354,0.265284986502376,0.219156151407692,"Adgrg1/Nrip1",2
"GO:0019221","cytokine-mediated signaling pathway","3/42","425/14942",0.00705882352941176,2.51126050420168,1.678095616642,0.116546804880674,0.267106333144634,0.220660794869651,"Cx3cr1/Il6ra/Sting1",3
"GO:0001658","branching involved in ureteric bud morphogenesis","1/42","44/14942",0.0227272727272727,8.08549783549784,2.4989298618963,0.116647702449239,0.267106333144634,0.220660794869651,"Sall1",1
"GO:0032330","regulation of chondrocyte differentiation","1/42","44/14942",0.0227272727272727,8.08549783549784,2.4989298618963,0.116647702449239,0.267106333144634,0.220660794869651,"Maf",1
"GO:0043331","response to dsRNA","1/42","44/14942",0.0227272727272727,8.08549783549784,2.4989298618963,0.116647702449239,0.267106333144634,0.220660794869651,"Sting1",1
"GO:0090207","regulation of triglyceride metabolic process","1/42","44/14942",0.0227272727272727,8.08549783549784,2.4989298618963,0.116647702449239,0.267106333144634,0.220660794869651,"Pik3cg",1
"GO:0001774","microglial cell activation","1/42","45/14942",0.0222222222222222,7.90582010582011,2.4631647046344,0.119138023062552,0.267478616609353,0.22096834416762,"Cx3cr1",1
"GO:0003016","respiratory system process","1/42","45/14942",0.0222222222222222,7.90582010582011,2.4631647046344,0.119138023062552,0.267478616609353,0.22096834416762,"Adrb2",1
"GO:0015804","neutral amino acid transport","1/42","45/14942",0.0222222222222222,7.90582010582011,2.4631647046344,0.119138023062552,0.267478616609353,0.22096834416762,"Rgs2",1
"GO:0043407","negative regulation of MAP kinase activity","1/42","45/14942",0.0222222222222222,7.90582010582011,2.4631647046344,0.119138023062552,0.267478616609353,0.22096834416762,"Rgs2",1
"GO:0051955","regulation of amino acid transport","1/42","45/14942",0.0222222222222222,7.90582010582011,2.4631647046344,0.119138023062552,0.267478616609353,0.22096834416762,"Rgs2",1
"GO:0060074","synapse maturation","1/42","45/14942",0.0222222222222222,7.90582010582011,2.4631647046344,0.119138023062552,0.267478616609353,0.22096834416762,"Cx3cr1",1
"GO:0061097","regulation of protein tyrosine kinase activity","1/42","45/14942",0.0222222222222222,7.90582010582011,2.4631647046344,0.119138023062552,0.267478616609353,0.22096834416762,"Cass4",1
"GO:0089718","amino acid import across plasma membrane","1/42","45/14942",0.0222222222222222,7.90582010582011,2.4631647046344,0.119138023062552,0.267478616609353,0.22096834416762,"Rgs2",1
"GO:0099171","presynaptic modulation of chemical synaptic transmission","1/42","45/14942",0.0222222222222222,7.90582010582011,2.4631647046344,0.119138023062552,0.267478616609353,0.22096834416762,"Adrb2",1
"GO:1901568","fatty acid derivative metabolic process","1/42","45/14942",0.0222222222222222,7.90582010582011,2.4631647046344,0.119138023062552,0.267478616609353,0.22096834416762,"Hpgd",1
"GO:1905521","regulation of macrophage migration","1/42","45/14942",0.0222222222222222,7.90582010582011,2.4631647046344,0.119138023062552,0.267478616609353,0.22096834416762,"Cx3cr1",1
"GO:0043542","endothelial cell migration","2/42","212/14942",0.00943396226415094,3.35624438454627,1.83445994484493,0.119399940418487,0.267591355831504,0.221061479834154,"Pik3cg/Pecam1",2
"GO:0001755","neural crest cell migration","1/42","46/14942",0.0217391304347826,7.73395445134576,2.4284859900652,0.1216214897358,0.268757977318271,0.222025244420157,"Sema4b",1
"GO:0001825","blastocyst formation","1/42","46/14942",0.0217391304347826,7.73395445134576,2.4284859900652,0.1216214897358,0.268757977318271,0.222025244420157,"Tjp1",1
"GO:0032965","regulation of collagen biosynthetic process","1/42","46/14942",0.0217391304347826,7.73395445134576,2.4284859900652,0.1216214897358,0.268757977318271,0.222025244420157,"Il6ra",1
"GO:0046854","phosphatidylinositol phosphate biosynthetic process","1/42","46/14942",0.0217391304347826,7.73395445134576,2.4284859900652,0.1216214897358,0.268757977318271,0.222025244420157,"Pik3cg",1
"GO:0071526","semaphorin-plexin signaling pathway","1/42","46/14942",0.0217391304347826,7.73395445134576,2.4284859900652,0.1216214897358,0.268757977318271,0.222025244420157,"Sema4b",1
"GO:0071869","response to catecholamine","1/42","46/14942",0.0217391304347826,7.73395445134576,2.4284859900652,0.1216214897358,0.268757977318271,0.222025244420157,"Adrb2",1
"GO:0072538","T-helper 17 type immune response","1/42","46/14942",0.0217391304347826,7.73395445134576,2.4284859900652,0.1216214897358,0.268757977318271,0.222025244420157,"Il6ra",1
"GO:2000351","regulation of endothelial cell apoptotic process","1/42","46/14942",0.0217391304347826,7.73395445134576,2.4284859900652,0.1216214897358,0.268757977318271,0.222025244420157,"Ecscr",1
"GO:0032728","positive regulation of interferon-beta production","1/42","47/14942",0.0212765957446809,7.5694022289767,2.39483652154081,0.124098120873763,0.272326431917424,0.224973201584014,"Sting1",1
"GO:0050881","musculoskeletal movement","1/42","47/14942",0.0212765957446809,7.5694022289767,2.39483652154081,0.124098120873763,0.272326431917424,0.224973201584014,"Adrb2",1
"GO:0060688","regulation of morphogenesis of a branching structure","1/42","47/14942",0.0212765957446809,7.5694022289767,2.39483652154081,0.124098120873763,0.272326431917424,0.224973201584014,"Sall1",1
"GO:0071867","response to monoamine","1/42","47/14942",0.0212765957446809,7.5694022289767,2.39483652154081,0.124098120873763,0.272326431917424,0.224973201584014,"Adrb2",1
"GO:0015850","organic hydroxy compound transport","2/42","218/14942",0.00917431192660551,3.26387068588904,1.78767391134773,0.124977449260993,0.272835053308973,0.225393381814208,"Ptgs1/Entpd1",2
"GO:0048738","cardiac muscle tissue development","2/42","218/14942",0.00917431192660551,3.26387068588904,1.78767391134773,0.124977449260993,0.272835053308973,0.225393381814208,"Myo18b/Rgs2",2
"GO:0070085","glycosylation","2/42","218/14942",0.00917431192660551,3.26387068588904,1.78767391134773,0.124977449260993,0.272835053308973,0.225393381814208,"Ggta1/Gcnt1",2
"GO:0048762","mesenchymal cell differentiation","2/42","219/14942",0.0091324200913242,3.24896716677539,1.78003425662523,0.125913275125118,0.273006603462373,0.225535102127477,"Zfp703/Sema4b",2
"GO:0002269","leukocyte activation involved in inflammatory response","1/42","48/14942",0.0208333333333333,7.41170634920635,2.36216326655217,0.126567934833031,0.273006603462373,0.225535102127477,"Cx3cr1",1
"GO:0022602","ovulation cycle process","1/42","48/14942",0.0208333333333333,7.41170634920635,2.36216326655217,0.126567934833031,0.273006603462373,0.225535102127477,"Nrip1",1
"GO:0030857","negative regulation of epithelial cell differentiation","1/42","48/14942",0.0208333333333333,7.41170634920635,2.36216326655217,0.126567934833031,0.273006603462373,0.225535102127477,"Sall1",1
"GO:0046633","alpha-beta T cell proliferation","1/42","48/14942",0.0208333333333333,7.41170634920635,2.36216326655217,0.126567934833031,0.273006603462373,0.225535102127477,"Vsir",1
"GO:0070169","positive regulation of biomineral tissue development","1/42","48/14942",0.0208333333333333,7.41170634920635,2.36216326655217,0.126567934833031,0.273006603462373,0.225535102127477,"Adrb2",1
"GO:0090497","mesenchymal cell migration","1/42","48/14942",0.0208333333333333,7.41170634920635,2.36216326655217,0.126567934833031,0.273006603462373,0.225535102127477,"Sema4b",1
"GO:0001819","positive regulation of cytokine production","3/42","444/14942",0.00675675675675676,2.40379665379665,1.59427407544363,0.128267504987461,0.276201237315419,0.228174240020733,"Il6ra/Sting1/Usp22",3
"GO:0007193","adenylate cyclase-inhibiting G protein-coupled receptor signaling pathway","1/42","49/14942",0.0204081632653061,7.26044703595724,2.33041697377919,0.129030949922128,0.276241038848626,0.228207120701064,"Rgs2",1
"GO:0046503","glycerolipid catabolic process","1/42","49/14942",0.0204081632653061,7.26044703595724,2.33041697377919,0.129030949922128,0.276241038848626,0.228207120701064,"Pik3cg",1
"GO:0009743","response to carbohydrate","2/42","224/14942",0.00892857142857143,3.17644557823129,1.74248386726254,0.130618154443076,0.276241038848626,0.228207120701064,"Tjp1/Slc2a5",2
"GO:0090092","regulation of transmembrane receptor protein serine/threonine kinase signaling pathway","2/42","224/14942",0.00892857142857143,3.17644557823129,1.74248386726254,0.130618154443076,0.276241038848626,0.228207120701064,"Zfp703/Vsir",2
"GO:0034329","cell junction assembly","3/42","448/14942",0.00669642857142857,2.38233418367347,1.57717276939814,0.130788643523135,0.276241038848626,0.228207120701064,"Tjp1/Zfp703/Pecam1",3
"GO:0002707","negative regulation of lymphocyte mediated immunity","1/42","50/14942",0.02,7.1152380952381,2.2995518323785,0.131487184401633,0.276241038848626,0.228207120701064,"Vsir",1
"GO:0032410","negative regulation of transporter activity","1/42","50/14942",0.02,7.1152380952381,2.2995518323785,0.131487184401633,0.276241038848626,0.228207120701064,"Cttnbp2nl",1
"GO:0032653","regulation of interleukin-10 production","1/42","50/14942",0.02,7.1152380952381,2.2995518323785,0.131487184401633,0.276241038848626,0.228207120701064,"Vsir",1
"GO:0045058","T cell selection","1/42","50/14942",0.02,7.1152380952381,2.2995518323785,0.131487184401633,0.276241038848626,0.228207120701064,"Il6ra",1
"GO:0046470","phosphatidylcholine metabolic process","1/42","50/14942",0.02,7.1152380952381,2.2995518323785,0.131487184401633,0.276241038848626,0.228207120701064,"Lpcat2",1
"GO:0052548","regulation of endopeptidase activity","1/42","50/14942",0.02,7.1152380952381,2.2995518323785,0.131487184401633,0.276241038848626,0.228207120701064,"Vsir",1
"GO:0060251","regulation of glial cell proliferation","1/42","50/14942",0.02,7.1152380952381,2.2995518323785,0.131487184401633,0.276241038848626,0.228207120701064,"Cysltr1",1
"GO:0060675","ureteric bud morphogenesis","1/42","50/14942",0.02,7.1152380952381,2.2995518323785,0.131487184401633,0.276241038848626,0.228207120701064,"Sall1",1
"GO:0072577","endothelial cell apoptotic process","1/42","50/14942",0.02,7.1152380952381,2.2995518323785,0.131487184401633,0.276241038848626,0.228207120701064,"Ecscr",1
"GO:0043122","regulation of canonical NF-kappaB signal transduction","2/42","225/14942",0.00888888888888889,3.16232804232804,1.73510011479196,0.131564165654172,0.276241038848626,0.228207120701064,"Cx3cr1/Tab2",2
"GO:0051924","regulation of calcium ion transport","2/42","226/14942",0.00884955752212389,3.14833544037084,1.72775742007189,0.132511817444339,0.277769381840206,0.229469709181783,"Adrb2/Pik3cg",2
"GO:0051056","regulation of small GTPase mediated signal transduction","2/42","227/14942",0.00881057268722467,3.13446612125026,1.72045534647806,0.133461093731369,0.277990039074154,0.22965199763621,"Adgrg1/Pik3cg",2
"GO:0007215","glutamate receptor signaling pathway","1/42","51/14942",0.0196078431372549,6.97572362278245,2.26952516810736,0.133936656484304,0.277990039074154,0.22965199763621,"Adrb2",1
"GO:0021795","cerebral cortex cell migration","1/42","51/14942",0.0196078431372549,6.97572362278245,2.26952516810736,0.133936656484304,0.277990039074154,0.22965199763621,"Adgrg1",1
"GO:0030219","megakaryocyte differentiation","1/42","51/14942",0.0196078431372549,6.97572362278245,2.26952516810736,0.133936656484304,0.277990039074154,0.22965199763621,"Maf",1
"GO:0050879","multicellular organismal movement","1/42","51/14942",0.0196078431372549,6.97572362278245,2.26952516810736,0.133936656484304,0.277990039074154,0.22965199763621,"Adrb2",1
"GO:0072171","mesonephric tubule morphogenesis","1/42","51/14942",0.0196078431372549,6.97572362278245,2.26952516810736,0.133936656484304,0.277990039074154,0.22965199763621,"Sall1",1
"GO:0048863","stem cell differentiation","2/42","228/14942",0.0087719298245614,3.12071846282373,1.71319346398651,0.134411978506479,0.278519247265885,0.230089184949832,"Sema4b/Vsir",2
"GO:0045444","fat cell differentiation","2/42","229/14942",0.00873362445414847,3.10709087128301,1.70597134904497,0.135364455834049,0.280033833345725,0.231340408626715,"Adrb2/Rgs2",2
"GO:0002823","negative regulation of adaptive immune response based on somatic recombination of immune receptors built from immunoglobulin superfamily domains","1/42","52/14942",0.0192307692307692,6.84157509157509,2.24029717166447,0.136379384335197,0.281212955627552,0.232314500318564,"Vsir",1
"GO:1900271","regulation of long-term synaptic potentiation","1/42","52/14942",0.0192307692307692,6.84157509157509,2.24029717166447,0.136379384335197,0.281212955627552,0.232314500318564,"Cx3cr1",1
"GO:0001961","positive regulation of cytokine-mediated signaling pathway","1/42","53/14942",0.0188679245283019,6.71248876909254,2.2118306552845,0.138815386071794,0.283461466873583,0.234172031261321,"Sting1",1
"GO:0009620","response to fungus","1/42","53/14942",0.0188679245283019,6.71248876909254,2.2118306552845,0.138815386071794,0.283461466873583,0.234172031261321,"Cx3cr1",1
"GO:0010718","positive regulation of epithelial to mesenchymal transition","1/42","53/14942",0.0188679245283019,6.71248876909254,2.2118306552845,0.138815386071794,0.283461466873583,0.234172031261321,"Zfp703",1
"GO:0032613","interleukin-10 production","1/42","53/14942",0.0188679245283019,6.71248876909254,2.2118306552845,0.138815386071794,0.283461466873583,0.234172031261321,"Vsir",1
"GO:0055117","regulation of cardiac muscle contraction","1/42","53/14942",0.0188679245283019,6.71248876909254,2.2118306552845,0.138815386071794,0.283461466873583,0.234172031261321,"Rgs2",1
"GO:2001222","regulation of neuron migration","1/42","53/14942",0.0188679245283019,6.71248876909254,2.2118306552845,0.138815386071794,0.283461466873583,0.234172031261321,"Adgrg1",1
"GO:1903039","positive regulation of leukocyte cell-cell adhesion","2/42","234/14942",0.00854700854700855,3.04070004070004,1.67044290069845,0.140150178099421,0.285725524383336,0.236042405220078,"Vsir/Gcnt1",2
"GO:0035176","social behavior","1/42","54/14942",0.0185185185185185,6.58818342151675,2.18409083417524,0.141244679764116,0.287030989102641,0.237120870411242,"Cx3cr1",1
"GO:1900024","regulation of substrate adhesion-dependent cell spreading","1/42","54/14942",0.0185185185185185,6.58818342151675,2.18409083417524,0.141244679764116,0.287030989102641,0.237120870411242,"Cass4",1
"GO:0045778","positive regulation of ossification","1/42","55/14942",0.0181818181818182,6.46839826839827,2.15704512985332,0.143667283434851,0.289625911103114,0.239264576794045,"Adrb2",1
"GO:0051703","biological process involved in intraspecies interaction between organisms","1/42","55/14942",0.0181818181818182,6.46839826839827,2.15704512985332,0.143667283434851,0.289625911103114,0.239264576794045,"Cx3cr1",1
"GO:0060135","maternal process involved in female pregnancy","1/42","55/14942",0.0181818181818182,6.46839826839827,2.15704512985332,0.143667283434851,0.289625911103114,0.239264576794045,"Rgs2",1
"GO:0061900","glial cell activation","1/42","55/14942",0.0181818181818182,6.46839826839827,2.15704512985332,0.143667283434851,0.289625911103114,0.239264576794045,"Cx3cr1",1
"GO:0098815","modulation of excitatory postsynaptic potential","1/42","55/14942",0.0181818181818182,6.46839826839827,2.15704512985332,0.143667283434851,0.289625911103114,0.239264576794045,"Adrb2",1
"GO:0002703","regulation of leukocyte mediated immunity","2/42","239/14942",0.00836820083682008,2.97708706913728,1.6358486178729,0.14497336543244,0.291704871777526,0.240982039309882,"Cx3cr1/Vsir",2
"GO:0001701","in utero embryonic development","3/42","471/14942",0.00636942675159236,2.26599939338793,1.48223144783004,0.145626003167324,0.291704871777526,0.240982039309882,"Mtss1/Tjp1/Myo18b",3
"GO:0033002","muscle cell proliferation","2/42","240/14942",0.00833333333333333,2.96468253968254,1.62903772244119,0.145942329742704,0.291704871777526,0.240982039309882,"Il6ra/Hpgd",2
"GO:0016601","Rac protein signal transduction","1/42","56/14942",0.0178571428571429,6.35289115646258,2.13066299282971,0.146083215059473,0.291704871777526,0.240982039309882,"Pik3cg",1
"GO:0030837","negative regulation of actin filament polymerization","1/42","56/14942",0.0178571428571429,6.35289115646258,2.13066299282971,0.146083215059473,0.291704871777526,0.240982039309882,"Pecam1",1
"GO:1905330","regulation of morphogenesis of an epithelium","1/42","56/14942",0.0178571428571429,6.35289115646258,2.13066299282971,0.146083215059473,0.291704871777526,0.240982039309882,"Sall1",1
"GO:0010720","positive regulation of cell development","3/42","473/14942",0.00634249471458774,2.25641800060405,1.47423529927609,0.14694256959513,0.292958056732247,0.242017315355087,"Cx3cr1/Cysltr1/Vsir",3
"GO:0002820","negative regulation of adaptive immune response","1/42","57/14942",0.0175438596491228,6.24143692564745,2.1049157424329,0.148492492566359,0.294653862800435,0.24341824774986,"Vsir",1
"GO:0002931","response to ischemia","1/42","57/14942",0.0175438596491228,6.24143692564745,2.1049157424329,0.148492492566359,0.294653862800435,0.24341824774986,"Cx3cr1",1
"GO:0032964","collagen biosynthetic process","1/42","57/14942",0.0175438596491228,6.24143692564745,2.1049157424329,0.148492492566359,0.294653862800435,0.24341824774986,"Il6ra",1
"GO:0007548","sex differentiation","2/42","244/14942",0.00819672131147541,2.91608118657299,1.60214213519687,0.149832106590574,0.296381506620478,0.244845481818383,"Adgrg1/Nrip1",2
"GO:0016042","lipid catabolic process","2/42","244/14942",0.00819672131147541,2.91608118657299,1.60214213519687,0.149832106590574,0.296381506620478,0.244845481818383,"Hpgd/Pik3cg",2
"GO:0042733","embryonic digit morphogenesis","1/42","58/14942",0.0172413793103448,6.13382594417077,2.07977642184425,0.150895133836914,0.297089484688253,0.245430353773107,"Sall1",1
"GO:0072078","nephron tubule morphogenesis","1/42","58/14942",0.0172413793103448,6.13382594417077,2.07977642184425,0.150895133836914,0.297089484688253,0.245430353773107,"Sall1",1
"GO:0140374","antiviral innate immune response","1/42","58/14942",0.0172413793103448,6.13382594417077,2.07977642184425,0.150895133836914,0.297089484688253,0.245430353773107,"Sting1",1
"GO:0002437","inflammatory response to antigenic stimulus","1/42","59/14942",0.0169491525423729,6.02986279257466,2.05521966666592,0.153291156705689,0.299012379746899,0.247018887998771,"Cysltr1",1
"GO:0002886","regulation of myeloid leukocyte mediated immunity","1/42","59/14942",0.0169491525423729,6.02986279257466,2.05521966666592,0.153291156705689,0.299012379746899,0.247018887998771,"Cx3cr1",1
"GO:0032720","negative regulation of tumor necrosis factor production","1/42","59/14942",0.0169491525423729,6.02986279257466,2.05521966666592,0.153291156705689,0.299012379746899,0.247018887998771,"Vsir",1
"GO:0035458","cellular response to interferon-beta","1/42","59/14942",0.0169491525423729,6.02986279257466,2.05521966666592,0.153291156705689,0.299012379746899,0.247018887998771,"Sting1",1
"GO:0060760","positive regulation of response to cytokine stimulus","1/42","59/14942",0.0169491525423729,6.02986279257466,2.05521966666592,0.153291156705689,0.299012379746899,0.247018887998771,"Sting1",1
"GO:0061035","regulation of cartilage development","1/42","59/14942",0.0169491525423729,6.02986279257466,2.05521966666592,0.153291156705689,0.299012379746899,0.247018887998771,"Maf",1
"GO:0009611","response to wounding","3/42","484/14942",0.00619834710743802,2.20513577331759,1.43095472409372,0.154255235812712,0.300429303647562,0.248189431394388,"Il6ra/Entpd1/Pecam1",3
"GO:0007249","canonical NF-kappaB signal transduction","2/42","249/14942",0.00803212851405622,2.85752533945305,1.56928030783547,0.154724534081295,0.300879709351933,0.248561518718452,"Cx3cr1/Tab2",2
"GO:0072088","nephron epithelium morphogenesis","1/42","60/14942",0.0166666666666667,5.92936507936508,2.03122158555186,0.1556805789605,0.302273812298114,0.249713209360201,"Sall1",1
"GO:0032922","circadian regulation of gene expression","1/42","61/14942",0.0163934426229508,5.83216237314598,2.00775965161386,0.15806341834255,0.304561220708815,0.251602873870041,"Nrip1",1
"GO:0051148","negative regulation of muscle cell differentiation","1/42","61/14942",0.0163934426229508,5.83216237314598,2.00775965161386,0.15806341834255,0.304561220708815,0.251602873870041,"Rgs2",1
"GO:0070098","chemokine-mediated signaling pathway","1/42","61/14942",0.0163934426229508,5.83216237314598,2.00775965161386,0.15806341834255,0.304561220708815,0.251602873870041,"Cx3cr1",1
"GO:1903556","negative regulation of tumor necrosis factor superfamily cytokine production","1/42","61/14942",0.0163934426229508,5.83216237314598,2.00775965161386,0.15806341834255,0.304561220708815,0.251602873870041,"Vsir",1
"GO:1905517","macrophage migration","1/42","61/14942",0.0163934426229508,5.83216237314598,2.00775965161386,0.15806341834255,0.304561220708815,0.251602873870041,"Cx3cr1",1
"GO:0006650","glycerophospholipid metabolic process","2/42","254/14942",0.0078740157480315,2.80127484064492,1.53722292749191,0.159648823361072,0.30633802323086,0.253070718725028,"Lpcat2/Pik3cg",2
"GO:0031641","regulation of myelination","1/42","62/14942",0.0161290322580645,5.73809523809524,1.98481260347064,0.160439692546542,0.30633802323086,0.253070718725028,"Jam2",1
"GO:0032233","positive regulation of actin filament bundle assembly","1/42","62/14942",0.0161290322580645,5.73809523809524,1.98481260347064,0.160439692546542,0.30633802323086,0.253070718725028,"Mtss1",1
"GO:0045453","bone resorption","1/42","62/14942",0.0161290322580645,5.73809523809524,1.98481260347064,0.160439692546542,0.30633802323086,0.253070718725028,"Adrb2",1
"GO:0050688","regulation of defense response to virus","1/42","62/14942",0.0161290322580645,5.73809523809524,1.98481260347064,0.160439692546542,0.30633802323086,0.253070718725028,"Sting1",1
"GO:0072028","nephron morphogenesis","1/42","62/14942",0.0161290322580645,5.73809523809524,1.98481260347064,0.160439692546542,0.30633802323086,0.253070718725028,"Sall1",1
"GO:0022029","telencephalon cell migration","1/42","63/14942",0.0158730158730159,5.64701436130008,1.96236035494334,0.162809419220806,0.30852107306172,0.254874170950388,"Adgrg1",1
"GO:0060337","type I interferon-mediated signaling pathway","1/42","63/14942",0.0158730158730159,5.64701436130008,1.96236035494334,0.162809419220806,0.30852107306172,0.254874170950388,"Sting1",1
"GO:0070059","intrinsic apoptotic signaling pathway in response to endoplasmic reticulum stress","1/42","63/14942",0.0158730158730159,5.64701436130008,1.96236035494334,0.162809419220806,0.30852107306172,0.254874170950388,"Serinc3",1
"GO:0071357","cellular response to type I interferon","1/42","63/14942",0.0158730158730159,5.64701436130008,1.96236035494334,0.162809419220806,0.30852107306172,0.254874170950388,"Sting1",1
"GO:0097352","autophagosome maturation","1/42","63/14942",0.0158730158730159,5.64701436130008,1.96236035494334,0.162809419220806,0.30852107306172,0.254874170950388,"Adrb2",1
"GO:0051960","regulation of nervous system development","3/42","497/14942",0.00603621730382294,2.14745616556482,1.38126456010107,0.163047529118061,0.30852107306172,0.254874170950388,"Cx3cr1/Jam2/Cysltr1",3
"GO:0051258","protein polymerization","2/42","258/14942",0.00775193798449612,2.7578442229605,1.51213092363538,0.163609996115214,0.308843471276342,0.255140509248943,"Mtss1/Pecam1",2
"GO:0051493","regulation of cytoskeleton organization","3/42","500/14942",0.006,2.13457142857143,1.37001246448069,0.165098637375389,0.308843471276342,0.255140509248943,"Mtss1/Tjp1/Pecam1",3
"GO:0007585","respiratory gaseous exchange by respiratory system","1/42","64/14942",0.015625,5.55877976190476,1.94038391251741,0.165172615967411,0.308843471276342,0.255140509248943,"Adrb2",1
"GO:0031016","pancreas development","1/42","64/14942",0.015625,5.55877976190476,1.94038391251741,0.165172615967411,0.308843471276342,0.255140509248943,"Il6ra",1
"GO:0070509","calcium ion import","1/42","64/14942",0.015625,5.55877976190476,1.94038391251741,0.165172615967411,0.308843471276342,0.255140509248943,"Adrb2",1
"GO:0098869","cellular oxidant detoxification","1/42","64/14942",0.015625,5.55877976190476,1.94038391251741,0.165172615967411,0.308843471276342,0.255140509248943,"Ptgs1",1
"GO:2000027","regulation of animal organ morphogenesis","1/42","64/14942",0.015625,5.55877976190476,1.94038391251741,0.165172615967411,0.308843471276342,0.255140509248943,"Sall1",1
"GO:2000401","regulation of lymphocyte migration","1/42","64/14942",0.015625,5.55877976190476,1.94038391251741,0.165172615967411,0.308843471276342,0.255140509248943,"Jam2",1
"GO:0061180","mammary gland epithelium development","1/42","65/14942",0.0153846153846154,5.47326007326007,1.91886529979321,0.167529300342284,0.312104179036541,0.257834231848975,"Zfp703",1
"GO:2001244","positive regulation of intrinsic apoptotic signaling pathway","1/42","65/14942",0.0153846153846154,5.47326007326007,1.91886529979321,0.167529300342284,0.312104179036541,0.257834231848975,"Serinc3",1
"GO:0030336","negative regulation of cell migration","2/42","263/14942",0.00760456273764259,2.70541372442513,1.48142864023534,0.168587172848373,0.312104179036541,0.257834231848975,"Cx3cr1/Adgrg1",2
"GO:0060485","mesenchyme development","2/42","263/14942",0.00760456273764259,2.70541372442513,1.48142864023534,0.168587172848373,0.312104179036541,0.257834231848975,"Zfp703/Sema4b",2
"GO:0061448","connective tissue development","2/42","263/14942",0.00760456273764259,2.70541372442513,1.48142864023534,0.168587172848373,0.312104179036541,0.257834231848975,"Il6ra/Maf",2
"GO:0006942","regulation of striated muscle contraction","1/42","66/14942",0.0151515151515152,5.39033189033189,1.89778748823573,0.169879489855333,0.312104179036541,0.257834231848975,"Rgs2",1
"GO:0008333","endosome to lysosome transport","1/42","66/14942",0.0151515151515152,5.39033189033189,1.89778748823573,0.169879489855333,0.312104179036541,0.257834231848975,"Gprasp1",1
"GO:0021885","forebrain cell migration","1/42","66/14942",0.0151515151515152,5.39033189033189,1.89778748823573,0.169879489855333,0.312104179036541,0.257834231848975,"Adgrg1",1
"GO:0032608","interferon-beta production","1/42","66/14942",0.0151515151515152,5.39033189033189,1.89778748823573,0.169879489855333,0.312104179036541,0.257834231848975,"Sting1",1
"GO:0032648","regulation of interferon-beta production","1/42","66/14942",0.0151515151515152,5.39033189033189,1.89778748823573,0.169879489855333,0.312104179036541,0.257834231848975,"Sting1",1
"GO:0032722","positive regulation of chemokine production","1/42","66/14942",0.0151515151515152,5.39033189033189,1.89778748823573,0.169879489855333,0.312104179036541,0.257834231848975,"Il6ra",1
"GO:0055021","regulation of cardiac muscle tissue growth","1/42","66/14942",0.0151515151515152,5.39033189033189,1.89778748823573,0.169879489855333,0.312104179036541,0.257834231848975,"Rgs2",1
"GO:0060326","cell chemotaxis","2/42","266/14942",0.0075187969924812,2.67490153956319,1.46334791264526,0.171586534505487,0.314339710165186,0.25968103971008,"Cx3cr1/Itga9",2
"GO:0032414","positive regulation of ion transmembrane transporter activity","1/42","67/14942",0.0149253731343284,5.30987917555082,1.87713433361154,0.172223201970557,0.314339710165186,0.25968103971008,"Adrb2",1
"GO:0042130","negative regulation of T cell proliferation","1/42","67/14942",0.0149253731343284,5.30987917555082,1.87713433361154,0.172223201970557,0.314339710165186,0.25968103971008,"Vsir",1
"GO:0042698","ovulation cycle","1/42","67/14942",0.0149253731343284,5.30987917555082,1.87713433361154,0.172223201970557,0.314339710165186,0.25968103971008,"Nrip1",1
"GO:0001818","negative regulation of cytokine production","2/42","267/14942",0.00749063670411985,2.66488318173711,1.45737624318988,0.172588416815379,0.314339710165186,0.25968103971008,"Cx3cr1/Vsir",2
"GO:0002366","leukocyte activation involved in immune response","2/42","267/14942",0.00749063670411985,2.66488318173711,1.45737624318988,0.172588416815379,0.314339710165186,0.25968103971008,"Cx3cr1/Il6ra",2
"GO:0035456","response to interferon-beta","1/42","68/14942",0.0147058823529412,5.23179271708683,1.85689051756845,0.174560454106169,0.316563004290097,0.261517738387556,"Sting1",1
"GO:0045428","regulation of nitric oxide biosynthetic process","1/42","68/14942",0.0147058823529412,5.23179271708683,1.85689051756845,0.174560454106169,0.316563004290097,0.261517738387556,"Cx3cr1",1
"GO:0052547","regulation of peptidase activity","1/42","68/14942",0.0147058823529412,5.23179271708683,1.85689051756845,0.174560454106169,0.316563004290097,0.261517738387556,"Vsir",1
"GO:0021537","telencephalon development","2/42","270/14942",0.00740740740740741,2.6352733686067,1.43962351163348,0.175600163049869,0.317992272342457,0.262698479483442,"Adgrg1/Sall1",2
"GO:0002263","cell activation involved in immune response","2/42","271/14942",0.00738007380073801,2.62554911263398,1.4337592278988,0.176606067704867,0.318454237867893,0.263080116559752,"Cx3cr1/Il6ra",2
"GO:0014032","neural crest cell development","1/42","69/14942",0.0144927536231884,5.1559696342305,1.8370414938729,0.176891263634712,0.318454237867893,0.263080116559752,"Sema4b",1
"GO:0032092","positive regulation of protein binding","1/42","69/14942",0.0144927536231884,5.1559696342305,1.8370414938729,0.176891263634712,0.318454237867893,0.263080116559752,"Sting1",1
"GO:0035019","somatic stem cell population maintenance","1/42","69/14942",0.0144927536231884,5.1559696342305,1.8370414938729,0.176891263634712,0.318454237867893,0.263080116559752,"Sall1",1
"GO:1904062","regulation of monoatomic cation transmembrane transport","2/42","273/14942",0.00732600732600733,2.60631432060003,1.42210919442603,0.178620782591991,0.318454237867893,0.263080116559752,"Adrb2/Pik3cg",2
"GO:0021879","forebrain neuron differentiation","1/42","70/14942",0.0142857142857143,5.08231292517007,1.81757343887192,0.179215647883172,0.318454237867893,0.263080116559752,"Sall1",1
"GO:0032411","positive regulation of transporter activity","1/42","70/14942",0.0142857142857143,5.08231292517007,1.81757343887192,0.179215647883172,0.318454237867893,0.263080116559752,"Adrb2",1
"GO:0034340","response to type I interferon","1/42","70/14942",0.0142857142857143,5.08231292517007,1.81757343887192,0.179215647883172,0.318454237867893,0.263080116559752,"Sting1",1
"GO:0042093","T-helper cell differentiation","1/42","70/14942",0.0142857142857143,5.08231292517007,1.81757343887192,0.179215647883172,0.318454237867893,0.263080116559752,"Il6ra",1
"GO:0060420","regulation of heart growth","1/42","70/14942",0.0142857142857143,5.08231292517007,1.81757343887192,0.179215647883172,0.318454237867893,0.263080116559752,"Rgs2",1
"GO:0001666","response to hypoxia","2/42","274/14942",0.0072992700729927,2.59680222453945,1.41632298625138,0.179629566945591,0.318454237867893,0.263080116559752,"Adrb2/Cysltr1",2
"GO:2000146","negative regulation of cell motility","2/42","274/14942",0.0072992700729927,2.59680222453945,1.41632298625138,0.179629566945591,0.318454237867893,0.263080116559752,"Cx3cr1/Adgrg1",2
"GO:0009101","glycoprotein biosynthetic process","2/42","275/14942",0.00727272727272727,2.58735930735931,1.41056234959981,0.180639285423156,0.318454237867893,0.263080116559752,"Ggta1/Gcnt1",2
"GO:0048608","reproductive structure development","2/42","275/14942",0.00727272727272727,2.58735930735931,1.41056234959981,0.180639285423156,0.318454237867893,0.263080116559752,"Adgrg1/Nrip1",2
"GO:0002293","alpha-beta T cell differentiation involved in immune response","1/42","71/14942",0.0140845070422535,5.01073105298457,1.79847320579258,0.181533624133098,0.318454237867893,0.263080116559752,"Il6ra",1
"GO:0002294","CD4-positive, alpha-beta T cell differentiation involved in immune response","1/42","71/14942",0.0140845070422535,5.01073105298457,1.79847320579258,0.181533624133098,0.318454237867893,0.263080116559752,"Il6ra",1
"GO:0010469","regulation of signaling receptor activity","1/42","71/14942",0.0140845070422535,5.01073105298457,1.79847320579258,0.181533624133098,0.318454237867893,0.263080116559752,"Adrb2",1
"GO:0051591","response to cAMP","1/42","71/14942",0.0140845070422535,5.01073105298457,1.79847320579258,0.181533624133098,0.318454237867893,0.263080116559752,"Pik3cg",1
"GO:0080164","regulation of nitric oxide metabolic process","1/42","71/14942",0.0140845070422535,5.01073105298457,1.79847320579258,0.181533624133098,0.318454237867893,0.263080116559752,"Cx3cr1",1
"GO:1904705","regulation of vascular associated smooth muscle cell proliferation","1/42","71/14942",0.0140845070422535,5.01073105298457,1.79847320579258,0.181533624133098,0.318454237867893,0.263080116559752,"Hpgd",1
"GO:1990868","response to chemokine","1/42","71/14942",0.0140845070422535,5.01073105298457,1.79847320579258,0.181533624133098,0.318454237867893,0.263080116559752,"Cx3cr1",1
"GO:1990869","cellular response to chemokine","1/42","71/14942",0.0140845070422535,5.01073105298457,1.79847320579258,0.181533624133098,0.318454237867893,0.263080116559752,"Cx3cr1",1
"GO:0051607","defense response to virus","2/42","276/14942",0.0072463768115942,2.57798481711525,1.40482706234313,0.181649925239518,0.318454237867893,0.263080116559752,"Sting1/Serinc3",2
"GO:0001676","long-chain fatty acid metabolic process","1/42","72/14942",0.0138888888888889,4.94113756613757,1.77972828253208,0.183845209620719,0.318765905295732,0.263337589984482,"Ptgs1",1
"GO:0002287","alpha-beta T cell activation involved in immune response","1/42","72/14942",0.0138888888888889,4.94113756613757,1.77972828253208,0.183845209620719,0.318765905295732,0.263337589984482,"Il6ra",1
"GO:0003281","ventricular septum development","1/42","72/14942",0.0138888888888889,4.94113756613757,1.77972828253208,0.183845209620719,0.318765905295732,0.263337589984482,"Sall1",1
"GO:0032272","negative regulation of protein polymerization","1/42","72/14942",0.0138888888888889,4.94113756613757,1.77972828253208,0.183845209620719,0.318765905295732,0.263337589984482,"Pecam1",1
"GO:0038084","vascular endothelial growth factor signaling pathway","1/42","72/14942",0.0138888888888889,4.94113756613757,1.77972828253208,0.183845209620719,0.318765905295732,0.263337589984482,"Adgrg1",1
"GO:0040014","regulation of multicellular organism growth","1/42","72/14942",0.0138888888888889,4.94113756613757,1.77972828253208,0.183845209620719,0.318765905295732,0.263337589984482,"Adrb2",1
"GO:0046323","D-glucose import","1/42","72/14942",0.0138888888888889,4.94113756613757,1.77972828253208,0.183845209620719,0.318765905295732,0.263337589984482,"Slc2a5",1
"GO:0048844","artery morphogenesis","1/42","72/14942",0.0138888888888889,4.94113756613757,1.77972828253208,0.183845209620719,0.318765905295732,0.263337589984482,"Hpgd",1
"GO:0051146","striated muscle cell differentiation","2/42","279/14942",0.00716845878136201,2.55026455026455,1.3877711167085,0.184687245786637,0.318913495456707,0.2634595165665,"Myo18b/Rgs2",2
"GO:0061458","reproductive system development","2/42","279/14942",0.00716845878136201,2.55026455026455,1.3877711167085,0.184687245786637,0.318913495456707,0.2634595165665,"Adgrg1/Nrip1",2
"GO:0070588","calcium ion transmembrane transport","2/42","279/14942",0.00716845878136201,2.55026455026455,1.3877711167085,0.184687245786637,0.318913495456707,0.2634595165665,"Adrb2/Pik3cg",2
"GO:0014009","glial cell proliferation","1/42","73/14942",0.0136986301369863,4.87345075016308,1.76132675262729,0.186150421537056,0.320128071867808,0.264462897479068,"Cysltr1",1
"GO:0030500","regulation of bone mineralization","1/42","73/14942",0.0136986301369863,4.87345075016308,1.76132675262729,0.186150421537056,0.320128071867808,0.264462897479068,"Adrb2",1
"GO:0097009","energy homeostasis","1/42","73/14942",0.0136986301369863,4.87345075016308,1.76132675262729,0.186150421537056,0.320128071867808,0.264462897479068,"Adrb2",1
"GO:0010611","regulation of cardiac muscle hypertrophy","1/42","74/14942",0.0135135135135135,4.80759330759331,1.74325725912442,0.18844927702804,0.321968843887201,0.265983588554383,"Rgs2",1
"GO:1990874","vascular associated smooth muscle cell proliferation","1/42","74/14942",0.0135135135135135,4.80759330759331,1.74325725912442,0.18844927702804,0.321968843887201,0.265983588554383,"Hpgd",1
"GO:2000736","regulation of stem cell differentiation","1/42","74/14942",0.0135135135135135,4.80759330759331,1.74325725912442,0.18844927702804,0.321968843887201,0.265983588554383,"Vsir",1
"GO:0001933","negative regulation of protein phosphorylation","2/42","283/14942",0.00706713780918728,2.51421840821134,1.3653717432606,0.188749140285139,0.321968843887201,0.265983588554383,"Rgs2/Pecam1",2
"GO:0010506","regulation of autophagy","2/42","283/14942",0.00706713780918728,2.51421840821134,1.3653717432606,0.188749140285139,0.321968843887201,0.265983588554383,"Adrb2/Sting1",2
"GO:0050769","positive regulation of neurogenesis","2/42","283/14942",0.00706713780918728,2.51421840821134,1.3653717432606,0.188749140285139,0.321968843887201,0.265983588554383,"Cx3cr1/Cysltr1",2
"GO:0002028","regulation of sodium ion transport","1/42","75/14942",0.0133333333333333,4.74349206349206,1.72550897109703,0.190741793194627,0.324129464255862,0.267768511443883,"Adrb2",1
"GO:0002088","lens development in camera-type eye","1/42","75/14942",0.0133333333333333,4.74349206349206,1.72550897109703,0.190741793194627,0.324129464255862,0.267768511443883,"Maf",1
"GO:0030111","regulation of Wnt signaling pathway","2/42","285/14942",0.00701754385964912,2.49657477025898,1.35431487777831,0.190785064403767,0.324129464255862,0.267768511443883,"Sall1/Zfp703",2
"GO:0001657","ureteric bud development","1/42","76/14942",0.0131578947368421,4.68107769423559,1.7080715525859,0.193027987092914,0.325316500913925,0.268749141327959,"Sall1",1
"GO:0006493","protein O-linked glycosylation","1/42","76/14942",0.0131578947368421,4.68107769423559,1.7080715525859,0.193027987092914,0.325316500913925,0.268749141327959,"Gcnt1",1
"GO:0014743","regulation of muscle hypertrophy","1/42","76/14942",0.0131578947368421,4.68107769423559,1.7080715525859,0.193027987092914,0.325316500913925,0.268749141327959,"Rgs2",1
"GO:0021675","nerve development","1/42","76/14942",0.0131578947368421,4.68107769423559,1.7080715525859,0.193027987092914,0.325316500913925,0.268749141327959,"Sall1",1
"GO:0032890","regulation of organic acid transport","1/42","76/14942",0.0131578947368421,4.68107769423559,1.7080715525859,0.193027987092914,0.325316500913925,0.268749141327959,"Rgs2",1
"GO:2000514","regulation of CD4-positive, alpha-beta T cell activation","1/42","76/14942",0.0131578947368421,4.68107769423559,1.7080715525859,0.193027987092914,0.325316500913925,0.268749141327959,"Vsir",1
"GO:0007517","muscle organ development","2/42","288/14942",0.00694444444444444,2.47056878306878,1.33790364447441,0.193844896544087,0.325684900960544,0.269053482472401,"Mtss1/Adrb2",2
"GO:0036293","response to decreased oxygen levels","2/42","288/14942",0.00694444444444444,2.47056878306878,1.33790364447441,0.193844896544087,0.325684900960544,0.269053482472401,"Adrb2/Cysltr1",2
"GO:0002292","T cell differentiation involved in immune response","1/42","77/14942",0.012987012987013,4.62028447742733,1.69093513375614,0.19530787573425,0.325684900960544,0.269053482472401,"Il6ra",1
"GO:0035023","regulation of Rho protein signal transduction","1/42","77/14942",0.012987012987013,4.62028447742733,1.69093513375614,0.19530787573425,0.325684900960544,0.269053482472401,"Adgrg1",1
"GO:0048864","stem cell development","1/42","77/14942",0.012987012987013,4.62028447742733,1.69093513375614,0.19530787573425,0.325684900960544,0.269053482472401,"Sema4b",1
"GO:0070972","protein localization to endoplasmic reticulum","1/42","77/14942",0.012987012987013,4.62028447742733,1.69093513375614,0.19530787573425,0.325684900960544,0.269053482472401,"Sting1",1
"GO:0072163","mesonephric epithelium development","1/42","77/14942",0.012987012987013,4.62028447742733,1.69093513375614,0.19530787573425,0.325684900960544,0.269053482472401,"Sall1",1
"GO:0072164","mesonephric tubule development","1/42","77/14942",0.012987012987013,4.62028447742733,1.69093513375614,0.19530787573425,0.325684900960544,0.269053482472401,"Sall1",1
"GO:0040013","negative regulation of locomotion","2/42","290/14942",0.00689655172413793,2.45353037766831,1.32707662751609,0.195888607847287,0.326222925321436,0.269497952963745,"Cx3cr1/Adgrg1",2
"GO:0001823","mesonephros development","1/42","78/14942",0.0128205128205128,4.56105006105006,1.6740902840866,0.197581476085354,0.328177379463716,0.271112558650904,"Sall1",1
"GO:1903578","regulation of ATP metabolic process","1/42","78/14942",0.0128205128205128,4.56105006105006,1.6740902840866,0.197581476085354,0.328177379463716,0.271112558650904,"Entpd1",1
"GO:0007156","homophilic cell adhesion via plasma membrane adhesion molecules","1/42","79/14942",0.0126582278481013,4.50331525015069,1.6575279874244,0.199848805068428,0.329209906914235,0.271965546018422,"Pecam1",1
"GO:0030593","neutrophil chemotaxis","1/42","79/14942",0.0126582278481013,4.50331525015069,1.6575279874244,0.199848805068428,0.329209906914235,0.271965546018422,"Itga9",1
"GO:0043112","receptor metabolic process","1/42","79/14942",0.0126582278481013,4.50331525015069,1.6575279874244,0.199848805068428,0.329209906914235,0.271965546018422,"Gprasp1",1
"GO:0043266","regulation of potassium ion transport","1/42","79/14942",0.0126582278481013,4.50331525015069,1.6575279874244,0.199848805068428,0.329209906914235,0.271965546018422,"Adrb2",1
"GO:0030217","T cell differentiation","2/42","294/14942",0.00680272108843537,2.42014901198575,1.30568904233275,0.199984777567375,0.329209906914235,0.271965546018422,"Il6ra/Vsir",2
"GO:0002526","acute inflammatory response","1/42","80/14942",0.0125,4.44702380952381,1.64123961875287,0.202109879561271,0.329209906914235,0.271965546018422,"Pik3cg",1
"GO:0006809","nitric oxide biosynthetic process","1/42","80/14942",0.0125,4.44702380952381,1.64123961875287,0.202109879561271,0.329209906914235,0.271965546018422,"Cx3cr1",1
"GO:0014033","neural crest cell differentiation","1/42","80/14942",0.0125,4.44702380952381,1.64123961875287,0.202109879561271,0.329209906914235,0.271965546018422,"Sema4b",1
"GO:0021872","forebrain generation of neurons","1/42","80/14942",0.0125,4.44702380952381,1.64123961875287,0.202109879561271,0.329209906914235,0.271965546018422,"Sall1",1
"GO:0030510","regulation of BMP signaling pathway","1/42","80/14942",0.0125,4.44702380952381,1.64123961875287,0.202109879561271,0.329209906914235,0.271965546018422,"Vsir",1
"GO:0032465","regulation of cytokinesis","1/42","80/14942",0.0125,4.44702380952381,1.64123961875287,0.202109879561271,0.329209906914235,0.271965546018422,"Klhl9",1
"GO:0045666","positive regulation of neuron differentiation","1/42","80/14942",0.0125,4.44702380952381,1.64123961875287,0.202109879561271,0.329209906914235,0.271965546018422,"Sall1",1
"GO:0050672","negative regulation of lymphocyte proliferation","1/42","80/14942",0.0125,4.44702380952381,1.64123961875287,0.202109879561271,0.329209906914235,0.271965546018422,"Vsir",1
"GO:0140888","interferon-mediated signaling pathway","1/42","80/14942",0.0125,4.44702380952381,1.64123961875287,0.202109879561271,0.329209906914235,0.271965546018422,"Sting1",1
"GO:0150076","neuroinflammatory response","1/42","80/14942",0.0125,4.44702380952381,1.64123961875287,0.202109879561271,0.329209906914235,0.271965546018422,"Cx3cr1",1
"GO:0019216","regulation of lipid metabolic process","2/42","297/14942",0.00673400673400673,2.39570306236973,1.2898758507932,0.203064189017791,0.329914055165151,0.272547254100458,"Hpgd/Pik3cg",2
"GO:0034765","regulation of monoatomic ion transmembrane transport","2/42","297/14942",0.00673400673400673,2.39570306236973,1.2898758507932,0.203064189017791,0.329914055165151,0.272547254100458,"Adrb2/Pik3cg",2
"GO:0001570","vasculogenesis","1/42","81/14942",0.0123456790123457,4.39212228101117,1.62521692253549,0.204364716397392,0.330328646453074,0.272889754564831,"Myo18b",1
"GO:0032945","negative regulation of mononuclear cell proliferation","1/42","81/14942",0.0123456790123457,4.39212228101117,1.62521692253549,0.204364716397392,0.330328646453074,0.272889754564831,"Vsir",1
"GO:0033627","cell adhesion mediated by integrin","1/42","81/14942",0.0123456790123457,4.39212228101117,1.62521692253549,0.204364716397392,0.330328646453074,0.272889754564831,"Itga9",1
"GO:0120162","positive regulation of cold-induced thermogenesis","1/42","81/14942",0.0123456790123457,4.39212228101117,1.62521692253549,0.204364716397392,0.330328646453074,0.272889754564831,"Adrb2",1
"GO:0014015","positive regulation of gliogenesis","1/42","82/14942",0.0121951219512195,4.33855981416957,1.6094519925107,0.206613332366123,0.332263679530254,0.274488316200876,"Cysltr1",1
"GO:0016579","protein deubiquitination","1/42","82/14942",0.0121951219512195,4.33855981416957,1.6094519925107,0.206613332366123,0.332263679530254,0.274488316200876,"Usp22",1
"GO:1904427","positive regulation of calcium ion transmembrane transport","1/42","82/14942",0.0121951219512195,4.33855981416957,1.6094519925107,0.206613332366123,0.332263679530254,0.274488316200876,"Adrb2",1
"GO:1990748","cellular detoxification","1/42","82/14942",0.0121951219512195,4.33855981416957,1.6094519925107,0.206613332366123,0.332263679530254,0.274488316200876,"Ptgs1",1
"GO:0002460","adaptive immune response based on somatic recombination of immune receptors built from immunoglobulin superfamily domains","2/42","301/14942",0.00664451827242525,2.36386647682329,1.26908606698521,0.207179190421711,0.332328041488632,0.27454148663951,"Il6ra/Vsir",2
"GO:0042326","negative regulation of phosphorylation","2/42","301/14942",0.00664451827242525,2.36386647682329,1.26908606698521,0.207179190421711,0.332328041488632,0.27454148663951,"Rgs2/Pecam1",2
"GO:0030216","keratinocyte differentiation","1/42","83/14942",0.0120481927710843,4.28628800917958,1.59393725282413,0.208855744212732,0.333325329147593,0.275365361854108,"Ptgs1",1
"GO:0046849","bone remodeling","1/42","83/14942",0.0120481927710843,4.28628800917958,1.59393725282413,0.208855744212732,0.333325329147593,0.275365361854108,"Adrb2",1
"GO:0071901","negative regulation of protein serine/threonine kinase activity","1/42","83/14942",0.0120481927710843,4.28628800917958,1.59393725282413,0.208855744212732,0.333325329147593,0.275365361854108,"Rgs2",1
"GO:1905897","regulation of response to endoplasmic reticulum stress","1/42","83/14942",0.0120481927710843,4.28628800917958,1.59393725282413,0.208855744212732,0.333325329147593,0.275365361854108,"Serinc3",1
"GO:0046209","nitric oxide metabolic process","1/42","84/14942",0.0119047619047619,4.23526077097506,1.57866544039457,0.211091968638539,0.336045652845232,0.277612664575674,"Cx3cr1",1
"GO:0051153","regulation of striated muscle cell differentiation","1/42","84/14942",0.0119047619047619,4.23526077097506,1.57866544039457,0.211091968638539,0.336045652845232,0.277612664575674,"Rgs2",1
"GO:0002690","positive regulation of leukocyte chemotaxis","1/42","85/14942",0.0117647058823529,4.18543417366947,1.56362958841953,0.213322022301023,0.338317485807394,0.279489461959473,"Cx3cr1",1
"GO:0070167","regulation of biomineral tissue development","1/42","85/14942",0.0117647058823529,4.18543417366947,1.56362958841953,0.213322022301023,0.338317485807394,0.279489461959473,"Adrb2",1
"GO:0070664","negative regulation of leukocyte proliferation","1/42","85/14942",0.0117647058823529,4.18543417366947,1.56362958841953,0.213322022301023,0.338317485807394,0.279489461959473,"Vsir",1
"GO:0032456","endocytic recycling","1/42","86/14942",0.0116279069767442,4.13676633444075,1.54882301093405,0.215545921813937,0.340562556466021,0.281344150578192,"Cmtm6",1
"GO:0045833","negative regulation of lipid metabolic process","1/42","86/14942",0.0116279069767442,4.13676633444075,1.54882301093405,0.215545921813937,0.340562556466021,0.281344150578192,"Pik3cg",1
"GO:2001057","reactive nitrogen species metabolic process","1/42","86/14942",0.0116279069767442,4.13676633444075,1.54882301093405,0.215545921813937,0.340562556466021,0.281344150578192,"Cx3cr1",1
"GO:0008589","regulation of smoothened signaling pathway","1/42","87/14942",0.0114942528735632,4.08921729611385,1.53423928834425,0.217763683747419,0.343637073978449,0.283884058449885,"Sall1",1
"GO:0060562","epithelial tube morphogenesis","2/42","315/14942",0.00634920634920635,2.25880574452003,1.19883028662136,0.221653893999455,0.347144076779291,0.286781249304678,"Mtss1/Sall1",2
"GO:0070482","response to oxygen levels","2/42","315/14942",0.00634920634920635,2.25880574452003,1.19883028662136,0.221653893999455,0.347144076779291,0.286781249304678,"Adrb2/Cysltr1",2
"GO:0001910","regulation of leukocyte mediated cytotoxicity","1/42","89/14942",0.0112359550561798,3.99732477260567,1.50571598078566,0.222180860939243,0.347144076779291,0.286781249304678,"Cx3cr1",1
"GO:0019915","lipid storage","1/42","89/14942",0.0112359550561798,3.99732477260567,1.50571598078566,0.222180860939243,0.347144076779291,0.286781249304678,"Nrip1",1
"GO:0032651","regulation of interleukin-1 beta production","1/42","89/14942",0.0112359550561798,3.99732477260567,1.50571598078566,0.222180860939243,0.347144076779291,0.286781249304678,"Cx3cr1",1
"GO:0051346","negative regulation of hydrolase activity","1/42","89/14942",0.0112359550561798,3.99732477260567,1.50571598078566,0.222180860939243,0.347144076779291,0.286781249304678,"Rgs2",1
"GO:0170062","nutrient storage","1/42","89/14942",0.0112359550561798,3.99732477260567,1.50571598078566,0.222180860939243,0.347144076779291,0.286781249304678,"Nrip1",1
"GO:0016236","macroautophagy","2/42","316/14942",0.00632911392405063,2.25165762507535,1.19395415174405,0.222691581340826,0.347144076779291,0.286781249304678,"Adrb2/Sting1",2
"GO:0048638","regulation of developmental growth","2/42","317/14942",0.00630914826498423,2.24455460417606,1.18909620592997,0.223729715993261,0.347144076779291,0.286781249304678,"Adrb2/Rgs2",2
"GO:0003333","amino acid transmembrane transport","1/42","90/14942",0.0111111111111111,3.95291005291005,1.491764770534,0.224380309120792,0.347144076779291,0.286781249304678,"Rgs2",1
"GO:0006140","regulation of nucleotide metabolic process","1/42","90/14942",0.0111111111111111,3.95291005291005,1.491764770534,0.224380309120792,0.347144076779291,0.286781249304678,"Entpd1",1
"GO:0032642","regulation of chemokine production","1/42","90/14942",0.0111111111111111,3.95291005291005,1.491764770534,0.224380309120792,0.347144076779291,0.286781249304678,"Il6ra",1
"GO:0035924","cellular response to vascular endothelial growth factor stimulus","1/42","90/14942",0.0111111111111111,3.95291005291005,1.491764770534,0.224380309120792,0.347144076779291,0.286781249304678,"Adgrg1",1
"GO:0072676","lymphocyte migration","1/42","90/14942",0.0111111111111111,3.95291005291005,1.491764770534,0.224380309120792,0.347144076779291,0.286781249304678,"Jam2",1
"GO:0120254","olefinic compound metabolic process","1/42","90/14942",0.0111111111111111,3.95291005291005,1.491764770534,0.224380309120792,0.347144076779291,0.286781249304678,"Ptgs1",1
"GO:1900542","regulation of purine nucleotide metabolic process","1/42","90/14942",0.0111111111111111,3.95291005291005,1.491764770534,0.224380309120792,0.347144076779291,0.286781249304678,"Entpd1",1
"GO:0002275","myeloid cell activation involved in immune response","1/42","91/14942",0.010989010989011,3.90947148090005,1.47801314143197,0.226573685569548,0.34882964501816,0.288173724065635,"Cx3cr1",1
"GO:0003014","renal system process","1/42","91/14942",0.010989010989011,3.90947148090005,1.47801314143197,0.226573685569548,0.34882964501816,0.288173724065635,"Adrb2",1
"GO:0006641","triglyceride metabolic process","1/42","91/14942",0.010989010989011,3.90947148090005,1.47801314143197,0.226573685569548,0.34882964501816,0.288173724065635,"Pik3cg",1
"GO:0006661","phosphatidylinositol biosynthetic process","1/42","91/14942",0.010989010989011,3.90947148090005,1.47801314143197,0.226573685569548,0.34882964501816,0.288173724065635,"Pik3cg",1
"GO:0002709","regulation of T cell mediated immunity","1/42","92/14942",0.0108695652173913,3.86697722567288,1.46445581814332,0.228761006639246,0.349641973871834,0.288844801866139,"Vsir",1
"GO:0032755","positive regulation of interleukin-6 production","1/42","92/14942",0.0108695652173913,3.86697722567288,1.46445581814332,0.228761006639246,0.349641973871834,0.288844801866139,"Il6ra",1
"GO:0043406","positive regulation of MAP kinase activity","1/42","92/14942",0.0108695652173913,3.86697722567288,1.46445581814332,0.228761006639246,0.349641973871834,0.288844801866139,"Pik3cg",1
"GO:0051492","regulation of stress fiber assembly","1/42","92/14942",0.0108695652173913,3.86697722567288,1.46445581814332,0.228761006639246,0.349641973871834,0.288844801866139,"Tjp1",1
"GO:1904019","epithelial cell apoptotic process","1/42","92/14942",0.0108695652173913,3.86697722567288,1.46445581814332,0.228761006639246,0.349641973871834,0.288844801866139,"Pik3cg",1
"GO:1904659","D-glucose transmembrane transport","1/42","92/14942",0.0108695652173913,3.86697722567288,1.46445581814332,0.228761006639246,0.349641973871834,0.288844801866139,"Slc2a5",1
"GO:0032611","interleukin-1 beta production","1/42","93/14942",0.010752688172043,3.82539682539683,1.45108772173572,0.23094228864067,0.351204505926095,0.290135634475922,"Cx3cr1",1
"GO:0043367","CD4-positive, alpha-beta T cell differentiation","1/42","93/14942",0.010752688172043,3.82539682539683,1.45108772173572,0.23094228864067,0.351204505926095,0.290135634475922,"Il6ra",1
"GO:0006631","fatty acid metabolic process","2/42","324/14942",0.00617283950617284,2.19606114050559,1.15558860516113,0.231008315996347,0.351204505926095,0.290135634475922,"Ptgs1/Hpgd",2
"GO:1903037","regulation of leukocyte cell-cell adhesion","2/42","325/14942",0.00615384615384615,2.18930402930403,1.15087138269371,0.232049659000924,0.351204505926095,0.290135634475922,"Vsir/Gcnt1",2
"GO:0006644","phospholipid metabolic process","2/42","326/14942",0.00613496932515337,2.18258837277242,1.14617117292417,0.233091357555405,0.351204505926095,0.290135634475922,"Lpcat2/Pik3cg",2
"GO:0006470","protein dephosphorylation","1/42","94/14942",0.0106382978723404,3.78470111448835,1.43790396032447,0.233117547841767,0.351204505926095,0.290135634475922,"Cttnbp2nl",1
"GO:0007498","mesoderm development","1/42","94/14942",0.0106382978723404,3.78470111448835,1.43790396032447,0.233117547841767,0.351204505926095,0.290135634475922,"Sall1",1
"GO:0008645","hexose transmembrane transport","1/42","94/14942",0.0106382978723404,3.78470111448835,1.43790396032447,0.233117547841767,0.351204505926095,0.290135634475922,"Slc2a5",1
"GO:0034446","substrate adhesion-dependent cell spreading","1/42","94/14942",0.0106382978723404,3.78470111448835,1.43790396032447,0.233117547841767,0.351204505926095,0.290135634475922,"Cass4",1
"GO:0097237","cellular response to toxic substance","1/42","94/14942",0.0106382978723404,3.78470111448835,1.43790396032447,0.233117547841767,0.351204505926095,0.290135634475922,"Ptgs1",1
"GO:0098659","inorganic cation import across plasma membrane","1/42","94/14942",0.0106382978723404,3.78470111448835,1.43790396032447,0.233117547841767,0.351204505926095,0.290135634475922,"Adrb2",1
"GO:0099587","inorganic ion import across plasma membrane","1/42","94/14942",0.0106382978723404,3.78470111448835,1.43790396032447,0.233117547841767,0.351204505926095,0.290135634475922,"Adrb2",1
"GO:0007229","integrin-mediated signaling pathway","1/42","95/14942",0.0105263157894737,3.74486215538847,1.4248998202567,0.235286800467754,0.35268728467021,0.291360581606303,"Itga9",1
"GO:0060079","excitatory postsynaptic potential","1/42","95/14942",0.0105263157894737,3.74486215538847,1.4248998202567,0.235286800467754,0.35268728467021,0.291360581606303,"Adrb2",1
"GO:0090100","positive regulation of transmembrane receptor protein serine/threonine kinase signaling pathway","1/42","95/14942",0.0105263157894737,3.74486215538847,1.4248998202567,0.235286800467754,0.35268728467021,0.291360581606303,"Vsir",1
"GO:0046486","glycerolipid metabolic process","2/42","329/14942",0.0060790273556231,2.1626863511362,1.1321713871885,0.236218487371929,0.35268728467021,0.291360581606303,"Lpcat2/Pik3cg",2
"GO:0015711","organic anion transport","2/42","330/14942",0.00606060606060606,2.15613275613276,1.12753800199082,0.237261509231169,0.35268728467021,0.291360581606303,"Slc2a5/Rgs2",2
"GO:0051962","positive regulation of nervous system development","2/42","330/14942",0.00606060606060606,2.15613275613276,1.12753800199082,0.237261509231169,0.35268728467021,0.291360581606303,"Cx3cr1/Cysltr1",2
"GO:0001843","neural tube closure","1/42","96/14942",0.0104166666666667,3.70585317460317,1.41207075779952,0.237450062701225,0.35268728467021,0.291360581606303,"Sall1",1
"GO:0002065","columnar/cuboidal epithelial cell differentiation","1/42","96/14942",0.0104166666666667,3.70585317460317,1.41207075779952,0.237450062701225,0.35268728467021,0.291360581606303,"Tjp1",1
"GO:0008306","associative learning","1/42","96/14942",0.0104166666666667,3.70585317460317,1.41207075779952,0.237450062701225,0.35268728467021,0.291360581606303,"Adrb2",1
"GO:0010717","regulation of epithelial to mesenchymal transition","1/42","96/14942",0.0104166666666667,3.70585317460317,1.41207075779952,0.237450062701225,0.35268728467021,0.291360581606303,"Zfp703",1
"GO:0046620","regulation of organ growth","1/42","96/14942",0.0104166666666667,3.70585317460317,1.41207075779952,0.237450062701225,0.35268728467021,0.291360581606303,"Rgs2",1
"GO:0098754","detoxification","1/42","96/14942",0.0104166666666667,3.70585317460317,1.41207075779952,0.237450062701225,0.35268728467021,0.291360581606303,"Ptgs1",1
"GO:0009100","glycoprotein metabolic process","2/42","332/14942",0.00602409638554217,2.14314400458979,1.11832033174961,0.239348462320003,0.353812723437367,0.292290324491896,"Ggta1/Gcnt1",2
"GO:0015749","monosaccharide transmembrane transport","1/42","97/14942",0.0103092783505155,3.66764850270005,1.39941239129831,0.239607350682268,0.353812723437367,0.292290324491896,"Slc2a5",1
"GO:0035270","endocrine system development","1/42","97/14942",0.0103092783505155,3.66764850270005,1.39941239129831,0.239607350682268,0.353812723437367,0.292290324491896,"Il6ra",1
"GO:0042116","macrophage activation","1/42","97/14942",0.0103092783505155,3.66764850270005,1.39941239129831,0.239607350682268,0.353812723437367,0.292290324491896,"Cx3cr1",1
"GO:0060606","tube closure","1/42","97/14942",0.0103092783505155,3.66764850270005,1.39941239129831,0.239607350682268,0.353812723437367,0.292290324491896,"Sall1",1
"GO:0006754","ATP biosynthetic process","1/42","98/14942",0.0102040816326531,3.63022351797862,1.38692049377402,0.241758680508562,0.355742691691295,0.293884701996806,"Entpd1",1
"GO:0035249","synaptic transmission, glutamatergic","1/42","98/14942",0.0102040816326531,3.63022351797862,1.38692049377402,0.241758680508562,0.355742691691295,0.293884701996806,"Adrb2",1
"GO:0055017","cardiac muscle tissue growth","1/42","98/14942",0.0102040816326531,3.63022351797862,1.38692049377402,0.241758680508562,0.355742691691295,0.293884701996806,"Rgs2",1
"GO:0060048","cardiac muscle contraction","1/42","99/14942",0.0101010101010101,3.59355459355459,1.37459098593077,0.243904068235498,0.358482258429848,0.296147901700874,"Rgs2",1
"GO:0032602","chemokine production","1/42","100/14942",0.01,3.55761904761905,1.36241992954695,0.246043529876279,0.360369666006509,0.297707119152612,"Il6ra",1
"GO:0032649","regulation of type II interferon production","1/42","100/14942",0.01,3.55761904761905,1.36241992954695,0.246043529876279,0.360369666006509,0.297707119152612,"Vsir",1
"GO:0062014","negative regulation of small molecule metabolic process","1/42","100/14942",0.01,3.55761904761905,1.36241992954695,0.246043529876279,0.360369666006509,0.297707119152612,"Entpd1",1
"GO:0003300","cardiac muscle hypertrophy","1/42","101/14942",0.0099009900990099,3.52239509665252,1.35040352122524,0.24817708140203,0.361817567349673,0.298903253506725,"Rgs2",1
"GO:0014020","primary neural tube formation","1/42","101/14942",0.0099009900990099,3.52239509665252,1.35040352122524,0.24817708140203,0.361817567349673,0.298903253506725,"Sall1",1
"GO:0030326","embryonic limb morphogenesis","1/42","101/14942",0.0099009900990099,3.52239509665252,1.35040352122524,0.24817708140203,0.361817567349673,0.298903253506725,"Sall1",1
"GO:0035113","embryonic appendage morphogenesis","1/42","101/14942",0.0099009900990099,3.52239509665252,1.35040352122524,0.24817708140203,0.361817567349673,0.298903253506725,"Sall1",1
"GO:0009615","response to virus","2/42","341/14942",0.00586510263929619,2.08658008658009,1.07762826634394,0.248752861656301,0.361822344227346,0.298907199761432,"Sting1/Serinc3",2
"GO:0051336","regulation of hydrolase activity","2/42","341/14942",0.00586510263929619,2.08658008658009,1.07762826634394,0.248752861656301,0.361822344227346,0.298907199761432,"Rgs2/Vsir",2
"GO:0002444","myeloid leukocyte mediated immunity","1/42","102/14942",0.00980392156862745,3.48786181139122,1.33853808647881,0.250304738741907,0.363243616268393,0.300081335225055,"Cx3cr1",1
"GO:0043502","regulation of muscle adaptation","1/42","102/14942",0.00980392156862745,3.48786181139122,1.33853808647881,0.250304738741907,0.363243616268393,0.300081335225055,"Rgs2",1
"GO:0050678","regulation of epithelial cell proliferation","2/42","344/14942",0.00581395348837209,2.06838316722038,1.06434131928786,0.251891640617605,0.36381655470692,0.30055464879186,"Mtss1/Zfp703",2
"GO:0002062","chondrocyte differentiation","1/42","103/14942",0.00970873786407767,3.4539990753583,1.32682007413232,0.252426517783203,0.36381655470692,0.30055464879186,"Maf",1
"GO:0046032","ADP catabolic process","1/42","103/14942",0.00970873786407767,3.4539990753583,1.32682007413232,0.252426517783203,0.36381655470692,0.30055464879186,"Entpd1",1
"GO:0051851","host-mediated perturbation of symbiont process","1/42","103/14942",0.00970873786407767,3.4539990753583,1.32682007413232,0.252426517783203,0.36381655470692,0.30055464879186,"Cx3cr1",1
"GO:0070646","protein modification by small protein removal","1/42","103/14942",0.00970873786407767,3.4539990753583,1.32682007413232,0.252426517783203,0.36381655470692,0.30055464879186,"Usp22",1
"GO:0110020","regulation of actomyosin structure organization","1/42","103/14942",0.00970873786407767,3.4539990753583,1.32682007413232,0.252426517783203,0.36381655470692,0.30055464879186,"Tjp1",1
"GO:0010595","positive regulation of endothelial cell migration","1/42","104/14942",0.00961538461538462,3.42078754578755,1.31524605101815,0.254542434371458,0.36478643655955,0.301355883633472,"Pik3cg",1
"GO:0014897","striated muscle hypertrophy","1/42","104/14942",0.00961538461538462,3.42078754578755,1.31524605101815,0.254542434371458,0.36478643655955,0.301355883633472,"Rgs2",1
"GO:0032652","regulation of interleukin-1 production","1/42","104/14942",0.00961538461538462,3.42078754578755,1.31524605101815,0.254542434371458,0.36478643655955,0.301355883633472,"Cx3cr1",1
"GO:0060419","heart growth","1/42","104/14942",0.00961538461538462,3.42078754578755,1.31524605101815,0.254542434371458,0.36478643655955,0.301355883633472,"Rgs2",1
"GO:1901800","positive regulation of proteasomal protein catabolic process","1/42","104/14942",0.00961538461538462,3.42078754578755,1.31524605101815,0.254542434371458,0.36478643655955,0.301355883633472,"Ecscr",1
"GO:0010959","regulation of metal ion transport","2/42","348/14942",0.00574712643678161,2.04460864805692,1.04683301707246,0.256079089611431,0.365737052365894,0.302141202487481,"Adrb2/Pik3cg",2
"GO:0003279","cardiac septum development","1/42","105/14942",0.00952380952380952,3.38820861678005,1.3038126969497,0.25665250431056,0.365737052365894,0.302141202487481,"Sall1",1
"GO:0014896","muscle hypertrophy","1/42","105/14942",0.00952380952380952,3.38820861678005,1.3038126969497,0.25665250431056,0.365737052365894,0.302141202487481,"Rgs2",1
"GO:0031341","regulation of cell killing","1/42","105/14942",0.00952380952380952,3.38820861678005,1.3038126969497,0.25665250431056,0.365737052365894,0.302141202487481,"Cx3cr1",1
"GO:0034219","carbohydrate transmembrane transport","1/42","105/14942",0.00952380952380952,3.38820861678005,1.3038126969497,0.25665250431056,0.365737052365894,0.302141202487481,"Slc2a5",1
"GO:0002286","T cell activation involved in immune response","1/42","106/14942",0.00943396226415094,3.35624438454627,1.29251679995465,0.258756743362859,0.36625814514071,0.302571685525969,"Il6ra",1
"GO:0002718","regulation of cytokine production involved in immune response","1/42","106/14942",0.00943396226415094,3.35624438454627,1.29251679995465,0.258756743362859,0.36625814514071,0.302571685525969,"Vsir",1
"GO:0009137","purine nucleoside diphosphate catabolic process","1/42","106/14942",0.00943396226415094,3.35624438454627,1.29251679995465,0.258756743362859,0.36625814514071,0.302571685525969,"Entpd1",1
"GO:0009181","purine ribonucleoside diphosphate catabolic process","1/42","106/14942",0.00943396226415094,3.35624438454627,1.29251679995465,0.258756743362859,0.36625814514071,0.302571685525969,"Entpd1",1
"GO:0046683","response to organophosphorus","1/42","106/14942",0.00943396226415094,3.35624438454627,1.29251679995465,0.258756743362859,0.36625814514071,0.302571685525969,"Pik3cg",1
"GO:0060840","artery development","1/42","106/14942",0.00943396226415094,3.35624438454627,1.29251679995465,0.258756743362859,0.36625814514071,0.302571685525969,"Hpgd",1
"GO:0008585","female gonad development","1/42","107/14942",0.00934579439252336,3.32487761459724,1.28135525175246,0.260855167249268,0.367581863325612,0.303665230195709,"Nrip1",1
"GO:0045582","positive regulation of T cell differentiation","1/42","107/14942",0.00934579439252336,3.32487761459724,1.28135525175246,0.260855167249268,0.367581863325612,0.303665230195709,"Vsir",1
"GO:0046634","regulation of alpha-beta T cell activation","1/42","107/14942",0.00934579439252336,3.32487761459724,1.28135525175246,0.260855167249268,0.367581863325612,0.303665230195709,"Vsir",1
"GO:0099565","chemical synaptic transmission, postsynaptic","1/42","107/14942",0.00934579439252336,3.32487761459724,1.28135525175246,0.260855167249268,0.367581863325612,0.303665230195709,"Adrb2",1
"GO:0010639","negative regulation of organelle organization","2/42","354/14942",0.00564971751412429,2.00995426419155,1.02100249825705,0.262364270046556,0.369295565160894,0.305080946568626,"Tjp1/Pecam1",2
"GO:0032612","interleukin-1 production","1/42","108/14942",0.00925925925925926,3.29409171075838,1.27032504346149,0.262947791649371,0.369295565160894,0.305080946568626,"Cx3cr1",1
"GO:0046031","ADP metabolic process","1/42","108/14942",0.00925925925925926,3.29409171075838,1.27032504346149,0.262947791649371,0.369295565160894,0.305080946568626,"Entpd1",1
"GO:0008643","carbohydrate transport","1/42","109/14942",0.00917431192660551,3.26387068588904,1.25942326152198,0.26503463220153,0.37016991724059,0.305803262743725,"Slc2a5",1
"GO:0009206","purine ribonucleoside triphosphate biosynthetic process","1/42","109/14942",0.00917431192660551,3.26387068588904,1.25942326152198,0.26503463220153,0.37016991724059,0.305803262743725,"Entpd1",1
"GO:0030038","contractile actin filament bundle assembly","1/42","109/14942",0.00917431192660551,3.26387068588904,1.25942326152198,0.26503463220153,0.37016991724059,0.305803262743725,"Tjp1",1
"GO:0043149","stress fiber assembly","1/42","109/14942",0.00917431192660551,3.26387068588904,1.25942326152198,0.26503463220153,0.37016991724059,0.305803262743725,"Tjp1",1
"GO:0046545","development of primary female sexual characteristics","1/42","109/14942",0.00917431192660551,3.26387068588904,1.25942326152198,0.26503463220153,0.37016991724059,0.305803262743725,"Nrip1",1
"GO:0002688","regulation of leukocyte chemotaxis","1/42","110/14942",0.00909090909090909,3.23419913419913,1.24864708382224,0.267115704502988,0.370619374853762,0.306174566834554,"Cx3cr1",1
"GO:0009134","nucleoside diphosphate catabolic process","1/42","110/14942",0.00909090909090909,3.23419913419913,1.24864708382224,0.267115704502988,0.370619374853762,0.306174566834554,"Entpd1",1
"GO:0009145","purine nucleoside triphosphate biosynthetic process","1/42","110/14942",0.00909090909090909,3.23419913419913,1.24864708382224,0.267115704502988,0.370619374853762,0.306174566834554,"Entpd1",1
"GO:0009191","ribonucleoside diphosphate catabolic process","1/42","110/14942",0.00909090909090909,3.23419913419913,1.24864708382224,0.267115704502988,0.370619374853762,0.306174566834554,"Entpd1",1
"GO:0032609","type II interferon production","1/42","110/14942",0.00909090909090909,3.23419913419913,1.24864708382224,0.267115704502988,0.370619374853762,0.306174566834554,"Vsir",1
"GO:0071621","granulocyte chemotaxis","1/42","110/14942",0.00909090909090909,3.23419913419913,1.24864708382224,0.267115704502988,0.370619374853762,0.306174566834554,"Itga9",1
"GO:0048872","homeostasis of number of cells","2/42","360/14942",0.00555555555555556,1.97645502645503,0.995671996477473,0.268652590350535,0.372272926121458,0.307540591865828,"Cx3cr1/Adgrg1",2
"GO:0038061","non-canonical NF-kappaB signal transduction","1/42","111/14942",0.00900900900900901,3.20506220506221,1.23799377601606,0.269191024109978,0.372272926121458,0.307540591865828,"Tab2",1
"GO:0060291","long-term synaptic potentiation","1/42","111/14942",0.00900900900900901,3.20506220506221,1.23799377601606,0.269191024109978,0.372272926121458,0.307540591865828,"Cx3cr1",1
"GO:0051928","positive regulation of calcium ion transport","1/42","112/14942",0.00892857142857143,3.17644557823129,1.22746068802041,0.271260606537824,0.374725034605256,0.309566317728526,"Adrb2",1
"GO:0001841","neural tube formation","1/42","113/14942",0.00884955752212389,3.14833544037084,1.21704525068292,0.273324467261048,0.377163893687734,0.311581098049827,"Sall1",1
"GO:0001503","ossification","2/42","365/14942",0.00547945205479452,1.94938030006523,0.974931078594243,0.273893938616582,0.377537555519476,0.311889786038741,"Mtss1/Adrb2",2
"GO:0003231","cardiac ventricle development","1/42","114/14942",0.0087719298245614,3.12071846282373,1.2067449726096,0.275382621713475,0.377940970516647,0.312223053591367,"Sall1",1
"GO:0009135","purine nucleoside diphosphate metabolic process","1/42","114/14942",0.0087719298245614,3.12071846282373,1.2067449726096,0.275382621713475,0.377940970516647,0.312223053591367,"Entpd1",1
"GO:0009179","purine ribonucleoside diphosphate metabolic process","1/42","114/14942",0.0087719298245614,3.12071846282373,1.2067449726096,0.275382621713475,0.377940970516647,0.312223053591367,"Entpd1",1
"GO:0009201","ribonucleoside triphosphate biosynthetic process","1/42","114/14942",0.0087719298245614,3.12071846282373,1.2067449726096,0.275382621713475,0.377940970516647,0.312223053591367,"Entpd1",1
"GO:0006639","acylglycerol metabolic process","1/42","115/14942",0.00869565217391304,3.0935817805383,1.19655743714371,0.277435085288336,0.379521588532961,0.31352882730238,"Pik3cg",1
"GO:0017148","negative regulation of translation","1/42","115/14942",0.00869565217391304,3.0935817805383,1.19655743714371,0.277435085288336,0.379521588532961,0.31352882730238,"Rgs2",1
"GO:0030278","regulation of ossification","1/42","115/14942",0.00869565217391304,3.0935817805383,1.19655743714371,0.277435085288336,0.379521588532961,0.31352882730238,"Adrb2",1
"GO:0002443","leukocyte mediated immunity","2/42","369/14942",0.00542005420054201,1.92824880629759,0.958571348558512,0.278086985268365,0.379591737990512,0.313586778886232,"Cx3cr1/Vsir",2
"GO:0002697","regulation of immune effector process","2/42","369/14942",0.00542005420054201,1.92824880629759,0.958571348558512,0.278086985268365,0.379591737990512,0.313586778886232,"Cx3cr1/Vsir",2
"GO:2001233","regulation of apoptotic signaling pathway","2/42","372/14942",0.00537634408602151,1.91269841269841,0.946433998963269,0.281231414625717,0.383040983300741,0.316436255358374,"Cx3cr1/Serinc3",2
"GO:0006638","neutral lipid metabolic process","1/42","117/14942",0.00854700854700855,3.04070004070004,1.17651128395755,0.28152300117594,0.383040983300741,0.316436255358374,"Pik3cg",1
"GO:0035821","modulation of process of another organism","1/42","117/14942",0.00854700854700855,3.04070004070004,1.17651128395755,0.28152300117594,0.383040983300741,0.316436255358374,"Cx3cr1",1
"GO:0008584","male gonad development","1/42","119/14942",0.00840336134453781,2.98959583833533,1.15688884654541,0.28558833726179,0.388154471289143,0.320660589206221,"Adgrg1",1
"GO:0002040","sprouting angiogenesis","1/42","120/14942",0.00833333333333333,2.96468253968254,1.14723119592235,0.287612575933787,0.389648763108582,0.321895047471446,"Tjp1",1
"GO:0043500","muscle adaptation","1/42","120/14942",0.00833333333333333,2.96468253968254,1.14723119592235,0.287612575933787,0.389648763108582,0.321895047471446,"Rgs2",1
"GO:0046546","development of primary male sexual characteristics","1/42","120/14942",0.00833333333333333,2.96468253968254,1.14723119592235,0.287612575933787,0.389648763108582,0.321895047471446,"Adgrg1",1
"GO:0031400","negative regulation of protein modification process","2/42","380/14942",0.00526315789473684,1.87243107769424,0.914605389908296,0.289613351072011,0.390291957424906,0.322426400537564,"Rgs2/Pecam1",2
"GO:0009142","nucleoside triphosphate biosynthetic process","1/42","121/14942",0.00826446280991736,2.94018103109012,1.13767320528864,0.28963121524095,0.390291957424906,0.322426400537564,"Entpd1",1
"GO:0030879","mammary gland development","1/42","121/14942",0.00826446280991736,2.94018103109012,1.13767320528864,0.28963121524095,0.390291957424906,0.322426400537564,"Zfp703",1
"GO:0046660","female sex differentiation","1/42","121/14942",0.00826446280991736,2.94018103109012,1.13767320528864,0.28963121524095,0.390291957424906,0.322426400537564,"Nrip1",1
"GO:0050868","negative regulation of T cell activation","1/42","121/14942",0.00826446280991736,2.94018103109012,1.13767320528864,0.28963121524095,0.390291957424906,0.322426400537564,"Vsir",1
"GO:0030162","regulation of proteolysis","2/42","381/14942",0.005249343832021,1.86751656042995,0.910680431731747,0.290660627423256,0.390920845867662,0.322945935293738,"Ecscr/Vsir",2
"GO:0007041","lysosomal transport","1/42","122/14942",0.00819672131147541,2.91608118657299,1.12821290760659,0.291644270295257,0.390920845867662,0.322945935293738,"Gprasp1",1
"GO:0030509","BMP signaling pathway","1/42","122/14942",0.00819672131147541,2.91608118657299,1.12821290760659,0.291644270295257,0.390920845867662,0.322945935293738,"Vsir",1
"GO:0045621","positive regulation of lymphocyte differentiation","1/42","122/14942",0.00819672131147541,2.91608118657299,1.12821290760659,0.291644270295257,0.390920845867662,0.322945935293738,"Vsir",1
"GO:1903052","positive regulation of proteolysis involved in protein catabolic process","1/42","122/14942",0.00819672131147541,2.91608118657299,1.12821290760659,0.291644270295257,0.390920845867662,0.322945935293738,"Ecscr",1
"GO:0001838","embryonic epithelial tube formation","1/42","123/14942",0.00813008130081301,2.89237320944638,1.11884839093824,0.293651756168915,0.391535674891886,0.323453855340399,"Sall1",1
"GO:0014013","regulation of gliogenesis","1/42","123/14942",0.00813008130081301,2.89237320944638,1.11884839093824,0.293651756168915,0.391535674891886,0.323453855340399,"Cysltr1",1
"GO:0030833","regulation of actin filament polymerization","1/42","123/14942",0.00813008130081301,2.89237320944638,1.11884839093824,0.293651756168915,0.391535674891886,0.323453855340399,"Pecam1",1
"GO:0045931","positive regulation of mitotic cell cycle","1/42","123/14942",0.00813008130081301,2.89237320944638,1.11884839093824,0.293651756168915,0.391535674891886,0.323453855340399,"Usp22",1
"GO:0046632","alpha-beta T cell differentiation","1/42","123/14942",0.00813008130081301,2.89237320944638,1.11884839093824,0.293651756168915,0.391535674891886,0.323453855340399,"Il6ra",1
"GO:0030900","forebrain development","2/42","385/14942",0.00519480519480519,1.84811379097093,0.895096569840527,0.294848373922356,0.392716906889207,0.32442968990181,"Adgrg1/Sall1",2
"GO:0014074","response to purine-containing compound","1/42","124/14942",0.00806451612903226,2.86904761904762,1.1095777964617,0.295653687894463,0.393282015524441,0.324896535143442,"Pik3cg",1
"GO:0016055","Wnt signaling pathway","2/42","386/14942",0.00518134715025907,1.84332593140883,0.89122924148534,0.295894934148531,0.393282015524441,0.324896535143442,"Sall1/Zfp703",2
"GO:0000045","autophagosome assembly","1/42","125/14942",0.008,2.84609523809524,1.10039931657445,0.29765008046488,0.394938643718215,0.326265102072343,"Sting1",1
"GO:0042692","muscle cell differentiation","2/42","388/14942",0.00515463917525773,1.83382425135002,0.883528460250544,0.297987552145026,0.394938643718215,0.326265102072343,"Myo18b/Rgs2",2
"GO:0002367","cytokine production involved in immune response","1/42","126/14942",0.00793650793650794,2.82350718065004,1.09131119307897,0.299640948833677,0.394938643718215,0.326265102072343,"Vsir",1
"GO:0002456","T cell mediated immunity","1/42","126/14942",0.00793650793650794,2.82350718065004,1.09131119307897,0.299640948833677,0.394938643718215,0.326265102072343,"Vsir",1
"GO:0009185","ribonucleoside diphosphate metabolic process","1/42","126/14942",0.00793650793650794,2.82350718065004,1.09131119307897,0.299640948833677,0.394938643718215,0.326265102072343,"Entpd1",1
"GO:0010811","positive regulation of cell-substrate adhesion","1/42","126/14942",0.00793650793650794,2.82350718065004,1.09131119307897,0.299640948833677,0.394938643718215,0.326265102072343,"Cass4",1
"GO:0043244","regulation of protein-containing complex disassembly","1/42","126/14942",0.00793650793650794,2.82350718065004,1.09131119307897,0.299640948833677,0.394938643718215,0.326265102072343,"Adrb2",1
"GO:1902600","proton transmembrane transport","1/42","126/14942",0.00793650793650794,2.82350718065004,1.09131119307897,0.299640948833677,0.394938643718215,0.326265102072343,"Sting1",1
"GO:0001909","leukocyte mediated cytotoxicity","1/42","127/14942",0.0078740157480315,2.80127484064492,1.08231171544661,0.301626307915008,0.397141305421427,0.328084755977728,"Cx3cr1",1
"GO:0030098","lymphocyte differentiation","2/42","392/14942",0.00510204081632653,1.81511175898931,0.868260490264785,0.302170578274103,0.397443923973429,0.328334753982047,"Il6ra/Vsir",2
"GO:0051099","positive regulation of binding","1/42","128/14942",0.0078125,2.77938988095238,1.07339921915578,0.30360617258376,0.398502805966638,0.329209513256916,"Sting1",1
"GO:0120161","regulation of cold-induced thermogenesis","1/42","128/14942",0.0078125,2.77938988095238,1.07339921915578,0.30360617258376,0.398502805966638,0.329209513256916,"Adrb2",1
"GO:0009132","nucleoside diphosphate metabolic process","1/42","129/14942",0.00775193798449612,2.7578442229605,1.06457208410059,0.305580557675665,0.399848680022816,0.330321361244698,"Entpd1",1
"GO:0050729","positive regulation of inflammatory response","1/42","129/14942",0.00775193798449612,2.7578442229605,1.06457208410059,0.305580557675665,0.399848680022816,0.330321361244698,"Pik3cg",1
"GO:0060078","regulation of postsynaptic membrane potential","1/42","129/14942",0.00775193798449612,2.7578442229605,1.06457208410059,0.305580557675665,0.399848680022816,0.330321361244698,"Adrb2",1
"GO:0022411","cellular component disassembly","2/42","397/14942",0.00503778337531486,1.79225140937987,0.849420532903242,0.307394637777957,0.40084463793206,0.331144137931881,"Cx3cr1/Adrb2",2
"GO:0006633","fatty acid biosynthetic process","1/42","130/14942",0.00769230769230769,2.73663003663004,1.05582873306649,0.307549477987393,0.40084463793206,0.331144137931881,"Ptgs1",1
"GO:0030856","regulation of epithelial cell differentiation","1/42","130/14942",0.00769230769230769,2.73663003663004,1.05582873306649,0.307549477987393,0.40084463793206,0.331144137931881,"Sall1",1
"GO:0001824","blastocyst development","1/42","131/14942",0.00763358778625954,2.71573973100691,1.04716763026968,0.309512948276654,0.40084463793206,0.331144137931881,"Tjp1",1
"GO:0009154","purine ribonucleotide catabolic process","1/42","131/14942",0.00763358778625954,2.71573973100691,1.04716763026968,0.309512948276654,0.40084463793206,0.331144137931881,"Entpd1",1
"GO:0030177","positive regulation of Wnt signaling pathway","1/42","131/14942",0.00763358778625954,2.71573973100691,1.04716763026968,0.309512948276654,0.40084463793206,0.331144137931881,"Sall1",1
"GO:0071772","response to BMP","1/42","131/14942",0.00763358778625954,2.71573973100691,1.04716763026968,0.309512948276654,0.40084463793206,0.331144137931881,"Vsir",1
"GO:0071773","cellular response to BMP stimulus","1/42","131/14942",0.00763358778625954,2.71573973100691,1.04716763026968,0.309512948276654,0.40084463793206,0.331144137931881,"Vsir",1
"GO:0106106","cold-induced thermogenesis","1/42","131/14942",0.00763358778625954,2.71573973100691,1.04716763026968,0.309512948276654,0.40084463793206,0.331144137931881,"Adrb2",1
"GO:1905039","carboxylic acid transmembrane transport","1/42","131/14942",0.00763358778625954,2.71573973100691,1.04716763026968,0.309512948276654,0.40084463793206,0.331144137931881,"Rgs2",1
"GO:0017015","regulation of transforming growth factor beta receptor signaling pathway","1/42","132/14942",0.00757575757575758,2.69516594516595,1.03858727995698,0.311470983262298,0.401734002901576,0.331878856494307,"Zfp703",1
"GO:0021987","cerebral cortex development","1/42","132/14942",0.00757575757575758,2.69516594516595,1.03858727995698,0.311470983262298,0.401734002901576,0.331878856494307,"Adgrg1",1
"GO:0050921","positive regulation of chemotaxis","1/42","132/14942",0.00757575757575758,2.69516594516595,1.03858727995698,0.311470983262298,0.401734002901576,0.331878856494307,"Cx3cr1",1
"GO:1903038","negative regulation of leukocyte cell-cell adhesion","1/42","132/14942",0.00757575757575758,2.69516594516595,1.03858727995698,0.311470983262298,0.401734002901576,0.331878856494307,"Vsir",1
"GO:0050728","negative regulation of inflammatory response","1/42","133/14942",0.0075187969924812,2.67490153956319,1.03008622506339,0.313423597624417,0.403018746080634,0.33294020329113,"Cx3cr1",1
"GO:0072175","epithelial tube formation","1/42","133/14942",0.0075187969924812,2.67490153956319,1.03008622506339,0.313423597624417,0.403018746080634,0.33294020329113,"Sall1",1
"GO:1905037","autophagosome organization","1/42","133/14942",0.0075187969924812,2.67490153956319,1.03008622506339,0.313423597624417,0.403018746080634,0.33294020329113,"Sting1",1
"GO:0043269","regulation of monoatomic ion transport","2/42","404/14942",0.00495049504950495,1.76119754832626,0.82348762087609,0.314697969735255,0.40424617250545,0.333954199804635,"Adrb2/Pik3cg",2
"GO:0007605","sensory perception of sound","1/42","134/14942",0.00746268656716418,2.65493958777541,1.02166304592444,0.315370806004441,0.404288741165936,0.333989366452872,"Tjp1",1
"GO:1903844","regulation of cellular response to transforming growth factor beta stimulus","1/42","134/14942",0.00746268656716418,2.65493958777541,1.02166304592444,0.315370806004441,0.404288741165936,0.333989366452872,"Zfp703",1
"GO:0035107","appendage morphogenesis","1/42","135/14942",0.00740740740740741,2.6352733686067,1.01331635904075,0.317312623005239,0.405134500483457,0.334688061691863,"Sall1",1
"GO:0035108","limb morphogenesis","1/42","135/14942",0.00740740740740741,2.6352733686067,1.01331635904075,0.317312623005239,0.405134500483457,0.334688061691863,"Sall1",1
"GO:1903825","organic acid transmembrane transport","1/42","135/14942",0.00740740740740741,2.6352733686067,1.01331635904075,0.317312623005239,0.405134500483457,0.334688061691863,"Rgs2",1
"GO:1904064","positive regulation of cation transmembrane transport","1/42","135/14942",0.00740740740740741,2.6352733686067,1.01331635904075,0.317312623005239,0.405134500483457,0.334688061691863,"Adrb2",1
"GO:0001959","regulation of cytokine-mediated signaling pathway","1/42","136/14942",0.00735294117647059,2.61589635854342,1.00504481589227,0.319249063191217,0.406785096646873,0.336051645464439,"Sting1",1
"GO:0140588","chromatin looping","1/42","136/14942",0.00735294117647059,2.61589635854342,1.00504481589227,0.319249063191217,0.406785096646873,0.336051645464439,"Entpd1",1
"GO:0050673","epithelial cell proliferation","2/42","409/14942",0.00488997555012225,1.73966701595063,0.80527017384267,0.319906110783408,0.407211806676966,0.336404157414683,"Mtss1/Zfp703",2
"GO:0009261","ribonucleotide catabolic process","1/42","137/14942",0.0072992700729927,2.59680222453945,0.99684710179987,0.321180141088419,0.407602106762813,0.336726590530238,"Entpd1",1
"GO:0046661","male sex differentiation","1/42","137/14942",0.0072992700729927,2.59680222453945,0.99684710179987,0.321180141088419,0.407602106762813,0.336726590530238,"Adgrg1",1
"GO:0051147","regulation of muscle cell differentiation","1/42","137/14942",0.0072992700729927,2.59680222453945,0.99684710179987,0.321180141088419,0.407602106762813,0.336726590530238,"Rgs2",1
"GO:0050767","regulation of neurogenesis","2/42","411/14942",0.0048661800486618,1.7312014830263,0.798052692151496,0.32198716662686,0.408216427900051,0.337234091003374,"Cx3cr1/Cysltr1",2
"GO:0050680","negative regulation of epithelial cell proliferation","1/42","138/14942",0.0072463768115942,2.57798481711525,0.98872193483213,0.323105871184622,0.409224269716795,0.338066685175767,"Mtss1",1
"GO:0000086","G2/M transition of mitotic cell cycle","1/42","139/14942",0.00719424460431655,2.55943816375471,0.980668064755064,0.325026267929437,0.410833202662809,0.339395850301054,"Usp22",1
"GO:0009266","response to temperature stimulus","1/42","139/14942",0.00719424460431655,2.55943816375471,0.980668064755064,0.325026267929437,0.410833202662809,0.339395850301054,"Adrb2",1
"GO:0046488","phosphatidylinositol metabolic process","1/42","141/14942",0.00709219858156028,2.52313407632557,0.964769366808244,0.328851118973101,0.415252561820179,0.343046753269169,"Pik3cg",1
"GO:0008064","regulation of actin polymerization or depolymerization","1/42","142/14942",0.00704225352112676,2.50536552649229,0.956922188068964,0.330755601981217,0.415995105377372,0.343660180325078,"Pecam1",1
"GO:0009913","epidermal cell differentiation","1/42","142/14942",0.00704225352112676,2.50536552649229,0.956922188068964,0.330755601981217,0.415995105377372,0.343660180325078,"Ptgs1",1
"GO:0035148","tube formation","1/42","142/14942",0.00704225352112676,2.50536552649229,0.956922188068964,0.330755601981217,0.415995105377372,0.343660180325078,"Sall1",1
"GO:0048754","branching morphogenesis of an epithelial tube","1/42","142/14942",0.00704225352112676,2.50536552649229,0.956922188068964,0.330755601981217,0.415995105377372,0.343660180325078,"Sall1",1
"GO:0006195","purine nucleotide catabolic process","1/42","143/14942",0.00699300699300699,2.48784548784549,0.949141602651613,0.332654809056676,0.417552808984745,0.344947024078004,"Entpd1",1
"GO:0030832","regulation of actin filament length","1/42","143/14942",0.00699300699300699,2.48784548784549,0.949141602651613,0.332654809056676,0.417552808984745,0.344947024078004,"Pecam1",1
"GO:0006865","amino acid transport","1/42","145/14942",0.00689655172413793,2.45353037766831,0.933775813466174,0.336437452413002,0.421046475099044,0.347833197283687,"Rgs2",1
"GO:0007009","plasma membrane organization","1/42","145/14942",0.00689655172413793,2.45353037766831,0.933775813466174,0.336437452413002,0.421046475099044,0.347833197283687,"Mtss1",1
"GO:0032675","regulation of interleukin-6 production","1/42","145/14942",0.00689655172413793,2.45353037766831,0.933775813466174,0.336437452413002,0.421046475099044,0.347833197283687,"Il6ra",1
"GO:0034767","positive regulation of monoatomic ion transmembrane transport","1/42","146/14942",0.00684931506849315,2.43672537508154,0.926188475228444,0.338320917101699,0.422566837170502,0.349089192599215,"Adrb2",1
"GO:0060759","regulation of response to cytokine stimulus","1/42","146/14942",0.00684931506849315,2.43672537508154,0.926188475228444,0.338320917101699,0.422566837170502,0.349089192599215,"Sting1",1
"GO:0007224","smoothened signaling pathway","1/42","147/14942",0.00680272108843537,2.42014901198575,0.918663459804494,0.340199162673592,0.424493328350859,0.350680697638285,"Sall1",1
"GO:0016331","morphogenesis of embryonic epithelium","1/42","148/14942",0.00675675675675676,2.40379665379665,0.911199761168897,0.342072203239169,0.425989423541192,0.35191664569692,"Sall1",1
"GO:0071333","cellular response to glucose stimulus","1/42","148/14942",0.00675675675675676,2.40379665379665,0.911199761168897,0.342072203239169,0.425989423541192,0.35191664569692,"Tjp1",1
"GO:2001235","positive regulation of apoptotic signaling pathway","1/42","149/14942",0.00671140939597315,2.38766379034835,0.903796396467447,0.34394005287172,0.427893924045131,0.35348998388805,"Serinc3",1
"GO:0001837","epithelial to mesenchymal transition","1/42","150/14942",0.00666666666666667,2.37174603174603,0.896452405329229,0.345802725607432,0.429366056156968,0.354706135665983,"Zfp703",1
"GO:0032412","regulation of monoatomic ion transmembrane transporter activity","1/42","150/14942",0.00666666666666667,2.37174603174603,0.896452405329229,0.345802725607432,0.429366056156968,0.354706135665983,"Adrb2",1
"GO:0003205","cardiac chamber development","1/42","151/14942",0.00662251655629139,2.35603910438348,0.889166849203598,0.347660235445485,0.430404052500581,0.355563640973165,"Sall1",1
"GO:0009152","purine ribonucleotide biosynthetic process","1/42","151/14942",0.00662251655629139,2.35603910438348,0.889166849203598,0.347660235445485,0.430404052500581,0.355563640973165,"Entpd1",1
"GO:0031333","negative regulation of protein-containing complex assembly","1/42","151/14942",0.00662251655629139,2.35603910438348,0.889166849203598,0.347660235445485,0.430404052500581,0.355563640973165,"Pecam1",1
"GO:0098771","inorganic ion homeostasis","2/42","437/14942",0.0045766590389016,1.62820093712542,0.70762273162675,0.348901983310957,0.431429611117245,0.356410871276072,"Mtss1/Ckb",2
"GO:0032635","interleukin-6 production","1/42","152/14942",0.00657894736842105,2.34053884711779,0.881938810721001,0.349512596348148,0.431429611117245,0.356410871276072,"Il6ra",1
"GO:0051250","negative regulation of lymphocyte activation","1/42","152/14942",0.00657894736842105,2.34053884711779,0.881938810721001,0.349512596348148,0.431429611117245,0.356410871276072,"Vsir",1
"GO:0006575","modified amino acid metabolic process","1/42","154/14942",0.00649350649350649,2.31014223871367,0.867651719435974,0.353201927012383,0.435133758034749,0.359470926024709,"Ckb",1
"GO:0051302","regulation of cell division","1/42","154/14942",0.00649350649350649,2.31014223871367,0.867651719435974,0.353201927012383,0.435133758034749,0.359470926024709,"Klhl9",1
"GO:0044839","cell cycle G2/M phase transition","1/42","155/14942",0.00645161290322581,2.2952380952381,0.860590932361256,0.355038924514782,0.436545914967592,0.360637531352308,"Usp22",1
"GO:0097553","calcium ion transmembrane import into cytosol","1/42","155/14942",0.00645161290322581,2.2952380952381,0.860590932361256,0.355038924514782,0.436545914967592,0.360637531352308,"Adrb2",1
"GO:0098876","vesicle-mediated transport to the plasma membrane","1/42","156/14942",0.00641025641025641,2.28052503052503,0.853584193258069,0.356870828563635,0.438371941014999,0.362146040545369,"Cmtm6",1
"GO:0022898","regulation of transmembrane transporter activity","1/42","157/14942",0.00636942675159236,2.26599939338793,0.846630681841186,0.358697652938065,0.440188187683218,0.363646470837568,"Adrb2",1
"GO:0001659","temperature homeostasis","1/42","158/14942",0.00632911392405063,2.25165762507535,0.839729595618885,0.360519411380852,0.441138950615098,0.364431911234325,"Adrb2",1
"GO:0007034","vacuolar transport","1/42","158/14942",0.00632911392405063,2.25165762507535,0.839729595618885,0.360519411380852,0.441138950615098,0.364431911234325,"Gprasp1",1
"GO:0009166","nucleotide catabolic process","1/42","158/14942",0.00632911392405063,2.25165762507535,0.839729595618885,0.360519411380852,0.441138950615098,0.364431911234325,"Entpd1",1
"GO:0043409","negative regulation of MAPK cascade","1/42","159/14942",0.00628930817610063,2.23749625636418,0.832880149394978,0.36233611759852,0.442505171637226,0.365560568174657,"Rgs2",1
"GO:0072523","purine-containing compound catabolic process","1/42","159/14942",0.00628930817610063,2.23749625636418,0.832880149394978,0.36233611759852,0.442505171637226,0.365560568174657,"Entpd1",1
"GO:0050954","sensory perception of mechanical stimulus","1/42","160/14942",0.00625,2.2235119047619,0.826081574787854,0.364147785261434,0.444288417539047,0.367033736008273,"Tjp1",1
"GO:0001678","intracellular glucose homeostasis","1/42","161/14942",0.0062111801242236,2.20970127181307,0.819333119765832,0.365954428003892,0.444775381727808,0.367436024878402,"Tjp1",1
"GO:0007519","skeletal muscle tissue development","1/42","161/14942",0.0062111801242236,2.20970127181307,0.819333119765832,0.365954428003892,0.444775381727808,0.367436024878402,"Adrb2",1
"GO:0010594","regulation of endothelial cell migration","1/42","161/14942",0.0062111801242236,2.20970127181307,0.819333119765832,0.365954428003892,0.444775381727808,0.367436024878402,"Pik3cg",1
"GO:0030308","negative regulation of cell growth","1/42","161/14942",0.0062111801242236,2.20970127181307,0.819333119765832,0.365954428003892,0.444775381727808,0.367436024878402,"Rgs2",1
"GO:0006469","negative regulation of protein kinase activity","1/42","163/14942",0.00613496932515337,2.18258837277242,0.805983639421242,0.369552693084853,0.448286568195062,0.370336671926633,"Rgs2",1
"GO:0071356","cellular response to tumor necrosis factor","1/42","163/14942",0.00613496932515337,2.18258837277242,0.805983639421242,0.369552693084853,0.448286568195062,0.370336671926633,"Cx3cr1",1
"GO:0043393","regulation of protein binding","1/42","164/14942",0.00609756097560976,2.16927990708479,0.799381187818848,0.371344342512449,0.449166745393048,0.371063800324703,"Sting1",1
"GO:0072330","monocarboxylic acid biosynthetic process","1/42","164/14942",0.00609756097560976,2.16927990708479,0.799381187818848,0.371344342512449,0.449166745393048,0.371063800324703,"Ptgs1",1
"GO:1902905","positive regulation of supramolecular fiber organization","1/42","164/14942",0.00609756097560976,2.16927990708479,0.799381187818848,0.371344342512449,0.449166745393048,0.371063800324703,"Mtss1",1
"GO:0016049","cell growth","2/42","460/14942",0.00434782608695652,1.54679089026915,0.632422421295185,0.37244223334649,0.450035888162425,0.371781813005601,"Filip1l/Rgs2",2
"GO:0042129","regulation of T cell proliferation","1/42","165/14942",0.00606060606060606,2.15613275613276,0.792826002416839,0.37313102119796,0.450035888162425,0.371781813005601,"Vsir",1
"GO:0045580","regulation of T cell differentiation","1/42","165/14942",0.00606060606060606,2.15613275613276,0.792826002416839,0.37313102119796,0.450035888162425,0.371781813005601,"Vsir",1
"GO:0002009","morphogenesis of an epithelium","2/42","462/14942",0.00432900432900433,1.54009482580911,0.626077458246469,0.374475066623598,0.450465500610524,0.372136722689574,"Mtss1/Sall1",2
"GO:0009260","ribonucleotide biosynthetic process","1/42","166/14942",0.00602409638554217,2.14314400458979,0.786317406490759,0.374912742596734,0.450465500610524,0.372136722689574,"Entpd1",1
"GO:0021915","neural tube development","1/42","166/14942",0.00602409638554217,2.14314400458979,0.786317406490759,0.374912742596734,0.450465500610524,0.372136722689574,"Sall1",1
"GO:0098742","cell-cell adhesion via plasma-membrane adhesion molecules","1/42","166/14942",0.00602409638554217,2.14314400458979,0.786317406490759,0.374912742596734,0.450465500610524,0.372136722689574,"Pecam1",1
"GO:0048839","inner ear development","1/42","167/14942",0.00598802395209581,2.13031080695751,0.77985473718645,0.376689520128605,0.452170516089798,0.373545263125483,"Maf",1
"GO:0023061","signal release","2/42","465/14942",0.0043010752688172,1.53015873015873,0.616615518437745,0.377519738536879,0.452578210135264,0.37388206566804,"Ptgs1/Entpd1",2
"GO:0016311","dephosphorylation","1/42","168/14942",0.00595238095238095,2.11763038548753,0.773437345152964,0.378461367177986,0.452578210135264,0.37388206566804,"Cttnbp2nl",1
"GO:0048736","appendage development","1/42","168/14942",0.00595238095238095,2.11763038548753,0.773437345152964,0.378461367177986,0.452578210135264,0.37388206566804,"Sall1",1
"GO:0060173","limb development","1/42","168/14942",0.00595238095238095,2.11763038548753,0.773437345152964,0.378461367177986,0.452578210135264,0.37388206566804,"Sall1",1
"GO:0031349","positive regulation of defense response","2/42","469/14942",0.00426439232409382,1.51710833587166,0.604101651344121,0.381570564782523,0.455505441993022,0.376300298515222,"Sting1/Pik3cg",2
"GO:0002700","regulation of production of molecular mediator of immune response","1/42","170/14942",0.00588235294117647,2.09271708683473,0.760735860890764,0.381990323190351,0.455505441993022,0.376300298515222,"Vsir",1
"GO:0048771","tissue remodeling","1/42","170/14942",0.00588235294117647,2.09271708683473,0.760735860890764,0.381990323190351,0.455505441993022,0.376300298515222,"Adrb2",1
"GO:0030258","lipid modification","1/42","171/14942",0.00584795321637427,2.08047897521582,0.754450534335776,0.383747458745861,0.455880439713129,0.376610090102785,"Ggta1",1
"GO:0060538","skeletal muscle organ development","1/42","171/14942",0.00584795321637427,2.08047897521582,0.754450534335776,0.383747458745861,0.455880439713129,0.376610090102785,"Adrb2",1
"GO:0061138","morphogenesis of a branching epithelium","1/42","171/14942",0.00584795321637427,2.08047897521582,0.754450534335776,0.383747458745861,0.455880439713129,0.376610090102785,"Sall1",1
"GO:1901292","nucleoside phosphate catabolic process","1/42","171/14942",0.00584795321637427,2.08047897521582,0.754450534335776,0.383747458745861,0.455880439713129,0.376610090102785,"Entpd1",1
"GO:0050905","neuromuscular process","1/42","172/14942",0.00581395348837209,2.06838316722038,0.748208015743948,0.385499717004116,0.457532058491269,0.377974518673667,"Adrb2",1
"GO:0002683","negative regulation of immune system process","2/42","474/14942",0.00421940928270042,1.50110508338356,0.588620079534573,0.386619657547066,0.458314933074577,0.378621263832429,"Cx3cr1/Vsir",2
"GO:0033673","negative regulation of kinase activity","1/42","173/14942",0.00578034682080925,2.05642719515552,0.742007718173801,0.387247111173772,0.458314933074577,0.378621263832429,"Rgs2",1
"GO:0043484","regulation of RNA splicing","1/42","173/14942",0.00578034682080925,2.05642719515552,0.742007718173801,0.387247111173772,0.458314933074577,0.378621263832429,"Usp22",1
"GO:0002695","negative regulation of leukocyte activation","1/42","174/14942",0.00574712643678161,2.04460864805692,0.735849066218489,0.38898965442861,0.459087696729938,0.37925965619262,"Vsir",1
"GO:0046390","ribose phosphate biosynthetic process","1/42","174/14942",0.00574712643678161,2.04460864805692,0.735849066218489,0.38898965442861,0.459087696729938,0.37925965619262,"Entpd1",1
"GO:2001242","regulation of intrinsic apoptotic signaling pathway","1/42","174/14942",0.00574712643678161,2.04460864805692,0.735849066218489,0.38898965442861,0.459087696729938,0.37925965619262,"Serinc3",1
"GO:0042552","myelination","1/42","176/14942",0.00568181818181818,2.02137445887446,0.723654453449911,0.392460240715087,0.46188989223824,0.381574594520598,"Jam2",1
"GO:0051216","cartilage development","1/42","176/14942",0.00568181818181818,2.02137445887446,0.723654453449911,0.392460240715087,0.46188989223824,0.381574594520598,"Maf",1
"GO:0051495","positive regulation of cytoskeleton organization","1/42","176/14942",0.00568181818181818,2.02137445887446,0.723654453449911,0.392460240715087,0.46188989223824,0.381574594520598,"Mtss1",1
"GO:0007283","spermatogenesis","2/42","481/14942",0.00415800415800416,1.47925947925948,0.567238148160369,0.393660468414978,0.462631405515092,0.382187170445513,"Jam2/Rgs2",2
"GO:0035265","organ growth","1/42","177/14942",0.00564971751412429,2.00995426419155,0.717617396905228,0.394188309920692,0.462631405515092,0.382187170445513,"Rgs2",1
"GO:0050806","positive regulation of synaptic transmission","1/42","177/14942",0.00564971751412429,2.00995426419155,0.717617396905228,0.394188309920692,0.462631405515092,0.382187170445513,"Cx3cr1",1
"GO:1903131","mononuclear cell differentiation","2/42","483/14942",0.0041407867494824,1.47313418120872,0.561190234166054,0.39566597048986,0.462934540080779,0.382437594736952,"Il6ra/Vsir",2
"GO:0007272","ensheathment of neurons","1/42","178/14942",0.00561797752808989,1.99866238630284,0.711619793970877,0.39591158055959,0.462934540080779,0.382437594736952,"Jam2",1
"GO:0008366","axon ensheathment","1/42","178/14942",0.00561797752808989,1.99866238630284,0.711619793970877,0.39591158055959,0.462934540080779,0.382437594736952,"Jam2",1
"GO:0048639","positive regulation of developmental growth","1/42","178/14942",0.00561797752808989,1.99866238630284,0.711619793970877,0.39591158055959,0.462934540080779,0.382437594736952,"Adrb2",1
"GO:0002706","regulation of lymphocyte mediated immunity","1/42","179/14942",0.00558659217877095,1.98749667464751,0.705661122696663,0.397630065632504,0.464514235637231,0.383742606389185,"Vsir",1
"GO:0001764","neuron migration","1/42","180/14942",0.00555555555555556,1.97645502645503,0.699740871039526,0.399343778105811,0.465226300023728,0.384330854116871,"Adgrg1",1
"GO:0007286","spermatid development","1/42","180/14942",0.00555555555555556,1.97645502645503,0.699740871039526,0.399343778105811,0.465226300023728,0.384330854116871,"Jam2",1
"GO:0045664","regulation of neuron differentiation","1/42","180/14942",0.00555555555555556,1.97645502645503,0.699740871039526,0.399343778105811,0.465226300023728,0.384330854116871,"Sall1",1
"GO:0006814","sodium ion transport","1/42","181/14942",0.00552486187845304,1.96553538542489,0.693858536620444,0.401052730911634,0.466357545420704,0.385265393951814,"Adrb2",1
"GO:0050777","negative regulation of immune response","1/42","181/14942",0.00552486187845304,1.96553538542489,0.693858536620444,0.401052730911634,0.466357545420704,0.385265393951814,"Vsir",1
"GO:0002753","cytoplasmic pattern recognition receptor signaling pathway","1/42","182/14942",0.00549450549450549,1.95473574045003,0.688013626488629,0.402756936947926,0.467306125297351,0.386049030891883,"Sting1",1
"GO:0051091","positive regulation of DNA-binding transcription factor activity","1/42","182/14942",0.00549450549450549,1.95473574045003,0.688013626488629,0.402756936947926,0.467306125297351,0.386049030891883,"Sting1",1
"GO:0006164","purine nucleotide biosynthetic process","1/42","183/14942",0.00546448087431694,1.94405412438199,0.682205656892743,0.404456409078562,0.467306125297351,0.386049030891883,"Entpd1",1
"GO:0019827","stem cell population maintenance","1/42","183/14942",0.00546448087431694,1.94405412438199,0.682205656892743,0.404456409078562,0.467306125297351,0.386049030891883,"Sall1",1
"GO:0061136","regulation of proteasomal protein catabolic process","1/42","183/14942",0.00546448087431694,1.94405412438199,0.682205656892743,0.404456409078562,0.467306125297351,0.386049030891883,"Ecscr",1
"GO:1902107","positive regulation of leukocyte differentiation","1/42","183/14942",0.00546448087431694,1.94405412438199,0.682205656892743,0.404456409078562,0.467306125297351,0.386049030891883,"Vsir",1
"GO:1903708","positive regulation of hemopoiesis","1/42","183/14942",0.00546448087431694,1.94405412438199,0.682205656892743,0.404456409078562,0.467306125297351,0.386049030891883,"Vsir",1
"GO:0001906","cell killing","1/42","184/14942",0.00543478260869565,1.93348861283644,0.676434153058906,0.406151160133424,0.467554705290207,0.38625438678205,"Cx3cr1",1
"GO:0021953","central nervous system neuron differentiation","1/42","184/14942",0.00543478260869565,1.93348861283644,0.676434153058906,0.406151160133424,0.467554705290207,0.38625438678205,"Sall1",1
"GO:0032271","regulation of protein polymerization","1/42","184/14942",0.00543478260869565,1.93348861283644,0.676434153058906,0.406151160133424,0.467554705290207,0.38625438678205,"Pecam1",1
"GO:0034612","response to tumor necrosis factor","1/42","184/14942",0.00543478260869565,1.93348861283644,0.676434153058906,0.406151160133424,0.467554705290207,0.38625438678205,"Cx3cr1",1
"GO:0010638","positive regulation of organelle organization","2/42","494/14942",0.00404858299595142,1.44033159822634,0.528397559920218,0.406645397568869,0.467697709305779,0.386372524676326,"Mtss1/Adrb2",2
"GO:0006813","potassium ion transport","1/42","186/14942",0.00537634408602151,1.91269841269841,0.664998687182784,0.409526550165914,0.470155821443883,0.388403210253441,"Adrb2",1
"GO:0043524","negative regulation of neuron apoptotic process","1/42","186/14942",0.00537634408602151,1.91269841269841,0.664998687182784,0.409526550165914,0.470155821443883,0.388403210253441,"Cx3cr1",1
"GO:0048232","male gamete generation","2/42","498/14942",0.00401606425702811,1.42876266972652,0.516665237101078,0.410615932928792,0.470590059680814,0.388761941375222,"Jam2/Rgs2",2
"GO:0002285","lymphocyte activation involved in immune response","1/42","187/14942",0.0053475935828877,1.90247007894067,0.659333818572368,0.411207214634133,0.470590059680814,0.388761941375222,"Il6ra",1
"GO:0048515","spermatid differentiation","1/42","187/14942",0.0053475935828877,1.90247007894067,0.659333818572368,0.411207214634133,0.470590059680814,0.388761941375222,"Jam2",1
"GO:0001763","morphogenesis of a branching structure","1/42","188/14942",0.00531914893617021,1.89235055724417,0.653703602187573,0.412883209007929,0.470590059680814,0.388761941375222,"Sall1",1
"GO:0009636","response to toxic substance","1/42","188/14942",0.00531914893617021,1.89235055724417,0.653703602187573,0.412883209007929,0.470590059680814,0.388761941375222,"Ptgs1",1
"GO:0021543","pallium development","1/42","188/14942",0.00531914893617021,1.89235055724417,0.653703602187573,0.412883209007929,0.470590059680814,0.388761941375222,"Adgrg1",1
"GO:0050920","regulation of chemotaxis","1/42","188/14942",0.00531914893617021,1.89235055724417,0.653703602187573,0.412883209007929,0.470590059680814,0.388761941375222,"Cx3cr1",1
"GO:0098727","maintenance of cell number","1/42","188/14942",0.00531914893617021,1.89235055724417,0.653703602187573,0.412883209007929,0.470590059680814,0.388761941375222,"Sall1",1
"GO:0002822","regulation of adaptive immune response based on somatic recombination of immune receptors built from immunoglobulin superfamily domains","1/42","190/14942",0.00526315789473684,1.87243107769424,0.642545401889472,0.416221238083703,0.47311478861313,0.390847660146756,"Vsir",1
"GO:0050679","positive regulation of epithelial cell proliferation","1/42","190/14942",0.00526315789473684,1.87243107769424,0.642545401889472,0.416221238083703,0.47311478861313,0.390847660146756,"Zfp703",1
"GO:0050866","negative regulation of cell activation","1/42","190/14942",0.00526315789473684,1.87243107769424,0.642545401889472,0.416221238083703,0.47311478861313,0.390847660146756,"Vsir",1
"GO:0007623","circadian rhythm","1/42","191/14942",0.00523560209424084,1.86262777362254,0.637016575131094,0.417883298007814,0.4741512465726,0.391703894570303,"Nrip1",1
"GO:0009749","response to glucose","1/42","191/14942",0.00523560209424084,1.86262777362254,0.637016575131094,0.417883298007814,0.4741512465726,0.391703894570303,"Tjp1",1
"GO:0019722","calcium-mediated signaling","1/42","192/14942",0.00520833333333333,1.85292658730159,0.631520714552036,0.419540738281942,0.475604926626345,0.392904802809239,"Cx3cr1",1
"GO:0043583","ear development","1/42","193/14942",0.00518134715025907,1.84332593140883,0.626057417194821,0.421193571433953,0.476197383088119,0.393394240525828,"Maf",1
"GO:0045732","positive regulation of protein catabolic process","1/42","193/14942",0.00518134715025907,1.84332593140883,0.626057417194821,0.421193571433953,0.476197383088119,0.393394240525828,"Ecscr",1
"GO:0051345","positive regulation of hydrolase activity","1/42","193/14942",0.00518134715025907,1.84332593140883,0.626057417194821,0.421193571433953,0.476197383088119,0.393394240525828,"Vsir",1
"GO:0045619","regulation of lymphocyte differentiation","1/42","195/14942",0.00512820512820513,1.82442002442002,0.615226935569029,0.42448546631753,0.479490285456084,0.39611455960396,"Vsir",1
"GO:0051348","negative regulation of transferase activity","1/42","196/14942",0.00510204081632653,1.81511175898931,0.609858980159596,0.426124552939532,0.480911995460329,0.397289056875954,"Rgs2",1
"GO:0006909","phagocytosis","1/42","198/14942",0.00505050505050505,1.7967772967773,0.599215762123735,0.429389066523391,0.48330167416346,0.399263208502792,"Pecam1",1
"GO:0043270","positive regulation of monoatomic ion transport","1/42","198/14942",0.00505050505050505,1.7967772967773,0.599215762123735,0.429389066523391,0.48330167416346,0.399263208502792,"Adrb2",1
"GO:0045165","cell fate commitment","1/42","198/14942",0.00505050505050505,1.7967772967773,0.599215762123735,0.429389066523391,0.48330167416346,0.399263208502792,"Il6ra",1
"GO:0007411","axon guidance","1/42","200/14942",0.005,1.77880952380952,0.588693705190947,0.432635449484176,0.486522427177934,0.401923923851192,"Sema4b",1
"GO:0097485","neuron projection guidance","1/42","201/14942",0.00497512437810945,1.76995972518361,0.583477224340755,0.434251872705019,0.487906104088128,0.4030670013786,"Sema4b",1
"GO:0034764","positive regulation of transmembrane transport","1/42","202/14942",0.00495049504950495,1.76119754832626,0.578289980392184,0.435863800074016,0.488848130695259,0.403845224558375,"Adrb2",1
"GO:0035264","multicellular organism growth","1/42","202/14942",0.00495049504950495,1.76119754832626,0.578289980392184,0.435863800074016,0.488848130695259,0.403845224558375,"Adrb2",1
"GO:0016485","protein processing","1/42","203/14942",0.00492610837438424,1.75252169833451,0.573131634473548,0.43747124379158,0.490216003681345,0.404975246212437,"Vsir",1
"GO:0010810","regulation of cell-substrate adhesion","1/42","204/14942",0.00490196078431373,1.74393090569561,0.568001853369853,0.43907421602584,0.491576447348681,0.406099130387985,"Cass4",1
"GO:0002819","regulation of adaptive immune response","1/42","206/14942",0.00485436893203883,1.72699953767915,0.557826680300179,0.442266794556049,0.494275179769094,0.408328596211643,"Vsir",1
"GO:0051648","vesicle localization","1/42","206/14942",0.00485436893203883,1.72699953767915,0.557826680300179,0.442266794556049,0.494275179769094,0.408328596211643,"Pik3cg",1
"GO:0071222","cellular response to lipopolysaccharide","1/42","207/14942",0.00483091787439614,1.7186565447435,0.552780649102995,0.443856425027591,0.495613534659783,0.40943423249709,"Cx3cr1",1
"GO:0010976","positive regulation of neuron projection development","1/42","208/14942",0.00480769230769231,1.71039377289377,0.547761904029503,0.44544163236718,0.49650636976377,0.410171817792855,"Rgs2",1
"GO:0042098","T cell proliferation","1/42","208/14942",0.00480769230769231,1.71039377289377,0.547761904029503,0.44544163236718,0.49650636976377,0.410171817792855,"Vsir",1
"GO:0006282","regulation of DNA repair","1/42","209/14942",0.00478468899521531,1.70221007063112,0.542770138376785,0.447022428582775,0.497829383020817,0.411264780110468,"Usp22",1
"GO:0050870","positive regulation of T cell activation","1/42","212/14942",0.00471698113207547,1.67812219227314,0.527953724831921,0.451738470088889,0.502638579394679,0.415237733810395,"Vsir",1
"GO:0071219","cellular response to molecule of bacterial origin","1/42","215/14942",0.00465116279069767,1.6547065337763,0.513369550154729,0.456415240723436,0.507395658992456,0.419167633011756,"Cx3cr1",1
"GO:0050670","regulation of lymphocyte proliferation","1/42","216/14942",0.00462962962962963,1.64704585537919,0.508558457380576,0.457965492634186,0.508671689533929,0.420221782159941,"Vsir",1
"GO:1903050","regulation of proteolysis involved in protein catabolic process","1/42","217/14942",0.00460829493087558,1.63945578231293,0.503772060865907,0.459511428347167,0.509493373184929,0.42090058810747,"Ecscr",1
"GO:2001234","negative regulation of apoptotic signaling pathway","1/42","217/14942",0.00460829493087558,1.63945578231293,0.503772060865907,0.459511428347167,0.509493373184929,0.42090058810747,"Cx3cr1",1
"GO:0042742","defense response to bacterium","1/42","218/14942",0.00458715596330275,1.63193534294452,0.499010095091565,0.461053059587196,0.510754660226306,0.42194255741547,"Tab2",1
"GO:0009165","nucleotide biosynthetic process","1/42","220/14942",0.00454545454545455,1.61709956709957,0.489558414206203,0.464123455392457,0.51325638461598,0.424009271768032,"Entpd1",1
"GO:0032944","regulation of mononuclear cell proliferation","1/42","220/14942",0.00454545454545455,1.61709956709957,0.489558414206203,0.464123455392457,0.51325638461598,0.424009271768032,"Vsir",1
"GO:0046434","organophosphate catabolic process","1/42","222/14942",0.0045045045045045,1.6025311025311,0.480201371500546,0.467176773228817,0.516181329861211,0.426425615608195,"Entpd1",1
"GO:0046034","ATP metabolic process","1/42","223/14942",0.00448430493273543,1.59534486440316,0.475557717994142,0.468697056892159,0.517408803416322,0.427439651056788,"Entpd1",1
"GO:0043588","skin development","1/42","224/14942",0.00446428571428571,1.58822278911565,0.470936985809283,0.470213105782065,0.518629463969049,0.42844805817563,"Ptgs1",1
"GO:0002274","myeloid leukocyte activation","1/42","225/14942",0.00444444444444444,1.58116402116402,0.466338936597702,0.471724931407636,0.519843342022016,0.429450862163424,"Cx3cr1",1
"GO:0060828","regulation of canonical Wnt signaling pathway","1/42","227/14942",0.00440528634361234,1.56723306062513,0.45720995153579,0.474735958749757,0.522705794302868,0.431815579570657,"Zfp703",1
"GO:0031348","negative regulation of defense response","1/42","228/14942",0.0043859649122807,1.56035923141186,0.452678556615699,0.476235183332326,0.523900149462193,0.432802255385156,"Cx3cr1",1
"GO:0001667","ameboidal-type cell migration","1/42","230/14942",0.00434782608695652,1.54679089026915,0.443680839747344,0.47922111125844,0.525812052630789,0.434381709035428,"Sema4b",1
"GO:0007033","vacuole organization","1/42","230/14942",0.00434782608695652,1.54679089026915,0.443680839747344,0.47922111125844,0.525812052630789,0.434381709035428,"Sting1",1
"GO:1901136","carbohydrate derivative catabolic process","1/42","230/14942",0.00434782608695652,1.54679089026915,0.443680839747344,0.47922111125844,0.525812052630789,0.434381709035428,"Entpd1",1
"GO:0072522","purine-containing compound biosynthetic process","1/42","234/14942",0.00427350427350427,1.52035002035002,0.425939618776021,0.485143199109378,0.531848225216178,0.439368287320494,"Entpd1",1
"GO:0046394","carboxylic acid biosynthetic process","1/42","237/14942",0.00421940928270042,1.50110508338356,0.412849545524276,0.489541572213103,0.535740733573474,0.442583950453769,"Ptgs1",1
"GO:0048167","regulation of synaptic plasticity","1/42","237/14942",0.00421940928270042,1.50110508338356,0.412849545524276,0.489541572213103,0.535740733573474,0.442583950453769,"Cx3cr1",1
"GO:0070663","regulation of leukocyte proliferation","1/42","238/14942",0.00420168067226891,1.49479791916767,0.408526224069075,0.490999528960267,0.536407436997215,0.443134724767852,"Vsir",1
"GO:0071695","anatomical structure maturation","1/42","238/14942",0.00420168067226891,1.49479791916767,0.408526224069075,0.490999528960267,0.536407436997215,0.443134724767852,"Cx3cr1",1
"GO:0051259","protein complex oligomerization","1/42","239/14942",0.00418410041841004,1.48854353456864,0.404222595084586,0.492453420403661,0.537531194637502,0.44406307884777,"Sting1",1
"GO:0002440","production of molecular mediator of immune response","1/42","240/14942",0.00416666666666667,1.48234126984127,0.399938467305044,0.493903257603079,0.538184239319218,0.444602569457581,"Vsir",1
"GO:0016053","organic acid biosynthetic process","1/42","240/14942",0.00416666666666667,1.48234126984127,0.399938467305044,0.493903257603079,0.538184239319218,0.444602569457581,"Ptgs1",1
"GO:0071216","cellular response to biotic stimulus","1/42","241/14942",0.004149377593361,1.47619047619048,0.395673652154088,0.495349051588977,0.539294746949584,0.445519977493327,"Cx3cr1",1
"GO:0060560","developmental growth involved in morphogenesis","1/42","245/14942",0.00408163265306122,1.45208940719145,0.378803837718056,0.501092014983879,0.54507771681551,0.450297380980168,"Sall1",1
"GO:0009205","purine ribonucleoside triphosphate metabolic process","1/42","246/14942",0.0040650406504065,1.44618660472319,0.374632847816393,0.502517757337466,0.545689385974706,0.450802690612015,"Entpd1",1
"GO:0048588","developmental cell growth","1/42","246/14942",0.0040650406504065,1.44618660472319,0.374632847816393,0.502517757337466,0.545689385974706,0.450802690612015,"Rgs2",1
"GO:0032984","protein-containing complex disassembly","1/42","247/14942",0.00404858299595142,1.44033159822634,0.370480092887525,0.503939522048396,0.546763567269676,0.451690088883677,"Adrb2",1
"GO:0006898","receptor-mediated endocytosis","1/42","249/14942",0.00401606425702811,1.42876266972652,0.362228606009175,0.506771161822347,0.548893529171762,0.453449684325773,"Adrb2",1
"GO:0042593","glucose homeostasis","1/42","249/14942",0.00401606425702811,1.42876266972652,0.362228606009175,0.506771161822347,0.548893529171762,0.453449684325773,"Tjp1",1
"GO:0033500","carbohydrate homeostasis","1/42","250/14942",0.004,1.42304761904762,0.358129538863358,0.508181058453631,0.549949364627902,0.454321926807861,"Tjp1",1
"GO:0009199","ribonucleoside triphosphate metabolic process","1/42","253/14942",0.00395256916996047,1.40617353660832,0.345937078560106,0.512387184133944,0.554026861202143,0.45769041165267,"Entpd1",1
"GO:0008544","epidermis development","1/42","254/14942",0.00393700787401575,1.40063742032246,0.341907306000229,0.513781406903797,0.554585566461485,0.458151966963519,"Ptgs1",1
"GO:0009144","purine nucleoside triphosphate metabolic process","1/42","254/14942",0.00393700787401575,1.40063742032246,0.341907306000229,0.513781406903797,0.554585566461485,0.458151966963519,"Entpd1",1
"GO:0045927","positive regulation of growth","1/42","255/14942",0.00392156862745098,1.39514472455649,0.337894462763511,0.515171737848108,0.555611840136526,0.458999787987536,"Adrb2",1
"GO:0044248","cellular catabolic process","1/42","264/14942",0.00378787878787879,1.34758297258297,0.302516006508254,0.527511323839253,0.568435049729596,0.469593245612724,"Gprasp1",1
"GO:0002221","pattern recognition receptor signaling pathway","1/42","265/14942",0.00377358490566038,1.34249775381851,0.298664332884829,0.528863314873369,0.568921897872288,0.469995438615348,"Sting1",1
"GO:0034976","response to endoplasmic reticulum stress","1/42","265/14942",0.00377358490566038,1.34249775381851,0.298664332884829,0.528863314873369,0.568921897872288,0.469995438615348,"Serinc3",1
"GO:0046942","carboxylic acid transport","1/42","266/14942",0.0037593984962406,1.3374507697816,0.294828005059461,0.530211529138908,0.56940303554085,0.470392914104366,"Rgs2",1
"GO:1901888","regulation of cell junction assembly","1/42","266/14942",0.0037593984962406,1.3374507697816,0.294828005059461,0.530211529138908,0.56940303554085,0.470392914104366,"Tjp1",1
"GO:0060070","canonical Wnt signaling pathway","1/42","268/14942",0.00373134328358209,1.3274697938877,0.287200855990112,0.53289666851181,0.571800839557664,0.472373778182214,"Zfp703",1
"GO:0009141","nucleoside triphosphate metabolic process","1/42","269/14942",0.00371747211895911,1.32253496194017,0.283409773505978,0.534233614124629,0.572263803604687,0.472756240153106,"Entpd1",1
"GO:0015849","organic acid transport","1/42","269/14942",0.00371747211895911,1.32253496194017,0.283409773505978,0.534233614124629,0.572263803604687,0.472756240153106,"Rgs2",1
"GO:0002758","innate immune response-activating signaling pathway","1/42","270/14942",0.0037037037037037,1.31763668430335,0.279633514285149,0.535566823979925,0.573206151998836,0.47353472916626,"Sting1",1
"GO:0016197","endosomal transport","1/42","274/14942",0.00364963503649635,1.29840111226973,0.264674201936615,0.540862509114718,0.578384273706433,0.477812457958679,"Cmtm6",1
"GO:0002449","lymphocyte mediated immunity","1/42","276/14942",0.0036231884057971,1.28899240855763,0.25728026781377,0.543488200657129,0.580700833161971,0.479726204610822,"Vsir",1
"GO:0048511","rhythmic process","1/42","279/14942",0.003584229390681,1.27513227513228,0.246293850064307,0.547399275166751,0.584385712678018,0.482770342252326,"Nrip1",1
"GO:0046651","lymphocyte proliferation","1/42","281/14942",0.00355871886120996,1.26605660057617,0.2390378889565,0.549988465955331,0.586654363685687,0.484644510972853,"Vsir",1
"GO:0043523","regulation of neuron apoptotic process","1/42","283/14942",0.00353356890459364,1.25710920410567,0.231835539915791,0.552563195468162,0.588903776620368,0.486502786814961,"Cx3cr1",1
"GO:0032943","mononuclear cell proliferation","1/42","287/14942",0.00348432055749129,1.23958851833416,0.217588221604204,0.557669585490044,0.59384528732891,0.49058504749357,"Vsir",1
"GO:0032868","response to insulin","1/42","288/14942",0.00347222222222222,1.23528439153439,0.214058566009341,0.558937267333062,0.594194033565172,0.490873152312334,"Gcnt1",1
"GO:0051251","positive regulation of lymphocyte activation","1/42","288/14942",0.00347222222222222,1.23528439153439,0.214058566009341,0.558937267333062,0.594194033565172,0.490873152312334,"Vsir",1
"GO:1901293","nucleoside phosphate biosynthetic process","1/42","291/14942",0.00343642611683849,1.22254950090002,0.203545182904553,0.562719070704157,0.59771168518492,0.493779140325983,"Entpd1",1
"GO:0051098","regulation of binding","1/42","293/14942",0.00341296928327645,1.2142044531123,0.196598255445227,0.565222667652921,0.599866878180765,0.495559579576382,"Sting1",1
"GO:0002218","activation of innate immune response","1/42","299/14942",0.00334448160535117,1.18983914636089,0.176046615103422,0.572649795504861,0.607239380468242,0.501650121106342,"Sting1",1
"GO:0043086","negative regulation of catalytic activity","1/42","304/14942",0.00328947368421053,1.1702694235589,0.15924064572979,0.578744333575424,0.613187625850239,0.506564061328645,"Rgs2",1
"GO:0051090","regulation of DNA-binding transcription factor activity","1/42","305/14942",0.00327868852459016,1.1664324746292,0.155913348101985,0.579953019050887,0.613953614807639,0.507196857002979,"Sting1",1
"GO:0003002","regionalization","1/42","306/14942",0.00326797385620915,1.16262060379707,0.15259715119243,0.581158318852749,0.614714740610774,0.507825635148141,"Adgrg1",1
"GO:1902105","regulation of leukocyte differentiation","1/42","307/14942",0.00325732899022801,1.15883356599969,0.149291971990087,0.582360242234014,0.615471025237285,0.508450413920209,"Vsir",1
"GO:0045787","positive regulation of cell cycle","1/42","311/14942",0.00321543408360129,1.14392895421834,0.136179803463763,0.587134355751458,0.619480655817899,0.511762833587071,"Usp22",1
"GO:0097193","intrinsic apoptotic signaling pathway","1/42","311/14942",0.00321543408360129,1.14392895421834,0.136179803463763,0.587134355751458,0.619480655817899,0.511762833587071,"Serinc3",1
"GO:0009150","purine ribonucleotide metabolic process","1/42","314/14942",0.00318471337579618,1.13299969669396,0.126457427451919,0.59067993821628,0.622182868254481,0.513995174307499,"Entpd1",1
"GO:0021700","developmental maturation","1/42","314/14942",0.00318471337579618,1.13299969669396,0.126457427451919,0.59067993821628,0.622182868254481,0.513995174307499,"Cx3cr1",1
"GO:0070661","leukocyte proliferation","1/42","316/14942",0.00316455696202532,1.12582881253767,0.120027897508582,0.593027128328821,0.624135129231998,0.515607968186327,"Vsir",1
"GO:0002696","positive regulation of leukocyte activation","1/42","317/14942",0.00315457413249211,1.12227730208803,0.11682852282764,0.594195791026085,0.62432541966498,0.515765170142955,"Vsir",1
"GO:0007281","germ cell development","1/42","317/14942",0.00315457413249211,1.12227730208803,0.11682852282764,0.594195791026085,0.62432541966498,0.515765170142955,"Jam2",1
"GO:0062012","regulation of small molecule metabolic process","1/42","320/14942",0.003125,1.11175595238095,0.107291077588741,0.597682157433293,0.627466982554553,0.518360465268252,"Entpd1",1
"GO:0006417","regulation of translation","1/42","324/14942",0.00308641975308642,1.09803057025279,0.0947133939103559,0.602285195042709,0.631250818021546,0.52148635199648,"Rgs2",1
"GO:0043010","camera-type eye development","1/42","324/14942",0.00308641975308642,1.09803057025279,0.0947133939103559,0.602285195042709,0.631250818021546,0.52148635199648,"Maf",1
"GO:0009895","negative regulation of catabolic process","1/42","329/14942",0.00303951367781155,1.0813431755681,0.0792083056890247,0.607966741739477,0.63562445124789,0.525099480044892,"Pik3cg",1
"GO:0031647","regulation of protein stability","1/42","329/14942",0.00303951367781155,1.0813431755681,0.0792083056890247,0.607966741739477,0.63562445124789,0.525099480044892,"Cmtm6",1
"GO:0050863","regulation of T cell activation","1/42","329/14942",0.00303951367781155,1.0813431755681,0.0792083056890247,0.607966741739477,0.63562445124789,0.525099480044892,"Vsir",1
"GO:0009259","ribonucleotide metabolic process","1/42","333/14942",0.003003003003003,1.06835406835407,0.0669726655509411,0.612454861232683,0.639259244094229,0.528102240291035,"Entpd1",1
"GO:0009410","response to xenobiotic stimulus","1/42","333/14942",0.003003003003003,1.06835406835407,0.0669726655509411,0.612454861232683,0.639259244094229,0.528102240291035,"Tjp1",1
"GO:0032102","negative regulation of response to external stimulus","1/42","335/14942",0.00298507462686567,1.06197583511016,0.0609095821601652,0.614680072239445,0.641052484579751,0.529583664809388,"Cx3cr1",1
"GO:0051402","neuron apoptotic process","1/42","338/14942",0.0029585798816568,1.05255001408848,0.0518819891653461,0.617994520887924,0.643977802475133,0.532000316501775,"Cx3cr1",1
"GO:0007389","pattern specification process","1/42","339/14942",0.00294985250737463,1.04944514679028,0.0488904259391743,0.619093139767868,0.644591209774782,0.532507062039127,"Adgrg1",1
"GO:0022412","cellular process involved in reproduction in multicellular organism","1/42","340/14942",0.00294117647058824,1.04635854341737,0.0459075813349367,0.620188674119012,0.644669805992131,0.532571991625744,"Jam2",1
"GO:0050867","positive regulation of cell activation","1/42","340/14942",0.00294117647058824,1.04635854341737,0.0459075813349367,0.620188674119012,0.644669805992131,0.532571991625744,"Vsir",1
"GO:0009306","protein secretion","1/42","341/14942",0.00293255131964809,1.04329004329004,0.0429333970654956,0.621281132390961,0.645274734052732,0.533071732328706,"Filip1l",1
"GO:0019693","ribose phosphate metabolic process","1/42","342/14942",0.00292397660818713,1.04023948760791,0.03996781541417,0.622370523010753,0.645875485291947,0.533568022493014,"Entpd1",1
"GO:0030522","intracellular receptor signaling pathway","1/42","344/14942",0.00290697674418605,1.03419158361019,0.0340622319077612,0.624540134889518,0.646534586814374,0.534112516755379,"Sting1",1
"GO:0032535","regulation of cellular component size","1/42","344/14942",0.00290697674418605,1.03419158361019,0.0340622319077612,0.624540134889518,0.646534586814374,0.534112516755379,"Pecam1",1
"GO:0035592","establishment of protein localization to extracellular region","1/42","344/14942",0.00290697674418605,1.03419158361019,0.0340622319077612,0.624540134889518,0.646534586814374,0.534112516755379,"Filip1l",1
"GO:0042176","regulation of protein catabolic process","1/42","346/14942",0.00289017341040462,1.02821359757776,0.0281903802170079,0.626697576722446,0.648237100635984,0.535518990532058,"Ecscr",1
"GO:0071692","protein localization to extracellular region","1/42","348/14942",0.0028735632183908,1.02230432402846,0.0223518184153538,0.62884291511931,0.649924321104504,0.536912830226239,"Filip1l",1
"GO:0045089","positive regulation of innate immune response","1/42","360/14942",0.00277777777777778,0.988227513227513,-0.0120041733522751,0.6414644589288,0.662427349743466,0.547241781267087,"Sting1",1
"GO:0001654","eye development","1/42","363/14942",0.00275482093663912,0.980060343696707,-0.0204187173127389,0.644553785933794,0.664531798874646,0.548980300202905,"Maf",1
"GO:0045786","negative regulation of cell cycle","1/42","363/14942",0.00275482093663912,0.980060343696707,-0.0204187173127389,0.644553785933794,0.664531798874646,0.548980300202905,"Hpgd",1
"GO:0150063","visual system development","1/42","366/14942",0.00273224043715847,0.972027062190997,-0.0287660867973526,0.647617122160778,0.667145918835553,0.551139866326506,"Maf",1
"GO:0048880","sensory system development","1/42","369/14942",0.002710027100271,0.964124403148793,-0.0370475232725241,0.650654680983013,0.669729248177955,0.55327399582989,"Maf",1
"GO:0001558","regulation of cell growth","1/42","373/14942",0.00268096514745308,0.95378526745819,-0.0479889593320991,0.654665026823857,0.673308864040159,0.556231173490871,"Rgs2",1
"GO:1903706","regulation of hemopoiesis","1/42","380/14942",0.00263157894736842,0.936215538847118,-0.0668678746715487,0.661575259043885,0.679862705228838,0.561645406051805,"Vsir",1
"GO:0006979","response to oxidative stress","1/42","383/14942",0.00261096605744125,0.928882257863981,-0.0748570861413692,0.664495294743472,0.682308734813768,0.563666110039356,"Ptgs1",1
"GO:0002833","positive regulation of response to biotic stimulus","1/42","384/14942",0.00260416666666667,0.926463293650793,-0.0775068831864064,0.665463163252351,0.682747920739425,0.564028928525575,"Sting1",1
"GO:0048568","embryonic organ development","1/42","391/14942",0.00255754475703325,0.909876994275971,-0.0958735855662843,0.67216233766398,0.689061796275159,0.569244921639705,"Sall1",1
"GO:0007600","sensory perception","1/42","395/14942",0.00253164556962025,0.900663050030139,-0.106229220236358,0.675931450105864,0.691803524642763,0.571509907099951,"Tjp1",1
"GO:0042391","regulation of membrane potential","1/42","395/14942",0.00253164556962025,0.900663050030139,-0.106229220236358,0.675931450105864,0.691803524642763,0.571509907099951,"Adrb2",1
"GO:0031346","positive regulation of cell projection organization","1/42","404/14942",0.00247524752475248,0.880598774163131,-0.12917202848366,0.684257952240648,0.699758941449983,0.578082003596255,"Rgs2",1
"GO:0048732","gland development","1/42","406/14942",0.00246305418719212,0.876260849167253,-0.134205104581004,0.686079724861393,0.701054787570575,0.579152522709869,"Zfp703",1
"GO:0006163","purine nucleotide metabolic process","1/42","409/14942",0.00244498777506112,0.869833507975317,-0.141711326043775,0.688793159377112,0.703258928475501,0.580973398607343,"Entpd1",1
"GO:0044772","mitotic cell cycle phase transition","1/42","414/14942",0.00241545893719807,0.859328272371751,-0.154108083664214,0.693264753623777,0.707253146554039,0.584273085760832,"Usp22",1
"GO:0043254","regulation of protein-containing complex assembly","1/42","417/14942",0.00239808153477218,0.853146054584903,-0.161479322901655,0.695917538722579,0.709386910439791,0.586035822082172,"Pecam1",1
"GO:0008380","RNA splicing","1/42","421/14942",0.00237529691211401,0.845040153828752,-0.171231359841098,0.69941977169884,0.712382426613484,0.58851046569002,"Usp22",1
"GO:0007409","axonogenesis","1/42","423/14942",0.00236406619385343,0.841044692108522,-0.176075207771421,0.701156090950455,0.713575925089674,0.58949643378494,"Sema4b",1
"GO:0043434","response to peptide hormone","1/42","428/14942",0.00233644859813084,0.83121940364931,-0.188092806288946,0.705454164742804,0.717085483873348,0.592395736177849,"Gcnt1",1
"GO:0002757","immune response-activating signaling pathway","1/42","429/14942",0.00233100233100233,0.829281829281829,-0.190480771264026,0.706306509036644,0.717085483873348,0.592395736177849,"Sting1",1
"GO:0030099","myeloid cell differentiation","1/42","429/14942",0.00233100233100233,0.829281829281829,-0.190480771264026,0.706306509036644,0.717085483873348,0.592395736177849,"Maf",1
"GO:0001501","skeletal system development","1/42","431/14942",0.00232018561484919,0.825433653739918,-0.195241362597173,0.708003980506929,0.718231967384236,0.593342864461327,"Maf",1
"GO:0045088","regulation of innate immune response","1/42","432/14942",0.00231481481481481,0.823522927689594,-0.197614042049945,0.708849120939615,0.718512661481695,0.593574750324651,"Sting1",1
"GO:0006873","intracellular monoatomic ion homeostasis","1/42","442/14942",0.00226244343891403,0.804891187244129,-0.221067736045302,0.717170262425426,0.726364752969342,0.600061488129236,"Ckb",1
"GO:0031667","response to nutrient levels","1/42","445/14942",0.00224719101123596,0.799464954521134,-0.228009299715606,0.719621011891152,0.728263377926674,0.601629972437759,"Adrb2",1
"GO:0051249","regulation of lymphocyte activation","1/42","447/14942",0.00223713646532438,0.795887930116118,-0.232613374959134,0.72124331501533,0.729321240143502,0.602503889259122,"Vsir",1
"GO:0002764","immune response-regulating signaling pathway","1/42","452/14942",0.00221238938053097,0.78708386009271,-0.244042211843539,0.725259088180937,0.732795753365871,0.605374239955816,"Sting1",1
"GO:0009117","nucleotide metabolic process","1/42","462/14942",0.00216450216450216,0.770047412904556,-0.266560841478602,0.733121930295131,0.739557956818073,0.61096060390034,"Entpd1",1
"GO:0051052","regulation of DNA metabolic process","1/42","462/14942",0.00216450216450216,0.770047412904556,-0.266560841478602,0.733121930295131,0.739557956818073,0.61096060390034,"Usp22",1
"GO:0051604","protein maturation","1/42","466/14942",0.00214592274678112,0.763437563866748,-0.275445574395865,0.736205177947244,0.742076032635819,0.613040826427992,"Vsir",1
"GO:0007346","regulation of mitotic cell cycle","1/42","468/14942",0.00213675213675214,0.76017501017501,-0.279862314170752,0.737733734387994,0.74302425519237,0.613824168180239,"Usp22",1
"GO:0010608","post-transcriptional regulation of gene expression","1/42","472/14942",0.00211864406779661,0.753732849071832,-0.288645348771682,0.740764952466808,0.745483200571692,0.615855542111192,"Rgs2",1
"GO:0044283","small molecule biosynthetic process","1/42","474/14942",0.00210970464135021,0.750552541691782,-0.293011960201352,0.742267709317942,0.746401260602926,0.616613966121005,"Ptgs1",1
"GO:0034655","nucleobase-containing compound catabolic process","1/42","480/14942",0.00208333333333333,0.741170634920635,-0.306014024829268,0.746725137028982,0.750286624169025,0.619823726828508,"Entpd1",1
"GO:0061564","axon development","1/42","483/14942",0.0020703933747412,0.736567090604358,-0.312460993059324,0.748925540644387,0.751438330045224,0.620775169391125,"Sema4b",1
"GO:0044089","positive regulation of cellular component biogenesis","1/42","484/14942",0.00206611570247934,0.73504525777253,-0.314602095843285,0.749654852996066,0.751438330045224,0.620775169391125,"Mtss1",1
"GO:1903829","positive regulation of protein localization","1/42","484/14942",0.00206611570247934,0.73504525777253,-0.314602095843285,0.749654852996066,0.751438330045224,0.620775169391125,"Pecam1",1
"GO:0005975","carbohydrate metabolic process","1/42","485/14942",0.00206185567010309,0.73352970054001,-0.316739285456726,0.750382097163598,0.751571292246266,0.620885011582525,"Ggta1",1
"GO:0002253","activation of immune response","1/42","491/14942",0.00203665987780041,0.724565997478421,-0.329481240624662,0.754702449672375,0.755299997138465,0.623965354065088,"Sting1",1
"GO:0055080","monoatomic cation homeostasis","1/42","500/14942",0.002,0.71152380952381,-0.348339440519768,0.761046432253979,0.761046432253979,0.628712575612881,"Mtss1",1
