"ID","Description","GeneRatio","BgRatio","RichFactor","FoldEnrichment","zScore","pvalue","p.adjust","qvalue","geneID","Count"
"GO:0051607","defense response to virus","27/113","276/14942",0.0978260869565217,12.9355521354367,17.4708621443229,9.01171279880581e-23,1.26435075063986e-19,1.03799161181256e-19,"Stat1/Ifi213/Dhx58/Oas1a/Itgax/Eif2ak2/Rsad2/Oasl2/Mx2/Fgl2/Oas2/Ifi209/Usp18/Irf7/Ifitm3/Nlrc5/Stat2/Adar/Oas3/Rtp4/Ifit2/Samhd1/Oas1g/Znfx1/Zbp1/Ifi207/Trim34a",27
"GO:0009615","response to virus","29/113","341/14942",0.0850439882697947,11.2453740949316,16.7065521884387,1.01554277159828e-22,1.26435075063986e-19,1.03799161181256e-19,"Stat1/Ifi213/Dhx58/Oas1a/Itgax/Eif2ak2/Rsad2/Oasl2/Mx2/Fgl2/Mx1/Oas2/Ifi209/Usp18/Irf7/Ifitm3/Nlrc5/Stat2/Adar/Oas3/Rtp4/Ifit2/Samhd1/Ikbke/Oas1g/Znfx1/Zbp1/Ifi207/Trim34a",29
"GO:0034340","response to type I interferon","17/113","70/14942",0.242857142857143,32.1130214917826,22.7761147727282,1.4033567412178e-21,1.16478609521077e-18,9.5625220752455e-19,"Stat1/Oas1a/Oasl2/Mx2/Oas2/Usp18/Irf7/Ifitm3/Nlrc5/Stat2/Adar/Oas3/Sp100/Samhd1/Ikbke/Oas1g/Zbp1",17
"GO:0060337","type I interferon-mediated signaling pathway","15/113","63/14942",0.238095238095238,31.4833544037084,21.1650490918811,5.23719514488287e-19,2.60812318215167e-16,2.1411858887079e-16,"Stat1/Oas1a/Oasl2/Oas2/Usp18/Irf7/Ifitm3/Nlrc5/Stat2/Adar/Oas3/Samhd1/Ikbke/Oas1g/Zbp1",15
"GO:0071357","cellular response to type I interferon","15/113","63/14942",0.238095238095238,31.4833544037084,21.1650490918811,5.23719514488287e-19,2.60812318215167e-16,2.1411858887079e-16,"Stat1/Oas1a/Oasl2/Oas2/Usp18/Irf7/Ifitm3/Nlrc5/Stat2/Adar/Oas3/Samhd1/Ikbke/Oas1g/Zbp1",15
"GO:0048525","negative regulation of viral process","15/113","78/14942",0.192307692307692,25.428863172226,18.8823408118574,1.7070236671803e-17,7.08414821879826e-15,5.81585958186693e-15,"Stat1/Ifi213/Oas1a/Eif2ak2/Rsad2/Oasl2/Mx2/Oas2/Ifi209/Ifitm3/Oas3/Sp100/Oas1g/Znfx1/Ifi207",15
"GO:0140888","interferon-mediated signaling pathway","15/113","80/14942",0.1875,24.7931415929204,18.6265008311371,2.56146007098563e-17,9.11147939536316e-15,7.48023377120915e-15,"Stat1/Oas1a/Oasl2/Oas2/Usp18/Irf7/Ifitm3/Nlrc5/Stat2/Adar/Oas3/Samhd1/Ikbke/Oas1g/Zbp1",15
"GO:0035456","response to interferon-beta","14/113","68/14942",0.205882352941176,27.223841749089,18.9195152668585,7.66377806906222e-17,2.38535092399562e-14,1.95829697501564e-14,"Stat1/Ifi213/Oas1a/Ifi204/Ifi209/Gbp6/Ifitm3/Ifi211/Ikbke/Oas1g/Ifi207/Gm5431/Tgtp2/Iigp1c",14
"GO:0045071","negative regulation of viral genome replication","13/113","54/14942",0.240740740740741,31.8331694526385,19.8139011313789,1.11411825251205e-16,3.08239383195001e-14,2.53054695482854e-14,"Ifi213/Oas1a/Eif2ak2/Rsad2/Oasl2/Mx2/Oas2/Ifi209/Ifitm3/Oas3/Oas1g/Znfx1/Ifi207",13
"GO:0045069","regulation of viral genome replication","14/113","81/14942",0.172839506172839,22.8545831967661,17.2160748657709,1.04577847537265e-15,2.38149650082259e-13,1.95513261661275e-13,"Ifi213/Oas1a/Eif2ak2/Rsad2/Oasl2/Mx2/Oas2/Ifi209/Ifitm3/Adar/Oas3/Oas1g/Znfx1/Ifi207",14
"GO:0050792","regulation of viral process","17/113","149/14942",0.114093959731544,15.0866543921126,15.0850233647139,1.05206672727102e-15,2.38149650082259e-13,1.95513261661275e-13,"Stat1/Ifi213/Oas1a/Eif2ak2/Rsad2/Oasl2/Mx2/Oas2/Ifi209/Axl/Ifitm3/Adar/Oas3/Sp100/Oas1g/Znfx1/Ifi207",17
"GO:0045088","regulation of innate immune response","25/113","432/14942",0.0578703703703704,7.65220419534579,12.2474834431177,1.26097109123677e-15,2.6165150143163e-13,2.14807531507176e-13,"Ifi213/Dhx58/Oas1a/Eif2ak2/Ifi204/Rsad2/Tap1/Ifi209/Usp18/Clec7a/Irf7/Apoe/Nlrc5/Stat2/Adar/Oas3/Ifi211/Samhd1/Ikbke/Oas1g/Znfx1/Myo1f/Zbp1/Ifi207/Cd300lf",25
"GO:0031348","negative regulation of defense response","19/113","228/14942",0.0833333333333333,11.0191740412979,13.3078252820115,6.86426389958102e-15,1.31477054691975e-12,1.07938465530254e-12,"Ifi213/Dhx58/Oas1a/Fgl2/Tap1/Ptger4/Cst7/Ifi209/Usp18/Apoe/Nlrc5/Stat2/Adar/Oas3/Cd44/Samhd1/Oas1g/Ifi207/Igf1",19
"GO:0060338","regulation of type I interferon-mediated signaling pathway","11/113","42/14942",0.261904761904762,34.6316898440792,19.0525593108086,9.8996639288114e-15,1.63652229345315e-12,1.3435325698102e-12,"Oas1a/Usp18/Irf7/Nlrc5/Stat2/Adar/Oas3/Samhd1/Ikbke/Oas1g/Zbp1",11
"GO:0002683","negative regulation of immune system process","25/113","474/14942",0.0527426160337553,6.9741607856316,11.5381172951701,1.07036354763285e-14,1.63652229345315e-12,1.3435325698102e-12,"Gpnmb/Ifi213/Dhx58/Oas1a/Fgl2/Tap1/Ptger4/Cd22/Cst7/Ifi209/Usp18/Axl/Nlrc5/Stat2/Adar/Oas3/Milr1/Cd44/Samhd1/Oas1g/Lgals3/Ifi207/Cd300lf/Il4i1/Igf1",25
"GO:1903900","regulation of viral life cycle","15/113","118/14942",0.127118644067797,16.8089095545223,15.049890403421,1.1035157458294e-14,1.63652229345315e-12,1.3435325698102e-12,"Ifi213/Oas1a/Eif2ak2/Rsad2/Oasl2/Mx2/Oas2/Ifi209/Axl/Ifitm3/Adar/Oas3/Oas1g/Znfx1/Ifi207",15
"GO:0016032","viral process","21/113","306/14942",0.0686274509803922,9.07461391636301,12.4578873879059,1.11730437705637e-14,1.63652229345315e-12,1.3435325698102e-12,"Stat1/Ifi213/Oas1a/Eif2ak2/Rsad2/Oasl2/Mx2/Oas2/Ifi209/Apoe/Axl/Ifitm3/Ctsb/Adar/Oas3/Sp100/Oas1g/Znfx1/Ifi207/Cd300lf/Oaz1",21
"GO:0035458","cellular response to interferon-beta","12/113","59/14942",0.203389830508475,26.8942552872356,17.396316976254,1.60070662924976e-14,2.21431083712883e-12,1.81787852280879e-12,"Stat1/Ifi213/Oas1a/Ifi204/Ifi209/Gbp6/Ifi211/Oas1g/Ifi207/Gm5431/Tgtp2/Iigp1c",12
"GO:0002832","negative regulation of response to biotic stimulus","15/113","123/14942",0.121951219512195,16.1256205482409,14.7037946869834,2.0737717798977e-14,2.71773249049751e-12,2.23117163244395e-12,"Ifi213/Dhx58/Oas1a/Fgl2/Tap1/Ifi209/Usp18/Nlrc5/Stat2/Adar/Oas3/Samhd1/Oas1g/Ifi207/Il4i1",15
"GO:0019058","viral life cycle","18/113","227/14942",0.079295154185022,10.4852052551557,12.5705028443236,8.90072729496567e-14,1.10814054822323e-11,9.09748021411754e-12,"Ifi213/Oas1a/Eif2ak2/Rsad2/Oasl2/Mx2/Oas2/Ifi209/Apoe/Axl/Ifitm3/Ctsb/Adar/Oas3/Oas1g/Znfx1/Ifi207/Cd300lf",18
"GO:0019079","viral genome replication","14/113","114/14942",0.12280701754386,16.2387827977022,14.2572097196732,1.46008106798688e-13,1.73123898061301e-11,1.42129194688246e-11,"Ifi213/Oas1a/Eif2ak2/Rsad2/Oasl2/Mx2/Oas2/Ifi209/Ifitm3/Adar/Oas3/Oas1g/Znfx1/Ifi207",14
"GO:0045824","negative regulation of innate immune response","13/113","94/14942",0.138297872340426,18.2871398983242,14.6766256148265,2.35842699842809e-13,2.66931055731179e-11,2.1914187707882e-11,"Ifi213/Dhx58/Oas1a/Tap1/Ifi209/Usp18/Nlrc5/Stat2/Adar/Oas3/Samhd1/Oas1g/Ifi207",13
"GO:0050777","negative regulation of immune response","16/113","181/14942",0.0883977900552486,11.6888476018188,12.629478107715,4.39472589528661e-13,4.75776846924507e-11,3.90597605887716e-11,"Ifi213/Dhx58/Oas1a/Fgl2/Tap1/Ifi209/Usp18/Nlrc5/Stat2/Adar/Oas3/Samhd1/Oas1g/Lgals3/Ifi207/Il4i1",16
"GO:0032102","negative regulation of response to external stimulus","20/113","335/14942",0.0597014925373134,7.89433364152688,11.1405673260049,7.00385788580362e-13,7.26650255652126e-11,5.96556667290817e-11,"Ifi213/Dhx58/Oas1a/Fgl2/Tap1/Ptger4/Cst7/Ifi209/Usp18/Apoe/Nlrc5/Stat2/Adar/Oas3/Cd44/Anxa5/Samhd1/Oas1g/Ifi207/Igf1",20
"GO:0001959","regulation of cytokine-mediated signaling pathway","14/113","136/14942",0.102941176470588,13.6119208745445,12.8974823157877,1.73070040265047e-12,1.72377760103986e-10,1.41516639239882e-10,"Oas1a/Csf1/Usp18/Irf7/Axl/Nlrc5/Stat2/Adar/Oas3/Samhd1/Ikbke/Oas1g/Zbp1/Cd300lf",14
"GO:0060759","regulation of response to cytokine stimulus","14/113","146/14942",0.0958904109589041,12.679597526973,12.3795616247192,4.61117808728516e-12,4.41608978359232e-10,3.62546876336347e-10,"Oas1a/Csf1/Usp18/Irf7/Axl/Nlrc5/Stat2/Adar/Oas3/Samhd1/Ikbke/Oas1g/Zbp1/Cd300lf",14
"GO:0060339","negative regulation of type I interferon-mediated signaling pathway","8/113","26/14942",0.307692307692308,40.6861810755616,17.6796196773231,1.16105359352162e-11,1.07074942513661e-09,8.79051102775436e-10,"Oas1a/Usp18/Nlrc5/Stat2/Adar/Oas3/Samhd1/Oas1g",8
"GO:0140374","antiviral innate immune response","10/113","58/14942",0.172413793103448,22.7982911199268,14.5194356572742,1.5715793422579e-11,1.39758305793649e-09,1.14737108370858e-09,"Dhx58/Oas1a/Eif2ak2/Oasl2/Oas2/Usp18/Oas3/Ifit2/Oas1g/Zbp1",10
"GO:0035455","response to interferon-alpha","8/113","28/14942",0.285714285714286,37.7800252844501,17.0046262851834,2.28111372881803e-11,1.95861144301962e-09,1.60795748143906e-09,"Oas1a/Eif2ak2/Ifi204/Axl/Ifitm3/Adar/Ifit2/Oas1g",8
"GO:0019221","cytokine-mediated signaling pathway","20/113","425/14942",0.0470588235294118,6.22259239979177,9.534881084049,5.36309174497591e-11,4.45136614833e-09,3.65442953289236e-09,"Stat1/Oas1a/Oasl2/Csf1/Oas2/Usp18/Irf7/Axl/Ifitm3/Nlrc5/Stat2/Adar/Oas3/Cd44/Samhd1/Ikbke/Oas1g/Zbp1/Cd300lf/Csf3r",20
"GO:0070106","interleukin-27-mediated signaling pathway","6/113","11/14942",0.545454545454545,72.1255028157683,20.5992005814648,7.33018419713419e-11,5.88779311318198e-09,4.83369022439205e-09,"Stat1/Oas1a/Oasl2/Oas2/Oas3/Oas1g",6
"GO:0002218","activation of innate immune response","17/113","299/14942",0.0568561872909699,7.51809867700595,9.93835752087826,9.42764877230011e-11,7.33588920094602e-09,6.0225308933575e-09,"Ifi213/Dhx58/Oas1a/Eif2ak2/Ifi204/Rsad2/Ifi209/Clec7a/Irf7/Oas3/Ifi211/Ikbke/Oas1g/Znfx1/Zbp1/Ifi207/Cd300lf",17
"GO:0045089","positive regulation of innate immune response","18/113","360/14942",0.05,6.61150442477876,9.40795291470957,2.0583997824574e-10,1.55315619949059e-08,1.27509166747441e-08,"Ifi213/Dhx58/Oas1a/Eif2ak2/Ifi204/Rsad2/Ifi209/Clec7a/Irf7/Nlrc5/Oas3/Ifi211/Ikbke/Oas1g/Znfx1/Zbp1/Ifi207/Cd300lf",18
"GO:0031349","positive regulation of defense response","20/113","469/14942",0.0426439232409382,5.63880974394777,8.91018708831692,3.07394500375505e-10,2.25121266451473e-08,1.84817374529173e-08,"Lpl/Ifi213/Dhx58/Oas1a/Eif2ak2/Ifi204/Rsad2/Ptger4/Ifi209/Clec7a/Irf7/Nlrc5/Oas3/Ifi211/Ikbke/Oas1g/Znfx1/Zbp1/Ifi207/Cd300lf",20
"GO:0002833","positive regulation of response to biotic stimulus","18/113","384/14942",0.046875,6.19828539823009,9.00840693618824,5.83311715637733e-10,4.14984620553702e-08,3.40689128351422e-08,"Ifi213/Dhx58/Oas1a/Eif2ak2/Ifi204/Rsad2/Ifi209/Clec7a/Irf7/Nlrc5/Oas3/Ifi211/Ikbke/Oas1g/Znfx1/Zbp1/Ifi207/Cd300lf",18
"GO:0002253","activation of immune response","20/113","491/14942",0.0407331975560081,5.3861543175387,8.62678202815727,6.85175916868945e-10,4.7391334250102e-08,3.89067728233769e-08,"Ifi213/Dhx58/Oas1a/Eif2ak2/Ifi204/Rsad2/Cd22/Ifi209/Clec7a/Irf7/Oas3/Ifi211/Ikbke/Oas1g/Znfx1/Lgals3/Zbp1/Ifi207/Cd300lf/Fyb1",20
"GO:0001819","positive regulation of cytokine production","17/113","444/14942",0.0382882882882883,5.06286374870446,7.5865236766455,3.72033936793013e-08,2.50368784490433e-06,2.05544781010535e-06,"Lpl/Stat1/Ifi213/Dhx58/Oas1a/Eif2ak2/Rsad2/Ptger4/Oas2/Ifi209/Clec7a/Irf7/Oas3/Ikbke/Oas1g/Ifi207/Cybb",17
"GO:0001960","negative regulation of cytokine-mediated signaling pathway","8/113","73/14942",0.10958904109589,14.4909686022548,10.0864143011332,7.4422212570115e-08,4.87239258884838e-06,4.00007880259715e-06,"Oas1a/Usp18/Nlrc5/Stat2/Adar/Oas3/Samhd1/Oas1g",8
"GO:0032680","regulation of tumor necrosis factor production","11/113","173/14942",0.0635838150289017,8.40769348815796,8.55467731306873,7.63145827169024e-08,4.87239258884838e-06,4.00007880259715e-06,"Lpl/Gpnmb/Oas1a/Ptger4/Oas2/Clec7a/Axl/Oas3/Oas1g/Cybb/Igf1",11
"GO:1903555","regulation of tumor necrosis factor superfamily cytokine production","11/113","176/14942",0.0625,8.26438053097345,8.46245962605127,9.09890240744526e-08,5.6173212661719e-06,4.61164147068519e-06,"Lpl/Gpnmb/Oas1a/Ptger4/Oas2/Clec7a/Axl/Oas3/Oas1g/Cybb/Igf1",11
"GO:0035457","cellular response to interferon-alpha","5/113","16/14942",0.3125,41.3219026548673,14.0864776820476,9.24940449449991e-08,5.6173212661719e-06,4.61164147068519e-06,"Oas1a/Ifi204/Axl/Ifit2/Oas1g",5
"GO:0032640","tumor necrosis factor production","11/113","178/14942",0.0617977528089888,8.17152232276027,8.40218925356742,1.02114838280231e-07,6.05395112661367e-06,4.97010065013052e-06,"Lpl/Gpnmb/Oas1a/Ptger4/Oas2/Clec7a/Axl/Oas3/Oas1g/Cybb/Igf1",11
"GO:0060761","negative regulation of response to cytokine stimulus","8/113","77/14942",0.103896103896104,13.7381910125273,9.78236323404734,1.13618209233348e-07,6.57928699979157e-06,5.40138463478978e-06,"Oas1a/Usp18/Nlrc5/Stat2/Adar/Oas3/Samhd1/Oas1g",8
"GO:0071706","tumor necrosis factor superfamily cytokine production","11/113","181/14942",0.0607734806629834,8.03608272625043,8.31352977098586,1.21072237253494e-07,6.85158797184545e-06,5.62493504177715e-06,"Lpl/Gpnmb/Oas1a/Ptger4/Oas2/Clec7a/Axl/Oas3/Oas1g/Cybb/Igf1",11
"GO:0001961","positive regulation of cytokine-mediated signaling pathway","7/113","53/14942",0.132075471698113,17.4643513107364,10.481487390767,1.3570139306154e-07,7.50881041607187e-06,6.1644936918248e-06,"Csf1/Irf7/Axl/Nlrc5/Ikbke/Zbp1/Cd300lf",7
"GO:0032481","positive regulation of type I interferon production","8/113","84/14942",0.0952380952380952,12.5933417614834,9.30124805483771,2.25303859655613e-07,1.21957958813582e-05,1.0012359163643e-05,"Stat1/Dhx58/Oas1a/Oas2/Irf7/Oas3/Ikbke/Oas1g",8
"GO:0060760","positive regulation of response to cytokine stimulus","7/113","59/14942",0.11864406779661,15.6883155842208,9.86792595175786,2.89338299652689e-07,1.53287737475573e-05,1.25844339960923e-05,"Csf1/Irf7/Axl/Nlrc5/Ikbke/Zbp1/Cd300lf",7
"GO:0002443","leukocyte mediated immunity","14/113","369/14942",0.037940379403794,5.01685972611939,6.82022164268779,7.34949812699826e-07,3.81255215338035e-05,3.12998363215584e-05,"Rsad2/Fgl2/Tap1/H2-D1/H2-Q6/Clec7a/Irf7/H2-K1/Enpp1/Milr1/Slfn2/Myo1f/H2-Q4/Il4i1",14
"GO:0002221","pattern recognition receptor signaling pathway","12/113","265/14942",0.0452830188679245,5.98777759225246,7.15129167505145,7.61931368498805e-07,3.87185532155515e-05,3.1786696404397e-05,"Ifi213/Dhx58/Oas1a/Eif2ak2/Rsad2/Ifi209/Clec7a/Irf7/Oas3/Oas1g/Ifi207/Cd300lf",12
"GO:0002757","immune response-activating signaling pathway","15/113","429/14942",0.034965034965035,4.62342966767746,6.64726520922844,8.04575764877367e-07,4.00678730908929e-05,3.28944449556178e-05,"Ifi213/Dhx58/Oas1a/Eif2ak2/Rsad2/Cd22/Ifi209/Clec7a/Irf7/Oas3/Oas1g/Lgals3/Ifi207/Cd300lf/Fyb1",15
"GO:0002758","innate immune response-activating signaling pathway","12/113","270/14942",0.0444444444444444,5.87689282202557,7.05916862676156,9.28370758934768e-07,4.53263370538739e-05,3.72114760340829e-05,"Ifi213/Dhx58/Oas1a/Eif2ak2/Rsad2/Ifi209/Clec7a/Irf7/Oas3/Oas1g/Ifi207/Cd300lf",12
"GO:0002753","cytoplasmic pattern recognition receptor signaling pathway","10/113","182/14942",0.0549450549450549,7.26538947777886,7.42358542891501,1.17904870893494e-06,5.64582939470771e-05,4.6350457343151e-05,"Ifi213/Dhx58/Oas1a/Eif2ak2/Rsad2/Ifi209/Irf7/Oas3/Oas1g/Ifi207",10
"GO:0002483","antigen processing and presentation of endogenous peptide antigen","5/113","26/14942",0.192307692307692,25.428863172226,10.8827052220522,1.31137336703269e-06,6.04688830353963e-05,4.96430229781187e-05,"Tap1/H2-D1/H2-Q6/H2-K1/H2-Q4",5
"GO:0019885","antigen processing and presentation of endogenous peptide antigen via MHC class I","5/113","26/14942",0.192307692307692,25.428863172226,10.8827052220522,1.31137336703269e-06,6.04688830353963e-05,4.96430229781187e-05,"Tap1/H2-D1/H2-Q6/H2-K1/H2-Q4",5
"GO:0002764","immune response-regulating signaling pathway","15/113","452/14942",0.0331858407079646,4.38816665361422,6.38517655744052,1.5443283076746e-06,6.99159542929045e-05,5.73987669570157e-05,"Ifi213/Dhx58/Oas1a/Eif2ak2/Rsad2/Cd22/Ifi209/Clec7a/Irf7/Oas3/Oas1g/Lgals3/Ifi207/Cd300lf/Fyb1",15
"GO:0050866","negative regulation of cell activation","10/113","190/14942",0.0526315789473684,6.95947834187238,7.21660136991945,1.74247437792603e-06,7.74778785899254e-05,6.36068654498564e-05,"Gpnmb/Fgl2/Cst7/Apoe/Axl/Milr1/Cd44/Lgals3/Cd300lf/Il4i1",10
"GO:0019883","antigen processing and presentation of endogenous antigen","5/113","29/14942",0.172413793103448,22.7982911199268,10.2568040912122,2.32504295600343e-06,0.000101567665972781,8.33838120140104e-05,"Tap1/H2-D1/H2-Q6/H2-K1/H2-Q4",5
"GO:0002697","regulation of immune effector process","13/113","369/14942",0.035230352303523,4.65851260282514,6.21178446227188,4.25042939875577e-06,0.000182475331084515,0.000149806422729287,"Dhx58/Rsad2/Fgl2/Tap1/Cd22/H2-D1/H2-Q6/Clec7a/Axl/H2-K1/Lgals3/H2-Q4/Il4i1",13
"GO:0071639","positive regulation of monocyte chemotactic protein-1 production","4/113","16/14942",0.25,33.0575221238938,11.1993120415281,5.26191388045958e-06,0.000222070602751599,0.000182312877000045,"Oas1a/Clec7a/Oas3/Oas1g",4
"GO:0002695","negative regulation of leukocyte activation","9/113","174/14942",0.0517241379310345,6.83948733597803,6.76334630482431,6.77064058875331e-06,0.000280981584433263,0.000230676912690508,"Gpnmb/Fgl2/Cst7/Axl/Milr1/Cd44/Lgals3/Cd300lf/Il4i1",9
"GO:0032479","regulation of type I interferon production","8/113","132/14942",0.0606060606060606,8.01394475730759,7.06553251580023,7.04852090345363e-06,0.000287718312288517,0.00023620755124257,"Stat1/Dhx58/Oas1a/Oas2/Irf7/Oas3/Ikbke/Oas1g",8
"GO:0002449","lymphocyte mediated immunity","11/113","276/14942",0.0398550724637681,5.27003975888162,6.25034142800206,7.6849174651688e-06,0.000308636201423715,0.000253380470583324,"Rsad2/Fgl2/Tap1/H2-D1/H2-Q6/Irf7/H2-K1/Enpp1/Slfn2/H2-Q4/Il4i1",11
"GO:0060340","positive regulation of type I interferon-mediated signaling pathway","4/113","18/14942",0.222222222222222,29.3844641101278,10.5183460217636,8.74421334866156e-06,0.000341818307959256,0.000280621920970989,"Irf7/Nlrc5/Ikbke/Zbp1",4
"GO:0032606","type I interferon production","8/113","136/14942",0.0588235294117647,7.77824049973972,6.93171467274259,8.78569144955517e-06,0.000341818307959256,0.000280621920970989,"Stat1/Dhx58/Oas1a/Oas2/Irf7/Oas3/Ikbke/Oas1g",8
"GO:0002250","adaptive immune response","13/113","396/14942",0.0328282828282828,4.34088674354161,5.88180573699716,9.113838485078e-06,0.000349130120428373,0.000286624685635975,"Rsad2/Fgl2/Tap1/H2-D1/H2-Q6/Clec7a/Irf7/H2-K1/Enpp1/Cd44/Slfn2/H2-Q4/Il4i1",13
"GO:0032722","positive regulation of chemokine production","6/113","66/14942",0.0909090909090909,12.0209171359614,7.83284877631232,1.02816573956343e-05,0.000387898892653477,0.000318452610244368,"Lpl/Oas1a/Eif2ak2/Clec7a/Oas3/Oas1g",6
"GO:0001649","osteoblast differentiation","9/113","184/14942",0.0489130434782609,6.46777606771835,6.51446867782578,1.0637217907155e-05,0.000395323471474866,0.00032454795248539,"Gpnmb/Ifi204/Ptger4/Lox/Spp1/Adar/Enpp1/Fam20c/Igf1",9
"GO:0030522","intracellular receptor signaling pathway","12/113","344/14942",0.0348837209302326,4.6126775056596,5.91745356446642,1.12473188432243e-05,0.000411850351759242,0.000338115993708074,"Ifi213/Dhx58/Oas1a/Eif2ak2/Rsad2/Fabp5/Ifi209/Irf7/Oas3/Oas1g/Ifi207/Igf1",12
"GO:0002474","antigen processing and presentation of peptide antigen via MHC class I","5/113","40/14942",0.125,16.5287610619469,8.5845521995619,1.20569994876116e-05,0.000435100416292069,0.000357203554613908,"Tap1/H2-D1/H2-Q6/H2-K1/H2-Q4",5
"GO:0032652","regulation of interleukin-1 production","7/113","104/14942",0.0673076923076923,8.9001021102791,7.05723879677842,1.36251890879837e-05,0.000479913587945931,0.000393993738233354,"Lpl/Ifi213/Ptger4/Ifi209/Clec7a/Ifi207/Igf1",7
"GO:0002486","antigen processing and presentation of endogenous peptide antigen via MHC class I via ER pathway, TAP-independent","4/113","20/14942",0.2,26.446017699115,9.94018407721577,1.36842830297836e-05,0.000479913587945931,0.000393993738233354,"H2-D1/H2-Q6/H2-K1/H2-Q4",4
"GO:0002476","antigen processing and presentation of endogenous peptide antigen via MHC class Ib","4/113","21/14942",0.19047619047619,25.1866835229667,9.68188960048204,1.68057399487643e-05,0.000571578706979158,0.000469247875270989,"H2-D1/H2-Q6/H2-K1/H2-Q4",4
"GO:0002484","antigen processing and presentation of endogenous peptide antigen via MHC class I via ER pathway","4/113","21/14942",0.19047619047619,25.1866835229667,9.68188960048204,1.68057399487643e-05,0.000571578706979158,0.000469247875270989,"H2-D1/H2-Q6/H2-K1/H2-Q4",4
"GO:0002460","adaptive immune response based on somatic recombination of immune receptors built from immunoglobulin superfamily domains","11/113","301/14942",0.0365448504983389,4.83232881545292,5.86318724849277,1.73312263275564e-05,0.000571578706979158,0.000469247875270989,"Rsad2/Fgl2/H2-D1/H2-Q6/Clec7a/Irf7/H2-K1/Enpp1/Slfn2/H2-Q4/Il4i1",11
"GO:0032612","interleukin-1 production","7/113","108/14942",0.0648148148148148,8.57046869878728,6.89252945254564,1.74457757953478e-05,0.000571578706979158,0.000469247875270989,"Lpl/Ifi213/Ptger4/Ifi209/Clec7a/Ifi207/Igf1",7
"GO:0032760","positive regulation of tumor necrosis factor production","7/113","108/14942",0.0648148148148148,8.57046869878728,6.89252945254564,1.74457757953478e-05,0.000571578706979158,0.000469247875270989,"Lpl/Oas1a/Oas2/Clec7a/Oas3/Oas1g/Cybb",7
"GO:1903557","positive regulation of tumor necrosis factor superfamily cytokine production","7/113","110/14942",0.0636363636363636,8.41464199517297,6.81333578191659,1.96646760143436e-05,0.000635909652931372,0.000522061528637803,"Lpl/Oas1a/Oas2/Clec7a/Oas3/Oas1g/Cybb",7
"GO:0001503","ossification","12/113","365/14942",0.0328767123287671,4.34729058067645,5.65169729227082,2.0290003438968e-05,0.000643644089032516,0.000528411253815746,"Gpnmb/Ifi204/Rsad2/Csf1/Ptger4/Lox/Spp1/Adar/Enpp1/Fam20c/Ank/Igf1",12
"GO:0002428","antigen processing and presentation of peptide antigen via MHC class Ib","4/113","22/14942",0.181818181818182,24.0418342719228,9.44098047602759,2.04208365596662e-05,0.000643644089032516,0.000528411253815746,"H2-D1/H2-Q6/H2-K1/H2-Q4",4
"GO:0072567","chemokine (C-X-C motif) ligand 2 production","4/113","23/14942",0.173913043478261,22.9965371296653,9.21555507964043,2.45761572520941e-05,0.0007554892784903,0.000620232584581764,"Lpl/Oas1a/Oas3/Oas1g",4
"GO:2000341","regulation of chemokine (C-X-C motif) ligand 2 production","4/113","23/14942",0.173913043478261,22.9965371296653,9.21555507964043,2.45761572520941e-05,0.0007554892784903,0.000620232584581764,"Lpl/Oas1a/Oas3/Oas1g",4
"GO:0002819","regulation of adaptive immune response","9/113","206/14942",0.0436893203883495,5.777042701263,6.02665109343179,2.61613370175157e-05,0.000787469119891208,0.000646487013666762,"Rsad2/H2-D1/H2-Q6/Clec7a/Irf7/H2-K1/Cd44/H2-Q4/Il4i1",9
"GO:0030282","bone mineralization","7/113","115/14942",0.0608695652173913,8.04878799538284,6.62384020707053,2.62489706630403e-05,0.000787469119891208,0.000646487013666762,"Gpnmb/Lox/Spp1/Enpp1/Fam20c/Ank/Igf1",7
"GO:0032728","positive regulation of interferon-beta production","5/113","47/14942",0.106382978723404,14.0670306910186,7.83210873706372,2.69480885359063e-05,0.000798818338742936,0.000655804360109399,"Oas1a/Oas2/Irf7/Oas3/Oas1g",5
"GO:0071605","monocyte chemotactic protein-1 production","4/113","24/14942",0.166666666666667,22.0383480825959,9.00399152965928,2.93198628873971e-05,0.000848912309181614,0.000696929910983172,"Oas1a/Clec7a/Oas3/Oas1g",4
"GO:0071637","regulation of monocyte chemotactic protein-1 production","4/113","24/14942",0.166666666666667,22.0383480825959,9.00399152965928,2.93198628873971e-05,0.000848912309181614,0.000696929910983172,"Oas1a/Clec7a/Oas3/Oas1g",4
"GO:0050878","regulation of body fluid levels","10/113","269/14942",0.0371747211895911,4.91561667269796,5.65704941436597,3.68413385893431e-05,0.00105442451824672,0.00086564887526321,"Fgl2/Ptger4/Oas2/Apoe/Axl/Enpp1/Anxa5/Rap2b/Xdh/Gla",10
"GO:0002475","antigen processing and presentation via MHC class Ib","4/113","26/14942",0.153846153846154,20.3430905377808,8.61706707029515,4.07725844106334e-05,0.00115367880889179,0.000947133479969499,"H2-D1/H2-Q6/H2-K1/H2-Q4",4
"GO:0002456","T cell mediated immunity","7/113","126/14942",0.0555555555555556,7.34611602753196,6.24454670322277,4.72503006456025e-05,0.00132194661356798,0.0010852759769812,"Rsad2/H2-D1/H2-Q6/H2-K1/Slfn2/H2-Q4/Il4i1",7
"GO:0072332","intrinsic apoptotic signaling pathway by p53 class mediator","6/113","88/14942",0.0681818181818182,9.01568785197104,6.5831468775508,5.35932102203426e-05,0.00148274548276281,0.00121728671634977,"Ifi213/Ifi204/Ifi209/Rps7/Cd44/Ifi207",6
"GO:0062207","regulation of pattern recognition receptor signaling pathway","8/113","176/14942",0.0454545454545455,6.01045856798069,5.83680923084262,5.65048646977109e-05,0.00151298733780029,0.00124211431410195,"Ifi213/Dhx58/Eif2ak2/Rsad2/Ifi209/Irf7/Ifi207/Cd300lf",8
"GO:0019915","lipid storage","6/113","89/14942",0.0674157303370786,8.91438798846574,6.53699829619422,5.71167910655531e-05,0.00151298733780029,0.00124211431410195,"Lpl/Apoe/Enpp1/Plin2/Ikbke/Gla",6
"GO:0032651","regulation of interleukin-1 beta production","6/113","89/14942",0.0674157303370786,8.91438798846574,6.53699829619422,5.71167910655531e-05,0.00151298733780029,0.00124211431410195,"Lpl/Ifi213/Ifi209/Clec7a/Ifi207/Igf1",6
"GO:0170062","nutrient storage","6/113","89/14942",0.0674157303370786,8.91438798846574,6.53699829619422,5.71167910655531e-05,0.00151298733780029,0.00124211431410195,"Lpl/Apoe/Enpp1/Plin2/Ikbke/Gla",6
"GO:0002821","positive regulation of adaptive immune response","7/113","131/14942",0.0534351145038168,7.06572991961089,6.08694879062831,6.05509356743985e-05,0.00157760212087433,0.00129516098868652,"Rsad2/H2-D1/H2-Q6/Clec7a/H2-K1/Cd44/H2-Q4",7
"GO:0032642","regulation of chemokine production","6/113","90/14942",0.0666666666666667,8.81533923303835,6.49156993565851,6.08232142987695e-05,0.00157760212087433,0.00129516098868652,"Lpl/Oas1a/Eif2ak2/Clec7a/Oas3/Oas1g",6
"GO:0055062","phosphate ion homeostasis","3/113","11/14942",0.272727272727273,36.0627514078842,10.154791468538,6.64883717600542e-05,0.00168934740492383,0.00138690030030102,"Spp1/Enpp1/Ank",3
"GO:0140971","regulation of AIM2 inflammasome complex assembly","3/113","11/14942",0.272727272727273,36.0627514078842,10.154791468538,6.64883717600542e-05,0.00168934740492383,0.00138690030030102,"Ifi213/Ifi209/Ifi207",3
"GO:0002709","regulation of T cell mediated immunity","6/113","92/14942",0.0652173913043478,8.62370142362447,6.40279634018845,6.88123820004875e-05,0.00173073566849711,0.00142087874369959,"Rsad2/H2-D1/H2-Q6/H2-K1/H2-Q4/Il4i1",6
"GO:0032611","interleukin-1 beta production","6/113","93/14942",0.0645161290322581,8.53097345132743,6.35941415606993,7.31094178939108e-05,0.00182042450555838,0.00149451041631552,"Lpl/Ifi213/Ifi209/Clec7a/Ifi207/Igf1",6
"GO:0001906","cell killing","8/113","184/14942",0.0434782608695652,5.74913428241631,5.65825779008171,7.72570396234618e-05,0.00190465374913287,0.00156365993693343,"Fgl2/Tap1/H2-D1/H2-Q6/Clec7a/H2-K1/Lgals3/H2-Q4",8
"GO:0001780","neutrophil homeostasis","4/113","31/14942",0.129032258064516,17.0619469026549,7.81445635166792,8.33490962753657e-05,0.00203469852672216,0.00167042254867658,"Csf1/Hcar2/Axl/Cd44",4
"GO:0032731","positive regulation of interleukin-1 beta production","5/113","61/14942",0.0819672131147541,10.8385318438996,6.72128447069542,9.60831950846143e-05,0.0023227879200067,0.00190693474557303,"Lpl/Ifi213/Ifi209/Clec7a/Ifi207",5
"GO:0072331","signal transduction by p53 class mediator","7/113","142/14942",0.0492957746478873,6.51838464414807,5.767643452115,0.000100748391968407,0.00241214900001282,0.00198029734010776,"Ifi213/Ifi204/Ifi209/Rps7/Cd44/Sp100/Ifi207",7
"GO:0002711","positive regulation of T cell mediated immunity","5/113","62/14942",0.0806451612903226,10.6637168141593,6.65597521441195,0.000103886171238914,0.00244034496589523,0.00200344532816256,"Rsad2/H2-D1/H2-Q6/H2-K1/H2-Q4",5
"GO:0048002","antigen processing and presentation of peptide antigen","5/113","62/14942",0.0806451612903226,10.6637168141593,6.65597521441195,0.000103886171238914,0.00244034496589523,0.00200344532816256,"Tap1/H2-D1/H2-Q6/H2-K1/H2-Q4",5
"GO:0032602","chemokine production","6/113","100/14942",0.06,7.93380530973451,6.0729338644756,0.00010954224166168,0.00254916057698675,0.00209277947178536,"Lpl/Oas1a/Eif2ak2/Clec7a/Oas3/Oas1g",6
"GO:0140970","AIM2 inflammasome complex assembly","3/113","13/14942",0.230769230769231,30.5146358066712,9.29323389638906,0.000113980568228344,0.00262788532304238,0.00215740997562811,"Ifi213/Ifi209/Ifi207",3
"GO:0031214","biomineral tissue development","7/113","146/14942",0.0479452054794521,6.33979876348648,5.65981556329476,0.000119882313387267,0.00273859596636969,0.00224829988023248,"Gpnmb/Lox/Spp1/Enpp1/Fam20c/Ank/Igf1",7
"GO:0001916","positive regulation of T cell mediated cytotoxicity","4/113","35/14942",0.114285714285714,15.11201011378,7.29627001226518,0.000135506086249833,0.00306736504329167,0.00251820879901603,"H2-D1/H2-Q6/H2-K1/H2-Q4",4
"GO:0032608","interferon-beta production","5/113","66/14942",0.0757575757575758,10.0174309466345,6.40891970100684,0.000140072149916224,0.00311410404724463,0.00255658002948597,"Oas1a/Oas2/Irf7/Oas3/Oas1g",5
"GO:0032648","regulation of interferon-beta production","5/113","66/14942",0.0757575757575758,10.0174309466345,6.40891970100684,0.000140072149916224,0.00311410404724463,0.00255658002948597,"Oas1a/Oas2/Irf7/Oas3/Oas1g",5
"GO:0031341","regulation of cell killing","6/113","105/14942",0.0571428571428571,7.55600505689001,5.8848311053029,0.00014343731132981,0.00316069827620554,0.00259483240430824,"Tap1/H2-D1/H2-Q6/Clec7a/H2-K1/H2-Q4",6
"GO:0030224","monocyte differentiation","4/113","36/14942",0.111111111111111,14.6922320550639,7.17989453366992,0.000151559826634091,0.00331038568700778,0.0027177209909825,"Ifi213/Csf1/Ifi209/Ifi207",4
"GO:0032732","positive regulation of interleukin-1 production","5/113","68/14942",0.0735294117647059,9.72280062467465,6.29317249422571,0.000161433630700812,0.00349538904734801,0.00286960284504326,"Lpl/Ifi213/Ifi209/Clec7a/Ifi207",5
"GO:0019882","antigen processing and presentation","6/113","108/14942",0.0555555555555556,7.34611602753196,5.77781817340356,0.000167453034478708,0.00359446599872399,0.00295094185986979,"Fgl2/Tap1/H2-D1/H2-Q6/H2-K1/H2-Q4",6
"GO:0042060","wound healing","10/113","330/14942",0.0303030303030303,4.00697237865379,4.82175010916995,0.000200011803228896,0.00425666145333291,0.00349458319271719,"Fgl2/Ptger4/Clec7a/Apoe/Axl/Cd44/Anxa5/Rap2b/Gla/Igf1",10
"GO:0031343","positive regulation of cell killing","5/113","72/14942",0.0694444444444444,9.18264503441495,6.07543806299974,0.000211546378369394,0.00446398713677789,0.00366479096158219,"H2-D1/H2-Q6/Clec7a/H2-K1/H2-Q4",5
"GO:0002698","negative regulation of immune effector process","6/113","115/14942",0.0521739130434783,6.89896113889958,5.54333255552359,0.00023592146009059,0.00489537029687975,0.00401894276750812,"Fgl2/Tap1/Cd22/Axl/Lgals3/Il4i1",6
"GO:0030278","regulation of ossification","6/113","115/14942",0.0521739130434783,6.89896113889958,5.54333255552359,0.00023592146009059,0.00489537029687975,0.00401894276750812,"Rsad2/Csf1/Ptger4/Enpp1/Fam20c/Ank",6
"GO:0042742","defense response to bacterium","8/113","218/14942",0.036697247706422,4.85248031176423,5.00182960063862,0.000248633477269033,0.00511650709421399,0.00420048902006492,"Oas1a/Oas2/Gbp6/H2-K1/Oas3/Oas1g/Znfx1/Myo1f",8
"GO:0030730","triglyceride storage","3/113","17/14942",0.176470588235294,23.3347214992192,8.04305343982091,0.000265087396823336,0.00541039031221399,0.00444175776213045,"Lpl/Enpp1/Plin2",3
"GO:0043392","negative regulation of DNA binding","4/113","42/14942",0.0952380952380952,12.5933417614834,6.56769946872063,0.00027811593570601,0.00563015186917044,0.00462217498623082,"Ifi213/Ifi209/Sp100/Ifi207",4
"GO:1903131","mononuclear cell differentiation","12/113","483/14942",0.0248447204968944,3.28521958995218,4.45661889156742,0.000290758429902564,0.00583861685852729,0.00479331808888607,"Ifi213/Rsad2/Fgl2/Csf1/Ptger4/Ifi209/Tpd52/Axl/Enpp1/Cd44/Ifi207/Il4i1",12
"GO:0001914","regulation of T cell mediated cytotoxicity","4/113","43/14942",0.0930232558139535,12.3004733484256,6.47776852692974,0.000304863969461257,0.00607289027166825,0.00498564908373694,"H2-D1/H2-Q6/H2-K1/H2-Q4",4
"GO:0002824","positive regulation of adaptive immune response based on somatic recombination of immune receptors built from immunoglobulin superfamily domains","6/113","123/14942",0.0487804878048781,6.45024821929635,5.29825077616077,0.000339319067619058,0.00670559109818615,0.00550507626830586,"Rsad2/H2-D1/H2-Q6/Clec7a/H2-K1/H2-Q4",6
"GO:0039531","regulation of cytoplasmic pattern recognition receptor signaling pathway","6/113","126/14942",0.0476190476190476,6.29667088074168,5.21189788256278,0.000386146904309991,0.00757091174592029,0.00621547690153338,"Ifi213/Dhx58/Eif2ak2/Rsad2/Ifi209/Ifi207",6
"GO:0034341","response to type II interferon","6/113","127/14942",0.047244094488189,6.24709079506655,5.18373430975875,0.000402830331685687,0.00778298479343479,0.00638958210477716,"Stat1/Gbp6/Ifitm3/Nlrc5/Sp100/Vim",6
"GO:0030099","myeloid cell differentiation","11/113","429/14942",0.0256410256410256,3.39051508963013,4.38545500943017,0.000403214874840598,0.00778298479343479,0.00638958210477716,"Stat1/Ifi213/Csf1/Ifi209/Lox/Adar/Enpp1/Fam20c/Ifi207/Cd300lf/Csf3r",11
"GO:0002706","regulation of lymphocyte mediated immunity","7/113","179/14942",0.0391061452513966,5.171009047313,4.90064743636802,0.000418325712806719,0.00801254634529793,0.00657804481190809,"Rsad2/Tap1/H2-D1/H2-Q6/H2-K1/H2-Q4/Il4i1",7
"GO:0002703","regulation of leukocyte mediated immunity","8/113","239/14942",0.0334728033472803,4.42611174880586,4.660908938073,0.000460581666900204,0.0087545675616909,0.00718722054737,"Rsad2/Tap1/H2-D1/H2-Q6/Clec7a/H2-K1/H2-Q4/Il4i1",8
"GO:0031667","response to nutrient levels","11/113","445/14942",0.0247191011235955,3.26860892910411,4.24105295450817,0.000547940745095178,0.0103361549642954,0.00848565332515818,"Lpl/Ifi213/Eif2ak2/Ifi209/Apoe/Zeb2/Spp1/Enpp1/Plin2/Ifi207/Cybb",11
"GO:0097530","granulocyte migration","6/113","135/14942",0.0444444444444444,5.87689282202557,4.96877898486691,0.000557505547747644,0.0104375098788845,0.00856886247507658,"Csf1/Ptger4/Spp1/Lgals3/Myo1f/Csf3r",6
"GO:0001910","regulation of leukocyte mediated cytotoxicity","5/113","89/14942",0.0561797752808989,7.42865665705479,5.30983794011992,0.000566852941833741,0.0105333121281046,0.00864751306395228,"Tap1/H2-D1/H2-Q6/H2-K1/H2-Q4",5
"GO:0002822","regulation of adaptive immune response based on somatic recombination of immune receptors built from immunoglobulin superfamily domains","7/113","190/14942",0.0368421052631579,4.87163483931067,4.68833741518706,0.000597524170479304,0.0110210013666183,0.0090478903631252,"Rsad2/H2-D1/H2-Q6/Clec7a/H2-K1/H2-Q4/Il4i1",7
"GO:0051101","regulation of DNA binding","5/113","92/14942",0.0543478260869565,7.18641785302039,5.19568794568083,0.000659654817346229,0.011880003698723,0.00975310386088356,"Ifi213/Ifi209/Sp100/Ifi207/Igf1",5
"GO:1905954","positive regulation of lipid localization","5/113","92/14942",0.0543478260869565,7.18641785302039,5.19568794568083,0.000659654817346229,0.011880003698723,0.00975310386088356,"Lpl/Apoe/Spp1/Plin2/Ikbke",5
"GO:0010884","positive regulation of lipid storage","3/113","23/14942",0.130434782608696,17.2474028472489,6.80692760670952,0.000667952015189245,0.011880003698723,0.00975310386088356,"Lpl/Plin2/Ikbke",3
"GO:0034505","tooth mineralization","3/113","23/14942",0.130434782608696,17.2474028472489,6.80692760670952,0.000667952015189245,0.011880003698723,0.00975310386088356,"Enpp1/Fam20c/Ank",3
"GO:0046716","muscle cell cellular homeostasis","3/113","23/14942",0.130434782608696,17.2474028472489,6.80692760670952,0.000667952015189245,0.011880003698723,0.00975310386088356,"Lox/Enpp1/Ank",3
"GO:0001913","T cell mediated cytotoxicity","4/113","54/14942",0.0740740740740741,9.79482137004261,5.65169666912886,0.00073292956941408,0.0128520748439511,0.0105511432453828,"H2-D1/H2-Q6/H2-K1/H2-Q4",4
"GO:0141085","regulation of inflammasome-mediated signaling pathway","4/113","54/14942",0.0740740740740741,9.79482137004261,5.65169666912886,0.00073292956941408,0.0128520748439511,0.0105511432453828,"Ifi213/Eif2ak2/Ifi209/Ifi207",4
"GO:0010742","macrophage derived foam cell differentiation","3/113","24/14942",0.125,16.5287610619469,6.64599865535739,0.000759185179803795,0.0132193783056745,0.0108526876641809,"Lpl/Stat1/Csf1",3
"GO:0051051","negative regulation of transport","10/113","393/14942",0.0254452926208651,3.3646332950528,4.14683376081189,0.000789903787761247,0.0136587529967049,0.0112134002619323,"Rsad2/Fabp5/Ptger4/Apoe/Enpp1/Anxa5/Sp100/Lgals3/Cd300lf/Oaz1",10
"GO:0002705","positive regulation of leukocyte mediated immunity","6/113","146/14942",0.0410958904109589,5.43411322584556,4.69985184023412,0.000841395923937349,0.0144487989696828,0.0118620027897374,"Rsad2/H2-D1/H2-Q6/Clec7a/H2-K1/H2-Q4",6
"GO:0030431","sleep","3/113","25/14942",0.12,15.867610619469,6.49446768157438,0.000857978391295384,0.0145331033627585,0.0119312140056974,"Atp1a3/Ptger4/Gla",3
"GO:0141086","negative regulation of inflammasome-mediated signaling pathway","3/113","25/14942",0.12,15.867610619469,6.49446768157438,0.000857978391295384,0.0145331033627585,0.0119312140056974,"Ifi213/Ifi209/Ifi207",3
"GO:0042149","cellular response to glucose starvation","4/113","57/14942",0.0701754385964912,9.27930445582984,5.46675969248989,0.000899679886408882,0.0151365061970143,0.0124265884737272,"Ifi213/Ifi209/Plin2/Ifi207",4
"GO:0097529","myeloid leukocyte migration","7/113","204/14942",0.0343137254901961,4.5373069581815,4.44060023960793,0.0009085873695243,0.0151837755041309,0.0124653950661688,"Csf1/Ptger4/Spp1/Enpp1/Lgals3/Myo1f/Csf3r",7
"GO:0001818","negative regulation of cytokine production","8/113","267/14942",0.0299625468164794,3.96195021709589,4.26302080935229,0.00095063659571044,0.0156760604193311,0.0128695452692205,"Gpnmb/Dhx58/Oas1a/Ptger4/Axl/Oas3/Oas1g/Igf1",8
"GO:0002366","leukocyte activation involved in immune response","8/113","267/14942",0.0299625468164794,3.96195021709589,4.26302080935229,0.00095063659571044,0.0156760604193311,0.0128695452692205,"Fgl2/Ptger4/Clec7a/Enpp1/Milr1/Slfn2/Lgals3/Myo1f",8
"GO:0032682","negative regulation of chemokine production","3/113","26/14942",0.115384615384615,15.2573179033356,6.35142891853816,0.000964570453062962,0.0156979112949462,0.012887484140683,"Oas1a/Oas3/Oas1g",3
"GO:0090077","foam cell differentiation","3/113","26/14942",0.115384615384615,15.2573179033356,6.35142891853816,0.000964570453062962,0.0156979112949462,0.012887484140683,"Lpl/Stat1/Csf1",3
"GO:0032720","negative regulation of tumor necrosis factor production","4/113","59/14942",0.0677966101694915,8.96475176241188,5.3508913370602,0.00102466196919398,0.0164606987309226,0.0135137082796245,"Gpnmb/Ptger4/Axl/Igf1",4
"GO:0141084","inflammasome-mediated signaling pathway","4/113","59/14942",0.0677966101694915,8.96475176241188,5.3508913370602,0.00102466196919398,0.0164606987309226,0.0135137082796245,"Ifi213/Eif2ak2/Ifi209/Ifi207",4
"GO:0051250","negative regulation of lymphocyte activation","6/113","152/14942",0.0394736842105263,5.21960875640429,4.56439282378242,0.00103727282823495,0.0164823346030655,0.0135314706400986,"Gpnmb/Fgl2/Axl/Cd44/Lgals3/Il4i1",6
"GO:0002263","cell activation involved in immune response","8/113","271/14942",0.029520295202952,3.90347124710185,4.21061408132286,0.00104608254904933,0.0164823346030655,0.0135314706400986,"Fgl2/Ptger4/Clec7a/Enpp1/Milr1/Slfn2/Lgals3/Myo1f",8
"GO:0042476","odontogenesis","5/113","102/14942",0.0490196078431373,6.48186708311643,4.84936371522349,0.00105248642646081,0.0164823346030655,0.0135314706400986,"Csf1/Enpp1/Fam20c/Csf3r/Ank",5
"GO:1990266","neutrophil migration","5/113","102/14942",0.0490196078431373,6.48186708311643,4.84936371522349,0.00105248642646081,0.0164823346030655,0.0135314706400986,"Ptger4/Spp1/Lgals3/Myo1f/Csf3r",5
"GO:0009611","response to wounding","11/113","484/14942",0.0227272727272727,3.00522928399035,3.91476530769771,0.00109095626887198,0.0169780069343201,0.0139384018036143,"Fgl2/Ptger4/Clec7a/Apoe/Axl/Enpp1/Cd44/Anxa5/Rap2b/Gla/Igf1",11
"GO:0005975","carbohydrate metabolic process","11/113","485/14942",0.022680412371134,2.99903293495119,3.90683302476342,0.00110926811054472,0.0171557614612196,0.0140843325967823,"Oas1a/Atp1a3/Fabp5/Ptger4/Chst1/Slc2a6/Enpp1/Oas1g/Chst2/Gla/Igf1",11
"GO:0007596","blood coagulation","6/113","155/14942",0.0387096774193548,5.11858407079646,4.49931987616153,0.00114748305402487,0.0176329715527358,0.0144761068507347,"Fgl2/Apoe/Axl/Anxa5/Rap2b/Gla",6
"GO:0039532","negative regulation of cytoplasmic pattern recognition receptor signaling pathway","4/113","61/14942",0.0655737704918033,8.67082547511969,5.24039571771119,0.00116136840748943,0.0176329715527358,0.0144761068507347,"Ifi213/Dhx58/Ifi209/Ifi207",4
"GO:1903556","negative regulation of tumor necrosis factor superfamily cytokine production","4/113","61/14942",0.0655737704918033,8.67082547511969,5.24039571771119,0.00116136840748943,0.0176329715527358,0.0144761068507347,"Gpnmb/Ptger4/Axl/Igf1",4
"GO:0031643","positive regulation of myelination","3/113","28/14942",0.107142857142857,14.1675094816688,6.08777661545139,0.00120207361611205,0.0181403836613273,0.0148926759967439,"Itgax/Cst7/Igf1",3
"GO:0050817","coagulation","6/113","157/14942",0.0382165605095541,5.05337917817485,4.4568653764386,0.00122580153662567,0.0183870230493851,0.0150951590623149,"Fgl2/Apoe/Axl/Anxa5/Rap2b/Gla",6
"GO:0060840","artery development","5/113","106/14942",0.0471698113207547,6.23726832526298,4.7235929676531,0.00125035849840584,0.0186430698265302,0.0153053652940696,"Ptger4/Lox/Apoe/Enpp1/Gla",5
"GO:0007599","hemostasis","6/113","158/14942",0.0379746835443038,5.02139576565476,4.43590773941075,0.0012664643865534,0.0187708114435593,0.0154102370845032,"Fgl2/Apoe/Axl/Anxa5/Rap2b/Gla",6
"GO:0001912","positive regulation of leukocyte mediated cytotoxicity","4/113","64/14942",0.0625,8.26438053097345,5.08381124764964,0.00138967028673376,0.0204750237512844,0.0168093409955588,"H2-D1/H2-Q6/H2-K1/H2-Q4",4
"GO:0032944","regulation of mononuclear cell proliferation","7/113","220/14942",0.0318181818181818,4.20732099758648,4.18353573729299,0.00140743878623981,0.0206148386925714,0.016924124599862,"Gpnmb/Csf1/Cd22/Cd44/Lgals3/Il4i1/Igf1",7
"GO:0032943","mononuclear cell proliferation","8/113","287/14942",0.0278745644599303,3.6858561253122,4.01054971157432,0.00150745622004881,0.0219506782919388,0.0180208062747602,"Gpnmb/Csf1/Cd22/Cd44/Slfn2/Lgals3/Il4i1/Igf1",8
"GO:0045669","positive regulation of osteoblast differentiation","4/113","67/14942",0.0597014925373134,7.89433364152688,4.93712738541405,0.00164758357373444,0.0238516459220858,0.0195814400256566,"Ifi204/Ptger4/Fam20c/Igf1",4
"GO:0051098","regulation of binding","8/113","293/14942",0.0273037542662116,3.6103778428826,3.93918445269612,0.0017172521339326,0.0247165191531339,0.0202914733440651,"Ifi213/Ifi209/Lox/Sp100/Ifit2/Aplp2/Ifi207/Igf1",8
"GO:0045428","regulation of nitric oxide biosynthetic process","4/113","68/14942",0.0588235294117647,7.77824049973972,4.89024551948873,0.00174046794517404,0.024906696456801,0.0204476028404597,"Clec7a/Apoe/Gla/Igf1",4
"GO:1901136","carbohydrate derivative catabolic process","7/113","230/14942",0.0304347826086957,4.02439399769142,4.03496293249713,0.0018141622751488,0.0258129375149743,0.0211915978245953,"Slc2a6/Enpp1/Cd44/Samhd1/Xdh/Gla/Igf1",7
"GO:0048771","tissue remodeling","6/113","170/14942",0.0352941176470588,4.66694429984383,4.19741824930614,0.00183930713745132,0.026022015751442,0.0213632443835554,"Gpnmb/Ptger4/Axl/Spp1/Enpp1/Igf1",6
"GO:0080164","regulation of nitric oxide metabolic process","4/113","71/14942",0.0563380281690141,7.44958245045494,4.7551454829805,0.00204085236461467,0.0287102959767826,0.0235702366463377,"Clec7a/Apoe/Gla/Igf1",4
"GO:0070663","regulation of leukocyte proliferation","7/113","238/14942",0.0294117647058824,3.88912024986986,3.92201700006331,0.00220095201465039,0.0307885984071881,0.0252764566082263,"Gpnmb/Csf1/Cd22/Cd44/Lgals3/Il4i1/Igf1",7
"GO:0050868","negative regulation of T cell activation","5/113","121/14942",0.0413223140495868,5.46405324361881,4.30384299120701,0.00224303102282532,0.0312019399264528,0.0256157968028626,"Gpnmb/Fgl2/Cd44/Lgals3/Il4i1",5
"GO:0002440","production of molecular mediator of immune response","7/113","240/14942",0.0291666666666667,3.85671091445428,3.89454590960682,0.00230693825885106,0.0314458398268804,0.0258160308365258,"Rsad2/Fgl2/Cd22/Clec7a/Axl/Enpp1/Samhd1",7
"GO:0031952","regulation of protein autophosphorylation","3/113","35/14942",0.0857142857142857,11.334007585335,5.34294611777346,0.00231107979450567,0.0314458398268804,0.0258160308365258,"Gpnmb/Enpp1/Rap2b",3
"GO:0032885","regulation of polysaccharide biosynthetic process","3/113","35/14942",0.0857142857142857,11.334007585335,5.34294611777346,0.00231107979450567,0.0314458398268804,0.0258160308365258,"Ptger4/Enpp1/Igf1",3
"GO:1902003","regulation of amyloid-beta formation","3/113","35/14942",0.0857142857142857,11.334007585335,5.34294611777346,0.00231107979450567,0.0314458398268804,0.0258160308365258,"Apoe/Gsap/Igf1",3
"GO:0002699","positive regulation of immune effector process","7/113","241/14942",0.029045643153527,3.84070796460177,3.88092092053452,0.00236138904841612,0.0317981367560131,0.0261052553710325,"Dhx58/Rsad2/H2-D1/H2-Q6/Clec7a/H2-K1/H2-Q4",7
"GO:0002708","positive regulation of lymphocyte mediated immunity","5/113","123/14942",0.040650406504065,5.37520684941363,4.25319034162492,0.00240914858804526,0.0317981367560131,0.0261052553710325,"Rsad2/H2-D1/H2-Q6/H2-K1/H2-Q4",5
"GO:0009143","nucleoside triphosphate catabolic process","2/113","10/14942",0.2,26.446017699115,7.02641757957834,0.00245190452094559,0.0317981367560131,0.0261052553710325,"Enpp1/Samhd1",2
"GO:0033004","negative regulation of mast cell activation","2/113","10/14942",0.2,26.446017699115,7.02641757957834,0.00245190452094559,0.0317981367560131,0.0261052553710325,"Milr1/Cd300lf",2
"GO:0033029","regulation of neutrophil apoptotic process","2/113","10/14942",0.2,26.446017699115,7.02641757957834,0.00245190452094559,0.0317981367560131,0.0261052553710325,"Hcar2/Cd44",2
"GO:0033034","positive regulation of myeloid cell apoptotic process","2/113","10/14942",0.2,26.446017699115,7.02641757957834,0.00245190452094559,0.0317981367560131,0.0261052553710325,"Hcar2/Cd44",2
"GO:0060442","branching involved in prostate gland morphogenesis","2/113","10/14942",0.2,26.446017699115,7.02641757957834,0.00245190452094559,0.0317981367560131,0.0261052553710325,"Cd44/Igf1",2
"GO:0140928","inhibition of non-skeletal tissue mineralization","2/113","10/14942",0.2,26.446017699115,7.02641757957834,0.00245190452094559,0.0317981367560131,0.0261052553710325,"Enpp1/Ank",2
"GO:1904383","response to sodium phosphate","2/113","10/14942",0.2,26.446017699115,7.02641757957834,0.00245190452094559,0.0317981367560131,0.0261052553710325,"Enpp1/Ank",2
"GO:0002573","myeloid leukocyte differentiation","7/113","244/14942",0.0286885245901639,3.79348614536486,3.84047936023762,0.00253071477257351,0.0326501543197308,0.026804734596879,"Ifi213/Csf1/Ifi209/Enpp1/Fam20c/Ifi207/Cd300lf",7
"GO:0051100","negative regulation of binding","5/113","126/14942",0.0396825396825397,5.2472257339514,4.17924906190278,0.00267486597836852,0.0343320427120495,0.0281855112859016,"Ifi213/Ifi209/Sp100/Ifit2/Ifi207",5
"GO:0042832","defense response to protozoan","3/113","37/14942",0.0810810810810811,10.7213585266683,5.16814814493124,0.00271373404380911,0.0346522962517163,0.0284484292203903,"Gbp6/Enpp1/Tgtp2",3
"GO:0070661","leukocyte proliferation","8/113","316/14942",0.0253164556962025,3.34759717710317,3.68194636138983,0.00274466167230153,0.0348684059389327,0.0286258483759912,"Gpnmb/Csf1/Cd22/Cd44/Slfn2/Lgals3/Il4i1/Igf1",8
"GO:0001909","leukocyte mediated cytotoxicity","5/113","127/14942",0.0393700787401575,5.20590899588879,4.15512435695048,0.0027679821933965,0.0349861708708492,0.0287225296263746,"Tap1/H2-D1/H2-Q6/H2-K1/H2-Q4",5
"GO:0001776","leukocyte homeostasis","5/113","129/14942",0.0387596899224806,5.12519722851067,4.1076287325896,0.00296122975040019,0.0369411568476144,0.0303275107157334,"Csf1/Hcar2/Axl/Enpp1/Cd44",5
"GO:0009155","purine deoxyribonucleotide catabolic process","2/113","11/14942",0.181818181818182,24.0418342719228,6.67332176422913,0.00298199699854237,0.0369411568476144,0.0303275107157334,"Samhd1/Xdh",2
"GO:0010744","positive regulation of macrophage derived foam cell differentiation","2/113","11/14942",0.181818181818182,24.0418342719228,6.67332176422913,0.00298199699854237,0.0369411568476144,0.0303275107157334,"Lpl/Csf1",2
"GO:0034375","high-density lipoprotein particle remodeling","2/113","11/14942",0.181818181818182,24.0418342719228,6.67332176422913,0.00298199699854237,0.0369411568476144,0.0303275107157334,"Lpl/Apoe",2
"GO:0050727","regulation of inflammatory response","8/113","322/14942",0.0248447204968944,3.28521958995218,3.61872274345927,0.00307903050104209,0.0379543858791822,0.0311593394112753,"Lpl/Ptger4/Cst7/Usp18/Apoe/Cd44/Zbp1/Igf1",8
"GO:0006809","nitric oxide biosynthetic process","4/113","80/14942",0.05,6.61150442477876,4.39297565745466,0.00315388420125926,0.0383472860680735,0.0314818979261039,"Clec7a/Apoe/Gla/Igf1",4
"GO:0001562","response to protozoan","3/113","39/14942",0.0769230769230769,10.1715452688904,5.00623334739811,0.00315710588110645,0.0383472860680735,0.0314818979261039,"Gbp6/Enpp1/Tgtp2",3
"GO:0009394","2'-deoxyribonucleotide metabolic process","3/113","39/14942",0.0769230769230769,10.1715452688904,5.00623334739811,0.00315710588110645,0.0383472860680735,0.0314818979261039,"Cmpk2/Samhd1/Xdh",3
"GO:1903038","negative regulation of leukocyte cell-cell adhesion","5/113","132/14942",0.0378787878787879,5.00871547331724,4.03819968696003,0.00326913802283768,0.0395153091109992,0.0324408075643883,"Gpnmb/Fgl2/Cd44/Lgals3/Il4i1",5
"GO:0007589","body fluid secretion","4/113","81/14942",0.0493827160493827,6.52988091336174,4.3561958123878,0.00329865440117626,0.0396794659851637,0.032575575118659,"Ptger4/Oas2/Enpp1/Xdh",4
"GO:0050728","negative regulation of inflammatory response","5/113","133/14942",0.037593984962406,4.97105595848027,4.0155226779025,0.003376717056545,0.040248600588631,0.0330428164629555,"Ptger4/Cst7/Apoe/Cd44/Igf1",5
"GO:0001937","negative regulation of endothelial cell proliferation","3/113","40/14942",0.075,9.91725663716814,4.92960480062034,0.00339446029060743,0.040248600588631,0.0330428164629555,"Stat1/Apoe/Xdh",3
"GO:0019692","deoxyribose phosphate metabolic process","3/113","40/14942",0.075,9.91725663716814,4.92960480062034,0.00339446029060743,0.040248600588631,0.0330428164629555,"Cmpk2/Samhd1/Xdh",3
"GO:0034655","nucleobase-containing compound catabolic process","10/113","480/14942",0.0208333333333333,2.75479351032448,3.41118742255079,0.00345261271366165,0.0406674350544606,0.0333866661914024,"Oas2/Slc2a6/Enpp1/Slfn2/Dna2/Samhd1/Ikbke/Xdh/Vim/Igf1",10
"GO:0050730","regulation of peptidyl-tyrosine phosphorylation","6/113","193/14942",0.0310880829015544,4.11077995323032,3.79699285836659,0.0034624482857613,0.0406674350544606,0.0333866661914024,"Ptger4/Clec7a/Cd44/Rap2b/Aplp2/Igf1",6
"GO:0002262","myeloid cell homeostasis","6/113","194/14942",0.0309278350515464,4.08959036584253,3.78101434201548,0.00355137538741531,0.0411930965144058,0.0338182174724058,"Stat1/Csf1/Hcar2/Axl/Adar/Cd44",6
"GO:0006706","steroid catabolic process","2/113","12/14942",0.166666666666667,22.0383480825959,6.36422430025995,0.00356076383062212,0.0411930965144058,0.0338182174724058,"Apoe/Spp1",2
"GO:0035630","bone mineralization involved in bone maturation","2/113","12/14942",0.166666666666667,22.0383480825959,6.36422430025995,0.00356076383062212,0.0411930965144058,0.0338182174724058,"Enpp1/Igf1",2
"GO:0050900","leukocyte migration","8/113","330/14942",0.0242424242424242,3.20557790292304,3.53669543814137,0.00357337704703279,0.0411930965144058,0.0338182174724058,"Csf1/Ptger4/Spp1/Enpp1/Lgals3/Myo1f/Chst2/Csf3r",8
"GO:0009262","deoxyribonucleotide metabolic process","3/113","41/14942",0.0731707317073171,9.67537232894453,4.85562865731158,0.00364246277881731,0.0417960014712217,0.0343131831989484,"Cmpk2/Samhd1/Xdh",3
"GO:0046209","nitric oxide metabolic process","4/113","84/14942",0.0476190476190476,6.29667088074168,4.24947791069954,0.00376001908576925,0.0429470069888323,0.0352581219920999,"Clec7a/Apoe/Gla/Igf1",4
"GO:0043467","regulation of generation of precursor metabolites and energy","5/113","137/14942",0.0364963503649635,4.82591563852464,3.92703334860414,0.00383263429159796,0.0435765268770727,0.0357749377278694,"Oas1a/Slc2a6/Enpp1/Oas1g/Igf1",5
"GO:1902991","regulation of amyloid precursor protein catabolic process","3/113","42/14942",0.0714285714285714,9.44500632111252,4.78414806270806,0.00390125868982587,0.044155155171211,0.0362499730891954,"Apoe/Gsap/Igf1",3
"GO:2001057","reactive nitrogen species metabolic process","4/113","86/14942",0.0465116279069767,6.1502366742128,4.18117735261564,0.00409078956780038,0.0460907964878867,0.0378390728300469,"Clec7a/Apoe/Gla/Igf1",4
"GO:0001781","neutrophil apoptotic process","2/113","13/14942",0.153846153846154,20.3430905377808,6.09053304347384,0.0041874516965119,0.0461360828509497,0.0378762514887103,"Hcar2/Cd44",2
"GO:0002291","T cell activation via T cell receptor contact with antigen bound to MHC molecule on antigen presenting cell","2/113","13/14942",0.153846153846154,20.3430905377808,6.09053304347384,0.0041874516965119,0.0461360828509497,0.0378762514887103,"Fgl2/Lgals3",2
"GO:0002755","MyD88-dependent toll-like receptor signaling pathway","2/113","13/14942",0.153846153846154,20.3430905377808,6.09053304347384,0.0041874516965119,0.0461360828509497,0.0378762514887103,"Irf7/Cd300lf",2
"GO:0002756","MyD88-independent toll-like receptor signaling pathway","2/113","13/14942",0.153846153846154,20.3430905377808,6.09053304347384,0.0041874516965119,0.0461360828509497,0.0378762514887103,"Irf7/Cd300lf",2
"GO:0150079","negative regulation of neuroinflammatory response","2/113","13/14942",0.153846153846154,20.3430905377808,6.09053304347384,0.0041874516965119,0.0461360828509497,0.0378762514887103,"Cst7/Igf1",2
"GO:0030168","platelet activation","4/113","87/14942",0.0459770114942529,6.07954429864714,4.14783213956815,0.00426332493544691,0.0467651061201005,0.038392659516058,"Apoe/Axl/Rap2b/Gla",4
"GO:0043254","regulation of protein-containing complex assembly","9/113","417/14942",0.0215827338129496,2.85388680206277,3.35170889289045,0.00436487005710059,0.0476689756235985,0.0391347075294984,"Ifi213/Eif2ak2/Ptger4/Ifi209/Clec7a/Apoe/Ikbke/Lgals3/Ifi207",9
"GO:0006195","purine nucleotide catabolic process","5/113","143/14942",0.034965034965035,4.62342966767746,3.80053548268377,0.00459695760627158,0.0497670627809402,0.0408571701207296,"Slc2a6/Enpp1/Samhd1/Xdh/Igf1",5
"GO:0007584","response to nutrient","5/113","143/14942",0.034965034965035,4.62342966767746,3.80053548268377,0.00459695760627158,0.0497670627809402,0.0408571701207296,"Lpl/Eif2ak2/Spp1/Enpp1/Cybb",5
"GO:0001935","endothelial cell proliferation","5/113","144/14942",0.0347222222222222,4.59132251720747,3.78013460843772,0.00473415365815801,0.0504787356134128,0.0414414308016266,"Stat1/Apoe/Zeb2/Xdh/Igf1",5
"GO:0031646","positive regulation of nervous system process","3/113","45/14942",0.0666666666666667,8.81533923303835,4.5832949224787,0.00474378479258578,0.0504787356134128,0.0414414308016266,"Itgax/Cst7/Igf1",3
"GO:0032881","regulation of polysaccharide metabolic process","3/113","45/14942",0.0666666666666667,8.81533923303835,4.5832949224787,0.00474378479258578,0.0504787356134128,0.0414414308016266,"Ptger4/Enpp1/Igf1",3
"GO:0034205","amyloid-beta formation","3/113","45/14942",0.0666666666666667,8.81533923303835,4.5832949224787,0.00474378479258578,0.0504787356134128,0.0414414308016266,"Apoe/Gsap/Igf1",3
"GO:0002566","somatic diversification of immune receptors via somatic mutation","2/113","14/14942",0.142857142857143,18.890012642225,5.84584066683351,0.00486131571038764,0.0512910005036662,0.0421082743513506,"Adar/Samhd1",2
"GO:0010889","regulation of triglyceride storage","2/113","14/14942",0.142857142857143,18.890012642225,5.84584066683351,0.00486131571038764,0.0512910005036662,0.0421082743513506,"Lpl/Plin2",2
"GO:0042098","T cell proliferation","6/113","208/14942",0.0288461538461538,3.8143294758339,3.56795522781136,0.00498277234982091,0.0523506462069791,0.0429782096529078,"Gpnmb/Cd44/Slfn2/Lgals3/Il4i1/Igf1",6
"GO:1905952","regulation of lipid localization","5/113","146/14942",0.0342465753424658,4.52842768820463,3.73988811717347,0.00501724833740076,0.0524913796644029,0.043093747329643,"Lpl/Apoe/Spp1/Plin2/Ikbke",5
"GO:0010883","regulation of lipid storage","3/113","46/14942",0.0652173913043478,8.62370142362447,4.52046473109037,0.00504710760479747,0.0525828365520741,0.0431688305153785,"Lpl/Plin2/Ikbke",3
"GO:0043434","response to peptide hormone","9/113","428/14942",0.0210280373831776,2.78053924406583,3.26251860787422,0.00516352964846111,0.0535716201027841,0.0439805902513662,"Lpl/Stat1/Axl/Stat2/Enpp1/Anxa5/Ctsd/Cybb/Igf1",9
"GO:0015909","long-chain fatty acid transport","3/113","47/14942",0.0638297872340425,8.44021841461118,4.4595134907574,0.00536187610680937,0.0553986369541715,0.0454805127731985,"Fabp5/Apoe/Plin2",3
"GO:0046651","lymphocyte proliferation","7/113","281/14942",0.0249110320284698,3.29398796964066,3.38871949489067,0.00548101064580905,0.0563955227605972,0.0462989242025279,"Gpnmb/Cd22/Cd44/Slfn2/Lgals3/Il4i1/Igf1",7
"GO:0050670","regulation of lymphocyte proliferation","6/113","216/14942",0.0277777777777778,3.67305801376598,3.45434717720771,0.00597025888808879,0.0611767268779469,0.0502241401805,"Gpnmb/Cd22/Cd44/Lgals3/Il4i1/Igf1",6
"GO:0140894","endolysosomal toll-like receptor signaling pathway","3/113","49/14942",0.0612244897959184,8.09571970381073,4.34286689556346,0.00602621012222415,0.0614041994780662,0.0504108879249226,"Oas1a/Rsad2/Oas1g",3
"GO:2000106","regulation of leukocyte apoptotic process","4/113","96/14942",0.0416666666666667,5.50958702064897,3.86937465182948,0.0060417786635045,0.0614041994780662,0.0504108879249226,"Hcar2/Axl/Cd44/Lgals3",4
"GO:0006044","N-acetylglucosamine metabolic process","2/113","16/14942",0.125,16.5287610619469,5.42498076048899,0.00634763431790366,0.0634763431790366,0.0521120517665141,"Chst1/Chst2",2
"GO:0034368","protein-lipid complex remodeling","2/113","16/14942",0.125,16.5287610619469,5.42498076048899,0.00634763431790366,0.0634763431790366,0.0521120517665141,"Lpl/Apoe",2
"GO:0034369","plasma lipoprotein particle remodeling","2/113","16/14942",0.125,16.5287610619469,5.42498076048899,0.00634763431790366,0.0634763431790366,0.0521120517665141,"Lpl/Apoe",2
"GO:0036376","sodium ion export across plasma membrane","2/113","16/14942",0.125,16.5287610619469,5.42498076048899,0.00634763431790366,0.0634763431790366,0.0521120517665141,"Atp1a3/Fxyd5",2
"GO:0042445","hormone metabolic process","5/113","156/14942",0.032051282051282,4.23814386203767,3.54900171861616,0.00661518794259306,0.0658872719082269,0.0540913473032241,"Ctsb/Spp1/Enpp1/Il4i1/Igf1",5
"GO:0051249","regulation of lymphocyte activation","9/113","447/14942",0.0201342281879195,2.6623507750787,3.11487371532567,0.00680622820645182,0.0675199531237651,0.0554317264706623,"Gpnmb/Fgl2/Cd22/Clec7a/Axl/Cd44/Lgals3/Il4i1/Igf1",9
"GO:0009166","nucleotide catabolic process","5/113","158/14942",0.0316455696202532,4.18449647137896,3.51274367575612,0.00697305882164811,0.0689004621662849,0.0565650803326677,"Slc2a6/Enpp1/Samhd1/Xdh/Igf1",5
"GO:0072523","purine-containing compound catabolic process","5/113","159/14942",0.0314465408805031,4.15817888350865,3.49483857860212,0.00715698436226734,0.069902019723054,0.05738732711992,"Slc2a6/Enpp1/Samhd1/Xdh/Igf1",5
"GO:0032897","negative regulation of viral transcription","2/113","17/14942",0.117647058823529,15.5564809994794,5.24199751398933,0.0071586405740477,0.069902019723054,0.05738732711992,"Ifitm3/Sp100",2
"GO:0070254","mucus secretion","2/113","17/14942",0.117647058823529,15.5564809994794,5.24199751398933,0.0071586405740477,0.069902019723054,0.05738732711992,"Ptger4/Enpp1",2
"GO:0061041","regulation of wound healing","4/113","102/14942",0.0392156862745098,5.18549366649315,3.70256717443992,0.00746722726259419,0.0726304526713263,0.0596272834866691,"Ptger4/Clec7a/Apoe/Anxa5",4
"GO:0006883","intracellular sodium ion homeostasis","2/113","18/14942",0.111111111111111,14.6922320550639,5.07388950542345,0.00801392614161388,0.0751826651135983,0.0617225684424468,"Atp1a3/Spp1",2
"GO:0009151","purine deoxyribonucleotide metabolic process","2/113","18/14942",0.111111111111111,14.6922320550639,5.07388950542345,0.00801392614161388,0.0751826651135983,0.0617225684424468,"Samhd1/Xdh",2
"GO:0034367","protein-containing complex remodeling","2/113","18/14942",0.111111111111111,14.6922320550639,5.07388950542345,0.00801392614161388,0.0751826651135983,0.0617225684424468,"Lpl/Apoe",2
"GO:0042159","lipoprotein catabolic process","2/113","18/14942",0.111111111111111,14.6922320550639,5.07388950542345,0.00801392614161388,0.0751826651135983,0.0617225684424468,"Apoe/Ctsd",2
"GO:0072677","eosinophil migration","2/113","18/14942",0.111111111111111,14.6922320550639,5.07388950542345,0.00801392614161388,0.0751826651135983,0.0617225684424468,"Ptger4/Lgals3",2
"GO:1901857","positive regulation of cellular respiration","2/113","18/14942",0.111111111111111,14.6922320550639,5.07388950542345,0.00801392614161388,0.0751826651135983,0.0617225684424468,"Oas1a/Oas1g",2
"GO:1902004","positive regulation of amyloid-beta formation","2/113","18/14942",0.111111111111111,14.6922320550639,5.07388950542345,0.00801392614161388,0.0751826651135983,0.0617225684424468,"Apoe/Gsap",2
"GO:1902430","negative regulation of amyloid-beta formation","2/113","18/14942",0.111111111111111,14.6922320550639,5.07388950542345,0.00801392614161388,0.0751826651135983,0.0617225684424468,"Apoe/Igf1",2
"GO:0001894","tissue homeostasis","6/113","230/14942",0.0260869565217391,3.44948056944979,3.26794832589476,0.00803156181534825,0.0751826651135983,0.0617225684424468,"Csf1/Ptger4/Zeb2/Spp1/Enpp1/Ank",6
"GO:0060249","anatomical structure homeostasis","6/113","230/14942",0.0260869565217391,3.44948056944979,3.26794832589476,0.00803156181534825,0.0751826651135983,0.0617225684424468,"Csf1/Ptger4/Zeb2/Spp1/Enpp1/Ank",6
"GO:1903706","regulation of hemopoiesis","8/113","380/14942",0.0210526315789474,2.78379133674895,3.07466962446576,0.00820036030921791,0.076475270299448,0.0627837560437658,"Stat1/Fgl2/Csf1/Lox/Axl/Cd44/Il4i1/Csf3r",8
"GO:0000271","polysaccharide biosynthetic process","3/113","55/14942",0.0545454545454545,7.21255028157683,4.02921822165284,0.00830506056346401,0.0771283586267297,0.063319920715751,"Ptger4/Enpp1/Igf1",3
"GO:0042129","regulation of T cell proliferation","5/113","165/14942",0.0303030303030303,4.00697237865379,3.39040356684783,0.00833234075124108,0.0771283586267297,0.063319920715751,"Gpnmb/Cd44/Lgals3/Il4i1/Igf1",5
"GO:0002009","morphogenesis of an epithelium","9/113","462/14942",0.0194805194805195,2.57591081484887,3.0035956369532,0.00836624745584572,0.0771553932039105,0.06334211524075,"Stat1/Itgax/Csf1/Rps7/Zeb2/Enpp1/Cd44/Ctsz/Igf1",9
"GO:0002286","T cell activation involved in immune response","4/113","106/14942",0.0377358490566038,4.98981466021039,3.59849052993913,0.00853117554235456,0.0783860778614865,0.0643524680646827,"Fgl2/Ptger4/Slfn2/Lgals3",4
"GO:0071346","cellular response to type II interferon","4/113","107/14942",0.0373831775700935,4.94318087833926,3.57328729055285,0.00881184835502548,0.0804088399987894,0.0660130912186214,"Stat1/Gbp6/Nlrc5/Vim",4
"GO:0010743","regulation of macrophage derived foam cell differentiation","2/113","19/14942",0.105263157894737,13.9189566837448,4.91868822231333,0.00891278708420316,0.0804088399987894,0.0660130912186214,"Lpl/Csf1",2
"GO:0031954","positive regulation of protein autophosphorylation","2/113","19/14942",0.105263157894737,13.9189566837448,4.91868822231333,0.00891278708420316,0.0804088399987894,0.0660130912186214,"Gpnmb/Rap2b",2
"GO:0097186","amelogenesis","2/113","19/14942",0.105263157894737,13.9189566837448,4.91868822231333,0.00891278708420316,0.0804088399987894,0.0660130912186214,"Fam20c/Csf3r",2
"GO:0150104","transport across blood-brain barrier","2/113","19/14942",0.105263157894737,13.9189566837448,4.91868822231333,0.00891278708420316,0.0804088399987894,0.0660130912186214,"Fabp5/Apoe",2
"GO:0032496","response to lipopolysaccharide","7/113","309/14942",0.0226537216828479,2.99550362287711,3.09412743079148,0.00904058739985285,0.0812673740997603,0.0667179203135635,"Stat1/Eif2ak2/Ptger4/Cmpk2/Gbp6/Axl/Vim",7
"GO:0042987","amyloid precursor protein catabolic process","3/113","57/14942",0.0526315789473684,6.95947834187238,3.93499673329129,0.00916241226129665,0.0820662105418297,0.0673737395359261,"Apoe/Gsap/Igf1",3
"GO:0002429","immune response-activating cell surface receptor signaling pathway","6/113","237/14942",0.0253164556962025,3.34759717710317,3.18008229729038,0.00923514816454561,0.0821268533204234,0.0674235253216074,"Oas1a/Cd22/Clec7a/Oas1g/Lgals3/Fyb1",6
"GO:0018108","peptidyl-tyrosine phosphorylation","6/113","237/14942",0.0253164556962025,3.34759717710317,3.18008229729038,0.00923514816454561,0.0821268533204234,0.0674235253216074,"Ptger4/Clec7a/Cd44/Rap2b/Aplp2/Igf1",6
"GO:0097193","intrinsic apoptotic signaling pathway","7/113","311/14942",0.022508038585209,2.97623993398401,3.07436892861524,0.00934747481027557,0.0828299369309117,0.0680007345253986,"Ifi213/Ifi204/Ifi209/Rps7/Cd44/Ikbke/Ifi207",7
"GO:0030316","osteoclast differentiation","4/113","109/14942",0.036697247706422,4.85248031176423,3.52380851408429,0.00939116665238052,0.0829220034199556,0.0680763181744045,"Csf1/Enpp1/Fam20c/Cd300lf",4
"GO:0050435","amyloid-beta metabolic process","3/113","58/14942",0.0517241379310345,6.83948733597803,3.8895737367547,0.00960977612670954,0.0840334700842309,0.0689887968309348,"Apoe/Gsap/Igf1",3
"GO:1901292","nucleoside phosphate catabolic process","5/113","171/14942",0.0292397660818713,3.86637685659577,3.29078505867305,0.00963550055269849,0.0840334700842309,0.0689887968309348,"Slc2a6/Enpp1/Samhd1/Xdh/Igf1",5
"GO:0071621","granulocyte chemotaxis","4/113","110/14942",0.0363636363636364,4.80836685438455,3.49951921839729,0.00968990911769364,0.0840334700842309,0.0689887968309348,"Csf1/Spp1/Lgals3/Csf3r",4
"GO:0030098","lymphocyte differentiation","8/113","392/14942",0.0204081632653061,2.69857323460358,2.97487646064499,0.00978752251885144,0.0840334700842309,0.0689887968309348,"Rsad2/Fgl2/Ptger4/Tpd52/Axl/Enpp1/Cd44/Il4i1",8
"GO:0009264","deoxyribonucleotide catabolic process","2/113","20/14942",0.1,13.2230088495575,4.77477298721931,0.00985452741550017,0.0840334700842309,0.0689887968309348,"Samhd1/Xdh",2
"GO:0010232","vascular transport","2/113","20/14942",0.1,13.2230088495575,4.77477298721931,0.00985452741550017,0.0840334700842309,0.0689887968309348,"Fabp5/Apoe",2
"GO:0033003","regulation of mast cell activation","2/113","20/14942",0.1,13.2230088495575,4.77477298721931,0.00985452741550017,0.0840334700842309,0.0689887968309348,"Milr1/Cd300lf",2
"GO:0045780","positive regulation of bone resorption","2/113","20/14942",0.1,13.2230088495575,4.77477298721931,0.00985452741550017,0.0840334700842309,0.0689887968309348,"Ptger4/Spp1",2
"GO:0046386","deoxyribose phosphate catabolic process","2/113","20/14942",0.1,13.2230088495575,4.77477298721931,0.00985452741550017,0.0840334700842309,0.0689887968309348,"Samhd1/Xdh",2
"GO:1902992","negative regulation of amyloid precursor protein catabolic process","2/113","20/14942",0.1,13.2230088495575,4.77477298721931,0.00985452741550017,0.0840334700842309,0.0689887968309348,"Apoe/Igf1",2
"GO:0018212","peptidyl-tyrosine modification","6/113","241/14942",0.024896265560166,3.29203539823009,3.13133494834405,0.00997820889181194,0.0842726948100937,0.0691851926954986,"Ptger4/Clec7a/Cd44/Rap2b/Aplp2/Igf1",6
"GO:0071216","cellular response to biotic stimulus","6/113","241/14942",0.024896265560166,3.29203539823009,3.13133494834405,0.00997820889181194,0.0842726948100937,0.0691851926954986,"Stat1/Clec7a/Cmpk2/Gbp6/Axl/Vim",6
"GO:0060562","epithelial tube morphogenesis","7/113","315/14942",0.0222222222222222,2.93844641101278,3.03532058709014,0.00998411444537254,0.0842726948100937,0.0691851926954986,"Itgax/Csf1/Rps7/Zeb2/Cd44/Ctsz/Igf1",7
"GO:0031640","killing of cells of another organism","3/113","59/14942",0.0508474576271186,6.72356382180891,3.84521313216098,0.0100696929565764,0.0844226783228127,0.0693083243723958,"Fgl2/Clec7a/Lgals3",3
"GO:0141061","disruption of cell in another organism","3/113","59/14942",0.0508474576271186,6.72356382180891,3.84521313216098,0.0100696929565764,0.0844226783228127,0.0693083243723958,"Fgl2/Clec7a/Lgals3",3
"GO:0051224","negative regulation of protein transport","4/113","112/14942",0.0357142857142857,4.72250316055626,3.45180801639211,0.0103057975155088,0.0861122007168355,0.070695368333162,"Rsad2/Apoe/Anxa5/Sp100",4
"GO:0016042","lipid catabolic process","6/113","244/14942",0.0245901639344262,3.25155955316988,3.09543972739674,0.0105628236458159,0.0879646517661588,0.0722161715197127,"Lpl/Hcar2/Apoe/Nceh1/Spp1/Gla",6
"GO:0031669","cellular response to nutrient levels","6/113","245/14942",0.0244897959183673,3.23828788152429,3.08359803672267,0.0107629986058386,0.0884844687290701,0.0726429246551909,"Lpl/Ifi213/Eif2ak2/Ifi209/Plin2/Ifi207",6
"GO:0010829","negative regulation of D-glucose transmembrane transport","2/113","21/14942",0.0952380952380952,12.5933417614834,4.6407956232923,0.0108384590210307,0.0884844687290701,0.0726429246551909,"Fabp5/Enpp1",2
"GO:0034249","negative regulation of amide metabolic process","2/113","21/14942",0.0952380952380952,12.5933417614834,4.6407956232923,0.0108384590210307,0.0884844687290701,0.0726429246551909,"Apoe/Igf1",2
"GO:0043129","surfactant homeostasis","2/113","21/14942",0.0952380952380952,12.5933417614834,4.6407956232923,0.0108384590210307,0.0884844687290701,0.0726429246551909,"Oas1a/Oas1g",2
"GO:0046579","positive regulation of Ras protein signal transduction","2/113","21/14942",0.0952380952380952,12.5933417614834,4.6407956232923,0.0108384590210307,0.0884844687290701,0.0726429246551909,"Csf1/Igf1",2
"GO:0060333","type II interferon-mediated signaling pathway","2/113","21/14942",0.0952380952380952,12.5933417614834,4.6407956232923,0.0108384590210307,0.0884844687290701,0.0726429246551909,"Stat1/Nlrc5",2
"GO:0005996","monosaccharide metabolic process","6/113","246/14942",0.024390243902439,3.22512410964818,3.07181702701378,0.0109658561627519,0.0892319668145494,0.0732565967253667,"Oas1a/Atp1a3/Fabp5/Chst1/Oas1g/Igf1",6
"GO:1905517","macrophage migration","3/113","61/14942",0.0491803278688525,6.50311910633977,3.75950696472697,0.0110274456223132,0.0894408456011721,0.07342807954237,"Csf1/Enpp1/Lgals3",3
"GO:0031641","regulation of myelination","3/113","62/14942",0.0483870967741935,6.39823008849558,3.71808139266601,0.0115254022700468,0.0923291647375539,0.0757992973664467,"Itgax/Cst7/Igf1",3
"GO:0045453","bone resorption","3/113","62/14942",0.0483870967741935,6.39823008849558,3.71808139266601,0.0115254022700468,0.0923291647375539,0.0757992973664467,"Ptger4/Spp1/Enpp1",3
"GO:0141060","disruption of anatomical structure in another organism","3/113","62/14942",0.0483870967741935,6.39823008849558,3.71808139266601,0.0115254022700468,0.0923291647375539,0.0757992973664467,"Fgl2/Clec7a/Lgals3",3
"GO:0002237","response to molecule of bacterial origin","7/113","324/14942",0.0216049382716049,2.85682289959576,2.94966117522869,0.0115318755957346,0.0923291647375539,0.0757992973664467,"Stat1/Eif2ak2/Ptger4/Cmpk2/Gbp6/Axl/Vim",7
"GO:1903037","regulation of leukocyte cell-cell adhesion","7/113","325/14942",0.0215384615384615,2.84803267528931,2.94032492076551,0.0117140111788017,0.0934868199846676,0.0767496953752798,"Gpnmb/Fgl2/Cd44/Lgals3/Chst2/Il4i1/Igf1",7
"GO:0034349","glial cell apoptotic process","2/113","22/14942",0.0909090909090909,12.0209171359614,4.51562415911113,0.0118639015806314,0.0940799838718859,0.0772366639945899,"Enpp1/Igf1",2
"GO:1902074","response to salt","2/113","22/14942",0.0909090909090909,12.0209171359614,4.51562415911113,0.0118639015806314,0.0940799838718859,0.0772366639945899,"Enpp1/Ank",2
"GO:0022408","negative regulation of cell-cell adhesion","5/113","181/14942",0.0276243093922652,3.65276487556838,3.13439176691089,0.0121085438868352,0.0957151564387928,0.078579088481985,"Gpnmb/Fgl2/Cd44/Lgals3/Il4i1",5
"GO:0002768","immune response-regulating cell surface receptor signaling pathway","6/113","252/14942",0.0238095238095238,3.14833544037084,3.00237259610202,0.0122403633943266,0.0964509647211175,0.079183163596876,"Oas1a/Cd22/Clec7a/Oas1g/Lgals3/Fyb1",6
"GO:0044344","cellular response to fibroblast growth factor stimulus","4/113","118/14942",0.0338983050847458,4.48237588120594,3.31517965707342,0.0123039505651943,0.096646173209255,0.0793434235351398,"Axl/Enpp1/Cd44/Fam20c",4
"GO:0034103","regulation of tissue remodeling","3/113","64/14942",0.046875,6.19828539823009,3.63790163019911,0.0125597511790276,0.0983452214961593,0.0807382879499223,"Gpnmb/Ptger4/Spp1",3
"GO:0009267","cellular response to starvation","5/113","184/14942",0.0271739130434783,3.5932089265102,3.08962512684949,0.0129272965968276,0.0987612098286763,0.08107980109376,"Ifi213/Eif2ak2/Ifi209/Plin2/Ifi207",5
"GO:0030318","melanocyte differentiation","2/113","23/14942",0.0869565217391304,11.4982685648326,4.3983001337786,0.0129301824916259,0.0987612098286763,0.08107980109376,"Zeb2/Enpp1",2
"GO:0032874","positive regulation of stress-activated MAPK cascade","2/113","23/14942",0.0869565217391304,11.4982685648326,4.3983001337786,0.0129301824916259,0.0987612098286763,0.08107980109376,"Eif2ak2/Clec7a",2
"GO:0060512","prostate gland morphogenesis","2/113","23/14942",0.0869565217391304,11.4982685648326,4.3983001337786,0.0129301824916259,0.0987612098286763,0.08107980109376,"Cd44/Igf1",2
"GO:0060740","prostate gland epithelium morphogenesis","2/113","23/14942",0.0869565217391304,11.4982685648326,4.3983001337786,0.0129301824916259,0.0987612098286763,0.08107980109376,"Cd44/Igf1",2
"GO:0070304","positive regulation of stress-activated protein kinase signaling cascade","2/113","23/14942",0.0869565217391304,11.4982685648326,4.3983001337786,0.0129301824916259,0.0987612098286763,0.08107980109376,"Eif2ak2/Clec7a",2
"GO:1901071","glucosamine-containing compound metabolic process","2/113","23/14942",0.0869565217391304,11.4982685648326,4.3983001337786,0.0129301824916259,0.0987612098286763,0.08107980109376,"Chst1/Chst2",2
"GO:1901658","glycosyl compound catabolic process","2/113","23/14942",0.0869565217391304,11.4982685648326,4.3983001337786,0.0129301824916259,0.0987612098286763,0.08107980109376,"Xdh/Gla",2
"GO:0002377","immunoglobulin production","4/113","120/14942",0.0333333333333333,4.40766961651917,3.27165742627385,0.0130213153112111,0.0988508387954746,0.081153383614801,"Fgl2/Cd22/Enpp1/Samhd1",4
"GO:0007259","cell surface receptor signaling pathway via JAK-STAT","4/113","120/14942",0.0333333333333333,4.40766961651917,3.27165742627385,0.0130213153112111,0.0988508387954746,0.081153383614801,"Stat1/Ptger4/Stat2/Igf1",4
"GO:0050708","regulation of protein secretion","6/113","256/14942",0.0234375,3.09914269911504,2.9572177585955,0.0131459934430118,0.0994939929273539,0.0816813926294319,"Rsad2/Ptger4/Hcar2/Apoe/Anxa5/Igf1",6
"GO:0043410","positive regulation of MAPK cascade","8/113","414/14942",0.0193236714975845,2.55517079218503,2.80122806057197,0.013278320211041,0.1001909615924,0.0822535816581867,"Gpnmb/Eif2ak2/Clec7a/Apoe/Zeb2/Cd44/Xdh/Igf1",8
"GO:0030879","mammary gland development","4/113","121/14942",0.0330578512396694,4.37124259489505,3.25025218604596,0.0133898036629508,0.100726921814947,0.0826935878945793,"Csf1/Oas2/Xdh/Igf1",4
"GO:0002285","lymphocyte activation involved in immune response","5/113","187/14942",0.0267379679144385,3.53556386351805,3.04578239464013,0.0137827939525227,0.10337095464392,0.0848642544571944,"Fgl2/Ptger4/Enpp1/Slfn2/Lgals3",5
"GO:0046782","regulation of viral transcription","2/113","24/14942",0.0833333333333333,11.0191740412979,4.28800578105549,0.0140366367927006,0.104644388065343,0.0859097026518266,"Ifitm3/Sp100",2
"GO:1902993","positive regulation of amyloid precursor protein catabolic process","2/113","24/14942",0.0833333333333333,11.0191740412979,4.28800578105549,0.0140366367927006,0.104644388065343,0.0859097026518266,"Apoe/Gsap",2
"GO:0071887","leukocyte apoptotic process","4/113","123/14942",0.032520325203252,4.3001654795309,3.20812990708907,0.0141465867481678,0.10497961029146,0.086184909400133,"Hcar2/Axl/Cd44/Lgals3",4
"GO:0035904","aorta development","3/113","67/14942",0.0447761194029851,5.92075023114516,3.52381709185587,0.0142080838024988,0.10497961029146,0.086184909400133,"Lox/Enpp1/Gla",3
"GO:0042130","negative regulation of T cell proliferation","3/113","67/14942",0.0447761194029851,5.92075023114516,3.52381709185587,0.0142080838024988,0.10497961029146,0.086184909400133,"Gpnmb/Cd44/Il4i1",3
"GO:0051701","biological process involved in interaction with host","4/113","124/14942",0.032258064516129,4.26548672566372,3.187403843985,0.0145349568931065,0.106761187798924,0.0876475276708986,"Gbp6/Axl/Ctsb/Cd300lf",4
"GO:0071774","response to fibroblast growth factor","4/113","124/14942",0.032258064516129,4.26548672566372,3.187403843985,0.0145349568931065,0.106761187798924,0.0876475276708986,"Axl/Enpp1/Cd44/Fam20c",4
"GO:0034248","regulation of amide metabolic process","3/113","68/14942",0.0441176470588235,5.83368037480479,3.48731854475176,0.014783512226683,0.108267486601296,0.0888841509108928,"Apoe/Gsap/Igf1",3
"GO:0061448","connective tissue development","6/113","263/14942",0.0228136882129278,3.0166560113059,2.88027918767721,0.0148424346747092,0.108380241466352,0.0889767190562903,"Lpl/Csf1/Lox/Enpp1/Pbxip1/Igf1",6
"GO:0000045","autophagosome assembly","4/113","125/14942",0.032,4.23136283185841,3.16689535739744,0.0149300284005517,0.108384171187679,0.0889799452320744,"Ctsd/Gm5431/Tgtp2/Iigp1c",4
"GO:0001936","regulation of endothelial cell proliferation","4/113","125/14942",0.032,4.23136283185841,3.16689535739744,0.0149300284005517,0.108384171187679,0.0889799452320744,"Stat1/Apoe/Xdh/Igf1",4
"GO:0043931","ossification involved in bone maturation","2/113","25/14942",0.08,10.578407079646,4.18403849898148,0.015182607088475,0.109674107385832,0.090038941679681,"Enpp1/Igf1",2
"GO:0045667","regulation of osteoblast differentiation","4/113","126/14942",0.0317460317460317,4.19778058716112,3.14660024124278,0.0153318370045577,0.109674107385832,0.090038941679681,"Ifi204/Ptger4/Fam20c/Igf1",4
"GO:1904950","negative regulation of establishment of protein localization","4/113","126/14942",0.0317460317460317,4.19778058716112,3.14660024124278,0.0153318370045577,0.109674107385832,0.090038941679681,"Rsad2/Apoe/Anxa5/Sp100",4
"GO:0042475","odontogenesis of dentin-containing tooth","3/113","69/14942",0.0434782608695652,5.74913428241631,3.45153934124113,0.0153719933645202,0.109674107385832,0.090038941679681,"Csf1/Fam20c/Csf3r",3
"GO:0050709","negative regulation of protein secretion","3/113","69/14942",0.0434782608695652,5.74913428241631,3.45153934124113,0.0153719933645202,0.109674107385832,0.090038941679681,"Rsad2/Apoe/Anxa5",3
"GO:0060612","adipose tissue development","3/113","69/14942",0.0434782608695652,5.74913428241631,3.45153934124113,0.0153719933645202,0.109674107385832,0.090038941679681,"Lpl/Csf1/Enpp1",3
"GO:0002752","cell surface pattern recognition receptor signaling pathway","3/113","70/14942",0.0428571428571429,5.66700379266751,3.41645423459201,0.0159735588032592,0.112994776761692,0.092765105250985,"Oas1a/Clec7a/Oas1g",3
"GO:0010827","regulation of D-glucose transmembrane transport","3/113","70/14942",0.0428571428571429,5.66700379266751,3.41645423459201,0.0159735588032592,0.112994776761692,0.092765105250985,"Fabp5/Enpp1/Igf1",3
"GO:0050795","regulation of behavior","3/113","70/14942",0.0428571428571429,5.66700379266751,3.41645423459201,0.0159735588032592,0.112994776761692,0.092765105250985,"Ptger4/Apoe/Gla",3
"GO:0006925","inflammatory cell apoptotic process","2/113","26/14942",0.0769230769230769,10.1715452688904,4.08579076678116,0.0163674434747593,0.114802631696199,0.0942492964506527,"Hcar2/Cd44",2
"GO:0039529","RIG-I signaling pathway","2/113","26/14942",0.0769230769230769,10.1715452688904,4.08579076678116,0.0163674434747593,0.114802631696199,0.0942492964506527,"Dhx58/Oas3",2
"GO:1903975","regulation of glial cell migration","2/113","26/14942",0.0769230769230769,10.1715452688904,4.08579076678116,0.0163674434747593,0.114802631696199,0.0942492964506527,"Csf1/Vim",2
"GO:0009132","nucleoside diphosphate metabolic process","4/113","129/14942",0.0310077519379845,4.10015778280853,3.08695475120909,0.0165780308776099,0.115699468349997,0.0949855707189574,"Cmpk2/Slc2a6/Enpp1/Igf1",4
"GO:0042982","amyloid precursor protein metabolic process","3/113","71/14942",0.0422535211267606,5.58718683784121,3.38203921557892,0.0165882370284935,0.115699468349997,0.0949855707189574,"Apoe/Gsap/Igf1",3
"GO:0007162","negative regulation of cell adhesion","6/113","270/14942",0.0222222222222222,2.93844641101278,2.80584802427472,0.0166859473289337,0.11605589063979,0.0952781820428969,"Gpnmb/Fgl2/Cd44/Lgals3/Myo1f/Il4i1",6
"GO:0097696","cell surface receptor signaling pathway via STAT","4/113","130/14942",0.0307692307692308,4.06861810755616,3.06747329087715,0.0170071293931234,0.117960312503836,0.0968416516095753,"Stat1/Ptger4/Stat2/Igf1",4
"GO:0009154","purine ribonucleotide catabolic process","4/113","131/14942",0.0305343511450382,4.03755995406337,3.04818581339558,0.0174431318105968,0.12000096883998,0.0985169653296302,"Slc2a6/Enpp1/Xdh/Igf1",4
"GO:0005979","regulation of glycogen biosynthetic process","2/113","27/14942",0.0740740740740741,9.79482137004261,3.99273418615443,0.017590503464495,0.12000096883998,0.0985169653296302,"Enpp1/Igf1",2
"GO:0010962","regulation of glucan biosynthetic process","2/113","27/14942",0.0740740740740741,9.79482137004261,3.99273418615443,0.017590503464495,0.12000096883998,0.0985169653296302,"Enpp1/Igf1",2
"GO:0032727","positive regulation of interferon-alpha production","2/113","27/14942",0.0740740740740741,9.79482137004261,3.99273418615443,0.017590503464495,0.12000096883998,0.0985169653296302,"Stat1/Irf7",2
"GO:0050858","negative regulation of antigen receptor-mediated signaling pathway","2/113","27/14942",0.0740740740740741,9.79482137004261,3.99273418615443,0.017590503464495,0.12000096883998,0.0985169653296302,"Cd22/Lgals3",2
"GO:0070977","bone maturation","2/113","27/14942",0.0740740740740741,9.79482137004261,3.99273418615443,0.017590503464495,0.12000096883998,0.0985169653296302,"Enpp1/Igf1",2
"GO:0008347","glial cell migration","3/113","73/14942",0.0410958904109589,5.43411322584556,3.31512913361443,0.0178570306184738,0.120368411081071,0.0988186236818597,"Csf1/Enpp1/Vim",3
"GO:0014009","glial cell proliferation","3/113","73/14942",0.0410958904109589,5.43411322584556,3.31512913361443,0.0178570306184738,0.120368411081071,0.0988186236818597,"Csf1/Vim/Igf1",3
"GO:0030500","regulation of bone mineralization","3/113","73/14942",0.0410958904109589,5.43411322584556,3.31512913361443,0.0178570306184738,0.120368411081071,0.0988186236818597,"Enpp1/Fam20c/Ank",3
"GO:0033273","response to vitamin","3/113","73/14942",0.0410958904109589,5.43411322584556,3.31512913361443,0.0178570306184738,0.120368411081071,0.0988186236818597,"Eif2ak2/Spp1/Enpp1",3
"GO:0022612","gland morphogenesis","4/113","132/14942",0.0303030303030303,4.00697237865379,3.0290887440133,0.0178860691164643,0.120368411081071,0.0988186236818597,"Csf1/Cd44/Mki67/Igf1",4
"GO:1901342","regulation of vasculature development","6/113","275/14942",0.0218181818181818,2.88502011263073,2.75413238072214,0.0180959378931144,0.12145252116942,0.0997086434626987,"Stat1/Itgax/Ptger4/Sp100/Lgals3/Cybb",6
"GO:0010817","regulation of hormone levels","8/113","439/14942",0.0182232346241458,2.40965992702643,2.61692220768426,0.0182691061531582,0.122285146025172,0.100392201894265,"Ptger4/Hcar2/Ctsb/Spp1/Enpp1/Anxa5/Il4i1/Igf1",8
"GO:1905037","autophagosome organization","4/113","133/14942",0.0300751879699248,3.97684476678422,3.01017860100669,0.0183359715059192,0.122403670374635,0.100489506602215,"Ctsd/Gm5431/Tgtp2/Iigp1c",4
"GO:0060348","bone development","5/113","202/14942",0.0247524752475248,3.27302199246473,2.83925044627482,0.0186348737214535,0.124066405257806,0.101854558871553,"Ptger4/Lox/Enpp1/Fam20c/Igf1",5
"GO:0034138","toll-like receptor 3 signaling pathway","2/113","28/14942",0.0714285714285714,9.44500632111252,3.904406681505,0.0188511519143706,0.124178222927997,0.101946357609879,"Oas1a/Oas1g",2
"GO:0045730","respiratory burst","2/113","28/14942",0.0714285714285714,9.44500632111252,3.904406681505,0.0188511519143706,0.124178222927997,0.101946357609879,"Clec7a/Cybb",2
"GO:0045940","positive regulation of steroid metabolic process","2/113","28/14942",0.0714285714285714,9.44500632111252,3.904406681505,0.0188511519143706,0.124178222927997,0.101946357609879,"Apoe/Igf1",2
"GO:0048799","animal organ maturation","2/113","28/14942",0.0714285714285714,9.44500632111252,3.904406681505,0.0188511519143706,0.124178222927997,0.101946357609879,"Enpp1/Igf1",2
"GO:0007159","leukocyte cell-cell adhesion","7/113","360/14942",0.0194444444444444,2.57114060963618,2.6340916372757,0.0194892201888364,0.127705679658428,0.104842286999225,"Gpnmb/Fgl2/Cd44/Lgals3/Chst2/Il4i1/Igf1",7
"GO:0048872","homeostasis of number of cells","7/113","360/14942",0.0194444444444444,2.57114060963618,2.6340916372757,0.0194892201888364,0.127705679658428,0.104842286999225,"Stat1/Csf1/Hcar2/Axl/Adar/Enpp1/Cd44",7
"GO:0050731","positive regulation of peptidyl-tyrosine phosphorylation","4/113","136/14942",0.0294117647058824,3.88912024986986,2.95453624404588,0.0197277592705629,0.12834811804555,0.105369708410255,"Ptger4/Clec7a/Cd44/Igf1",4
"GO:0140588","chromatin looping","4/113","136/14942",0.0294117647058824,3.88912024986986,2.95453624404588,0.0197277592705629,0.12834811804555,0.105369708410255,"Helz2/Dhx58/Dna2/Chd4",4
"GO:0002220","innate immune response activating cell surface receptor signaling pathway","3/113","76/14942",0.0394736842105263,5.21960875640429,3.21925247921089,0.0198591070479091,0.12834811804555,0.105369708410255,"Oas1a/Clec7a/Oas1g",3
"GO:0043549","regulation of kinase activity","8/113","446/14942",0.0179372197309417,2.371840152387,2.56755627598529,0.0198806068164291,0.12834811804555,0.105369708410255,"Csf1/Apoe/Nlrc5/Zeb2/Adar/Rap2b/Aplp2/Igf1",8
"GO:0051223","regulation of protein transport","8/113","447/14942",0.0178970917225951,2.36653402229217,2.56057925375867,0.0201188642854036,0.12834811804555,0.105369708410255,"Rsad2/Ptger4/Hcar2/Apoe/Anxa5/Sp100/Oaz1/Igf1",8
"GO:0055078","sodium ion homeostasis","2/113","29/14942",0.0689655172413793,9.1193164479707,3.82040214543534,0.0201487609521085,0.12834811804555,0.105369708410255,"Atp1a3/Spp1",2
"GO:0060252","positive regulation of glial cell proliferation","2/113","29/14942",0.0689655172413793,9.1193164479707,3.82040214543534,0.0201487609521085,0.12834811804555,0.105369708410255,"Vim/Igf1",2
"GO:0071827","plasma lipoprotein particle organization","2/113","29/14942",0.0689655172413793,9.1193164479707,3.82040214543534,0.0201487609521085,0.12834811804555,0.105369708410255,"Lpl/Apoe",2
"GO:0150077","regulation of neuroinflammatory response","2/113","29/14942",0.0689655172413793,9.1193164479707,3.82040214543534,0.0201487609521085,0.12834811804555,0.105369708410255,"Cst7/Igf1",2
"GO:0070371","ERK1 and ERK2 cascade","6/113","282/14942",0.0212765957446809,2.81340613820373,2.68364936789201,0.0202046205333775,0.12834811804555,0.105369708410255,"Gpnmb/Atp1a3/Ptger4/Apoe/Cd44/Igf1",6
"GO:0009261","ribonucleotide catabolic process","4/113","137/14942",0.0291970802919708,3.86073251081971,2.9363407437173,0.0202058081421107,0.12834811804555,0.105369708410255,"Slc2a6/Enpp1/Xdh/Igf1",4
"GO:0031644","regulation of nervous system process","4/113","137/14942",0.0291970802919708,3.86073251081971,2.9363407437173,0.0202058081421107,0.12834811804555,0.105369708410255,"Itgax/Fabp5/Cst7/Igf1",4
"GO:0071222","cellular response to lipopolysaccharide","5/113","207/14942",0.0241545893719807,3.19396349023129,2.77467819254227,0.0204738964634039,0.129561279151252,0.106365674957401,"Stat1/Cmpk2/Gbp6/Axl/Vim",5
"GO:0019080","viral gene expression","3/113","77/14942",0.038961038961039,5.15182162969774,3.1884140553973,0.0205528936806203,0.129561279151252,0.106365674957401,"Ifitm3/Sp100/Oaz1",3
"GO:0071479","cellular response to ionizing radiation","3/113","77/14942",0.038961038961039,5.15182162969774,3.1884140553973,0.0205528936806203,0.129561279151252,0.106365674957401,"Ifi213/Ifi209/Ifi207",3
"GO:0002685","regulation of leukocyte migration","5/113","208/14942",0.0240384615384615,3.17860789652825,2.76199908380161,0.0208554512445267,0.1311365494921,0.107658921629109,"Csf1/Ptger4/Lgals3/Myo1f/Chst2",5
"GO:0015908","fatty acid transport","3/113","78/14942",0.0384615384615385,5.0857726344452,3.15810649146653,0.0212599104098099,0.132405811044544,0.108700944852465,"Fabp5/Apoe/Plin2",3
"GO:0030203","glycosaminoglycan metabolic process","3/113","78/14942",0.0384615384615385,5.0857726344452,3.15810649146653,0.0212599104098099,0.132405811044544,0.108700944852465,"Ptger4/Cd44/Igf1",3
"GO:0046718","symbiont entry into host cell","3/113","78/14942",0.0384615384615385,5.0857726344452,3.15810649146653,0.0212599104098099,0.132405811044544,0.108700944852465,"Axl/Ctsb/Cd300lf",3
"GO:0002021","response to dietary excess","2/113","30/14942",0.0666666666666667,8.81533923303835,3.74036199568354,0.021482709904416,0.132405811044544,0.108700944852465,"Apoe/Enpp1",2
"GO:0055090","acylglycerol homeostasis","2/113","30/14942",0.0666666666666667,8.81533923303835,3.74036199568354,0.021482709904416,0.132405811044544,0.108700944852465,"Lpl/Apoe",2
"GO:0055094","response to lipoprotein particle","2/113","30/14942",0.0666666666666667,8.81533923303835,3.74036199568354,0.021482709904416,0.132405811044544,0.108700944852465,"Lpl/Apoe",2
"GO:0070328","triglyceride homeostasis","2/113","30/14942",0.0666666666666667,8.81533923303835,3.74036199568354,0.021482709904416,0.132405811044544,0.108700944852465,"Lpl/Apoe",2
"GO:0071398","cellular response to fatty acid","2/113","30/14942",0.0666666666666667,8.81533923303835,3.74036199568354,0.021482709904416,0.132405811044544,0.108700944852465,"Lpl/Oaz1",2
"GO:0002687","positive regulation of leukocyte migration","4/113","140/14942",0.0285714285714286,3.77800252844501,2.88276723039285,0.0216826811110728,0.133308335719929,0.109441888804947,"Csf1/Ptger4/Lgals3/Myo1f",4
"GO:0030593","neutrophil chemotaxis","3/113","79/14942",0.0379746835443038,5.02139576565476,3.12831332876526,0.0219801629239664,0.134804447489351,0.11067014881603,"Spp1/Lgals3/Csf3r",3
"GO:0048754","branching morphogenesis of an epithelial tube","4/113","142/14942",0.028169014084507,3.72479122522747,2.84786677297479,0.0227031132288761,0.138112716533327,0.113386132110641,"Csf1/Cd44/Ctsz/Igf1",4
"GO:0050672","negative regulation of lymphocyte proliferation","3/113","80/14942",0.0375,4.95862831858407,3.09901882348353,0.0227136543027732,0.138112716533327,0.113386132110641,"Gpnmb/Cd44/Il4i1",3
"GO:0150076","neuroinflammatory response","3/113","80/14942",0.0375,4.95862831858407,3.09901882348353,0.0227136543027732,0.138112716533327,0.113386132110641,"Cst7/Zeb2/Igf1",3
"GO:0042594","response to starvation","5/113","213/14942",0.0234741784037559,3.10399268768956,2.69973115772782,0.0228330546172939,0.138112716533327,0.113386132110641,"Ifi213/Eif2ak2/Ifi209/Plin2/Ifi207",5
"GO:0034121","regulation of toll-like receptor signaling pathway","2/113","31/14942",0.0645161290322581,8.53097345132743,3.66396823981785,0.0228523852255947,0.138112716533327,0.113386132110641,"Irf7/Cd300lf",2
"GO:0034250","positive regulation of amide metabolic process","2/113","31/14942",0.0645161290322581,8.53097345132743,3.66396823981785,0.0228523852255947,0.138112716533327,0.113386132110641,"Apoe/Gsap",2
"GO:0010977","negative regulation of neuron projection development","4/113","143/14942",0.027972027972028,3.69874373414196,2.83065279609838,0.0232241536784474,0.140019715882165,0.114951717710067,"H2-D1/Apoe/H2-K1/Vim",4
"GO:0032945","negative regulation of mononuclear cell proliferation","3/113","81/14942",0.037037037037037,4.8974106850213,3.07020790704949,0.0234603850682193,0.140762310409316,0.115561364115363,"Gpnmb/Cd44/Il4i1",3
"GO:0044409","symbiont entry into host","3/113","81/14942",0.037037037037037,4.8974106850213,3.07020790704949,0.0234603850682193,0.140762310409316,0.115561364115363,"Axl/Ctsb/Cd300lf",3
"GO:0071219","cellular response to molecule of bacterial origin","5/113","215/14942",0.0232558139534884,3.0751183371064,2.6753344176612,0.0236570312570629,0.141600980360785,0.116249885377571,"Stat1/Cmpk2/Gbp6/Axl/Vim",5
"GO:1903034","regulation of response to wounding","4/113","144/14942",0.0277777777777778,3.67305801376598,2.81359278087216,0.0237524393933129,0.141831112924098,0.116438816866878,"Ptger4/Clec7a/Apoe/Anxa5",4
"GO:0009117","nucleotide metabolic process","8/113","462/14942",0.0173160173160173,2.28969850208788,2.45809138268255,0.023941977595543,0.142620871322732,0.117087183305325,"Oas1a/Oasl2/Cmpk2/Slc2a6/Enpp1/Samhd1/Xdh/Igf1",8
"GO:0030217","T cell differentiation","6/113","294/14942",0.0204081632653061,2.69857323460358,2.5676859101058,0.0241987285995269,0.143468834353304,0.117783333888868,"Rsad2/Fgl2/Ptger4/Enpp1/Cd44/Il4i1",6
"GO:0032647","regulation of interferon-alpha production","2/113","32/14942",0.0625,8.26438053097345,3.59093773931312,0.0242571804268036,0.143468834353304,0.117783333888868,"Stat1/Irf7",2
"GO:0032692","negative regulation of interleukin-1 production","2/113","32/14942",0.0625,8.26438053097345,3.59093773931312,0.0242571804268036,0.143468834353304,0.117783333888868,"Ptger4/Igf1",2
"GO:0044403","biological process involved in symbiotic interaction","4/113","146/14942",0.0273972602739726,3.6227421505637,2.77992439411283,0.0248308289837862,0.146513659169734,0.120283037881049,"Gbp6/Axl/Ctsb/Cd300lf",4
"GO:0046849","bone remodeling","3/113","83/14942",0.036144578313253,4.7794007889967,3.01397972337175,0.0249935543602924,0.146778184804548,0.120500204984329,"Ptger4/Spp1/Enpp1",3
"GO:1900076","regulation of cellular response to insulin stimulus","3/113","83/14942",0.036144578313253,4.7794007889967,3.01397972337175,0.0249935543602924,0.146778184804548,0.120500204984329,"Lpl/Enpp1/Ctsd",3
"GO:0030212","hyaluronan metabolic process","2/113","33/14942",0.0606060606060606,8.01394475730759,3.52101743521194,0.0256964960059692,0.149495969754353,0.122731419684191,"Ptger4/Cd44",2
"GO:0050931","pigment cell differentiation","2/113","33/14942",0.0606060606060606,8.01394475730759,3.52101743521194,0.0256964960059692,0.149495969754353,0.122731419684191,"Zeb2/Enpp1",2
"GO:0071825","protein-lipid complex organization","2/113","33/14942",0.0606060606060606,8.01394475730759,3.52101743521194,0.0256964960059692,0.149495969754353,0.122731419684191,"Lpl/Apoe",2
"GO:1902253","regulation of intrinsic apoptotic signaling pathway by p53 class mediator","2/113","33/14942",0.0606060606060606,8.01394475730759,3.52101743521194,0.0256964960059692,0.149495969754353,0.122731419684191,"Rps7/Cd44",2
"GO:0070167","regulation of biomineral tissue development","3/113","85/14942",0.0352941176470588,4.66694429984383,2.95952038947159,0.0265796257206348,0.153914576847397,0.126358955078269,"Enpp1/Fam20c/Ank",3
"GO:0070664","negative regulation of leukocyte proliferation","3/113","85/14942",0.0352941176470588,4.66694429984383,2.95952038947159,0.0265796257206348,0.153914576847397,0.126358955078269,"Gpnmb/Cd44/Il4i1",3
"GO:0046434","organophosphate catabolic process","5/113","222/14942",0.0225225225225225,2.97815514629674,2.59212567919218,0.0266917361690997,0.154106266633392,0.126516326274381,"Slc2a6/Enpp1/Samhd1/Xdh/Igf1",5
"GO:0010608","post-transcriptional regulation of gene expression","8/113","472/14942",0.0169491525423729,2.24118794060297,2.39192414684744,0.0267593915326474,0.154106266633392,0.126516326274381,"Helz2/Eif2ak2/Adar/Slfn2/Ikbke/Vim/Igf1/Abcf1",8
"GO:0010720","positive regulation of cell development","8/113","473/14942",0.0169133192389006,2.23644969971375,2.38539820163027,0.0270533388314976,0.154106266633392,0.126516326274381,"Csf1/Clec7a/Apoe/Axl/Zeb2/Vim/Il4i1/Igf1",8
"GO:0030195","negative regulation of blood coagulation","2/113","34/14942",0.0588235294117647,7.77824049973972,3.45398035038242,0.027169739378337,0.154106266633392,0.126516326274381,"Apoe/Anxa5",2
"GO:0032438","melanosome organization","2/113","34/14942",0.0588235294117647,7.77824049973972,3.45398035038242,0.027169739378337,0.154106266633392,0.126516326274381,"Apoe/Zeb2",2
"GO:0033032","regulation of myeloid cell apoptotic process","2/113","34/14942",0.0588235294117647,7.77824049973972,3.45398035038242,0.027169739378337,0.154106266633392,0.126516326274381,"Hcar2/Cd44",2
"GO:0070306","lens fiber cell differentiation","2/113","34/14942",0.0588235294117647,7.77824049973972,3.45398035038242,0.027169739378337,0.154106266633392,0.126516326274381,"Zeb2/Vim",2
"GO:1904036","negative regulation of epithelial cell apoptotic process","2/113","34/14942",0.0588235294117647,7.77824049973972,3.45398035038242,0.027169739378337,0.154106266633392,0.126516326274381,"Adar/Igf1",2
"GO:2000108","positive regulation of leukocyte apoptotic process","2/113","34/14942",0.0588235294117647,7.77824049973972,3.45398035038242,0.027169739378337,0.154106266633392,0.126516326274381,"Hcar2/Cd44",2
"GO:0031333","negative regulation of protein-containing complex assembly","4/113","151/14942",0.0264900662251656,3.50278380120729,2.69827470797655,0.0276549556706113,0.156501908226869,0.128483071560591,"Ifi213/Ptger4/Ifi209/Ifi207",4
"GO:0051090","regulation of DNA-binding transcription factor activity","6/113","305/14942",0.019672131147541,2.60124764253591,2.46635455016432,0.0282982427419203,0.158675663935719,0.130267655617488,"Eif2ak2/Clec7a/Nlrc5/Enpp1/Sp100/Ikbke",6
"GO:0007626","locomotory behavior","5/113","226/14942",0.0221238938053097,2.92544443574281,2.54602956428643,0.0285327067945559,0.158675663935719,0.130267655617488,"Atp1a3/Apoe/Enpp1/Aplp2/Gla",5
"GO:0019318","hexose metabolic process","5/113","226/14942",0.0221238938053097,2.92544443574281,2.54602956428643,0.0285327067945559,0.158675663935719,0.130267655617488,"Oas1a/Fabp5/Chst1/Oas1g/Igf1",5
"GO:0032607","interferon-alpha production","2/113","35/14942",0.0571428571428571,7.55600505689001,3.38962222328174,0.0286763248076602,0.158675663935719,0.130267655617488,"Stat1/Irf7",2
"GO:0032733","positive regulation of interleukin-10 production","2/113","35/14942",0.0571428571428571,7.55600505689001,3.38962222328174,0.0286763248076602,0.158675663935719,0.130267655617488,"Ptger4/Clec7a",2
"GO:0048753","pigment granule organization","2/113","35/14942",0.0571428571428571,7.55600505689001,3.38962222328174,0.0286763248076602,0.158675663935719,0.130267655617488,"Apoe/Zeb2",2
"GO:0050819","negative regulation of coagulation","2/113","35/14942",0.0571428571428571,7.55600505689001,3.38962222328174,0.0286763248076602,0.158675663935719,0.130267655617488,"Apoe/Anxa5",2
"GO:0070269","pyroptotic inflammatory response","2/113","35/14942",0.0571428571428571,7.55600505689001,3.38962222328174,0.0286763248076602,0.158675663935719,0.130267655617488,"Zeb2/Zbp1",2
"GO:0071402","cellular response to lipoprotein particle stimulus","2/113","35/14942",0.0571428571428571,7.55600505689001,3.38962222328174,0.0286763248076602,0.158675663935719,0.130267655617488,"Lpl/Apoe",2
"GO:1900047","negative regulation of hemostasis","2/113","35/14942",0.0571428571428571,7.55600505689001,3.38962222328174,0.0286763248076602,0.158675663935719,0.130267655617488,"Apoe/Anxa5",2
"GO:0030100","regulation of endocytosis","6/113","307/14942",0.0195439739413681,2.58430140382232,2.44840779452348,0.0290900198225756,0.160607869973865,0.13185393510431,"Cd22/Clec7a/Apoe/Axl/Lgals3/Cd300lf",6
"GO:0050848","regulation of calcium-mediated signaling","3/113","89/14942",0.0337078651685393,4.45719399423287,2.85551722797132,0.0299101070038721,0.16477027973372,0.135271140664927,"Cd22/Clec7a/Igf1",3
"GO:0002701","negative regulation of production of molecular mediator of immune response","2/113","36/14942",0.0555555555555556,7.34611602753196,3.32775865854978,0.0302156733380175,0.164993479411543,0.135454380476524,"Cd22/Axl",2
"GO:0014002","astrocyte development","2/113","36/14942",0.0555555555555556,7.34611602753196,3.32775865854978,0.0302156733380175,0.164993479411543,0.135454380476524,"Zeb2/Vim",2
"GO:0045589","regulation of regulatory T cell differentiation","2/113","36/14942",0.0555555555555556,7.34611602753196,3.32775865854978,0.0302156733380175,0.164993479411543,0.135454380476524,"Cd44/Il4i1",2
"GO:1902624","positive regulation of neutrophil migration","2/113","36/14942",0.0555555555555556,7.34611602753196,3.32775865854978,0.0302156733380175,0.164993479411543,0.135454380476524,"Ptger4/Myo1f",2
"GO:0051048","negative regulation of secretion","4/113","156/14942",0.0256410256410256,3.39051508963013,2.62000161911785,0.0306637959214178,0.167074074057616,0.137162482274314,"Rsad2/Ptger4/Apoe/Anxa5",4
"GO:0008202","steroid metabolic process","5/113","231/14942",0.0216450216450216,2.86212312760985,2.48981115474961,0.0309449779720699,0.168237980677847,0.138118012460951,"Apoe/Spp1/Enpp1/Aplp2/Igf1",5
"GO:0006022","aminoglycan metabolic process","3/113","91/14942",0.032967032967033,4.35923368666731,2.80579660850159,0.0316542439491869,0.171320691966196,0.14064882003735,"Ptger4/Cd44/Igf1",3
"GO:0007595","lactation","2/113","37/14942",0.0540540540540541,7.14757235111217,3.26822270314104,0.031787212726258,0.171320691966196,0.14064882003735,"Oas2/Xdh",2
"GO:0032872","regulation of stress-activated MAPK cascade","2/113","37/14942",0.0540540540540541,7.14757235111217,3.26822270314104,0.031787212726258,0.171320691966196,0.14064882003735,"Eif2ak2/Clec7a",2
"GO:0070873","regulation of glycogen metabolic process","2/113","37/14942",0.0540540540540541,7.14757235111217,3.26822270314104,0.031787212726258,0.171320691966196,0.14064882003735,"Enpp1/Igf1",2
"GO:0050770","regulation of axonogenesis","4/113","158/14942",0.0253164556962025,3.34759717710317,2.58957961210148,0.0319194367346262,0.171661765592266,0.140928830598259,"Apoe/Zeb2/Vim/Gla",4
"GO:1904659","D-glucose transmembrane transport","3/113","92/14942",0.0326086956521739,4.31185071181224,2.78147115666559,0.0325459600200814,0.174653966487075,0.143385332030395,"Fabp5/Enpp1/Igf1",3
"GO:0042531","positive regulation of tyrosine phosphorylation of STAT protein","2/113","38/14942",0.0526315789473684,6.95947834187238,3.21086277482473,0.0333903773750639,0.177275137876139,0.145537230080517,"Ptger4/Igf1",2
"GO:0042554","superoxide anion generation","2/113","38/14942",0.0526315789473684,6.95947834187238,3.21086277482473,0.0333903773750639,0.177275137876139,0.145537230080517,"Clec7a/Cybb",2
"GO:0043277","apoptotic cell clearance","2/113","38/14942",0.0526315789473684,6.95947834187238,3.21086277482473,0.0333903773750639,0.177275137876139,0.145537230080517,"Axl/Cd300lf",2
"GO:0045124","regulation of bone resorption","2/113","38/14942",0.0526315789473684,6.95947834187238,3.21086277482473,0.0333903773750639,0.177275137876139,0.145537230080517,"Ptger4/Spp1",2
"GO:1904646","cellular response to amyloid-beta","2/113","38/14942",0.0526315789473684,6.95947834187238,3.21086277482473,0.0333903773750639,0.177275137876139,0.145537230080517,"Atp1a3/Igf1",2
"GO:0008645","hexose transmembrane transport","3/113","94/14942",0.0319148936170213,4.22010920730559,2.73384362898928,0.0343685552492453,0.182080218235364,0.149482047691007,"Fabp5/Enpp1/Igf1",3
"GO:0071695","anatomical structure maturation","5/113","238/14942",0.0210084033613445,2.77794303562133,2.41357998552159,0.0345323819771359,0.182549498940736,0.149867312172019,"Clec7a/Axl/Enpp1/Fam20c/Igf1",5
"GO:0002691","regulation of cellular extravasation","2/113","39/14942",0.0512820512820513,6.78103017926027,3.15554088403131,0.0350246082666292,0.182549498940736,0.149867312172019,"Ptger4/Chst2",2
"GO:0005978","glycogen biosynthetic process","2/113","39/14942",0.0512820512820513,6.78103017926027,3.15554088403131,0.0350246082666292,0.182549498940736,0.149867312172019,"Enpp1/Igf1",2
"GO:0009250","glucan biosynthetic process","2/113","39/14942",0.0512820512820513,6.78103017926027,3.15554088403131,0.0350246082666292,0.182549498940736,0.149867312172019,"Enpp1/Igf1",2
"GO:0043114","regulation of vascular permeability","2/113","39/14942",0.0512820512820513,6.78103017926027,3.15554088403131,0.0350246082666292,0.182549498940736,0.149867312172019,"Apoe/Zeb2",2
"GO:0070302","regulation of stress-activated protein kinase signaling cascade","2/113","39/14942",0.0512820512820513,6.78103017926027,3.15554088403131,0.0350246082666292,0.182549498940736,0.149867312172019,"Eif2ak2/Clec7a",2
"GO:0070884","regulation of calcineurin-NFAT signaling cascade","2/113","39/14942",0.0512820512820513,6.78103017926027,3.15554088403131,0.0350246082666292,0.182549498940736,0.149867312172019,"Clec7a/Igf1",2
"GO:0071375","cellular response to peptide hormone stimulus","6/113","321/14942",0.0186915887850467,2.47159043916963,2.32661250104739,0.0350436387524787,0.182549498940736,0.149867312172019,"Lpl/Axl/Enpp1/Anxa5/Ctsd/Igf1",6
"GO:0008543","fibroblast growth factor receptor signaling pathway","3/113","95/14942",0.0315789473684211,4.17568700512343,2.71052403294616,0.0352993757267355,0.183497798662988,0.15064583597697,"Axl/Enpp1/Fam20c",3
"GO:0006163","purine nucleotide metabolic process","7/113","409/14942",0.0171149144254279,2.26310664906852,2.26098228983223,0.0356218591177354,0.184788394173252,0.151705373698777,"Oas1a/Oasl2/Slc2a6/Enpp1/Samhd1/Xdh/Igf1",7
"GO:0043473","pigmentation","3/113","96/14942",0.03125,4.13219026548673,2.68752272935123,0.0362431691803881,0.187620563948371,0.154030494689383,"Apoe/Zeb2/Enpp1",3
"GO:0070374","positive regulation of ERK1 and ERK2 cascade","4/113","165/14942",0.0242424242424242,3.20557790292304,2.4868200460088,0.0365501557233945,0.188753075854124,0.154960250817463,"Gpnmb/Apoe/Cd44/Igf1",4
"GO:0045066","regulatory T cell differentiation","2/113","40/14942",0.05,6.61150442477876,3.10213110114957,0.0366893528969461,0.188753075854124,0.154960250817463,"Cd44/Il4i1",2
"GO:0106056","regulation of calcineurin-mediated signaling","2/113","40/14942",0.05,6.61150442477876,3.10213110114957,0.0366893528969461,0.188753075854124,0.154960250817463,"Clec7a/Igf1",2
"GO:0015749","monosaccharide transmembrane transport","3/113","97/14942",0.0309278350515464,4.08959036584253,2.66483172725207,0.0371999016134888,0.190985061891932,0.156792640115888,"Fabp5/Enpp1/Igf1",3
"GO:0043255","regulation of carbohydrate biosynthetic process","3/113","98/14942",0.0306122448979592,4.04785985190536,2.64244331818549,0.0381695372398515,0.195559974747387,0.160548497552072,"Ptger4/Enpp1/Igf1",3
"GO:0033028","myeloid cell apoptotic process","2/113","41/14942",0.0487804878048781,6.45024821929635,3.05051823018373,0.0383840652106964,0.195853119620151,0.160789160136265,"Hcar2/Cd44",2
"GO:0042743","hydrogen peroxide metabolic process","2/113","41/14942",0.0487804878048781,6.45024821929635,3.05051823018373,0.0383840652106964,0.195853119620151,0.160789160136265,"Ptger4/Cybb",2
"GO:0045807","positive regulation of endocytosis","4/113","168/14942",0.0238095238095238,3.14833544037084,2.44444803027515,0.0386475492548473,0.196794269211799,0.161561813912202,"Clec7a/Apoe/Axl/Cd300lf",4
"GO:0050863","regulation of T cell activation","6/113","329/14942",0.0182370820668693,2.4114909756032,2.25984933052084,0.038775738983385,0.197044061364548,0.161766885296957,"Gpnmb/Fgl2/Cd44/Lgals3/Il4i1/Igf1",6
"GO:0006096","glycolytic process","3/113","99/14942",0.0303030303030303,4.00697237865379,2.62035006339659,0.0391520385235107,0.198551071127376,0.163004092212794,"Slc2a6/Enpp1/Igf1",3
"GO:0045859","regulation of protein kinase activity","7/113","418/14942",0.0167464114832536,2.21437947241394,2.1982271131467,0.0393311889483765,0.199054187970442,0.163417135082899,"Csf1/Apoe/Zeb2/Adar/Rap2b/Aplp2/Igf1",7
"GO:0002700","regulation of production of molecular mediator of immune response","4/113","170/14942",0.0235294117647059,3.11129619989589,2.41672424626442,0.0400835053975679,0.200736831089237,0.16479853137827,"Rsad2/Cd22/Clec7a/Axl",4
"GO:0032941","secretion by tissue","2/113","42/14942",0.0476190476190476,6.29667088074168,3.00059665669549,0.0401082055367399,0.200736831089237,0.16479853137827,"Ptger4/Enpp1",2
"GO:0048246","macrophage chemotaxis","2/113","42/14942",0.0476190476190476,6.29667088074168,3.00059665669549,0.0401082055367399,0.200736831089237,0.16479853137827,"Csf1/Lgals3",2
"GO:0050832","defense response to fungus","2/113","42/14942",0.0476190476190476,6.29667088074168,3.00059665669549,0.0401082055367399,0.200736831089237,0.16479853137827,"Clec7a/Zbp1",2
"GO:1904645","response to amyloid-beta","2/113","42/14942",0.0476190476190476,6.29667088074168,3.00059665669549,0.0401082055367399,0.200736831089237,0.16479853137827,"Atp1a3/Igf1",2
"GO:0005976","polysaccharide metabolic process","3/113","100/14942",0.03,3.96690265486726,2.59854478175935,0.0401473662178474,0.200736831089237,0.16479853137827,"Ptger4/Enpp1/Igf1",3
"GO:0042593","glucose homeostasis","5/113","249/14942",0.0200803212851406,2.65522266055372,2.29918532913774,0.0406735419419239,0.202960159189159,0.166623812786027,"Oas1a/Fabp5/Enpp1/Oas1g/Igf1",5
"GO:0061138","morphogenesis of a branching epithelium","4/113","171/14942",0.0233918128654971,3.09310148527661,2.40301517861649,0.0408127989267863,0.203247738655396,0.166859906349093,"Csf1/Cd44/Ctsz/Igf1",4
"GO:0033500","carbohydrate homeostasis","5/113","250/14942",0.02,2.6446017699115,2.28909290789736,0.0412627064707206,0.205078121980228,0.168362592638175,"Oas1a/Fabp5/Enpp1/Oas1g/Igf1",5
"GO:0001782","B cell homeostasis","2/113","43/14942",0.0465116279069767,6.1502366742128,2.95226934357604,0.0418612405241977,0.205590707899906,0.168783409317953,"Enpp1/Cd44",2
"GO:0006040","amino sugar metabolic process","2/113","43/14942",0.0465116279069767,6.1502366742128,2.95226934357604,0.0418612405241977,0.205590707899906,0.168783409317953,"Chst1/Chst2",2
"GO:0030850","prostate gland development","2/113","43/14942",0.0465116279069767,6.1502366742128,2.95226934357604,0.0418612405241977,0.205590707899906,0.168783409317953,"Cd44/Igf1",2
"GO:0031547","brain-derived neurotrophic factor receptor signaling pathway","2/113","43/14942",0.0465116279069767,6.1502366742128,2.95226934357604,0.0418612405241977,0.205590707899906,0.168783409317953,"Atp1a3/Axl",2
"GO:0038145","macrophage colony-stimulating factor signaling pathway","2/113","43/14942",0.0465116279069767,6.1502366742128,2.95226934357604,0.0418612405241977,0.205590707899906,0.168783409317953,"Csf1/Axl",2
"GO:1902041","regulation of extrinsic apoptotic signaling pathway via death domain receptors","2/113","43/14942",0.0465116279069767,6.1502366742128,2.95226934357604,0.0418612405241977,0.205590707899906,0.168783409317953,"Sp100/Lgals3",2
"GO:0046032","ADP catabolic process","3/113","103/14942",0.029126213592233,3.851361800842,2.53478859330948,0.0432098904449689,0.211796510251915,0.173878174977475,"Slc2a6/Enpp1/Igf1",3
"GO:0046777","protein autophosphorylation","4/113","175/14942",0.0228571428571429,3.02240202275601,2.34916488206876,0.0438054268142235,0.214293738246398,0.175928319456565,"Gpnmb/Eif2ak2/Enpp1/Rap2b",4
"GO:0042552","myelination","4/113","176/14942",0.0227272727272727,3.00522928399035,2.33594203723109,0.0445724442766959,0.217192536690749,0.178308140458015,"Itgax/Cst7/Enpp1/Igf1",4
"GO:0048659","smooth muscle cell proliferation","4/113","176/14942",0.0227272727272727,3.00522928399035,2.33594203723109,0.0445724442766959,0.217192536690749,0.178308140458015,"Stat1/Apoe/Enpp1/Igf1",4
"GO:0009306","protein secretion","6/113","341/14942",0.0175953079178886,2.3266291230893,2.16325909373659,0.0448354258028636,0.218047285642833,0.179009862066532,"Rsad2/Ptger4/Hcar2/Apoe/Anxa5/Igf1",6
"GO:0001501","skeletal system development","7/113","431/14942",0.0162412993039443,2.14758844424368,2.11032455601655,0.0451244647091478,0.218063991967944,0.17902357742623,"Ptger4/Lox/Enpp1/Fam20c/Pbxip1/Lgals3/Igf1",7
"GO:0034219","carbohydrate transmembrane transport","3/113","105/14942",0.0285714285714286,3.77800252844501,2.49360327640723,0.0453149122854875,0.218063991967944,0.17902357742623,"Fabp5/Enpp1/Igf1",3
"GO:0034113","heterotypic cell-cell adhesion","2/113","45/14942",0.0444444444444444,5.87689282202557,2.86004707437028,0.0454518923017522,0.218063991967944,0.17902357742623,"Itgax/Cd44",2
"GO:0042596","fear response","2/113","45/14942",0.0444444444444444,5.87689282202557,2.86004707437028,0.0454518923017522,0.218063991967944,0.17902357742623,"Atp1a3/Apoe",2
"GO:0042771","intrinsic apoptotic signaling pathway in response to DNA damage by p53 class mediator","2/113","45/14942",0.0444444444444444,5.87689282202557,2.86004707437028,0.0454518923017522,0.218063991967944,0.17902357742623,"Ifi204/Cd44",2
"GO:0048066","developmental pigmentation","2/113","45/14942",0.0444444444444444,5.87689282202557,2.86004707437028,0.0454518923017522,0.218063991967944,0.17902357742623,"Zeb2/Enpp1",2
"GO:0061097","regulation of protein tyrosine kinase activity","2/113","45/14942",0.0444444444444444,5.87689282202557,2.86004707437028,0.0454518923017522,0.218063991967944,0.17902357742623,"Rap2b/Aplp2",2
"GO:0007272","ensheathment of neurons","4/113","178/14942",0.0224719101123595,2.97146266282192,2.30977492000556,0.0461290984450959,0.219830466324938,0.180473796492509,"Itgax/Cst7/Enpp1/Igf1",4
"GO:0008366","axon ensheathment","4/113","178/14942",0.0224719101123595,2.97146266282192,2.30977492000556,0.0461290984450959,0.219830466324938,0.180473796492509,"Itgax/Cst7/Enpp1/Igf1",4
"GO:0048639","positive regulation of developmental growth","4/113","178/14942",0.0224719101123595,2.97146266282192,2.30977492000556,0.0461290984450959,0.219830466324938,0.180473796492509,"Csf1/Ptger4/Apoe/Igf1",4
"GO:0002718","regulation of cytokine production involved in immune response","3/113","106/14942",0.0283018867924528,3.74236099515779,2.47338809222517,0.0463862832585885,0.219830466324938,0.180473796492509,"Rsad2/Clec7a/Axl",3
"GO:0009137","purine nucleoside diphosphate catabolic process","3/113","106/14942",0.0283018867924528,3.74236099515779,2.47338809222517,0.0463862832585885,0.219830466324938,0.180473796492509,"Slc2a6/Enpp1/Igf1",3
"GO:0009181","purine ribonucleoside diphosphate catabolic process","3/113","106/14942",0.0283018867924528,3.74236099515779,2.47338809222517,0.0463862832585885,0.219830466324938,0.180473796492509,"Slc2a6/Enpp1/Igf1",3
"GO:0035592","establishment of protein localization to extracellular region","6/113","344/14942",0.0174418604651163,2.3063387528298,2.13974230947081,0.0464380824445452,0.219830466324938,0.180473796492509,"Rsad2/Ptger4/Hcar2/Apoe/Anxa5/Igf1",6
"GO:0022407","regulation of cell-cell adhesion","7/113","435/14942",0.0160919540229885,2.1278405045265,2.08389883792642,0.0470123196624574,0.220916132882944,0.181365094085258,"Gpnmb/Fgl2/Cd44/Lgals3/Chst2/Il4i1/Igf1",7
"GO:0006024","glycosaminoglycan biosynthetic process","2/113","46/14942",0.0434782608695652,5.74913428241631,2.81599354879622,0.0472884734243411,0.220916132882944,0.181365094085258,"Ptger4/Igf1",2
"GO:0008340","determination of adult lifespan","2/113","46/14942",0.0434782608695652,5.74913428241631,2.81599354879622,0.0472884734243411,0.220916132882944,0.181365094085258,"Atp1a3/Enpp1",2
"GO:0030330","DNA damage response, signal transduction by p53 class mediator","2/113","46/14942",0.0434782608695652,5.74913428241631,2.81599354879622,0.0472884734243411,0.220916132882944,0.181365094085258,"Cd44/Sp100",2
"GO:0046850","regulation of bone remodeling","2/113","46/14942",0.0434782608695652,5.74913428241631,2.81599354879622,0.0472884734243411,0.220916132882944,0.181365094085258,"Ptger4/Spp1",2
"GO:0060986","endocrine hormone secretion","2/113","46/14942",0.0434782608695652,5.74913428241631,2.81599354879622,0.0472884734243411,0.220916132882944,0.181365094085258,"Hcar2/Spp1",2
"GO:0098586","cellular response to virus","2/113","46/14942",0.0434782608695652,5.74913428241631,2.81599354879622,0.0472884734243411,0.220916132882944,0.181365094085258,"Adar/Ikbke",2
"GO:0014909","smooth muscle cell migration","3/113","107/14942",0.0280373831775701,3.70738565875445,2.45341694016502,0.047470161188499,0.220935890391332,0.181381314369041,"Ptger4/Enpp1/Igf1",3
"GO:0019364","pyridine nucleotide catabolic process","3/113","107/14942",0.0280373831775701,3.70738565875445,2.45341694016502,0.047470161188499,0.220935890391332,0.181381314369041,"Slc2a6/Enpp1/Igf1",3
"GO:0006109","regulation of carbohydrate metabolic process","4/113","180/14942",0.0222222222222222,2.93844641101278,2.28397093734308,0.0477158891730369,0.221252447003467,0.181641197244022,"Ptger4/Slc2a6/Enpp1/Igf1",4
"GO:0045814","negative regulation of gene expression, epigenetic","4/113","180/14942",0.0222222222222222,2.93844641101278,2.28397093734308,0.0477158891730369,0.221252447003467,0.181641197244022,"Ifi213/Ifi209/Znfx1/Ifi207",4
"GO:0046031","ADP metabolic process","3/113","108/14942",0.0277777777777778,3.67305801376598,2.43368433597731,0.0485664944861501,0.224654657182243,0.18443430321197,"Slc2a6/Enpp1/Igf1",3
"GO:0071692","protein localization to extracellular region","6/113","348/14942",0.0172413793103448,2.27982911199268,2.10876195538882,0.048630064345875,0.224654657182243,0.18443430321197,"Rsad2/Ptger4/Hcar2/Apoe/Anxa5/Igf1",6
"GO:0045581","negative regulation of T cell differentiation","2/113","47/14942",0.0425531914893617,5.62681227640746,2.77321586760424,0.0491518777495647,0.225714093334126,0.185304066478492,"Fgl2/Cd44",2
"GO:1902622","regulation of neutrophil migration","2/113","47/14942",0.0425531914893617,5.62681227640746,2.77321586760424,0.0491518777495647,0.225714093334126,0.185304066478492,"Ptger4/Myo1f",2
"GO:0051091","positive regulation of DNA-binding transcription factor activity","4/113","182/14942",0.021978021978022,2.90615579111154,2.25852046490079,0.0493327806239417,0.225714093334126,0.185304066478492,"Eif2ak2/Clec7a/Sp100/Ikbke",4
"GO:0030336","negative regulation of cell migration","5/113","263/14942",0.0190114068441065,2.51388000942158,2.16219179638572,0.0493951070285321,0.225714093334126,0.185304066478492,"Ptger4/Apoe/Zeb2/Sp100/Rap2b",5
"GO:0008630","intrinsic apoptotic signaling pathway in response to DNA damage","3/113","109/14942",0.0275229357798165,3.63936023382317,2.4141849694288,0.0496752301795587,0.225714093334126,0.185304066478492,"Ifi204/Cd44/Ikbke",3
"GO:0008643","carbohydrate transport","3/113","109/14942",0.0275229357798165,3.63936023382317,2.4141849694288,0.0496752301795587,0.225714093334126,0.185304066478492,"Fabp5/Enpp1/Igf1",3
"GO:0030038","contractile actin filament bundle assembly","3/113","109/14942",0.0275229357798165,3.63936023382317,2.4141849694288,0.0496752301795587,0.225714093334126,0.185304066478492,"Ptger4/Zeb2/Gpr65",3
"GO:0034763","negative regulation of transmembrane transport","3/113","109/14942",0.0275229357798165,3.63936023382317,2.4141849694288,0.0496752301795587,0.225714093334126,0.185304066478492,"Fabp5/Enpp1/Oaz1",3
"GO:0043149","stress fiber assembly","3/113","109/14942",0.0275229357798165,3.63936023382317,2.4141849694288,0.0496752301795587,0.225714093334126,0.185304066478492,"Ptger4/Zeb2/Gpr65",3
"GO:0051222","positive regulation of protein transport","5/113","264/14942",0.0189393939393939,2.50435773665862,2.15274588456116,0.0500572393222529,0.227035566324972,0.186388953626335,"Ptger4/Hcar2/Apoe/Oaz1/Igf1",5
"GO:0010876","lipid localization","6/113","351/14942",0.0170940170940171,2.26034339308676,2.08580181301705,0.050315551917735,0.227358838010439,0.186654349362195,"Lpl/Fabp5/Apoe/Spp1/Plin2/Ikbke",6
"GO:0009134","nucleoside diphosphate catabolic process","3/113","110/14942",0.0272727272727273,3.60627514078842,2.39491369722419,0.0507963139476483,0.227358838010439,0.186654349362195,"Slc2a6/Enpp1/Igf1",3
"GO:0009191","ribonucleoside diphosphate catabolic process","3/113","110/14942",0.0272727272727273,3.60627514078842,2.39491369722419,0.0507963139476483,0.227358838010439,0.186654349362195,"Slc2a6/Enpp1/Igf1",3
"GO:0032609","type II interferon production","3/113","110/14942",0.0272727272727273,3.60627514078842,2.39491369722419,0.0507963139476483,0.227358838010439,0.186654349362195,"Clec7a/Axl/Enpp1",3
"GO:0002269","leukocyte activation involved in inflammatory response","2/113","48/14942",0.0416666666666667,5.50958702064897,2.73164864375239,0.051041602589492,0.227358838010439,0.186654349362195,"Cst7/Enpp1",2
"GO:0030857","negative regulation of epithelial cell differentiation","2/113","48/14942",0.0416666666666667,5.50958702064897,2.73164864375239,0.051041602589492,0.227358838010439,0.186654349362195,"Stat1/Xdh",2
"GO:0033173","calcineurin-NFAT signaling cascade","2/113","48/14942",0.0416666666666667,5.50958702064897,2.73164864375239,0.051041602589492,0.227358838010439,0.186654349362195,"Clec7a/Igf1",2
"GO:0045429","positive regulation of nitric oxide biosynthetic process","2/113","48/14942",0.0416666666666667,5.50958702064897,2.73164864375239,0.051041602589492,0.227358838010439,0.186654349362195,"Clec7a/Apoe",2
"GO:0090659","walking behavior","2/113","48/14942",0.0416666666666667,5.50958702064897,2.73164864375239,0.051041602589492,0.227358838010439,0.186654349362195,"Atp1a3/Enpp1",2
"GO:1900077","negative regulation of cellular response to insulin stimulus","2/113","48/14942",0.0416666666666667,5.50958702064897,2.73164864375239,0.051041602589492,0.227358838010439,0.186654349362195,"Lpl/Enpp1",2
"GO:0060326","cell chemotaxis","5/113","266/14942",0.018796992481203,2.48552797924014,2.13398284955578,0.0513972252690698,0.228534090928542,0.187619194497244,"Csf1/Lox/Spp1/Lgals3/Csf3r",5
"GO:0072526","pyridine-containing compound catabolic process","3/113","111/14942",0.027027027027027,3.57378617555609,2.37586553627752,0.0519296901535743,0.230179010693824,0.188969621123402,"Slc2a6/Enpp1/Igf1",3
"GO:0045785","positive regulation of cell adhesion","7/113","445/14942",0.0157303370786517,2.08002386397534,2.01905156084385,0.0519520498031845,0.230179010693824,0.188969621123402,"Csf1/Ptger4/Spp1/Cd44/Chst2/Il4i1/Igf1",7
"GO:0045765","regulation of angiogenesis","5/113","268/14942",0.0186567164179104,2.46697926297715,2.11538897434222,0.0527581853614005,0.232563150794974,0.190926924051506,"Stat1/Itgax/Sp100/Lgals3/Cybb",5
"GO:0036006","cellular response to macrophage colony-stimulating factor stimulus","2/113","49/14942",0.0408163265306122,5.39714646920715,2.69123114119177,0.0529571512051205,0.232563150794974,0.190926924051506,"Csf1/Axl",2
"GO:0042509","regulation of tyrosine phosphorylation of STAT protein","2/113","49/14942",0.0408163265306122,5.39714646920715,2.69123114119177,0.0529571512051205,0.232563150794974,0.190926924051506,"Ptger4/Igf1",2
"GO:0043457","regulation of cellular respiration","2/113","49/14942",0.0408163265306122,5.39714646920715,2.69123114119177,0.0529571512051205,0.232563150794974,0.190926924051506,"Oas1a/Oas1g",2
"GO:0051403","stress-activated MAPK cascade","2/113","49/14942",0.0408163265306122,5.39714646920715,2.69123114119177,0.0529571512051205,0.232563150794974,0.190926924051506,"Eif2ak2/Clec7a",2
"GO:0009141","nucleoside triphosphate metabolic process","5/113","269/14942",0.0185873605947955,2.45780833634898,2.10615453062685,0.0534465342081661,0.234299067215376,0.192352056027166,"Cmpk2/Slc2a6/Enpp1/Samhd1/Igf1",5
"GO:0001763","morphogenesis of a branching structure","4/113","188/14942",0.0212765957446809,2.81340613820373,2.18419917403183,0.0543635512792682,0.23608998538637,0.193822342684562,"Csf1/Cd44/Ctsz/Igf1",4
"GO:0002707","negative regulation of lymphocyte mediated immunity","2/113","50/14942",0.04,5.28920353982301,2.65190685633959,0.0548980327464692,0.23608998538637,0.193822342684562,"Tap1/Il4i1",2
"GO:0010596","negative regulation of endothelial cell migration","2/113","50/14942",0.04,5.28920353982301,2.65190685633959,0.0548980327464692,0.23608998538637,0.193822342684562,"Apoe/Sp100",2
"GO:0030193","regulation of blood coagulation","2/113","50/14942",0.04,5.28920353982301,2.65190685633959,0.0548980327464692,0.23608998538637,0.193822342684562,"Apoe/Anxa5",2
"GO:0031297","replication fork processing","2/113","50/14942",0.04,5.28920353982301,2.65190685633959,0.0548980327464692,0.23608998538637,0.193822342684562,"Dna2/Samhd1",2
"GO:0032653","regulation of interleukin-10 production","2/113","50/14942",0.04,5.28920353982301,2.65190685633959,0.0548980327464692,0.23608998538637,0.193822342684562,"Ptger4/Clec7a",2
"GO:0035791","platelet-derived growth factor receptor-beta signaling pathway","2/113","50/14942",0.04,5.28920353982301,2.65190685633959,0.0548980327464692,0.23608998538637,0.193822342684562,"Lox/Axl",2
"GO:0038065","collagen-activated signaling pathway","2/113","50/14942",0.04,5.28920353982301,2.65190685633959,0.0548980327464692,0.23608998538637,0.193822342684562,"Axl/Enpp1",2
"GO:0060251","regulation of glial cell proliferation","2/113","50/14942",0.04,5.28920353982301,2.65190685633959,0.0548980327464692,0.23608998538637,0.193822342684562,"Vim/Igf1",2
"GO:0090303","positive regulation of wound healing","2/113","50/14942",0.04,5.28920353982301,2.65190685633959,0.0548980327464692,0.23608998538637,0.193822342684562,"Ptger4/Clec7a",2
"GO:1904407","positive regulation of nitric oxide metabolic process","2/113","50/14942",0.04,5.28920353982301,2.65190685633959,0.0548980327464692,0.23608998538637,0.193822342684562,"Clec7a/Apoe",2
"GO:0009135","purine nucleoside diphosphate metabolic process","3/113","114/14942",0.0263157894736842,3.47973917093619,2.32001216104062,0.0554029979795317,0.237033444963976,0.194596892885243,"Slc2a6/Enpp1/Igf1",3
"GO:0009179","purine ribonucleoside diphosphate metabolic process","3/113","114/14942",0.0263157894736842,3.47973917093619,2.32001216104062,0.0554029979795317,0.237033444963976,0.194596892885243,"Slc2a6/Enpp1/Igf1",3
"GO:0031047","regulatory ncRNA-mediated gene silencing","3/113","114/14942",0.0263157894736842,3.47973917093619,2.32001216104062,0.0554029979795317,0.237033444963976,0.194596892885243,"Helz2/Adar/Znfx1",3
"GO:0002792","negative regulation of peptide secretion","2/113","51/14942",0.0392156862745098,5.18549366649315,2.61362314476246,0.0568637621932257,0.241292131491039,0.198093138598858,"Ptger4/Anxa5",2
"GO:0032757","positive regulation of interleukin-8 production","2/113","51/14942",0.0392156862745098,5.18549366649315,2.61362314476246,0.0568637621932257,0.241292131491039,0.198093138598858,"Ptger4/Clec7a",2
"GO:0036005","response to macrophage colony-stimulating factor","2/113","51/14942",0.0392156862745098,5.18549366649315,2.61362314476246,0.0568637621932257,0.241292131491039,0.198093138598858,"Csf1/Axl",2
"GO:1900046","regulation of hemostasis","2/113","51/14942",0.0392156862745098,5.18549366649315,2.61362314476246,0.0568637621932257,0.241292131491039,0.198093138598858,"Apoe/Anxa5",2
"GO:2000146","negative regulation of cell motility","5/113","274/14942",0.0182481751824818,2.41295781926232,2.06059266678785,0.0569669924840674,0.241292131491039,0.198093138598858,"Ptger4/Apoe/Zeb2/Sp100/Rap2b",5
"GO:0006006","glucose metabolic process","4/113","191/14942",0.0209424083769634,2.76921651299634,2.1481275170004,0.0569798286412575,0.241292131491039,0.198093138598858,"Oas1a/Fabp5/Oas1g/Igf1",4
"GO:0015718","monocarboxylic acid transport","3/113","116/14942",0.0258620689655172,3.41974366798901,2.28380742622959,0.0577789224540308,0.244217514813019,0.200494784936328,"Fabp5/Apoe/Plin2",3
"GO:0019722","calcium-mediated signaling","4/113","192/14942",0.0208333333333333,2.75479351032448,2.13625821504474,0.0578668006986672,0.244217514813019,0.200494784936328,"Atp1a3/Cd22/Clec7a/Igf1",4
"GO:0043583","ear development","4/113","193/14942",0.0207253886010363,2.74051996882021,2.12446460078029,0.0587611930636092,0.245470874601158,0.201523753318727,"Ifi204/H2-K1/Enpp1/Igf1",4
"GO:0001974","blood vessel remodeling","2/113","52/14942",0.0384615384615385,5.0857726344452,2.57633088740401,0.0588538602959403,0.245470874601158,0.201523753318727,"Axl/Igf1",2
"GO:0007260","tyrosine phosphorylation of STAT protein","2/113","52/14942",0.0384615384615385,5.0857726344452,2.57633088740401,0.0588538602959403,0.245470874601158,0.201523753318727,"Ptger4/Igf1",2
"GO:0050850","positive regulation of calcium-mediated signaling","2/113","52/14942",0.0384615384615385,5.0857726344452,2.57633088740401,0.0588538602959403,0.245470874601158,0.201523753318727,"Clec7a/Igf1",2
"GO:0061045","negative regulation of wound healing","2/113","52/14942",0.0384615384615385,5.0857726344452,2.57633088740401,0.0588538602959403,0.245470874601158,0.201523753318727,"Apoe/Anxa5",2
"GO:0070527","platelet aggregation","2/113","52/14942",0.0384615384615385,5.0857726344452,2.57633088740401,0.0588538602959403,0.245470874601158,0.201523753318727,"Rap2b/Gla",2
"GO:0097720","calcineurin-mediated signaling","2/113","52/14942",0.0384615384615385,5.0857726344452,2.57633088740401,0.0588538602959403,0.245470874601158,0.201523753318727,"Clec7a/Igf1",2
"GO:0035821","modulation of process of another organism","3/113","117/14942",0.0256410256410256,3.39051508963013,2.26600149114311,0.0589848153067693,0.245605669086715,0.201634415289115,"Clec7a/Apoe/Ifitm3",3
"GO:0030595","leukocyte chemotaxis","4/113","194/14942",0.0206185567010309,2.72639357722835,2.1127457373087,0.0596629931910009,0.247189439343747,0.202934640120718,"Csf1/Spp1/Lgals3/Csf3r",4
"GO:0031345","negative regulation of cell projection organization","4/113","194/14942",0.0206185567010309,2.72639357722835,2.1127457373087,0.0596629931910009,0.247189439343747,0.202934640120718,"H2-D1/Apoe/H2-K1/Vim",4
"GO:0045637","regulation of myeloid cell differentiation","4/113","194/14942",0.0206185567010309,2.72639357722835,2.1127457373087,0.0596629931910009,0.247189439343747,0.202934640120718,"Stat1/Csf1/Lox/Csf3r",4
"GO:0016064","immunoglobulin mediated immune response","3/113","118/14942",0.0254237288135593,3.36178191090446,2.24838777104183,0.0602025769956799,0.248460582392186,0.203978207992232,"Fgl2/Irf7/Enpp1",3
"GO:0045619","regulation of lymphocyte differentiation","4/113","195/14942",0.0205128205128205,2.71241207170411,2.10110070425408,0.0605721879777598,0.248460582392186,0.203978207992232,"Fgl2/Axl/Cd44/Il4i1",4
"GO:0001655","urogenital system development","2/113","53/14942",0.0377358490566038,4.98981466021039,2.53998419149512,0.0608678535177644,0.248460582392186,0.203978207992232,"Cd44/Igf1",2
"GO:0009620","response to fungus","2/113","53/14942",0.0377358490566038,4.98981466021039,2.53998419149512,0.0608678535177644,0.248460582392186,0.203978207992232,"Clec7a/Zbp1",2
"GO:0019083","viral transcription","2/113","53/14942",0.0377358490566038,4.98981466021039,2.53998419149512,0.0608678535177644,0.248460582392186,0.203978207992232,"Ifitm3/Sp100",2
"GO:0032613","interleukin-10 production","2/113","53/14942",0.0377358490566038,4.98981466021039,2.53998419149512,0.0608678535177644,0.248460582392186,0.203978207992232,"Ptger4/Clec7a",2
"GO:0033059","cellular pigmentation","2/113","53/14942",0.0377358490566038,4.98981466021039,2.53998419149512,0.0608678535177644,0.248460582392186,0.203978207992232,"Apoe/Zeb2",2
"GO:0046578","regulation of Ras protein signal transduction","2/113","53/14942",0.0377358490566038,4.98981466021039,2.53998419149512,0.0608678535177644,0.248460582392186,0.203978207992232,"Csf1/Igf1",2
"GO:0097006","regulation of plasma lipoprotein particle levels","2/113","53/14942",0.0377358490566038,4.98981466021039,2.53998419149512,0.0608678535177644,0.248460582392186,0.203978207992232,"Lpl/Apoe",2
"GO:0043491","phosphatidylinositol 3-kinase/protein kinase B signal transduction","5/113","280/14942",0.0178571428571429,2.36125158027813,2.00721515358126,0.0613646625557661,0.250078575718261,0.205306528871217,"Atp1a3/Lox/Axl/Xdh/Igf1",5
"GO:0006401","RNA catabolic process","5/113","281/14942",0.0177935943060498,2.35284854974333,1.99845174204114,0.0621159500973866,0.252726659709955,0.207480521309124,"Oas2/Slfn2/Dna2/Ikbke/Vim",5
"GO:0014812","muscle cell migration","3/113","120/14942",0.025,3.30575221238938,2.21372145710436,0.0626734457610803,0.253453288352834,0.208077060233018,"Ptger4/Enpp1/Igf1",3
"GO:0035710","CD4-positive, alpha-beta T cell activation","3/113","120/14942",0.025,3.30575221238938,2.21372145710436,0.0626734457610803,0.253453288352834,0.208077060233018,"Rsad2/Ptger4/Cd44",3
"GO:0006023","aminoglycan biosynthetic process","2/113","54/14942",0.037037037037037,4.8974106850213,2.50454012196218,0.0629052739767275,0.253453288352834,0.208077060233018,"Ptger4/Igf1",2
"GO:0045620","negative regulation of lymphocyte differentiation","2/113","54/14942",0.037037037037037,4.8974106850213,2.50454012196218,0.0629052739767275,0.253453288352834,0.208077060233018,"Fgl2/Cd44",2
"GO:0050818","regulation of coagulation","2/113","54/14942",0.037037037037037,4.8974106850213,2.50454012196218,0.0629052739767275,0.253453288352834,0.208077060233018,"Apoe/Anxa5",2
"GO:0070542","response to fatty acid","2/113","54/14942",0.037037037037037,4.8974106850213,2.50454012196218,0.0629052739767275,0.253453288352834,0.208077060233018,"Lpl/Oaz1",2
"GO:0001933","negative regulation of protein phosphorylation","5/113","283/14942",0.0176678445229682,2.33622064479815,1.98103589510332,0.063634226218566,0.255976128084377,0.21014823113078,"Apoe/Adar/Enpp1/Xdh/Igf1",5
"GO:0019724","B cell mediated immunity","3/113","121/14942",0.0247933884297521,3.27843194617129,2.19666138088491,0.0639264197127277,0.2567367501366,0.210772677558773,"Fgl2/Irf7/Enpp1",3
"GO:0009593","detection of chemical stimulus","2/113","55/14942",0.0363636363636364,4.80836685438455,2.46995845972135,0.0649656593885488,0.258823187003978,0.212485575633788,"Clec7a/Rtp4",2
"GO:0045005","DNA-templated DNA replication maintenance of fidelity","2/113","55/14942",0.0363636363636364,4.80836685438455,2.46995845972135,0.0649656593885488,0.258823187003978,0.212485575633788,"Dna2/Samhd1",2
"GO:0045778","positive regulation of ossification","2/113","55/14942",0.0363636363636364,4.80836685438455,2.46995845972135,0.0649656593885488,0.258823187003978,0.212485575633788,"Ptger4/Fam20c",2
"GO:0046324","regulation of D-glucose import","2/113","55/14942",0.0363636363636364,4.80836685438455,2.46995845972135,0.0649656593885488,0.258823187003978,0.212485575633788,"Enpp1/Igf1",2
"GO:0061900","glial cell activation","2/113","55/14942",0.0363636363636364,4.80836685438455,2.46995845972135,0.0649656593885488,0.258823187003978,0.212485575633788,"Cst7/Zeb2",2
"GO:0000768","syncytium formation by plasma membrane fusion","2/113","56/14942",0.0357142857142857,4.72250316055626,2.4362014837317,0.067048553009977,0.2612341913396,0.214464933240965,"Stat1/Cd44",2
"GO:0006110","regulation of glycolytic process","2/113","56/14942",0.0357142857142857,4.72250316055626,2.4362014837317,0.067048553009977,0.2612341913396,0.214464933240965,"Slc2a6/Igf1",2
"GO:0030811","regulation of nucleotide catabolic process","2/113","56/14942",0.0357142857142857,4.72250316055626,2.4362014837317,0.067048553009977,0.2612341913396,0.214464933240965,"Slc2a6/Igf1",2
"GO:0031098","stress-activated protein kinase signaling cascade","2/113","56/14942",0.0357142857142857,4.72250316055626,2.4362014837317,0.067048553009977,0.2612341913396,0.214464933240965,"Eif2ak2/Clec7a",2
"GO:0033121","regulation of purine nucleotide catabolic process","2/113","56/14942",0.0357142857142857,4.72250316055626,2.4362014837317,0.067048553009977,0.2612341913396,0.214464933240965,"Slc2a6/Igf1",2
"GO:0050854","regulation of antigen receptor-mediated signaling pathway","2/113","56/14942",0.0357142857142857,4.72250316055626,2.4362014837317,0.067048553009977,0.2612341913396,0.214464933240965,"Cd22/Lgals3",2
"GO:0060425","lung morphogenesis","2/113","56/14942",0.0357142857142857,4.72250316055626,2.4362014837317,0.067048553009977,0.2612341913396,0.214464933240965,"Ctsz/Igf1",2
"GO:0140253","cell-cell fusion","2/113","56/14942",0.0357142857142857,4.72250316055626,2.4362014837317,0.067048553009977,0.2612341913396,0.214464933240965,"Stat1/Cd44",2
"GO:0035264","multicellular organism growth","4/113","202/14942",0.0198019801980198,2.61841759397179,2.02157871379008,0.0671423866743013,0.2612341913396,0.214464933240965,"Atp1a3/Csf1/Enpp1/Igf1",4
"GO:0031400","negative regulation of protein modification process","6/113","380/14942",0.0157894736842105,2.08784350256171,1.87508443649857,0.068460694119689,0.2612341913396,0.214464933240965,"Rps7/Apoe/Adar/Enpp1/Xdh/Igf1",6
"GO:0040013","negative regulation of locomotion","5/113","290/14942",0.0172413793103448,2.27982911199268,1.92121359309447,0.0691126876936098,0.2612341913396,0.214464933240965,"Ptger4/Apoe/Zeb2/Sp100/Rap2b",5
"GO:0030162","regulation of proteolysis","6/113","381/14942",0.015748031496063,2.08236359835552,1.86815620497785,0.0691465443859808,0.2612341913396,0.214464933240965,"Cst7/Rps7/Apoe/Ctsz/Gsap/Oaz1",6
"GO:0021536","diencephalon development","2/113","57/14942",0.0350877192982456,4.63965222791492,2.40323377409268,0.0691535035826563,0.2612341913396,0.214464933240965,"Atp1a3/Zeb2",2
"GO:0034142","toll-like receptor 4 signaling pathway","2/113","57/14942",0.0350877192982456,4.63965222791492,2.40323377409268,0.0691535035826563,0.2612341913396,0.214464933240965,"Oas1a/Oas1g",2
"GO:0002367","cytokine production involved in immune response","3/113","126/14942",0.0238095238095238,3.14833544037084,2.11395142058279,0.0703639354176145,0.2612341913396,0.214464933240965,"Rsad2/Clec7a/Axl",3
"GO:0009185","ribonucleoside diphosphate metabolic process","3/113","126/14942",0.0238095238095238,3.14833544037084,2.11395142058279,0.0703639354176145,0.2612341913396,0.214464933240965,"Slc2a6/Enpp1/Igf1",3
"GO:0045598","regulation of fat cell differentiation","3/113","126/14942",0.0238095238095238,3.14833544037084,2.11395142058279,0.0703639354176145,0.2612341913396,0.214464933240965,"Lpl/Enpp1/Igf1",3
"GO:1903532","positive regulation of secretion by cell","5/113","292/14942",0.0171232876712329,2.26421384410232,1.90443553880361,0.0707248183424588,0.2612341913396,0.214464933240965,"Ptger4/Hcar2/Spp1/Lgals3/Igf1",5
"GO:0006949","syncytium formation","2/113","58/14942",0.0344827586206897,4.55965822398535,2.37102203382335,0.0712800652775115,0.2612341913396,0.214464933240965,"Stat1/Cd44",2
"GO:0048524","positive regulation of viral process","2/113","58/14942",0.0344827586206897,4.55965822398535,2.37102203382335,0.0712800652775115,0.2612341913396,0.214464933240965,"Axl/Adar",2
"GO:2000107","negative regulation of leukocyte apoptotic process","2/113","58/14942",0.0344827586206897,4.55965822398535,2.37102203382335,0.0712800652775115,0.2612341913396,0.214464933240965,"Axl/Cd44",2
"GO:0043603","amide metabolic process","6/113","385/14942",0.0155844155844156,2.06072865187909,1.84065267253007,0.0719300687176587,0.2612341913396,0.214464933240965,"Apoe/Enpp1/Gsap/Xdh/Gla/Igf1",6
"GO:1902652","secondary alcohol metabolic process","3/113","128/14942",0.0234375,3.09914269911504,2.0820152176753,0.0730181841614694,0.2612341913396,0.214464933240965,"Apoe/Enpp1/Aplp2",3
"GO:0001547","antral ovarian follicle growth","1/113","10/14942",0.1,13.2230088495575,3.37514361859693,0.0731245909091168,0.2612341913396,0.214464933240965,"Ptger4",1
"GO:0002158","osteoclast proliferation","1/113","10/14942",0.1,13.2230088495575,3.37514361859693,0.0731245909091168,0.2612341913396,0.214464933240965,"Csf1",1
"GO:0002317","plasma cell differentiation","1/113","10/14942",0.1,13.2230088495575,3.37514361859693,0.0731245909091168,0.2612341913396,0.214464933240965,"Enpp1",1
"GO:0006152","purine nucleoside catabolic process","1/113","10/14942",0.1,13.2230088495575,3.37514361859693,0.0731245909091168,0.2612341913396,0.214464933240965,"Xdh",1
"GO:0006388","tRNA splicing, via endonucleolytic cleavage and ligation","1/113","10/14942",0.1,13.2230088495575,3.37514361859693,0.0731245909091168,0.2612341913396,0.214464933240965,"Rtcb",1
"GO:0006586","indolalkylamine metabolic process","1/113","10/14942",0.1,13.2230088495575,3.37514361859693,0.0731245909091168,0.2612341913396,0.214464933240965,"Il4i1",1
"GO:0009169","purine ribonucleoside monophosphate catabolic process","1/113","10/14942",0.1,13.2230088495575,3.37514361859693,0.0731245909091168,0.2612341913396,0.214464933240965,"Xdh",1
"GO:0010764","negative regulation of fibroblast migration","1/113","10/14942",0.1,13.2230088495575,3.37514361859693,0.0731245909091168,0.2612341913396,0.214464933240965,"Zeb2",1
"GO:0016137","glycoside metabolic process","1/113","10/14942",0.1,13.2230088495575,3.37514361859693,0.0731245909091168,0.2612341913396,0.214464933240965,"Gla",1
"GO:0016553","base conversion or substitution editing","1/113","10/14942",0.1,13.2230088495575,3.37514361859693,0.0731245909091168,0.2612341913396,0.214464933240965,"Adar",1
"GO:0018158","protein oxidation","1/113","10/14942",0.1,13.2230088495575,3.37514361859693,0.0731245909091168,0.2612341913396,0.214464933240965,"Lox",1
"GO:0021924","cell proliferation in external granule layer","1/113","10/14942",0.1,13.2230088495575,3.37514361859693,0.0731245909091168,0.2612341913396,0.214464933240965,"Igf1",1
"GO:0021930","cerebellar granule cell precursor proliferation","1/113","10/14942",0.1,13.2230088495575,3.37514361859693,0.0731245909091168,0.2612341913396,0.214464933240965,"Igf1",1
"GO:0030002","intracellular monoatomic anion homeostasis","1/113","10/14942",0.1,13.2230088495575,3.37514361859693,0.0731245909091168,0.2612341913396,0.214464933240965,"Spp1",1
"GO:0030644","intracellular chloride ion homeostasis","1/113","10/14942",0.1,13.2230088495575,3.37514361859693,0.0731245909091168,0.2612341913396,0.214464933240965,"Spp1",1
"GO:0031392","regulation of prostaglandin biosynthetic process","1/113","10/14942",0.1,13.2230088495575,3.37514361859693,0.0731245909091168,0.2612341913396,0.214464933240965,"Fabp5",1
"GO:0031953","negative regulation of protein autophosphorylation","1/113","10/14942",0.1,13.2230088495575,3.37514361859693,0.0731245909091168,0.2612341913396,0.214464933240965,"Enpp1",1
"GO:0032372","negative regulation of sterol transport","1/113","10/14942",0.1,13.2230088495575,3.37514361859693,0.0731245909091168,0.2612341913396,0.214464933240965,"Apoe",1
"GO:0032375","negative regulation of cholesterol transport","1/113","10/14942",0.1,13.2230088495575,3.37514361859693,0.0731245909091168,0.2612341913396,0.214464933240965,"Apoe",1
"GO:0032610","interleukin-1 alpha production","1/113","10/14942",0.1,13.2230088495575,3.37514361859693,0.0731245909091168,0.2612341913396,0.214464933240965,"Ptger4",1
"GO:0033197","response to vitamin E","1/113","10/14942",0.1,13.2230088495575,3.37514361859693,0.0731245909091168,0.2612341913396,0.214464933240965,"Eif2ak2",1
"GO:0033689","negative regulation of osteoblast proliferation","1/113","10/14942",0.1,13.2230088495575,3.37514361859693,0.0731245909091168,0.2612341913396,0.214464933240965,"Eif2ak2",1
"GO:0034116","positive regulation of heterotypic cell-cell adhesion","1/113","10/14942",0.1,13.2230088495575,3.37514361859693,0.0731245909091168,0.2612341913396,0.214464933240965,"Cd44",1
"GO:0035435","phosphate ion transmembrane transport","1/113","10/14942",0.1,13.2230088495575,3.37514361859693,0.0731245909091168,0.2612341913396,0.214464933240965,"Ank",1
"GO:0035771","interleukin-4-mediated signaling pathway","1/113","10/14942",0.1,13.2230088495575,3.37514361859693,0.0731245909091168,0.2612341913396,0.214464933240965,"Cd300lf",1
"GO:0044387","negative regulation of protein kinase activity by regulation of protein phosphorylation","1/113","10/14942",0.1,13.2230088495575,3.37514361859693,0.0731245909091168,0.2612341913396,0.214464933240965,"Adar",1
"GO:0046719","regulation by virus of viral protein levels in host cell","1/113","10/14942",0.1,13.2230088495575,3.37514361859693,0.0731245909091168,0.2612341913396,0.214464933240965,"Stat1",1
"GO:0046940","nucleoside monophosphate phosphorylation","1/113","10/14942",0.1,13.2230088495575,3.37514361859693,0.0731245909091168,0.2612341913396,0.214464933240965,"Cmpk2",1
"GO:0046958","nonassociative learning","1/113","10/14942",0.1,13.2230088495575,3.37514361859693,0.0731245909091168,0.2612341913396,0.214464933240965,"Atp1a3",1
"GO:0050912","detection of chemical stimulus involved in sensory perception of taste","1/113","10/14942",0.1,13.2230088495575,3.37514361859693,0.0731245909091168,0.2612341913396,0.214464933240965,"Rtp4",1
"GO:0051709","regulation of killing of cells of another organism","1/113","10/14942",0.1,13.2230088495575,3.37514361859693,0.0731245909091168,0.2612341913396,0.214464933240965,"Clec7a",1
"GO:0060426","lung vasculature development","1/113","10/14942",0.1,13.2230088495575,3.37514361859693,0.0731245909091168,0.2612341913396,0.214464933240965,"Igf1",1
"GO:0060509","type I pneumocyte differentiation","1/113","10/14942",0.1,13.2230088495575,3.37514361859693,0.0731245909091168,0.2612341913396,0.214464933240965,"Igf1",1
"GO:0070257","positive regulation of mucus secretion","1/113","10/14942",0.1,13.2230088495575,3.37514361859693,0.0731245909091168,0.2612341913396,0.214464933240965,"Ptger4",1
"GO:0070874","negative regulation of glycogen metabolic process","1/113","10/14942",0.1,13.2230088495575,3.37514361859693,0.0731245909091168,0.2612341913396,0.214464933240965,"Enpp1",1
"GO:0070922","RISC complex assembly","1/113","10/14942",0.1,13.2230088495575,3.37514361859693,0.0731245909091168,0.2612341913396,0.214464933240965,"Adar",1
"GO:0090649","response to oxygen-glucose deprivation","1/113","10/14942",0.1,13.2230088495575,3.37514361859693,0.0731245909091168,0.2612341913396,0.214464933240965,"Zeb2",1
"GO:0090713","immunological memory process","1/113","10/14942",0.1,13.2230088495575,3.37514361859693,0.0731245909091168,0.2612341913396,0.214464933240965,"Fgl2",1
"GO:0097067","cellular response to thyroid hormone stimulus","1/113","10/14942",0.1,13.2230088495575,3.37514361859693,0.0731245909091168,0.2612341913396,0.214464933240965,"Ctsb",1
"GO:0110025","DNA strand resection involved in replication fork processing","1/113","10/14942",0.1,13.2230088495575,3.37514361859693,0.0731245909091168,0.2612341913396,0.214464933240965,"Samhd1",1
"GO:1900246","positive regulation of RIG-I signaling pathway","1/113","10/14942",0.1,13.2230088495575,3.37514361859693,0.0731245909091168,0.2612341913396,0.214464933240965,"Dhx58",1
"GO:1900747","negative regulation of vascular endothelial growth factor signaling pathway","1/113","10/14942",0.1,13.2230088495575,3.37514361859693,0.0731245909091168,0.2612341913396,0.214464933240965,"Xdh",1
"GO:1903276","regulation of sodium ion export across plasma membrane","1/113","10/14942",0.1,13.2230088495575,3.37514361859693,0.0731245909091168,0.2612341913396,0.214464933240965,"Fxyd5",1
"GO:1903943","regulation of hepatocyte apoptotic process","1/113","10/14942",0.1,13.2230088495575,3.37514361859693,0.0731245909091168,0.2612341913396,0.214464933240965,"Adar",1
"GO:1904179","positive regulation of adipose tissue development","1/113","10/14942",0.1,13.2230088495575,3.37514361859693,0.0731245909091168,0.2612341913396,0.214464933240965,"Lpl",1
"GO:1905651","regulation of artery morphogenesis","1/113","10/14942",0.1,13.2230088495575,3.37514361859693,0.0731245909091168,0.2612341913396,0.214464933240965,"Ptger4",1
"GO:1990535","neuron projection maintenance","1/113","10/14942",0.1,13.2230088495575,3.37514361859693,0.0731245909091168,0.2612341913396,0.214464933240965,"Atp1a3",1
"GO:2000392","regulation of lamellipodium morphogenesis","1/113","10/14942",0.1,13.2230088495575,3.37514361859693,0.0731245909091168,0.2612341913396,0.214464933240965,"Cd44",1
"GO:2000822","regulation of behavioral fear response","1/113","10/14942",0.1,13.2230088495575,3.37514361859693,0.0731245909091168,0.2612341913396,0.214464933240965,"Apoe",1
"GO:0140115","export across plasma membrane","2/113","59/14942",0.0338983050847458,4.48237588120594,2.33953492726176,0.0734277976396496,0.261566832793602,0.214738021257736,"Atp1a3/Fxyd5",2
"GO:0140962","multicellular organismal-level chemical homeostasis","2/113","59/14942",0.0338983050847458,4.48237588120594,2.33953492726176,0.0734277976396496,0.261566832793602,0.214738021257736,"Oas1a/Oas1g",2
"GO:0006090","pyruvate metabolic process","3/113","129/14942",0.0232558139534884,3.0751183371064,2.06628076982859,0.0743619973348946,0.261871046256475,0.214987770801131,"Slc2a6/Enpp1/Igf1",3
"GO:0050729","positive regulation of inflammatory response","3/113","129/14942",0.0232558139534884,3.0751183371064,2.06628076982859,0.0743619973348946,0.261871046256475,0.214987770801131,"Lpl/Ptger4/Zbp1",3
"GO:1903828","negative regulation of protein localization","4/113","210/14942",0.019047619047619,2.51866835229667,1.93470545881227,0.075086916111472,0.261871046256475,0.214987770801131,"Rsad2/Apoe/Anxa5/Sp100",4
"GO:0006801","superoxide metabolic process","2/113","60/14942",0.0333333333333333,4.40766961651917,2.30874293328128,0.0755962655337717,0.261871046256475,0.214987770801131,"Clec7a/Cybb",2
"GO:0030166","proteoglycan biosynthetic process","2/113","60/14942",0.0333333333333333,4.40766961651917,2.30874293328128,0.0755962655337717,0.261871046256475,0.214987770801131,"Chst1/Igf1",2
"GO:0045600","positive regulation of fat cell differentiation","2/113","60/14942",0.0333333333333333,4.40766961651917,2.30874293328128,0.0755962655337717,0.261871046256475,0.214987770801131,"Lpl/Igf1",2
"GO:0072088","nephron epithelium morphogenesis","2/113","60/14942",0.0333333333333333,4.40766961651917,2.30874293328128,0.0755962655337717,0.261871046256475,0.214987770801131,"Stat1/Cd44",2
"GO:1901657","glycosyl compound metabolic process","2/113","60/14942",0.0333333333333333,4.40766961651917,2.30874293328128,0.0755962655337717,0.261871046256475,0.214987770801131,"Xdh/Gla",2
"GO:1904035","regulation of epithelial cell apoptotic process","2/113","60/14942",0.0333333333333333,4.40766961651917,2.30874293328128,0.0755962655337717,0.261871046256475,0.214987770801131,"Adar/Igf1",2
"GO:0030856","regulation of epithelial cell differentiation","3/113","130/14942",0.0230769230769231,3.05146358066712,2.05069823625436,0.075716836735094,0.261871046256475,0.214987770801131,"Stat1/Zeb2/Xdh",3
"GO:0043542","endothelial cell migration","4/113","212/14942",0.0188679245283019,2.49490733010519,1.91361228534639,0.077144595289051,0.261871046256475,0.214987770801131,"Apoe/Zeb2/Sp100/Igf1",4
"GO:0002704","negative regulation of leukocyte mediated immunity","2/113","61/14942",0.0327868852459016,4.33541273755984,2.27861821174275,0.0777850390900924,0.261871046256475,0.214987770801131,"Tap1/Il4i1",2
"GO:0030225","macrophage differentiation","2/113","61/14942",0.0327868852459016,4.33541273755984,2.27861821174275,0.0777850390900924,0.261871046256475,0.214987770801131,"Csf1/Enpp1",2
"GO:0050885","neuromuscular process controlling balance","2/113","61/14942",0.0327868852459016,4.33541273755984,2.27861821174275,0.0777850390900924,0.261871046256475,0.214987770801131,"Atp1a3/Aplp2",2
"GO:0072593","reactive oxygen species metabolic process","4/113","213/14942",0.0187793427230047,2.48319415015165,1.90315559723792,0.0781840506129124,0.261871046256475,0.214987770801131,"Ptger4/Clec7a/Xdh/Cybb",4
"GO:0042326","negative regulation of phosphorylation","5/113","301/14942",0.0166112956810631,2.19651309793314,1.8305789185334,0.0782354238492382,0.261871046256475,0.214987770801131,"Apoe/Adar/Enpp1/Xdh/Igf1",5
"GO:0044057","regulation of system process","7/113","491/14942",0.0142566191446029,1.88515401113855,1.74093982168104,0.078810360466637,0.261871046256475,0.214987770801131,"Itgax/Fabp5/Ptger4/Cst7/Apoe/Spp1/Igf1",7
"GO:0010038","response to metal ion","5/113","302/14942",0.0165562913907285,2.18923987575456,1.82253349235853,0.0790956567123933,0.261871046256475,0.214987770801131,"Atp1a3/Enpp1/Anxa5/Xdh/Cybb",5
"GO:0050688","regulation of defense response to virus","2/113","62/14942",0.032258064516129,4.26548672566372,2.24913448179305,0.0799936936507605,0.261871046256475,0.214987770801131,"Stat1/Fgl2",2
"GO:0072028","nephron morphogenesis","2/113","62/14942",0.032258064516129,4.26548672566372,2.24913448179305,0.0799936936507605,0.261871046256475,0.214987770801131,"Stat1/Cd44",2
"GO:0000394","RNA splicing, via endonucleolytic cleavage and ligation","1/113","11/14942",0.0909090909090909,12.0209171359614,3.19185205992021,0.0801388503001743,0.261871046256475,0.214987770801131,"Rtcb",1
"GO:0002732","positive regulation of dendritic cell cytokine production","1/113","11/14942",0.0909090909090909,12.0209171359614,3.19185205992021,0.0801388503001743,0.261871046256475,0.214987770801131,"Clec7a",1
"GO:0006012","galactose metabolic process","1/113","11/14942",0.0909090909090909,12.0209171359614,3.19185205992021,0.0801388503001743,0.261871046256475,0.214987770801131,"Chst1",1
"GO:0006521","regulation of amino acid metabolic process","1/113","11/14942",0.0909090909090909,12.0209171359614,3.19185205992021,0.0801388503001743,0.261871046256475,0.214987770801131,"Oaz1",1
"GO:0009070","serine family amino acid biosynthetic process","1/113","11/14942",0.0909090909090909,12.0209171359614,3.19185205992021,0.0801388503001743,0.261871046256475,0.214987770801131,"Psat1",1
"GO:0009120","deoxyribonucleoside metabolic process","1/113","11/14942",0.0909090909090909,12.0209171359614,3.19185205992021,0.0801388503001743,0.261871046256475,0.214987770801131,"Xdh",1
"GO:0009128","purine nucleoside monophosphate catabolic process","1/113","11/14942",0.0909090909090909,12.0209171359614,3.19185205992021,0.0801388503001743,0.261871046256475,0.214987770801131,"Xdh",1
"GO:0009138","pyrimidine nucleoside diphosphate metabolic process","1/113","11/14942",0.0909090909090909,12.0209171359614,3.19185205992021,0.0801388503001743,0.261871046256475,0.214987770801131,"Cmpk2",1
"GO:0009170","purine deoxyribonucleoside monophosphate metabolic process","1/113","11/14942",0.0909090909090909,12.0209171359614,3.19185205992021,0.0801388503001743,0.261871046256475,0.214987770801131,"Xdh",1
"GO:0009215","purine deoxyribonucleoside triphosphate metabolic process","1/113","11/14942",0.0909090909090909,12.0209171359614,3.19185205992021,0.0801388503001743,0.261871046256475,0.214987770801131,"Samhd1",1
"GO:0009221","pyrimidine deoxyribonucleotide biosynthetic process","1/113","11/14942",0.0909090909090909,12.0209171359614,3.19185205992021,0.0801388503001743,0.261871046256475,0.214987770801131,"Cmpk2",1
"GO:0016185","synaptic vesicle budding from presynaptic endocytic zone membrane","1/113","11/14942",0.0909090909090909,12.0209171359614,3.19185205992021,0.0801388503001743,0.261871046256475,0.214987770801131,"Mx2",1
"GO:0021534","cell proliferation in hindbrain","1/113","11/14942",0.0909090909090909,12.0209171359614,3.19185205992021,0.0801388503001743,0.261871046256475,0.214987770801131,"Igf1",1
"GO:0030007","intracellular potassium ion homeostasis","1/113","11/14942",0.0909090909090909,12.0209171359614,3.19185205992021,0.0801388503001743,0.261871046256475,0.214987770801131,"Atp1a3",1
"GO:0032536","regulation of cell projection size","1/113","11/14942",0.0909090909090909,12.0209171359614,3.19185205992021,0.0801388503001743,0.261871046256475,0.214987770801131,"Gla",1
"GO:0032825","positive regulation of natural killer cell differentiation","1/113","11/14942",0.0909090909090909,12.0209171359614,3.19185205992021,0.0801388503001743,0.261871046256475,0.214987770801131,"Axl",1
"GO:0033700","phospholipid efflux","1/113","11/14942",0.0909090909090909,12.0209171359614,3.19185205992021,0.0801388503001743,0.261871046256475,0.214987770801131,"Apoe",1
"GO:0034154","toll-like receptor 7 signaling pathway","1/113","11/14942",0.0909090909090909,12.0209171359614,3.19185205992021,0.0801388503001743,0.261871046256475,0.214987770801131,"Rsad2",1
"GO:0034351","negative regulation of glial cell apoptotic process","1/113","11/14942",0.0909090909090909,12.0209171359614,3.19185205992021,0.0801388503001743,0.261871046256475,0.214987770801131,"Igf1",1
"GO:0035701","hematopoietic stem cell migration","1/113","11/14942",0.0909090909090909,12.0209171359614,3.19185205992021,0.0801388503001743,0.261871046256475,0.214987770801131,"Enpp1",1
"GO:0035745","T-helper 2 cell cytokine production","1/113","11/14942",0.0909090909090909,12.0209171359614,3.19185205992021,0.0801388503001743,0.261871046256475,0.214987770801131,"Rsad2",1
"GO:0042590","antigen processing and presentation of exogenous peptide antigen via MHC class I","1/113","11/14942",0.0909090909090909,12.0209171359614,3.19185205992021,0.0801388503001743,0.261871046256475,0.214987770801131,"H2-K1",1
"GO:0045188","regulation of circadian sleep/wake cycle, non-REM sleep","1/113","11/14942",0.0909090909090909,12.0209171359614,3.19185205992021,0.0801388503001743,0.261871046256475,0.214987770801131,"Ptger4",1
"GO:0045602","negative regulation of endothelial cell differentiation","1/113","11/14942",0.0909090909090909,12.0209171359614,3.19185205992021,0.0801388503001743,0.261871046256475,0.214987770801131,"Xdh",1
"GO:0046085","adenosine metabolic process","1/113","11/14942",0.0909090909090909,12.0209171359614,3.19185205992021,0.0801388503001743,0.261871046256475,0.214987770801131,"Xdh",1
"GO:0046886","positive regulation of hormone biosynthetic process","1/113","11/14942",0.0909090909090909,12.0209171359614,3.19185205992021,0.0801388503001743,0.261871046256475,0.214987770801131,"Igf1",1
"GO:0051354","negative regulation of oxidoreductase activity","1/113","11/14942",0.0909090909090909,12.0209171359614,3.19185205992021,0.0801388503001743,0.261871046256475,0.214987770801131,"Gla",1
"GO:0060020","Bergmann glial cell differentiation","1/113","11/14942",0.0909090909090909,12.0209171359614,3.19185205992021,0.0801388503001743,0.261871046256475,0.214987770801131,"Vim",1
"GO:0060613","fat pad development","1/113","11/14942",0.0909090909090909,12.0209171359614,3.19185205992021,0.0801388503001743,0.261871046256475,0.214987770801131,"Enpp1",1
"GO:0071863","regulation of cell proliferation in bone marrow","1/113","11/14942",0.0909090909090909,12.0209171359614,3.19185205992021,0.0801388503001743,0.261871046256475,0.214987770801131,"Lgals3",1
"GO:0072074","kidney mesenchyme development","1/113","11/14942",0.0909090909090909,12.0209171359614,3.19185205992021,0.0801388503001743,0.261871046256475,0.214987770801131,"Stat1",1
"GO:0072077","renal vesicle morphogenesis","1/113","11/14942",0.0909090909090909,12.0209171359614,3.19185205992021,0.0801388503001743,0.261871046256475,0.214987770801131,"Stat1",1
"GO:0072160","nephron tubule epithelial cell differentiation","1/113","11/14942",0.0909090909090909,12.0209171359614,3.19185205992021,0.0801388503001743,0.261871046256475,0.214987770801131,"Stat1",1
"GO:0097113","AMPA glutamate receptor clustering","1/113","11/14942",0.0909090909090909,12.0209171359614,3.19185205992021,0.0801388503001743,0.261871046256475,0.214987770801131,"Apoe",1
"GO:0097400","interleukin-17-mediated signaling pathway","1/113","11/14942",0.0909090909090909,12.0209171359614,3.19185205992021,0.0801388503001743,0.261871046256475,0.214987770801131,"Ikbke",1
"GO:0097688","glutamate receptor clustering","1/113","11/14942",0.0909090909090909,12.0209171359614,3.19185205992021,0.0801388503001743,0.261871046256475,0.214987770801131,"Apoe",1
"GO:0098917","retrograde trans-synaptic signaling","1/113","11/14942",0.0909090909090909,12.0209171359614,3.19185205992021,0.0801388503001743,0.261871046256475,0.214987770801131,"Fabp5",1
"GO:1900147","regulation of Schwann cell migration","1/113","11/14942",0.0909090909090909,12.0209171359614,3.19185205992021,0.0801388503001743,0.261871046256475,0.214987770801131,"Vim",1
"GO:1902047","polyamine transmembrane transport","1/113","11/14942",0.0909090909090909,12.0209171359614,3.19185205992021,0.0801388503001743,0.261871046256475,0.214987770801131,"Oaz1",1
"GO:1902222","erythrose 4-phosphate/phosphoenolpyruvate family amino acid catabolic process","1/113","11/14942",0.0909090909090909,12.0209171359614,3.19185205992021,0.0801388503001743,0.261871046256475,0.214987770801131,"Il4i1",1
"GO:1903365","regulation of fear response","1/113","11/14942",0.0909090909090909,12.0209171359614,3.19185205992021,0.0801388503001743,0.261871046256475,0.214987770801131,"Apoe",1
"GO:2001138","regulation of phospholipid transport","1/113","11/14942",0.0909090909090909,12.0209171359614,3.19185205992021,0.0801388503001743,0.261871046256475,0.214987770801131,"Apoe",1
"GO:2001140","positive regulation of phospholipid transport","1/113","11/14942",0.0909090909090909,12.0209171359614,3.19185205992021,0.0801388503001743,0.261871046256475,0.214987770801131,"Apoe",1
"GO:0043086","negative regulation of catalytic activity","5/113","304/14942",0.0164473684210526,2.17483698183512,1.80653612840737,0.0808314606232365,0.263442849413428,0.216278171025524,"Cst7/Rps7/Apoe/Adar/Gla",5
"GO:0141188","nucleic acid catabolic process","5/113","304/14942",0.0164473684210526,2.17483698183512,1.80653612840737,0.0808314606232365,0.263442849413428,0.216278171025524,"Oas2/Slfn2/Dna2/Ikbke/Vim",5
"GO:0030183","B cell differentiation","3/113","134/14942",0.0223880597014925,2.96037511557258,1.98983240594097,0.0812449325807417,0.264444290360846,0.217100322080221,"Tpd52/Enpp1/Il4i1",3
"GO:0002381","immunoglobulin production involved in immunoglobulin-mediated immune response","2/113","63/14942",0.0317460317460317,4.19778058716112,2.22026691078642,0.0822218097167789,0.266578523691119,0.218852459525747,"Fgl2/Enpp1",2
"GO:0014911","positive regulation of smooth muscle cell migration","2/113","63/14942",0.0317460317460317,4.19778058716112,2.22026691078642,0.0822218097167789,0.266578523691119,0.218852459525747,"Ptger4/Igf1",2
"GO:0051898","negative regulation of phosphatidylinositol 3-kinase/protein kinase B signal transduction","2/113","63/14942",0.0317460317460317,4.19778058716112,2.22026691078642,0.0822218097167789,0.266578523691119,0.218852459525747,"Lox/Xdh",2
"GO:1902105","regulation of leukocyte differentiation","5/113","307/14942",0.0162866449511401,2.15358450318526,1.78277017392396,0.0834733794419777,0.270284414578055,0.221894877662474,"Fgl2/Csf1/Axl/Cd44/Il4i1",5
"GO:0021782","glial cell development","3/113","137/14942",0.0218978102189781,2.89554938311479,1.94564813883045,0.0855030029608721,0.270424228636472,0.222009660541969,"Zeb2/Enpp1/Vim",3
"GO:0032677","regulation of interleukin-8 production","2/113","65/14942",0.0307692307692308,4.06861810755616,2.16428755542834,0.0867347738481083,0.270424228636472,0.222009660541969,"Ptger4/Clec7a",2
"GO:0035194","regulatory ncRNA-mediated post-transcriptional gene silencing","2/113","65/14942",0.0307692307692308,4.06861810755616,2.16428755542834,0.0867347738481083,0.270424228636472,0.222009660541969,"Helz2/Adar",2
"GO:0045576","mast cell activation","2/113","65/14942",0.0307692307692308,4.06861810755616,2.16428755542834,0.0867347738481083,0.270424228636472,0.222009660541969,"Milr1/Cd300lf",2
"GO:0050810","regulation of steroid biosynthetic process","2/113","65/14942",0.0307692307692308,4.06861810755616,2.16428755542834,0.0867347738481083,0.270424228636472,0.222009660541969,"Apoe/Igf1",2
"GO:0050680","negative regulation of epithelial cell proliferation","3/113","138/14942",0.0217391304347826,2.87456714120816,1.93118610121688,0.0869432705549457,0.270424228636472,0.222009660541969,"Stat1/Apoe/Xdh",3
"GO:0051047","positive regulation of secretion","5/113","311/14942",0.0160771704180064,2.12588566713143,1.75150185596347,0.0870668714870202,0.270424228636472,0.222009660541969,"Ptger4/Hcar2/Spp1/Lgals3/Igf1",5
"GO:0001820","serotonin secretion","1/113","12/14942",0.0833333333333333,11.0191740412979,3.03085920300518,0.0871004945246789,0.270424228636472,0.222009660541969,"Lgals3",1
"GO:0002638","negative regulation of immunoglobulin production","1/113","12/14942",0.0833333333333333,11.0191740412979,3.03085920300518,0.0871004945246789,0.270424228636472,0.222009660541969,"Cd22",1
"GO:0006596","polyamine biosynthetic process","1/113","12/14942",0.0833333333333333,11.0191740412979,3.03085920300518,0.0871004945246789,0.270424228636472,0.222009660541969,"Oaz1",1
"GO:0009133","nucleoside diphosphate biosynthetic process","1/113","12/14942",0.0833333333333333,11.0191740412979,3.03085920300518,0.0871004945246789,0.270424228636472,0.222009660541969,"Cmpk2",1
"GO:0015846","polyamine transport","1/113","12/14942",0.0833333333333333,11.0191740412979,3.03085920300518,0.0871004945246789,0.270424228636472,0.222009660541969,"Oaz1",1
"GO:0017038","protein import","1/113","12/14942",0.0833333333333333,11.0191740412979,3.03085920300518,0.0871004945246789,0.270424228636472,0.222009660541969,"Apoe",1
"GO:0019852","L-ascorbic acid metabolic process","1/113","12/14942",0.0833333333333333,11.0191740412979,3.03085920300518,0.0871004945246789,0.270424228636472,0.222009660541969,"Atp1a3",1
"GO:0021794","thalamus development","1/113","12/14942",0.0833333333333333,11.0191740412979,3.03085920300518,0.0871004945246789,0.270424228636472,0.222009660541969,"Atp1a3",1
"GO:0031048","regulatory ncRNA-mediated heterochromatin formation","1/113","12/14942",0.0833333333333333,11.0191740412979,3.03085920300518,0.0871004945246789,0.270424228636472,0.222009660541969,"Znfx1",1
"GO:0032488","Cdc42 protein signal transduction","1/113","12/14942",0.0833333333333333,11.0191740412979,3.03085920300518,0.0871004945246789,0.270424228636472,0.222009660541969,"Apoe",1
"GO:0042748","circadian sleep/wake cycle, non-REM sleep","1/113","12/14942",0.0833333333333333,11.0191740412979,3.03085920300518,0.0871004945246789,0.270424228636472,0.222009660541969,"Ptger4",1
"GO:0043031","negative regulation of macrophage activation","1/113","12/14942",0.0833333333333333,11.0191740412979,3.03085920300518,0.0871004945246789,0.270424228636472,0.222009660541969,"Cst7",1
"GO:0046479","glycosphingolipid catabolic process","1/113","12/14942",0.0833333333333333,11.0191740412979,3.03085920300518,0.0871004945246789,0.270424228636472,0.222009660541969,"Gla",1
"GO:0061517","macrophage proliferation","1/113","12/14942",0.0833333333333333,11.0191740412979,3.03085920300518,0.0871004945246789,0.270424228636472,0.222009660541969,"Csf1",1
"GO:0070255","regulation of mucus secretion","1/113","12/14942",0.0833333333333333,11.0191740412979,3.03085920300518,0.0871004945246789,0.270424228636472,0.222009660541969,"Ptger4",1
"GO:0099541","trans-synaptic signaling by lipid","1/113","12/14942",0.0833333333333333,11.0191740412979,3.03085920300518,0.0871004945246789,0.270424228636472,0.222009660541969,"Fabp5",1
"GO:0099542","trans-synaptic signaling by endocannabinoid","1/113","12/14942",0.0833333333333333,11.0191740412979,3.03085920300518,0.0871004945246789,0.270424228636472,0.222009660541969,"Fabp5",1
"GO:1902166","negative regulation of intrinsic apoptotic signaling pathway in response to DNA damage by p53 class mediator","1/113","12/14942",0.0833333333333333,11.0191740412979,3.03085920300518,0.0871004945246789,0.270424228636472,0.222009660541969,"Cd44",1
"GO:1902548","negative regulation of cellular response to vascular endothelial growth factor stimulus","1/113","12/14942",0.0833333333333333,11.0191740412979,3.03085920300518,0.0871004945246789,0.270424228636472,0.222009660541969,"Xdh",1
"GO:1903238","positive regulation of leukocyte tethering or rolling","1/113","12/14942",0.0833333333333333,11.0191740412979,3.03085920300518,0.0871004945246789,0.270424228636472,0.222009660541969,"Chst2",1
"GO:1905907","negative regulation of amyloid fibril formation","1/113","12/14942",0.0833333333333333,11.0191740412979,3.03085920300518,0.0871004945246789,0.270424228636472,0.222009660541969,"Apoe",1
"GO:1990314","cellular response to insulin-like growth factor stimulus","1/113","12/14942",0.0833333333333333,11.0191740412979,3.03085920300518,0.0871004945246789,0.270424228636472,0.222009660541969,"Igf1",1
"GO:2000562","negative regulation of CD4-positive, alpha-beta T cell proliferation","1/113","12/14942",0.0833333333333333,11.0191740412979,3.03085920300518,0.0871004945246789,0.270424228636472,0.222009660541969,"Cd44",1
"GO:2000644","regulation of receptor catabolic process","1/113","12/14942",0.0833333333333333,11.0191740412979,3.03085920300518,0.0871004945246789,0.270424228636472,0.222009660541969,"Apoe",1
"GO:2000696","regulation of epithelial cell differentiation involved in kidney development","1/113","12/14942",0.0833333333333333,11.0191740412979,3.03085920300518,0.0871004945246789,0.270424228636472,0.222009660541969,"Stat1",1
"GO:2001279","regulation of unsaturated fatty acid biosynthetic process","1/113","12/14942",0.0833333333333333,11.0191740412979,3.03085920300518,0.0871004945246789,0.270424228636472,0.222009660541969,"Fabp5",1
"GO:0048732","gland development","6/113","406/14942",0.0147783251231527,1.95413923885087,1.7014744744385,0.0875921064615679,0.271611886786182,0.222984689976227,"Csf1/Oas2/Cd44/Mki67/Xdh/Igf1",6
"GO:0006611","protein export from nucleus","2/113","66/14942",0.0303030303030303,4.00697237865379,2.1371324750904,0.0890188082388462,0.273463420272542,0.224504739872871,"Adar/Sp100",2
"GO:0032637","interleukin-8 production","2/113","66/14942",0.0303030303030303,4.00697237865379,2.1371324750904,0.0890188082388462,0.273463420272542,0.224504739872871,"Ptger4/Clec7a",2
"GO:0070228","regulation of lymphocyte apoptotic process","2/113","66/14942",0.0303030303030303,4.00697237865379,2.1371324750904,0.0890188082388462,0.273463420272542,0.224504739872871,"Cd44/Lgals3",2
"GO:0140895","cell surface toll-like receptor signaling pathway","2/113","66/14942",0.0303030303030303,4.00697237865379,2.1371324750904,0.0890188082388462,0.273463420272542,0.224504739872871,"Oas1a/Oas1g",2
"GO:0021700","developmental maturation","5/113","314/14942",0.0159235668789809,2.10557465757285,1.72835736768979,0.0898148339740621,0.273463420272542,0.224504739872871,"Clec7a/Axl/Enpp1/Fam20c/Igf1",5
"GO:0050673","epithelial cell proliferation","6/113","409/14942",0.0146699266503667,1.93980569920159,1.68226811516287,0.0899722603012666,0.273463420272542,0.224504739872871,"Stat1/Apoe/Zeb2/Mki67/Xdh/Igf1",6
"GO:0002274","myeloid leukocyte activation","4/113","225/14942",0.0177777777777778,2.35075712881023,1.78209973003621,0.0912002802655859,0.273463420272542,0.224504739872871,"Cst7/Milr1/Myo1f/Cd300lf",4
"GO:0009123","nucleoside monophosphate metabolic process","2/113","67/14942",0.0298507462686567,3.94716682076344,2.11050679829768,0.0913206766830416,0.273463420272542,0.224504739872871,"Cmpk2/Xdh",2
"GO:0042698","ovulation cycle","2/113","67/14942",0.0298507462686567,3.94716682076344,2.11050679829768,0.0913206766830416,0.273463420272542,0.224504739872871,"Ptger4/Axl",2
"GO:1903036","positive regulation of response to wounding","2/113","67/14942",0.0298507462686567,3.94716682076344,2.11050679829768,0.0913206766830416,0.273463420272542,0.224504739872871,"Ptger4/Clec7a",2
"GO:0045861","negative regulation of proteolysis","3/113","141/14942",0.0212765957446809,2.81340613820373,1.88856627699923,0.0913256748715257,0.273463420272542,0.224504739872871,"Cst7/Rps7/Ctsz",3
"GO:2000377","regulation of reactive oxygen species metabolic process","3/113","141/14942",0.0212765957446809,2.81340613820373,1.88856627699923,0.0913256748715257,0.273463420272542,0.224504739872871,"Ptger4/Clec7a/Xdh",3
"GO:0046887","positive regulation of hormone secretion","3/113","142/14942",0.0211267605633803,2.7935934189206,1.87460787992806,0.0928067373530218,0.273463420272542,0.224504739872871,"Ptger4/Hcar2/Spp1",3
"GO:1903531","negative regulation of secretion by cell","3/113","142/14942",0.0211267605633803,2.7935934189206,1.87460787992806,0.0928067373530218,0.273463420272542,0.224504739872871,"Rsad2/Apoe/Anxa5",3
"GO:0045806","negative regulation of endocytosis","2/113","68/14942",0.0294117647058824,3.88912024986986,2.08439157001478,0.0936399846968706,0.273463420272542,0.224504739872871,"Lgals3/Cd300lf",2
"GO:0051057","positive regulation of small GTPase mediated signal transduction","2/113","68/14942",0.0294117647058824,3.88912024986986,2.08439157001478,0.0936399846968706,0.273463420272542,0.224504739872871,"Csf1/Igf1",2
"GO:0001878","response to yeast","1/113","13/14942",0.0769230769230769,10.1715452688904,2.88783219055861,0.0940099147603597,0.273463420272542,0.224504739872871,"Clec7a",1
"GO:0001967","suckling behavior","1/113","13/14942",0.0769230769230769,10.1715452688904,2.88783219055861,0.0940099147603597,0.273463420272542,0.224504739872871,"Aplp2",1
"GO:0002830","positive regulation of type 2 immune response","1/113","13/14942",0.0769230769230769,10.1715452688904,2.88783219055861,0.0940099147603597,0.273463420272542,0.224504739872871,"Rsad2",1
"GO:0006271","DNA strand elongation involved in DNA replication","1/113","13/14942",0.0769230769230769,10.1715452688904,2.88783219055861,0.0940099147603597,0.273463420272542,0.224504739872871,"Dna2",1
"GO:0009074","aromatic amino acid family catabolic process","1/113","13/14942",0.0769230769230769,10.1715452688904,2.88783219055861,0.0940099147603597,0.273463420272542,0.224504739872871,"Il4i1",1
"GO:0009159","deoxyribonucleoside monophosphate catabolic process","1/113","13/14942",0.0769230769230769,10.1715452688904,2.88783219055861,0.0940099147603597,0.273463420272542,0.224504739872871,"Xdh",1
"GO:0009200","deoxyribonucleoside triphosphate metabolic process","1/113","13/14942",0.0769230769230769,10.1715452688904,2.88783219055861,0.0940099147603597,0.273463420272542,0.224504739872871,"Samhd1",1
"GO:0010755","regulation of plasminogen activation","1/113","13/14942",0.0769230769230769,10.1715452688904,2.88783219055861,0.0940099147603597,0.273463420272542,0.224504739872871,"Ctsz",1
"GO:0010936","negative regulation of macrophage cytokine production","1/113","13/14942",0.0769230769230769,10.1715452688904,2.88783219055861,0.0940099147603597,0.273463420272542,0.224504739872871,"Axl",1
"GO:0016446","somatic hypermutation of immunoglobulin genes","1/113","13/14942",0.0769230769230769,10.1715452688904,2.88783219055861,0.0940099147603597,0.273463420272542,0.224504739872871,"Samhd1",1
"GO:0019377","glycolipid catabolic process","1/113","13/14942",0.0769230769230769,10.1715452688904,2.88783219055861,0.0940099147603597,0.273463420272542,0.224504739872871,"Gla",1
"GO:0030213","hyaluronan biosynthetic process","1/113","13/14942",0.0769230769230769,10.1715452688904,2.88783219055861,0.0940099147603597,0.273463420272542,0.224504739872871,"Ptger4",1
"GO:0034163","regulation of toll-like receptor 9 signaling pathway","1/113","13/14942",0.0769230769230769,10.1715452688904,2.88783219055861,0.0940099147603597,0.273463420272542,0.224504739872871,"Rsad2",1
"GO:0036135","Schwann cell migration","1/113","13/14942",0.0769230769230769,10.1715452688904,2.88783219055861,0.0940099147603597,0.273463420272542,0.224504739872871,"Vim",1
"GO:0042454","ribonucleoside catabolic process","1/113","13/14942",0.0769230769230769,10.1715452688904,2.88783219055861,0.0940099147603597,0.273463420272542,0.224504739872871,"Xdh",1
"GO:0043455","regulation of secondary metabolic process","1/113","13/14942",0.0769230769230769,10.1715452688904,2.88783219055861,0.0940099147603597,0.273463420272542,0.224504739872871,"Zeb2",1
"GO:0043518","negative regulation of DNA damage response, signal transduction by p53 class mediator","1/113","13/14942",0.0769230769230769,10.1715452688904,2.88783219055861,0.0940099147603597,0.273463420272542,0.224504739872871,"Cd44",1
"GO:0043605","amide catabolic process","1/113","13/14942",0.0769230769230769,10.1715452688904,2.88783219055861,0.0940099147603597,0.273463420272542,0.224504739872871,"Xdh",1
"GO:0044406","adhesion of symbiont to host","1/113","13/14942",0.0769230769230769,10.1715452688904,2.88783219055861,0.0940099147603597,0.273463420272542,0.224504739872871,"Gbp6",1
"GO:0048021","regulation of melanin biosynthetic process","1/113","13/14942",0.0769230769230769,10.1715452688904,2.88783219055861,0.0940099147603597,0.273463420272542,0.224504739872871,"Zeb2",1
"GO:0048070","regulation of developmental pigmentation","1/113","13/14942",0.0769230769230769,10.1715452688904,2.88783219055861,0.0940099147603597,0.273463420272542,0.224504739872871,"Zeb2",1
"GO:0051764","actin crosslink formation","1/113","13/14942",0.0769230769230769,10.1715452688904,2.88783219055861,0.0940099147603597,0.273463420272542,0.224504739872871,"Gas2l3",1
"GO:0055089","fatty acid homeostasis","1/113","13/14942",0.0769230769230769,10.1715452688904,2.88783219055861,0.0940099147603597,0.273463420272542,0.224504739872871,"Apoe",1
"GO:0060330","regulation of response to type II interferon","1/113","13/14942",0.0769230769230769,10.1715452688904,2.88783219055861,0.0940099147603597,0.273463420272542,0.224504739872871,"Nlrc5",1
"GO:0060334","regulation of type II interferon-mediated signaling pathway","1/113","13/14942",0.0769230769230769,10.1715452688904,2.88783219055861,0.0940099147603597,0.273463420272542,0.224504739872871,"Nlrc5",1
"GO:0061430","bone trabecula morphogenesis","1/113","13/14942",0.0769230769230769,10.1715452688904,2.88783219055861,0.0940099147603597,0.273463420272542,0.224504739872871,"Enpp1",1
"GO:0070307","lens fiber cell development","1/113","13/14942",0.0769230769230769,10.1715452688904,2.88783219055861,0.0940099147603597,0.273463420272542,0.224504739872871,"Vim",1
"GO:0071380","cellular response to prostaglandin E stimulus","1/113","13/14942",0.0769230769230769,10.1715452688904,2.88783219055861,0.0940099147603597,0.273463420272542,0.224504739872871,"Ptger4",1
"GO:0071838","cell proliferation in bone marrow","1/113","13/14942",0.0769230769230769,10.1715452688904,2.88783219055861,0.0940099147603597,0.273463420272542,0.224504739872871,"Lgals3",1
"GO:0072087","renal vesicle development","1/113","13/14942",0.0769230769230769,10.1715452688904,2.88783219055861,0.0940099147603597,0.273463420272542,0.224504739872871,"Stat1",1
"GO:0090209","negative regulation of triglyceride metabolic process","1/113","13/14942",0.0769230769230769,10.1715452688904,2.88783219055861,0.0940099147603597,0.273463420272542,0.224504739872871,"Apoe",1
"GO:1900376","regulation of secondary metabolite biosynthetic process","1/113","13/14942",0.0769230769230769,10.1715452688904,2.88783219055861,0.0940099147603597,0.273463420272542,0.224504739872871,"Zeb2",1
"GO:1902931","negative regulation of alcohol biosynthetic process","1/113","13/14942",0.0769230769230769,10.1715452688904,2.88783219055861,0.0940099147603597,0.273463420272542,0.224504739872871,"Apoe",1
"GO:1902950","regulation of dendritic spine maintenance","1/113","13/14942",0.0769230769230769,10.1715452688904,2.88783219055861,0.0940099147603597,0.273463420272542,0.224504739872871,"Apoe",1
"GO:1905288","vascular associated smooth muscle cell apoptotic process","1/113","13/14942",0.0769230769230769,10.1715452688904,2.88783219055861,0.0940099147603597,0.273463420272542,0.224504739872871,"Igf1",1
"GO:1905459","regulation of vascular associated smooth muscle cell apoptotic process","1/113","13/14942",0.0769230769230769,10.1715452688904,2.88783219055861,0.0940099147603597,0.273463420272542,0.224504739872871,"Igf1",1
"GO:2000679","positive regulation of transcription regulatory region DNA binding","1/113","13/14942",0.0769230769230769,10.1715452688904,2.88783219055861,0.0940099147603597,0.273463420272542,0.224504739872871,"Igf1",1
"GO:1904951","positive regulation of establishment of protein localization","5/113","319/14942",0.0156739811912226,2.07257191999334,1.69035003319325,0.094494538395803,0.274552392771936,0.225398751537984,"Ptger4/Hcar2/Apoe/Oaz1/Igf1",5
"GO:0048863","stem cell differentiation","4/113","228/14942",0.0175438596491228,2.31982611395746,1.75304024611062,0.0946078312416608,0.274561188568456,0.22540597260619,"Eif2ak2/Rps7/Zeb2/Chd4",4
"GO:0062012","regulation of small molecule metabolic process","5/113","320/14942",0.015625,2.06609513274336,1.6828316908142,0.0954453376688708,0.276669255873677,0.227136628580292,"Fabp5/Apoe/Slc2a6/Oaz1/Igf1",5
"GO:0007033","vacuole organization","4/113","230/14942",0.0173913043478261,2.29965371296653,1.73391911269004,0.0969128652459535,0.277831939450924,0.228091154687674,"Ctsd/Gm5431/Tgtp2/Iigp1c",4
"GO:0007613","memory","3/113","145/14942",0.0206896551724138,2.73579493439121,1.83344844661762,0.0973095485238764,0.277831939450924,0.228091154687674,"Atp1a3/Apoe/Igf1",3
"GO:0050851","antigen receptor-mediated signaling pathway","3/113","145/14942",0.0206896551724138,2.73579493439121,1.83344844661762,0.0973095485238764,0.277831939450924,0.228091154687674,"Cd22/Lgals3/Fyb1",3
"GO:0015980","energy derivation by oxidation of organic compounds","5/113","323/14942",0.0154798761609907,2.04690539466835,1.66043923866422,0.0983272266454735,0.277831939450924,0.228091154687674,"Oas1a/Enpp1/Oas1g/Cox4i1/Igf1",5
"GO:0032370","positive regulation of lipid transport","2/113","70/14942",0.0285714285714286,3.77800252844501,2.03362133901086,0.0983293657013203,0.277831939450924,0.228091154687674,"Apoe/Spp1",2
"GO:0050766","positive regulation of phagocytosis","2/113","70/14942",0.0285714285714286,3.77800252844501,2.03362133901086,0.0983293657013203,0.277831939450924,0.228091154687674,"Clec7a/Cd300lf",2
"GO:2000241","regulation of reproductive process","3/113","146/14942",0.0205479452054795,2.71705661292278,1.81996067105219,0.0988300811016406,0.277831939450924,0.228091154687674,"Ptger4/Anxa5/Igf1",3
"GO:2001236","regulation of extrinsic apoptotic signaling pathway","3/113","147/14942",0.0204081632653061,2.69857323460358,1.80658575310912,0.100360270872247,0.277831939450924,0.228091154687674,"Sp100/Lgals3/Igf1",3
"GO:0002224","toll-like receptor signaling pathway","2/113","71/14942",0.028169014084507,3.72479122522747,2.00893294817734,0.100698673778794,0.277831939450924,0.228091154687674,"Irf7/Cd300lf",2
"GO:0002720","positive regulation of cytokine production involved in immune response","2/113","71/14942",0.028169014084507,3.72479122522747,2.00893294817734,0.100698673778794,0.277831939450924,0.228091154687674,"Rsad2/Clec7a",2
"GO:0016441","post-transcriptional gene silencing","2/113","71/14942",0.028169014084507,3.72479122522747,2.00893294817734,0.100698673778794,0.277831939450924,0.228091154687674,"Helz2/Adar",2
"GO:0042632","cholesterol homeostasis","2/113","71/14942",0.028169014084507,3.72479122522747,2.00893294817734,0.100698673778794,0.277831939450924,0.228091154687674,"Lpl/Apoe",2
"GO:0045123","cellular extravasation","2/113","71/14942",0.028169014084507,3.72479122522747,2.00893294817734,0.100698673778794,0.277831939450924,0.228091154687674,"Ptger4/Chst2",2
"GO:0002424","T cell mediated immune response to tumor cell","1/113","14/14942",0.0714285714285714,9.44500632111252,2.75953753476417,0.100867499302665,0.277831939450924,0.228091154687674,"Il4i1",1
"GO:0002468","dendritic cell antigen processing and presentation","1/113","14/14942",0.0714285714285714,9.44500632111252,2.75953753476417,0.100867499302665,0.277831939450924,0.228091154687674,"Fgl2",1
"GO:0002840","regulation of T cell mediated immune response to tumor cell","1/113","14/14942",0.0714285714285714,9.44500632111252,2.75953753476417,0.100867499302665,0.277831939450924,0.228091154687674,"Il4i1",1
"GO:0009158","ribonucleoside monophosphate catabolic process","1/113","14/14942",0.0714285714285714,9.44500632111252,2.75953753476417,0.100867499302665,0.277831939450924,0.228091154687674,"Xdh",1
"GO:0010544","negative regulation of platelet activation","1/113","14/14942",0.0714285714285714,9.44500632111252,2.75953753476417,0.100867499302665,0.277831939450924,0.228091154687674,"Apoe",1
"GO:0010885","regulation of cholesterol storage","1/113","14/14942",0.0714285714285714,9.44500632111252,2.75953753476417,0.100867499302665,0.277831939450924,0.228091154687674,"Lpl",1
"GO:0010960","magnesium ion homeostasis","1/113","14/14942",0.0714285714285714,9.44500632111252,2.75953753476417,0.100867499302665,0.277831939450924,0.228091154687674,"Enpp1",1
"GO:0030502","negative regulation of bone mineralization","1/113","14/14942",0.0714285714285714,9.44500632111252,2.75953753476417,0.100867499302665,0.277831939450924,0.228091154687674,"Enpp1",1
"GO:0030540","female genitalia development","1/113","14/14942",0.0714285714285714,9.44500632111252,2.75953753476417,0.100867499302665,0.277831939450924,0.228091154687674,"Axl",1
"GO:0032148","activation of protein kinase B activity","1/113","14/14942",0.0714285714285714,9.44500632111252,2.75953753476417,0.100867499302665,0.277831939450924,0.228091154687674,"Igf1",1
"GO:0032486","Rap protein signal transduction","1/113","14/14942",0.0714285714285714,9.44500632111252,2.75953753476417,0.100867499302665,0.277831939450924,0.228091154687674,"Rap2b",1
"GO:0043312","neutrophil degranulation","1/113","14/14942",0.0714285714285714,9.44500632111252,2.75953753476417,0.100867499302665,0.277831939450924,0.228091154687674,"Myo1f",1
"GO:0045651","positive regulation of macrophage differentiation","1/113","14/14942",0.0714285714285714,9.44500632111252,2.75953753476417,0.100867499302665,0.277831939450924,0.228091154687674,"Csf1",1
"GO:0045725","positive regulation of glycogen biosynthetic process","1/113","14/14942",0.0714285714285714,9.44500632111252,2.75953753476417,0.100867499302665,0.277831939450924,0.228091154687674,"Igf1",1
"GO:0048548","regulation of pinocytosis","1/113","14/14942",0.0714285714285714,9.44500632111252,2.75953753476417,0.100867499302665,0.277831939450924,0.228091154687674,"Axl",1
"GO:0050665","hydrogen peroxide biosynthetic process","1/113","14/14942",0.0714285714285714,9.44500632111252,2.75953753476417,0.100867499302665,0.277831939450924,0.228091154687674,"Cybb",1
"GO:0050855","regulation of B cell receptor signaling pathway","1/113","14/14942",0.0714285714285714,9.44500632111252,2.75953753476417,0.100867499302665,0.277831939450924,0.228091154687674,"Cd22",1
"GO:0060295","regulation of cilium movement involved in cell motility","1/113","14/14942",0.0714285714285714,9.44500632111252,2.75953753476417,0.100867499302665,0.277831939450924,0.228091154687674,"Anxa5",1
"GO:0060766","negative regulation of androgen receptor signaling pathway","1/113","14/14942",0.0714285714285714,9.44500632111252,2.75953753476417,0.100867499302665,0.277831939450924,0.228091154687674,"Igf1",1
"GO:0061000","negative regulation of dendritic spine development","1/113","14/14942",0.0714285714285714,9.44500632111252,2.75953753476417,0.100867499302665,0.277831939450924,0.228091154687674,"Apoe",1
"GO:0070142","synaptic vesicle budding","1/113","14/14942",0.0714285714285714,9.44500632111252,2.75953753476417,0.100867499302665,0.277831939450924,0.228091154687674,"Mx2",1
"GO:0070166","enamel mineralization","1/113","14/14942",0.0714285714285714,9.44500632111252,2.75953753476417,0.100867499302665,0.277831939450924,0.228091154687674,"Fam20c",1
"GO:0072672","neutrophil extravasation","1/113","14/14942",0.0714285714285714,9.44500632111252,2.75953753476417,0.100867499302665,0.277831939450924,0.228091154687674,"Ptger4",1
"GO:0120305","regulation of pigmentation","1/113","14/14942",0.0714285714285714,9.44500632111252,2.75953753476417,0.100867499302665,0.277831939450924,0.228091154687674,"Zeb2",1
"GO:1900120","regulation of receptor binding","1/113","14/14942",0.0714285714285714,9.44500632111252,2.75953753476417,0.100867499302665,0.277831939450924,0.228091154687674,"Lox",1
"GO:1900272","negative regulation of long-term synaptic potentiation","1/113","14/14942",0.0714285714285714,9.44500632111252,2.75953753476417,0.100867499302665,0.277831939450924,0.228091154687674,"Apoe",1
"GO:1901334","lactone metabolic process","1/113","14/14942",0.0714285714285714,9.44500632111252,2.75953753476417,0.100867499302665,0.277831939450924,0.228091154687674,"Atp1a3",1
"GO:1902019","regulation of cilium-dependent cell motility","1/113","14/14942",0.0714285714285714,9.44500632111252,2.75953753476417,0.100867499302665,0.277831939450924,0.228091154687674,"Anxa5",1
"GO:1903977","positive regulation of glial cell migration","1/113","14/14942",0.0714285714285714,9.44500632111252,2.75953753476417,0.100867499302665,0.277831939450924,0.228091154687674,"Csf1",1
"GO:1904044","response to aldosterone","1/113","14/14942",0.0714285714285714,9.44500632111252,2.75953753476417,0.100867499302665,0.277831939450924,0.228091154687674,"Cybb",1
"GO:2000288","positive regulation of myoblast proliferation","1/113","14/14942",0.0714285714285714,9.44500632111252,2.75953753476417,0.100867499302665,0.277831939450924,0.228091154687674,"Igf1",1
"GO:2000343","positive regulation of chemokine (C-X-C motif) ligand 2 production","1/113","14/14942",0.0714285714285714,9.44500632111252,2.75953753476417,0.100867499302665,0.277831939450924,0.228091154687674,"Lpl",1
"GO:1903039","positive regulation of leukocyte cell-cell adhesion","4/113","234/14942",0.0170940170940171,2.26034339308676,1.69626276623593,0.101601876454821,0.279545494334259,0.229497928555117,"Cd44/Chst2/Il4i1/Igf1",4
"GO:0050714","positive regulation of protein secretion","3/113","148/14942",0.0202702702702703,2.68033963166707,1.79332186282728,0.101900032910615,0.280056381840431,0.229917350891615,"Ptger4/Hcar2/Igf1",3
"GO:0034109","homotypic cell-cell adhesion","2/113","72/14942",0.0277777777777778,3.67305801376598,1.98468812140052,0.103083891501561,0.280744449543686,0.230482232514833,"Rap2b/Gla",2
"GO:0038084","vascular endothelial growth factor signaling pathway","2/113","72/14942",0.0277777777777778,3.67305801376598,1.98468812140052,0.103083891501561,0.280744449543686,0.230482232514833,"Axl/Xdh",2
"GO:0043299","leukocyte degranulation","2/113","72/14942",0.0277777777777778,3.67305801376598,1.98468812140052,0.103083891501561,0.280744449543686,0.230482232514833,"Milr1/Myo1f",2
"GO:0046323","D-glucose import","2/113","72/14942",0.0277777777777778,3.67305801376598,1.98468812140052,0.103083891501561,0.280744449543686,0.230482232514833,"Enpp1/Igf1",2
"GO:0046626","regulation of insulin receptor signaling pathway","2/113","72/14942",0.0277777777777778,3.67305801376598,1.98468812140052,0.103083891501561,0.280744449543686,0.230482232514833,"Enpp1/Ctsd",2
"GO:0048844","artery morphogenesis","2/113","72/14942",0.0277777777777778,3.67305801376598,1.98468812140052,0.103083891501561,0.280744449543686,0.230482232514833,"Ptger4/Apoe",2
"GO:0055092","sterol homeostasis","2/113","72/14942",0.0277777777777778,3.67305801376598,1.98468812140052,0.103083891501561,0.280744449543686,0.230482232514833,"Lpl/Apoe",2
"GO:1901606","alpha-amino acid catabolic process","2/113","72/14942",0.0277777777777778,3.67305801376598,1.98468812140052,0.103083891501561,0.280744449543686,0.230482232514833,"Oaz1/Il4i1",2
"GO:0009895","negative regulation of catabolic process","5/113","329/14942",0.0151975683890578,2.00957581300266,1.61636826912699,0.104222511940926,0.280744449543686,0.230482232514833,"Hcar2/Rps7/Slfn2/Ikbke/Oaz1",5
"GO:0010212","response to ionizing radiation","3/113","150/14942",0.02,2.6446017699115,1.76712005533242,0.105007932288961,0.280744449543686,0.230482232514833,"Ifi213/Ifi209/Ifi207",3
"GO:0034101","erythrocyte homeostasis","3/113","150/14942",0.02,2.6446017699115,1.76712005533242,0.105007932288961,0.280744449543686,0.230482232514833,"Stat1/Axl/Adar",3
"GO:0015711","organic anion transport","5/113","330/14942",0.0151515151515152,2.0034861893269,1.6091134315985,0.105221943892191,0.280744449543686,0.230482232514833,"Atp1a3/Fabp5/Apoe/Plin2/Ank",5
"GO:0043470","regulation of carbohydrate catabolic process","2/113","73/14942",0.0273972602739726,3.6227421505637,1.96087210011067,0.105484648146155,0.280744449543686,0.230482232514833,"Slc2a6/Igf1",2
"GO:0043489","RNA stabilization","2/113","73/14942",0.0273972602739726,3.6227421505637,1.96087210011067,0.105484648146155,0.280744449543686,0.230482232514833,"Slfn2/Ikbke",2
"GO:0097009","energy homeostasis","2/113","73/14942",0.0273972602739726,3.6227421505637,1.96087210011067,0.105484648146155,0.280744449543686,0.230482232514833,"Apoe/Enpp1",2
"GO:1903035","negative regulation of response to wounding","2/113","73/14942",0.0273972602739726,3.6227421505637,1.96087210011067,0.105484648146155,0.280744449543686,0.230482232514833,"Apoe/Anxa5",2
"GO:2000379","positive regulation of reactive oxygen species metabolic process","2/113","73/14942",0.0273972602739726,3.6227421505637,1.96087210011067,0.105484648146155,0.280744449543686,0.230482232514833,"Clec7a/Xdh",2
"GO:0051896","regulation of phosphatidylinositol 3-kinase/protein kinase B signal transduction","4/113","238/14942",0.0168067226890756,2.22235442849706,1.65936147825072,0.106394519701833,0.280744449543686,0.230482232514833,"Lox/Axl/Xdh/Igf1",4
"GO:0045766","positive regulation of angiogenesis","3/113","151/14942",0.0198675496688742,2.62708785090547,1.75417868440588,0.106575898031225,0.280744449543686,0.230482232514833,"Itgax/Lgals3/Cybb",3
"GO:0001771","immunological synapse formation","1/113","15/14942",0.0666666666666667,8.81533923303835,2.643506112321,0.107673633585811,0.280744449543686,0.230482232514833,"Lgals3",1
"GO:0002903","negative regulation of B cell apoptotic process","1/113","15/14942",0.0666666666666667,8.81533923303835,2.643506112321,0.107673633585811,0.280744449543686,0.230482232514833,"Cd44",1
"GO:0006123","mitochondrial electron transport, cytochrome c to oxygen","1/113","15/14942",0.0666666666666667,8.81533923303835,2.643506112321,0.107673633585811,0.280744449543686,0.230482232514833,"Cox4i1",1
"GO:0006590","thyroid hormone generation","1/113","15/14942",0.0666666666666667,8.81533923303835,2.643506112321,0.107673633585811,0.280744449543686,0.230482232514833,"Ctsb",1
"GO:0006677","glycosylceramide metabolic process","1/113","15/14942",0.0666666666666667,8.81533923303835,2.643506112321,0.107673633585811,0.280744449543686,0.230482232514833,"Gla",1
"GO:0007176","regulation of epidermal growth factor-activated receptor activity","1/113","15/14942",0.0666666666666667,8.81533923303835,2.643506112321,0.107673633585811,0.280744449543686,0.230482232514833,"Aplp2",1
"GO:0010310","regulation of hydrogen peroxide metabolic process","1/113","15/14942",0.0666666666666667,8.81533923303835,2.643506112321,0.107673633585811,0.280744449543686,0.230482232514833,"Ptger4",1
"GO:0031054","pre-miRNA processing","1/113","15/14942",0.0666666666666667,8.81533923303835,2.643506112321,0.107673633585811,0.280744449543686,0.230482232514833,"Adar",1
"GO:0031987","locomotion involved in locomotory behavior","1/113","15/14942",0.0666666666666667,8.81533923303835,2.643506112321,0.107673633585811,0.280744449543686,0.230482232514833,"Gla",1
"GO:0032823","regulation of natural killer cell differentiation","1/113","15/14942",0.0666666666666667,8.81533923303835,2.643506112321,0.107673633585811,0.280744449543686,0.230482232514833,"Axl",1
"GO:0035864","response to potassium ion","1/113","15/14942",0.0666666666666667,8.81533923303835,2.643506112321,0.107673633585811,0.280744449543686,0.230482232514833,"Atp1a3",1
"GO:0045019","negative regulation of nitric oxide biosynthetic process","1/113","15/14942",0.0666666666666667,8.81533923303835,2.643506112321,0.107673633585811,0.280744449543686,0.230482232514833,"Gla",1
"GO:0046642","negative regulation of alpha-beta T cell proliferation","1/113","15/14942",0.0666666666666667,8.81533923303835,2.643506112321,0.107673633585811,0.280744449543686,0.230482232514833,"Cd44",1
"GO:0048245","eosinophil chemotaxis","1/113","15/14942",0.0666666666666667,8.81533923303835,2.643506112321,0.107673633585811,0.280744449543686,0.230482232514833,"Lgals3",1
"GO:0051930","regulation of sensory perception of pain","1/113","15/14942",0.0666666666666667,8.81533923303835,2.643506112321,0.107673633585811,0.280744449543686,0.230482232514833,"Fabp5",1
"GO:0060263","regulation of respiratory burst","1/113","15/14942",0.0666666666666667,8.81533923303835,2.643506112321,0.107673633585811,0.280744449543686,0.230482232514833,"Clec7a",1
"GO:0061051","positive regulation of cell growth involved in cardiac muscle cell development","1/113","15/14942",0.0666666666666667,8.81533923303835,2.643506112321,0.107673633585811,0.280744449543686,0.230482232514833,"Igf1",1
"GO:0072202","cell differentiation involved in metanephros development","1/113","15/14942",0.0666666666666667,8.81533923303835,2.643506112321,0.107673633585811,0.280744449543686,0.230482232514833,"Stat1",1
"GO:0090205","positive regulation of cholesterol metabolic process","1/113","15/14942",0.0666666666666667,8.81533923303835,2.643506112321,0.107673633585811,0.280744449543686,0.230482232514833,"Apoe",1
"GO:0170044","non-proteinogenic amino acid catabolic process","1/113","15/14942",0.0666666666666667,8.81533923303835,2.643506112321,0.107673633585811,0.280744449543686,0.230482232514833,"Oaz1",1
"GO:1902033","regulation of hematopoietic stem cell proliferation","1/113","15/14942",0.0666666666666667,8.81533923303835,2.643506112321,0.107673633585811,0.280744449543686,0.230482232514833,"Eif2ak2",1
"GO:1902036","regulation of hematopoietic stem cell differentiation","1/113","15/14942",0.0666666666666667,8.81533923303835,2.643506112321,0.107673633585811,0.280744449543686,0.230482232514833,"Eif2ak2",1
"GO:1902165","regulation of intrinsic apoptotic signaling pathway in response to DNA damage by p53 class mediator","1/113","15/14942",0.0666666666666667,8.81533923303835,2.643506112321,0.107673633585811,0.280744449543686,0.230482232514833,"Cd44",1
"GO:1903236","regulation of leukocyte tethering or rolling","1/113","15/14942",0.0666666666666667,8.81533923303835,2.643506112321,0.107673633585811,0.280744449543686,0.230482232514833,"Chst2",1
"GO:1904177","regulation of adipose tissue development","1/113","15/14942",0.0666666666666667,8.81533923303835,2.643506112321,0.107673633585811,0.280744449543686,0.230482232514833,"Lpl",1
"GO:1904406","negative regulation of nitric oxide metabolic process","1/113","15/14942",0.0666666666666667,8.81533923303835,2.643506112321,0.107673633585811,0.280744449543686,0.230482232514833,"Gla",1
"GO:1905906","regulation of amyloid fibril formation","1/113","15/14942",0.0666666666666667,8.81533923303835,2.643506112321,0.107673633585811,0.280744449543686,0.230482232514833,"Apoe",1
"GO:2000318","positive regulation of T-helper 17 type immune response","1/113","15/14942",0.0666666666666667,8.81533923303835,2.643506112321,0.107673633585811,0.280744449543686,0.230482232514833,"Clec7a",1
"GO:2001212","regulation of vasculogenesis","1/113","15/14942",0.0666666666666667,8.81533923303835,2.643506112321,0.107673633585811,0.280744449543686,0.230482232514833,"Xdh",1
"GO:0006766","vitamin metabolic process","2/113","74/14942",0.027027027027027,3.57378617555609,1.93747081621172,0.107900577595706,0.280744449543686,0.230482232514833,"Atp1a3/Enpp1",2
"GO:1990874","vascular associated smooth muscle cell proliferation","2/113","74/14942",0.027027027027027,3.57378617555609,1.93747081621172,0.107900577595706,0.280744449543686,0.230482232514833,"Enpp1/Igf1",2
"GO:2000736","regulation of stem cell differentiation","2/113","74/14942",0.027027027027027,3.57378617555609,1.93747081621172,0.107900577595706,0.280744449543686,0.230482232514833,"Eif2ak2/Chd4",2
"GO:0009410","response to xenobiotic stimulus","5/113","333/14942",0.015015015015015,1.98543676419783,1.58750007663352,0.108248891590845,0.281356722402092,0.230984888989585,"Atp1a3/Lox/Nceh1/Plin2/Cybb",5
"GO:0032869","cellular response to insulin stimulus","4/113","240/14942",0.0166666666666667,2.20383480825959,1.64118458911175,0.108829074006422,0.282275410704157,0.231739102763675,"Lpl/Axl/Enpp1/Ctsd",4
"GO:0033002","muscle cell proliferation","4/113","240/14942",0.0166666666666667,2.20383480825959,1.64118458911175,0.108829074006422,0.282275410704157,0.231739102763675,"Stat1/Apoe/Enpp1/Igf1",4
"GO:0046883","regulation of hormone secretion","4/113","241/14942",0.016597510373444,2.19469026548673,1.63216300396311,0.110055796161945,0.285160179441461,0.234107405823427,"Ptger4/Hcar2/Spp1/Anxa5",4
"GO:0006091","generation of precursor metabolites and energy","6/113","433/14942",0.0138568129330254,1.83228760040058,1.5341638825352,0.110271059306423,0.28528035570959,0.234206066703878,"Oas1a/Slc2a6/Enpp1/Oas1g/Cox4i1/Igf1",6
"GO:0002088","lens development in camera-type eye","2/113","75/14942",0.0266666666666667,3.52613569321534,1.91447085084616,0.110331318292504,0.28528035570959,0.234206066703878,"Zeb2/Vim",2
"GO:1904018","positive regulation of vasculature development","3/113","154/14942",0.0194805194805195,2.57591081484887,1.71597279162601,0.111334823357705,0.286936015616457,0.235565310643483,"Itgax/Lgals3/Cybb",3
"GO:0008625","extrinsic apoptotic signaling pathway via death domain receptors","2/113","76/14942",0.0263157894736842,3.47973917093619,1.89185939613872,0.112776513191007,0.286936015616457,0.235565310643483,"Sp100/Lgals3",2
"GO:0050886","endocrine process","2/113","76/14942",0.0263157894736842,3.47973917093619,1.89185939613872,0.112776513191007,0.286936015616457,0.235565310643483,"Hcar2/Spp1",2
"GO:0062208","positive regulation of pattern recognition receptor signaling pathway","2/113","76/14942",0.0263157894736842,3.47973917093619,1.89185939613872,0.112776513191007,0.286936015616457,0.235565310643483,"Dhx58/Rsad2",2
"GO:0098771","inorganic ion homeostasis","6/113","437/14942",0.0137299771167048,1.8155160891841,1.51038445619984,0.113867453607672,0.286936015616457,0.235565310643483,"Atp1a3/Apoe/Spp1/Enpp1/Aplp2/Ank",6
"GO:0006595","polyamine metabolic process","1/113","16/14942",0.0625,8.26438053097345,2.53781511996946,0.114428700203671,0.286936015616457,0.235565310643483,"Oaz1",1
"GO:0006817","phosphate ion transport","1/113","16/14942",0.0625,8.26438053097345,2.53781511996946,0.114428700203671,0.286936015616457,0.235565310643483,"Ank",1
"GO:0009148","pyrimidine nucleoside triphosphate biosynthetic process","1/113","16/14942",0.0625,8.26438053097345,2.53781511996946,0.114428700203671,0.286936015616457,0.235565310643483,"Cmpk2",1
"GO:0016078","tRNA decay","1/113","16/14942",0.0625,8.26438053097345,2.53781511996946,0.114428700203671,0.286936015616457,0.235565310643483,"Slfn2",1
"GO:0030214","hyaluronan catabolic process","1/113","16/14942",0.0625,8.26438053097345,2.53781511996946,0.114428700203671,0.286936015616457,0.235565310643483,"Cd44",1
"GO:0034350","regulation of glial cell apoptotic process","1/113","16/14942",0.0625,8.26438053097345,2.53781511996946,0.114428700203671,0.286936015616457,0.235565310643483,"Igf1",1
"GO:0036035","osteoclast development","1/113","16/14942",0.0625,8.26438053097345,2.53781511996946,0.114428700203671,0.286936015616457,0.235565310643483,"Fam20c",1
"GO:0042481","regulation of odontogenesis","1/113","16/14942",0.0625,8.26438053097345,2.53781511996946,0.114428700203671,0.286936015616457,0.235565310643483,"Csf1",1
"GO:0043567","regulation of insulin-like growth factor receptor signaling pathway","1/113","16/14942",0.0625,8.26438053097345,2.53781511996946,0.114428700203671,0.286936015616457,0.235565310643483,"Igf1",1
"GO:0045655","regulation of monocyte differentiation","1/113","16/14942",0.0625,8.26438053097345,2.53781511996946,0.114428700203671,0.286936015616457,0.235565310643483,"Csf1",1
"GO:0046514","ceramide catabolic process","1/113","16/14942",0.0625,8.26438053097345,2.53781511996946,0.114428700203671,0.286936015616457,0.235565310643483,"Gla",1
"GO:0050999","regulation of nitric-oxide synthase activity","1/113","16/14942",0.0625,8.26438053097345,2.53781511996946,0.114428700203671,0.286936015616457,0.235565310643483,"Gla",1
"GO:0051044","positive regulation of membrane protein ectodomain proteolysis","1/113","16/14942",0.0625,8.26438053097345,2.53781511996946,0.114428700203671,0.286936015616457,0.235565310643483,"Apoe",1
"GO:0051931","regulation of sensory perception","1/113","16/14942",0.0625,8.26438053097345,2.53781511996946,0.114428700203671,0.286936015616457,0.235565310643483,"Fabp5",1
"GO:0055064","chloride ion homeostasis","1/113","16/14942",0.0625,8.26438053097345,2.53781511996946,0.114428700203671,0.286936015616457,0.235565310643483,"Spp1",1
"GO:0055081","monoatomic anion homeostasis","1/113","16/14942",0.0625,8.26438053097345,2.53781511996946,0.114428700203671,0.286936015616457,0.235565310643483,"Spp1",1
"GO:0070486","leukocyte aggregation","1/113","16/14942",0.0625,8.26438053097345,2.53781511996946,0.114428700203671,0.286936015616457,0.235565310643483,"Cd44",1
"GO:0071361","cellular response to ethanol","1/113","16/14942",0.0625,8.26438053097345,2.53781511996946,0.114428700203671,0.286936015616457,0.235565310643483,"Cybb",1
"GO:0071379","cellular response to prostaglandin stimulus","1/113","16/14942",0.0625,8.26438053097345,2.53781511996946,0.114428700203671,0.286936015616457,0.235565310643483,"Ptger4",1
"GO:0071895","odontoblast differentiation","1/113","16/14942",0.0625,8.26438053097345,2.53781511996946,0.114428700203671,0.286936015616457,0.235565310643483,"Fam20c",1
"GO:0072578","neurotransmitter-gated ion channel clustering","1/113","16/14942",0.0625,8.26438053097345,2.53781511996946,0.114428700203671,0.286936015616457,0.235565310643483,"Apoe",1
"GO:0098543","detection of other organism","1/113","16/14942",0.0625,8.26438053097345,2.53781511996946,0.114428700203671,0.286936015616457,0.235565310643483,"Clec7a",1
"GO:0098751","bone cell development","1/113","16/14942",0.0625,8.26438053097345,2.53781511996946,0.114428700203671,0.286936015616457,0.235565310643483,"Fam20c",1
"GO:1900221","regulation of amyloid-beta clearance","1/113","16/14942",0.0625,8.26438053097345,2.53781511996946,0.114428700203671,0.286936015616457,0.235565310643483,"Apoe",1
"GO:1905809","negative regulation of synapse organization","1/113","16/14942",0.0625,8.26438053097345,2.53781511996946,0.114428700203671,0.286936015616457,0.235565310643483,"Apoe",1
"GO:0051606","detection of stimulus","3/113","156/14942",0.0192307692307692,2.5428863172226,1.69100151961954,0.114552427960684,0.286957289358252,0.2355827757065,"Clec7a/Rtp4/Igf1",3
"GO:0002200","somatic diversification of immune receptors","2/113","77/14942",0.025974025974026,3.43454775313182,1.8696242196673,0.115235809711284,0.287800567884751,0.236275080461715,"Adar/Samhd1",2
"GO:0002292","T cell differentiation involved in immune response","2/113","77/14942",0.025974025974026,3.43454775313182,1.8696242196673,0.115235809711284,0.287800567884751,0.236275080461715,"Fgl2/Ptger4",2
"GO:0072080","nephron tubule development","2/113","77/14942",0.025974025974026,3.43454775313182,1.8696242196673,0.115235809711284,0.287800567884751,0.236275080461715,"Stat1/Cd44",2
"GO:0051336","regulation of hydrolase activity","5/113","341/14942",0.0146627565982405,1.93885760257442,1.53094200266258,0.11652812818633,0.290299679053899,0.238326770967099,"Oas1a/Cst7/Oas3/Oas1g/Gpr65",5
"GO:1901796","regulation of signal transduction by p53 class mediator","2/113","78/14942",0.0256410256410256,3.39051508963013,1.84775363143396,0.117708859692901,0.290299679053899,0.238326770967099,"Rps7/Cd44",2
"GO:1903578","regulation of ATP metabolic process","2/113","78/14942",0.0256410256410256,3.39051508963013,1.84775363143396,0.117708859692901,0.290299679053899,0.238326770967099,"Slc2a6/Igf1",2
"GO:0010563","negative regulation of phosphorus metabolic process","5/113","343/14942",0.0145772594752187,1.92755231043113,1.51704002536926,0.118644364690931,0.290299679053899,0.238326770967099,"Apoe/Adar/Enpp1/Xdh/Igf1",5
"GO:0045936","negative regulation of phosphate metabolic process","5/113","343/14942",0.0145772594752187,1.92755231043113,1.51704002536926,0.118644364690931,0.290299679053899,0.238326770967099,"Apoe/Adar/Enpp1/Xdh/Igf1",5
"GO:0006898","receptor-mediated endocytosis","4/113","249/14942",0.0160642570281124,2.12417812844298,1.56153846962737,0.120091839387888,0.290299679053899,0.238326770967099,"Mx2/Apoe/Ifitm3/Cd44",4
"GO:0043112","receptor metabolic process","2/113","79/14942",0.0253164556962025,3.34759717710317,1.82623645313055,0.120195319349237,0.290299679053899,0.238326770967099,"Apoe/Ctsd",2
"GO:0060993","kidney morphogenesis","2/113","79/14942",0.0253164556962025,3.34759717710317,1.82623645313055,0.120195319349237,0.290299679053899,0.238326770967099,"Stat1/Cd44",2
"GO:0071478","cellular response to radiation","3/113","160/14942",0.01875,2.47931415929204,1.64220333027445,0.121092457498772,0.290299679053899,0.238326770967099,"Ifi213/Ifi209/Ifi207",3
"GO:0002577","regulation of antigen processing and presentation","1/113","17/14942",0.0588235294117647,7.77824049973972,2.44094158815774,0.121133078930523,0.290299679053899,0.238326770967099,"Fgl2",1
"GO:0002730","regulation of dendritic cell cytokine production","1/113","17/14942",0.0588235294117647,7.77824049973972,2.44094158815774,0.121133078930523,0.290299679053899,0.238326770967099,"Clec7a",1
"GO:0006264","mitochondrial DNA replication","1/113","17/14942",0.0588235294117647,7.77824049973972,2.44094158815774,0.121133078930523,0.290299679053899,0.238326770967099,"Dna2",1
"GO:0006878","intracellular copper ion homeostasis","1/113","17/14942",0.0588235294117647,7.77824049973972,2.44094158815774,0.121133078930523,0.290299679053899,0.238326770967099,"Aplp2",1
"GO:0008209","androgen metabolic process","1/113","17/14942",0.0588235294117647,7.77824049973972,2.44094158815774,0.121133078930523,0.290299679053899,0.238326770967099,"Spp1",1
"GO:0009125","nucleoside monophosphate catabolic process","1/113","17/14942",0.0588235294117647,7.77824049973972,2.44094158815774,0.121133078930523,0.290299679053899,0.238326770967099,"Xdh",1
"GO:0009164","nucleoside catabolic process","1/113","17/14942",0.0588235294117647,7.77824049973972,2.44094158815774,0.121133078930523,0.290299679053899,0.238326770967099,"Xdh",1
"GO:0014821","phasic smooth muscle contraction","1/113","17/14942",0.0588235294117647,7.77824049973972,2.44094158815774,0.121133078930523,0.290299679053899,0.238326770967099,"Ptger4",1
"GO:0031639","plasminogen activation","1/113","17/14942",0.0588235294117647,7.77824049973972,2.44094158815774,0.121133078930523,0.290299679053899,0.238326770967099,"Ctsz",1
"GO:0032026","response to magnesium ion","1/113","17/14942",0.0588235294117647,7.77824049973972,2.44094158815774,0.121133078930523,0.290299679053899,0.238326770967099,"Enpp1",1
"GO:0032352","positive regulation of hormone metabolic process","1/113","17/14942",0.0588235294117647,7.77824049973972,2.44094158815774,0.121133078930523,0.290299679053899,0.238326770967099,"Igf1",1
"GO:0033623","regulation of integrin activation","1/113","17/14942",0.0588235294117647,7.77824049973972,2.44094158815774,0.121133078930523,0.290299679053899,0.238326770967099,"Ptger4",1
"GO:0034392","negative regulation of smooth muscle cell apoptotic process","1/113","17/14942",0.0588235294117647,7.77824049973972,2.44094158815774,0.121133078930523,0.290299679053899,0.238326770967099,"Igf1",1
"GO:0035358","regulation of peroxisome proliferator activated receptor signaling pathway","1/113","17/14942",0.0588235294117647,7.77824049973972,2.44094158815774,0.121133078930523,0.290299679053899,0.238326770967099,"Fabp5",1
"GO:0035809","regulation of urine volume","1/113","17/14942",0.0588235294117647,7.77824049973972,2.44094158815774,0.121133078930523,0.290299679053899,0.238326770967099,"Ptger4",1
"GO:0042438","melanin biosynthetic process","1/113","17/14942",0.0588235294117647,7.77824049973972,2.44094158815774,0.121133078930523,0.290299679053899,0.238326770967099,"Zeb2",1
"GO:0042753","positive regulation of circadian rhythm","1/113","17/14942",0.0588235294117647,7.77824049973972,2.44094158815774,0.121133078930523,0.290299679053899,0.238326770967099,"Ptger4",1
"GO:0043117","positive regulation of vascular permeability","1/113","17/14942",0.0588235294117647,7.77824049973972,2.44094158815774,0.121133078930523,0.290299679053899,0.238326770967099,"Apoe",1
"GO:0044550","secondary metabolite biosynthetic process","1/113","17/14942",0.0588235294117647,7.77824049973972,2.44094158815774,0.121133078930523,0.290299679053899,0.238326770967099,"Zeb2",1
"GO:0045187","regulation of circadian sleep/wake cycle, sleep","1/113","17/14942",0.0588235294117647,7.77824049973972,2.44094158815774,0.121133078930523,0.290299679053899,0.238326770967099,"Ptger4",1
"GO:0045986","negative regulation of smooth muscle contraction","1/113","17/14942",0.0588235294117647,7.77824049973972,2.44094158815774,0.121133078930523,0.290299679053899,0.238326770967099,"Ptger4",1
"GO:0046325","negative regulation of D-glucose import","1/113","17/14942",0.0588235294117647,7.77824049973972,2.44094158815774,0.121133078930523,0.290299679053899,0.238326770967099,"Enpp1",1
"GO:0048172","regulation of short-term neuronal synaptic plasticity","1/113","17/14942",0.0588235294117647,7.77824049973972,2.44094158815774,0.121133078930523,0.290299679053899,0.238326770967099,"Atp1a3",1
"GO:0051444","negative regulation of ubiquitin-protein transferase activity","1/113","17/14942",0.0588235294117647,7.77824049973972,2.44094158815774,0.121133078930523,0.290299679053899,0.238326770967099,"Rps7",1
"GO:0060149","negative regulation of post-transcriptional gene silencing","1/113","17/14942",0.0588235294117647,7.77824049973972,2.44094158815774,0.121133078930523,0.290299679053899,0.238326770967099,"Adar",1
"GO:0060967","negative regulation of gene silencing by regulatory ncRNA","1/113","17/14942",0.0588235294117647,7.77824049973972,2.44094158815774,0.121133078930523,0.290299679053899,0.238326770967099,"Adar",1
"GO:0061469","regulation of type B pancreatic cell proliferation","1/113","17/14942",0.0588235294117647,7.77824049973972,2.44094158815774,0.121133078930523,0.290299679053899,0.238326770967099,"Igf1",1
"GO:0072234","metanephric nephron tubule development","1/113","17/14942",0.0588235294117647,7.77824049973972,2.44094158815774,0.121133078930523,0.290299679053899,0.238326770967099,"Stat1",1
"GO:0072273","metanephric nephron morphogenesis","1/113","17/14942",0.0588235294117647,7.77824049973972,2.44094158815774,0.121133078930523,0.290299679053899,0.238326770967099,"Stat1",1
"GO:0072673","lamellipodium morphogenesis","1/113","17/14942",0.0588235294117647,7.77824049973972,2.44094158815774,0.121133078930523,0.290299679053899,0.238326770967099,"Cd44",1
"GO:0090030","regulation of steroid hormone biosynthetic process","1/113","17/14942",0.0588235294117647,7.77824049973972,2.44094158815774,0.121133078930523,0.290299679053899,0.238326770967099,"Igf1",1
"GO:1900369","negative regulation of post-transcriptional gene silencing by regulatory ncRNA","1/113","17/14942",0.0588235294117647,7.77824049973972,2.44094158815774,0.121133078930523,0.290299679053899,0.238326770967099,"Adar",1
"GO:1901142","insulin metabolic process","1/113","17/14942",0.0588235294117647,7.77824049973972,2.44094158815774,0.121133078930523,0.290299679053899,0.238326770967099,"Ctsd",1
"GO:0006576","biogenic amine metabolic process","2/113","80/14942",0.025,3.30575221238938,1.8050619895124,0.122694849222224,0.292762916286987,0.240349010115971,"Oaz1/Il4i1",2
"GO:0014033","neural crest cell differentiation","2/113","80/14942",0.025,3.30575221238938,1.8050619895124,0.122694849222224,0.292762916286987,0.240349010115971,"Rps7/Zeb2",2
"GO:0048009","insulin-like growth factor receptor signaling pathway","2/113","80/14942",0.025,3.30575221238938,1.8050619895124,0.122694849222224,0.292762916286987,0.240349010115971,"Axl/Igf1",2
"GO:0008286","insulin receptor signaling pathway","3/113","161/14942",0.0186335403726708,2.46391469246413,1.63023390471213,0.122748788997436,0.292762916286987,0.240349010115971,"Axl/Enpp1/Ctsd",3
"GO:0010594","regulation of endothelial cell migration","3/113","161/14942",0.0186335403726708,2.46391469246413,1.63023390471213,0.122748788997436,0.292762916286987,0.240349010115971,"Apoe/Sp100/Igf1",3
"GO:0001570","vasculogenesis","2/113","81/14942",0.0246913580246914,3.26494045668087,1.78422000171118,0.125207114137515,0.294813500204062,0.242032474063111,"Enpp1/Xdh",2
"GO:0005977","glycogen metabolic process","2/113","81/14942",0.0246913580246914,3.26494045668087,1.78422000171118,0.125207114137515,0.294813500204062,0.242032474063111,"Enpp1/Igf1",2
"GO:0042113","B cell activation","4/113","253/14942",0.0158102766798419,2.09059428451502,1.5272160675717,0.12525445315538,0.294813500204062,0.242032474063111,"Cd22/Tpd52/Enpp1/Il4i1",4
"GO:0016052","carbohydrate catabolic process","3/113","163/14942",0.0184049079754601,2.43368261034801,1.60656172934274,0.126086422111781,0.294813500204062,0.242032474063111,"Slc2a6/Enpp1/Igf1",3
"GO:0051017","actin filament bundle assembly","3/113","163/14942",0.0184049079754601,2.43368261034801,1.60656172934274,0.126086422111781,0.294813500204062,0.242032474063111,"Ptger4/Zeb2/Gpr65",3
"GO:0009144","purine nucleoside triphosphate metabolic process","4/113","254/14942",0.015748031496063,2.08236359835552,1.51873438669779,0.126559785004628,0.294813500204062,0.242032474063111,"Slc2a6/Enpp1/Samhd1/Igf1",4
"GO:0014015","positive regulation of gliogenesis","2/113","82/14942",0.024390243902439,3.22512410964818,1.76370068233331,0.127731783160078,0.294813500204062,0.242032474063111,"Vim/Igf1",2
"GO:0044042","glucan metabolic process","2/113","82/14942",0.024390243902439,3.22512410964818,1.76370068233331,0.127731783160078,0.294813500204062,0.242032474063111,"Enpp1/Igf1",2
"GO:0050830","defense response to Gram-positive bacterium","2/113","82/14942",0.024390243902439,3.22512410964818,1.76370068233331,0.127731783160078,0.294813500204062,0.242032474063111,"Gbp6/Myo1f",2
"GO:0061326","renal tubule development","2/113","82/14942",0.024390243902439,3.22512410964818,1.76370068233331,0.127731783160078,0.294813500204062,0.242032474063111,"Stat1/Cd44",2
"GO:0043393","regulation of protein binding","3/113","164/14942",0.0182926829268293,2.41884308223613,1.59485638710752,0.127767546359548,0.294813500204062,0.242032474063111,"Lox/Ifit2/Aplp2",3
"GO:0000076","DNA replication checkpoint signaling","1/113","18/14942",0.0555555555555556,7.34611602753196,2.35166124725335,0.127787146741635,0.294813500204062,0.242032474063111,"Dna2",1
"GO:0000729","DNA double-strand break processing","1/113","18/14942",0.0555555555555556,7.34611602753196,2.35166124725335,0.127787146741635,0.294813500204062,0.242032474063111,"Dna2",1
"GO:0002371","dendritic cell cytokine production","1/113","18/14942",0.0555555555555556,7.34611602753196,2.35166124725335,0.127787146741635,0.294813500204062,0.242032474063111,"Clec7a",1
"GO:0002716","negative regulation of natural killer cell mediated immunity","1/113","18/14942",0.0555555555555556,7.34611602753196,2.35166124725335,0.127787146741635,0.294813500204062,0.242032474063111,"Tap1",1
"GO:0009263","deoxyribonucleotide biosynthetic process","1/113","18/14942",0.0555555555555556,7.34611602753196,2.35166124725335,0.127787146741635,0.294813500204062,0.242032474063111,"Cmpk2",1
"GO:0009265","2'-deoxyribonucleotide biosynthetic process","1/113","18/14942",0.0555555555555556,7.34611602753196,2.35166124725335,0.127787146741635,0.294813500204062,0.242032474063111,"Cmpk2",1
"GO:0010226","response to lithium ion","1/113","18/14942",0.0555555555555556,7.34611602753196,2.35166124725335,0.127787146741635,0.294813500204062,0.242032474063111,"Atp1a3",1
"GO:0010894","negative regulation of steroid biosynthetic process","1/113","18/14942",0.0555555555555556,7.34611602753196,2.35166124725335,0.127787146741635,0.294813500204062,0.242032474063111,"Apoe",1
"GO:0015936","coenzyme A metabolic process","1/113","18/14942",0.0555555555555556,7.34611602753196,2.35166124725335,0.127787146741635,0.294813500204062,0.242032474063111,"Enpp1",1
"GO:0034114","regulation of heterotypic cell-cell adhesion","1/113","18/14942",0.0555555555555556,7.34611602753196,2.35166124725335,0.127787146741635,0.294813500204062,0.242032474063111,"Cd44",1
"GO:0034162","toll-like receptor 9 signaling pathway","1/113","18/14942",0.0555555555555556,7.34611602753196,2.35166124725335,0.127787146741635,0.294813500204062,0.242032474063111,"Rsad2",1
"GO:0034377","plasma lipoprotein particle assembly","1/113","18/14942",0.0555555555555556,7.34611602753196,2.35166124725335,0.127787146741635,0.294813500204062,0.242032474063111,"Apoe",1
"GO:0039535","regulation of RIG-I signaling pathway","1/113","18/14942",0.0555555555555556,7.34611602753196,2.35166124725335,0.127787146741635,0.294813500204062,0.242032474063111,"Dhx58",1
"GO:0042749","regulation of circadian sleep/wake cycle","1/113","18/14942",0.0555555555555556,7.34611602753196,2.35166124725335,0.127787146741635,0.294813500204062,0.242032474063111,"Ptger4",1
"GO:0043116","negative regulation of vascular permeability","1/113","18/14942",0.0555555555555556,7.34611602753196,2.35166124725335,0.127787146741635,0.294813500204062,0.242032474063111,"Apoe",1
"GO:0045953","negative regulation of natural killer cell mediated cytotoxicity","1/113","18/14942",0.0555555555555556,7.34611602753196,2.35166124725335,0.127787146741635,0.294813500204062,0.242032474063111,"Tap1",1
"GO:0046385","deoxyribose phosphate biosynthetic process","1/113","18/14942",0.0555555555555556,7.34611602753196,2.35166124725335,0.127787146741635,0.294813500204062,0.242032474063111,"Cmpk2",1
"GO:0050687","negative regulation of defense response to virus","1/113","18/14942",0.0555555555555556,7.34611602753196,2.35166124725335,0.127787146741635,0.294813500204062,0.242032474063111,"Fgl2",1
"GO:0055070","copper ion homeostasis","1/113","18/14942",0.0555555555555556,7.34611602753196,2.35166124725335,0.127787146741635,0.294813500204062,0.242032474063111,"Aplp2",1
"GO:0071498","cellular response to fluid shear stress","1/113","18/14942",0.0555555555555556,7.34611602753196,2.35166124725335,0.127787146741635,0.294813500204062,0.242032474063111,"Spp1",1
"GO:0090083","regulation of inclusion body assembly","1/113","18/14942",0.0555555555555556,7.34611602753196,2.35166124725335,0.127787146741635,0.294813500204062,0.242032474063111,"Apoe",1
"GO:1902221","erythrose 4-phosphate/phosphoenolpyruvate family amino acid metabolic process","1/113","18/14942",0.0555555555555556,7.34611602753196,2.35166124725335,0.127787146741635,0.294813500204062,0.242032474063111,"Il4i1",1
"GO:1903978","regulation of microglial cell activation","1/113","18/14942",0.0555555555555556,7.34611602753196,2.35166124725335,0.127787146741635,0.294813500204062,0.242032474063111,"Cst7",1
"GO:2000291","regulation of myoblast proliferation","1/113","18/14942",0.0555555555555556,7.34611602753196,2.35166124725335,0.127787146741635,0.294813500204062,0.242032474063111,"Igf1",1
"GO:0045927","positive regulation of growth","4/113","255/14942",0.0156862745098039,2.07419746659726,1.51029153627825,0.12787091575116,0.294813500204062,0.242032474063111,"Csf1/Ptger4/Apoe/Igf1",4
"GO:0070372","regulation of ERK1 and ERK2 cascade","4/113","256/14942",0.015625,2.06609513274336,1.50188715623288,0.129187808761458,0.297368381614542,0.244129950156601,"Gpnmb/Apoe/Cd44/Igf1",4
"GO:0002181","cytoplasmic translation","3/113","165/14942",0.0181818181818182,2.40418342719228,1.58323652516977,0.129456757297254,0.297368381614542,0.244129950156601,"Rps7/Rps18/Rpl19",3
"GO:0045580","regulation of T cell differentiation","3/113","165/14942",0.0181818181818182,2.40418342719228,1.58323652516977,0.129456757297254,0.297368381614542,0.244129950156601,"Fgl2/Cd44/Il4i1",3
"GO:1901605","alpha-amino acid metabolic process","3/113","165/14942",0.0181818181818182,2.40418342719228,1.58323652516977,0.129456757297254,0.297368381614542,0.244129950156601,"Psat1/Oaz1/Il4i1",3
"GO:0043487","regulation of RNA stability","3/113","166/14942",0.0180722891566265,2.38970039449835,1.57170091365486,0.131153965973751,0.299047615554914,0.245508547625299,"Slfn2/Ikbke/Vim",3
"GO:0061572","actin filament bundle organization","3/113","166/14942",0.0180722891566265,2.38970039449835,1.57170091365486,0.131153965973751,0.299047615554914,0.245508547625299,"Ptger4/Zeb2/Gpr65",3
"GO:0009063","amino acid catabolic process","2/113","84/14942",0.0238095238095238,3.14833544037084,1.72359283863046,0.132817030719891,0.299047615554914,0.245508547625299,"Oaz1/Il4i1",2
"GO:0009308","amine metabolic process","2/113","84/14942",0.0238095238095238,3.14833544037084,1.72359283863046,0.132817030719891,0.299047615554914,0.245508547625299,"Oaz1/Il4i1",2
"GO:0033555","multicellular organismal response to stress","2/113","84/14942",0.0238095238095238,3.14833544037084,1.72359283863046,0.132817030719891,0.299047615554914,0.245508547625299,"Atp1a3/Apoe",2
"GO:1902369","negative regulation of RNA catabolic process","2/113","84/14942",0.0238095238095238,3.14833544037084,1.72359283863046,0.132817030719891,0.299047615554914,0.245508547625299,"Slfn2/Ikbke",2
"GO:2001237","negative regulation of extrinsic apoptotic signaling pathway","2/113","84/14942",0.0238095238095238,3.14833544037084,1.72359283863046,0.132817030719891,0.299047615554914,0.245508547625299,"Lgals3/Igf1",2
"GO:0048839","inner ear development","3/113","167/14942",0.0179640718562874,2.37539081129776,1.56024834795454,0.132859083355355,0.299047615554914,0.245508547625299,"Ifi204/H2-K1/Igf1",3
"GO:0002283","neutrophil activation involved in immune response","1/113","19/14942",0.0526315789473684,6.95947834187238,2.26897702723795,0.134391277833715,0.299047615554914,0.245508547625299,"Myo1f",1
"GO:0003159","morphogenesis of an endothelium","1/113","19/14942",0.0526315789473684,6.95947834187238,2.26897702723795,0.134391277833715,0.299047615554914,0.245508547625299,"Itgax",1
"GO:0006144","purine nucleobase metabolic process","1/113","19/14942",0.0526315789473684,6.95947834187238,2.26897702723795,0.134391277833715,0.299047615554914,0.245508547625299,"Xdh",1
"GO:0006582","melanin metabolic process","1/113","19/14942",0.0526315789473684,6.95947834187238,2.26897702723795,0.134391277833715,0.299047615554914,0.245508547625299,"Zeb2",1
"GO:0006656","phosphatidylcholine biosynthetic process","1/113","19/14942",0.0526315789473684,6.95947834187238,2.26897702723795,0.134391277833715,0.299047615554914,0.245508547625299,"Fabp5",1
"GO:0007263","nitric oxide mediated signal transduction","1/113","19/14942",0.0526315789473684,6.95947834187238,2.26897702723795,0.134391277833715,0.299047615554914,0.245508547625299,"Apoe",1
"GO:0009219","pyrimidine deoxyribonucleotide metabolic process","1/113","19/14942",0.0526315789473684,6.95947834187238,2.26897702723795,0.134391277833715,0.299047615554914,0.245508547625299,"Cmpk2",1
"GO:0010447","response to acidic pH","1/113","19/14942",0.0526315789473684,6.95947834187238,2.26897702723795,0.134391277833715,0.299047615554914,0.245508547625299,"Gpr65",1
"GO:0014004","microglia differentiation","1/113","19/14942",0.0526315789473684,6.95947834187238,2.26897702723795,0.134391277833715,0.299047615554914,0.245508547625299,"Enpp1",1
"GO:0015867","ATP transport","1/113","19/14942",0.0526315789473684,6.95947834187238,2.26897702723795,0.134391277833715,0.299047615554914,0.245508547625299,"Ank",1
"GO:0019433","triglyceride catabolic process","1/113","19/14942",0.0526315789473684,6.95947834187238,2.26897702723795,0.134391277833715,0.299047615554914,0.245508547625299,"Lpl",1
"GO:0032495","response to muramyl dipeptide","1/113","19/14942",0.0526315789473684,6.95947834187238,2.26897702723795,0.134391277833715,0.299047615554914,0.245508547625299,"Vim",1
"GO:0034695","response to prostaglandin E","1/113","19/14942",0.0526315789473684,6.95947834187238,2.26897702723795,0.134391277833715,0.299047615554914,0.245508547625299,"Ptger4",1
"GO:0035633","maintenance of blood-brain barrier","1/113","19/14942",0.0526315789473684,6.95947834187238,2.26897702723795,0.134391277833715,0.299047615554914,0.245508547625299,"Zeb2",1
"GO:0035743","CD4-positive, alpha-beta T cell cytokine production","1/113","19/14942",0.0526315789473684,6.95947834187238,2.26897702723795,0.134391277833715,0.299047615554914,0.245508547625299,"Rsad2",1
"GO:0042474","middle ear morphogenesis","1/113","19/14942",0.0526315789473684,6.95947834187238,2.26897702723795,0.134391277833715,0.299047615554914,0.245508547625299,"Enpp1",1
"GO:0042659","regulation of cell fate specification","1/113","19/14942",0.0526315789473684,6.95947834187238,2.26897702723795,0.134391277833715,0.299047615554914,0.245508547625299,"Chd4",1
"GO:0045109","intermediate filament organization","1/113","19/14942",0.0526315789473684,6.95947834187238,2.26897702723795,0.134391277833715,0.299047615554914,0.245508547625299,"Vim",1
"GO:0046040","IMP metabolic process","1/113","19/14942",0.0526315789473684,6.95947834187238,2.26897702723795,0.134391277833715,0.299047615554914,0.245508547625299,"Xdh",1
"GO:0061154","endothelial tube morphogenesis","1/113","19/14942",0.0526315789473684,6.95947834187238,2.26897702723795,0.134391277833715,0.299047615554914,0.245508547625299,"Itgax",1
"GO:0061760","antifungal innate immune response","1/113","19/14942",0.0526315789473684,6.95947834187238,2.26897702723795,0.134391277833715,0.299047615554914,0.245508547625299,"Clec7a",1
"GO:0070886","positive regulation of calcineurin-NFAT signaling cascade","1/113","19/14942",0.0526315789473684,6.95947834187238,2.26897702723795,0.134391277833715,0.299047615554914,0.245508547625299,"Igf1",1
"GO:0072111","cell proliferation involved in kidney development","1/113","19/14942",0.0526315789473684,6.95947834187238,2.26897702723795,0.134391277833715,0.299047615554914,0.245508547625299,"Stat1",1
"GO:0072243","metanephric nephron epithelium development","1/113","19/14942",0.0526315789473684,6.95947834187238,2.26897702723795,0.134391277833715,0.299047615554914,0.245508547625299,"Stat1",1
"GO:0106058","positive regulation of calcineurin-mediated signaling","1/113","19/14942",0.0526315789473684,6.95947834187238,2.26897702723795,0.134391277833715,0.299047615554914,0.245508547625299,"Igf1",1
"GO:1905564","positive regulation of vascular endothelial cell proliferation","1/113","19/14942",0.0526315789473684,6.95947834187238,2.26897702723795,0.134391277833715,0.299047615554914,0.245508547625299,"Igf1",1
"GO:2000831","regulation of steroid hormone secretion","1/113","19/14942",0.0526315789473684,6.95947834187238,2.26897702723795,0.134391277833715,0.299047615554914,0.245508547625299,"Spp1",1
"GO:0018958","phenol-containing compound metabolic process","2/113","85/14942",0.0235294117647059,3.11129619989589,1.70398665506642,0.135376968189753,0.300972009636147,0.247088413744831,"Zeb2/Ctsb",2
"GO:0048660","regulation of smooth muscle cell proliferation","3/113","169/14942",0.0177514792899408,2.34727967743625,1.53758765790063,0.136292687765142,0.302737549094741,0.248537865289363,"Stat1/Apoe/Igf1",3
"GO:0040029","epigenetic regulation of gene expression","4/113","262/14942",0.0152671755725191,2.01877997703168,1.45224918259719,0.137208095633471,0.303857273313028,0.249457123134179,"Ifi213/Ifi209/Znfx1/Ifi207",4
"GO:0002532","production of molecular mediator involved in inflammatory response","2/113","86/14942",0.0232558139534884,3.0751183371064,1.68466778207486,0.137948027546172,0.303857273313028,0.249457123134179,"Clec7a/Pbxip1",2
"GO:0019218","regulation of steroid metabolic process","2/113","86/14942",0.0232558139534884,3.0751183371064,1.68466778207486,0.137948027546172,0.303857273313028,0.249457123134179,"Apoe/Igf1",2
"GO:0045833","negative regulation of lipid metabolic process","2/113","86/14942",0.0232558139534884,3.0751183371064,1.68466778207486,0.137948027546172,0.303857273313028,0.249457123134179,"Hcar2/Apoe",2
"GO:0046890","regulation of lipid biosynthetic process","3/113","170/14942",0.0176470588235294,2.33347214992192,1.52637724474356,0.138020996430428,0.303857273313028,0.249457123134179,"Fabp5/Apoe/Igf1",3
"GO:0044248","cellular catabolic process","4/113","264/14942",0.0151515151515152,2.0034861893269,1.43599538304343,0.139925927577415,0.303857273313028,0.249457123134179,"Apoe/Enpp1/Oaz1/Il4i1",4
"GO:0045913","positive regulation of carbohydrate metabolic process","2/113","87/14942",0.0229885057471264,3.03977214932357,1.66562824948956,0.140529898398983,0.303857273313028,0.249457123134179,"Ptger4/Igf1",2
"GO:0048678","response to axon injury","2/113","87/14942",0.0229885057471264,3.03977214932357,1.66562824948956,0.140529898398983,0.303857273313028,0.249457123134179,"Axl/Enpp1",2
"GO:0048708","astrocyte differentiation","2/113","87/14942",0.0229885057471264,3.03977214932357,1.66562824948956,0.140529898398983,0.303857273313028,0.249457123134179,"Zeb2/Vim",2
"GO:0050906","detection of stimulus involved in sensory perception","2/113","87/14942",0.0229885057471264,3.03977214932357,1.66562824948956,0.140529898398983,0.303857273313028,0.249457123134179,"Rtp4/Igf1",2
"GO:0070227","lymphocyte apoptotic process","2/113","87/14942",0.0229885057471264,3.03977214932357,1.66562824948956,0.140529898398983,0.303857273313028,0.249457123134179,"Cd44/Lgals3",2
"GO:0002726","positive regulation of T cell cytokine production","1/113","20/14942",0.05,6.61150442477876,2.19206744222109,0.1409458436452,0.303857273313028,0.249457123134179,"Rsad2",1
"GO:0006662","glycerol ether metabolic process","1/113","20/14942",0.05,6.61150442477876,2.19206744222109,0.1409458436452,0.303857273313028,0.249457123134179,"Nceh1",1
"GO:0006837","serotonin transport","1/113","20/14942",0.05,6.61150442477876,2.19206744222109,0.1409458436452,0.303857273313028,0.249457123134179,"Lgals3",1
"GO:0010560","positive regulation of glycoprotein biosynthetic process","1/113","20/14942",0.05,6.61150442477876,2.19206744222109,0.1409458436452,0.303857273313028,0.249457123134179,"Igf1",1
"GO:0010875","positive regulation of cholesterol efflux","1/113","20/14942",0.05,6.61150442477876,2.19206744222109,0.1409458436452,0.303857273313028,0.249457123134179,"Apoe",1
"GO:0010878","cholesterol storage","1/113","20/14942",0.05,6.61150442477876,2.19206744222109,0.1409458436452,0.303857273313028,0.249457123134179,"Lpl",1
"GO:0022410","circadian sleep/wake cycle process","1/113","20/14942",0.05,6.61150442477876,2.19206744222109,0.1409458436452,0.303857273313028,0.249457123134179,"Ptger4",1
"GO:0034122","negative regulation of toll-like receptor signaling pathway","1/113","20/14942",0.05,6.61150442477876,2.19206744222109,0.1409458436452,0.303857273313028,0.249457123134179,"Cd300lf",1
"GO:0035641","locomotory exploration behavior","1/113","20/14942",0.05,6.61150442477876,2.19206744222109,0.1409458436452,0.303857273313028,0.249457123134179,"Apoe",1
"GO:0042403","thyroid hormone metabolic process","1/113","20/14942",0.05,6.61150442477876,2.19206744222109,0.1409458436452,0.303857273313028,0.249457123134179,"Ctsb",1
"GO:0042430","indole-containing compound metabolic process","1/113","20/14942",0.05,6.61150442477876,2.19206744222109,0.1409458436452,0.303857273313028,0.249457123134179,"Il4i1",1
"GO:0045649","regulation of macrophage differentiation","1/113","20/14942",0.05,6.61150442477876,2.19206744222109,0.1409458436452,0.303857273313028,0.249457123134179,"Csf1",1
"GO:0045939","negative regulation of steroid metabolic process","1/113","20/14942",0.05,6.61150442477876,2.19206744222109,0.1409458436452,0.303857273313028,0.249457123134179,"Apoe",1
"GO:0046164","alcohol catabolic process","1/113","20/14942",0.05,6.61150442477876,2.19206744222109,0.1409458436452,0.303857273313028,0.249457123134179,"Apoe",1
"GO:0046485","ether lipid metabolic process","1/113","20/14942",0.05,6.61150442477876,2.19206744222109,0.1409458436452,0.303857273313028,0.249457123134179,"Nceh1",1
"GO:0050802","circadian sleep/wake cycle, sleep","1/113","20/14942",0.05,6.61150442477876,2.19206744222109,0.1409458436452,0.303857273313028,0.249457123134179,"Ptger4",1
"GO:0060343","trabecula formation","1/113","20/14942",0.05,6.61150442477876,2.19206744222109,0.1409458436452,0.303857273313028,0.249457123134179,"Enpp1",1
"GO:0070168","negative regulation of biomineral tissue development","1/113","20/14942",0.05,6.61150442477876,2.19206744222109,0.1409458436452,0.303857273313028,0.249457123134179,"Enpp1",1
"GO:0070875","positive regulation of glycogen metabolic process","1/113","20/14942",0.05,6.61150442477876,2.19206744222109,0.1409458436452,0.303857273313028,0.249457123134179,"Igf1",1
"GO:0072170","metanephric tubule development","1/113","20/14942",0.05,6.61150442477876,2.19206744222109,0.1409458436452,0.303857273313028,0.249457123134179,"Stat1",1
"GO:0097066","response to thyroid hormone","1/113","20/14942",0.05,6.61150442477876,2.19206744222109,0.1409458436452,0.303857273313028,0.249457123134179,"Ctsb",1
"GO:0097398","cellular response to interleukin-17","1/113","20/14942",0.05,6.61150442477876,2.19206744222109,0.1409458436452,0.303857273313028,0.249457123134179,"Ikbke",1
"GO:1904666","regulation of ubiquitin protein ligase activity","1/113","20/14942",0.05,6.61150442477876,2.19206744222109,0.1409458436452,0.303857273313028,0.249457123134179,"Rps7",1
"GO:0046942","carboxylic acid transport","4/113","266/14942",0.0150375939849624,1.98842238339211,1.41988333020474,0.142665452096253,0.307219364745987,0.252217292892287,"Atp1a3/Fabp5/Apoe/Plin2",4
"GO:0002260","lymphocyte homeostasis","2/113","88/14942",0.0227272727272727,3.00522928399035,1.6468603996884,0.143122274339496,0.307219364745987,0.252217292892287,"Enpp1/Cd44",2
"GO:0006029","proteoglycan metabolic process","2/113","88/14942",0.0227272727272727,3.00522928399035,1.6468603996884,0.143122274339496,0.307219364745987,0.252217292892287,"Chst1/Igf1",2
"GO:0050772","positive regulation of axonogenesis","2/113","88/14942",0.0227272727272727,3.00522928399035,1.6468603996884,0.143122274339496,0.307219364745987,0.252217292892287,"Apoe/Zeb2",2
"GO:0071677","positive regulation of mononuclear cell migration","2/113","88/14942",0.0227272727272727,3.00522928399035,1.6468603996884,0.143122274339496,0.307219364745987,0.252217292892287,"Csf1/Lgals3",2
"GO:0048469","cell maturation","3/113","173/14942",0.0173410404624277,2.29300731495217,1.49321247707346,0.143250877430105,0.307230563997382,0.252226487120235,"Clec7a/Axl/Fam20c",3
"GO:0046631","alpha-beta T cell activation","3/113","174/14942",0.0172413793103448,2.27982911199268,1.48230949009371,0.145008858572815,0.310733268370317,0.255102095614101,"Rsad2/Ptger4/Cd44",3
"GO:0006112","energy reserve metabolic process","2/113","89/14942",0.0224719101123595,2.97146266282192,1.62835687189701,0.145724852898935,0.311999040170549,0.256141253862273,"Enpp1/Igf1",2
"GO:0015849","organic acid transport","4/113","269/14942",0.0148698884758364,1.96624666907919,1.39597555387902,0.146814734187217,0.312471080904048,0.256528784238284,"Atp1a3/Fabp5/Apoe/Plin2",4
"GO:0001956","positive regulation of neurotransmitter secretion","1/113","21/14942",0.0476190476190476,6.29667088074168,2.12024863469743,0.147451212876408,0.312471080904048,0.256528784238284,"Ptger4",1
"GO:0002693","positive regulation of cellular extravasation","1/113","21/14942",0.0476190476190476,6.29667088074168,2.12024863469743,0.147451212876408,0.312471080904048,0.256528784238284,"Ptger4",1
"GO:0002902","regulation of B cell apoptotic process","1/113","21/14942",0.0476190476190476,6.29667088074168,2.12024863469743,0.147451212876408,0.312471080904048,0.256528784238284,"Cd44",1
"GO:0003338","metanephros morphogenesis","1/113","21/14942",0.0476190476190476,6.29667088074168,2.12024863469743,0.147451212876408,0.312471080904048,0.256528784238284,"Stat1",1
"GO:0048143","astrocyte activation","1/113","21/14942",0.0476190476190476,6.29667088074168,2.12024863469743,0.147451212876408,0.312471080904048,0.256528784238284,"Zeb2",1
"GO:0050909","sensory perception of taste","1/113","21/14942",0.0476190476190476,6.29667088074168,2.12024863469743,0.147451212876408,0.312471080904048,0.256528784238284,"Rtp4",1
"GO:0060216","definitive hemopoiesis","1/113","21/14942",0.0476190476190476,6.29667088074168,2.12024863469743,0.147451212876408,0.312471080904048,0.256528784238284,"Adar",1
"GO:0072537","fibroblast activation","1/113","21/14942",0.0476190476190476,6.29667088074168,2.12024863469743,0.147451212876408,0.312471080904048,0.256528784238284,"Zeb2",1
"GO:0090201","negative regulation of release of cytochrome c from mitochondria","1/113","21/14942",0.0476190476190476,6.29667088074168,2.12024863469743,0.147451212876408,0.312471080904048,0.256528784238284,"Igf1",1
"GO:0090280","positive regulation of calcium ion import","1/113","21/14942",0.0476190476190476,6.29667088074168,2.12024863469743,0.147451212876408,0.312471080904048,0.256528784238284,"Lgals3",1
"GO:1902254","negative regulation of intrinsic apoptotic signaling pathway by p53 class mediator","1/113","21/14942",0.0476190476190476,6.29667088074168,2.12024863469743,0.147451212876408,0.312471080904048,0.256528784238284,"Cd44",1
"GO:0042063","gliogenesis","5/113","369/14942",0.013550135501355,1.79173561647121,1.34428701894461,0.147766826299138,0.312751875878986,0.256759307950535,"Csf1/Zeb2/Enpp1/Vim/Igf1",5
"GO:0010001","glial cell differentiation","4/113","270/14942",0.0148148148148148,1.95896427400852,1.38807449011244,0.148208337254889,0.312751875878986,0.256759307950535,"Zeb2/Enpp1/Vim/Igf1",4
"GO:0006140","regulation of nucleotide metabolic process","2/113","90/14942",0.0222222222222222,2.93844641101278,1.61011058744838,0.148337335507262,0.312751875878986,0.256759307950535,"Slc2a6/Igf1",2
"GO:0035924","cellular response to vascular endothelial growth factor stimulus","2/113","90/14942",0.0222222222222222,2.93844641101278,1.61011058744838,0.148337335507262,0.312751875878986,0.256759307950535,"Axl/Xdh",2
"GO:0042157","lipoprotein metabolic process","2/113","90/14942",0.0222222222222222,2.93844641101278,1.61011058744838,0.148337335507262,0.312751875878986,0.256759307950535,"Apoe/Ctsd",2
"GO:1900542","regulation of purine nucleotide metabolic process","2/113","90/14942",0.0222222222222222,2.93844641101278,1.61011058744838,0.148337335507262,0.312751875878986,0.256759307950535,"Slc2a6/Igf1",2
"GO:0050806","positive regulation of synaptic transmission","3/113","177/14942",0.0169491525423729,2.24118794060297,1.45004198417867,0.150325615143395,0.3136090844998,0.257463048868574,"Ptger4/Apoe/Enpp1",3
"GO:0002275","myeloid cell activation involved in immune response","2/113","91/14942",0.021978021978022,2.90615579111154,1.59211473593028,0.150959427452387,0.3136090844998,0.257463048868574,"Milr1/Myo1f",2
"GO:0006641","triglyceride metabolic process","2/113","91/14942",0.021978021978022,2.90615579111154,1.59211473593028,0.150959427452387,0.3136090844998,0.257463048868574,"Lpl/Apoe",2
"GO:0008344","adult locomotory behavior","2/113","91/14942",0.021978021978022,2.90615579111154,1.59211473593028,0.150959427452387,0.3136090844998,0.257463048868574,"Atp1a3/Enpp1",2
"GO:0043535","regulation of blood vessel endothelial cell migration","2/113","91/14942",0.021978021978022,2.90615579111154,1.59211473593028,0.150959427452387,0.3136090844998,0.257463048868574,"Apoe/Igf1",2
"GO:2001233","regulation of apoptotic signaling pathway","5/113","372/14942",0.0134408602150538,1.77728613569322,1.32524366671339,0.151310878639822,0.3136090844998,0.257463048868574,"Rps7/Cd44/Sp100/Lgals3/Igf1",5
"GO:0006790","sulfur compound metabolic process","4/113","273/14942",0.0146520146520147,1.93743719407436,1.36457173720859,0.152420121249235,0.3136090844998,0.257463048868574,"Chst1/Enpp1/Chst2/Igf1",4
"GO:0032755","positive regulation of interleukin-6 production","2/113","92/14942",0.0217391304347826,2.87456714120816,1.57436276215798,0.153590837839772,0.3136090844998,0.257463048868574,"Lpl/Clec7a",2
"GO:0051492","regulation of stress fiber assembly","2/113","92/14942",0.0217391304347826,2.87456714120816,1.57436276215798,0.153590837839772,0.3136090844998,0.257463048868574,"Ptger4/Gpr65",2
"GO:1904019","epithelial cell apoptotic process","2/113","92/14942",0.0217391304347826,2.87456714120816,1.57436276215798,0.153590837839772,0.3136090844998,0.257463048868574,"Adar/Igf1",2
"GO:0006935","chemotaxis","5/113","374/14942",0.0133689839572193,1.76778193175903,1.31264365723,0.153693628474723,0.3136090844998,0.257463048868574,"Csf1/Lox/Spp1/Lgals3/Csf3r",5
"GO:0042330","taxis","5/113","374/14942",0.0133689839572193,1.76778193175903,1.31264365723,0.153693628474723,0.3136090844998,0.257463048868574,"Csf1/Lox/Spp1/Lgals3/Csf3r",5
"GO:0030198","extracellular matrix organization","4/113","274/14942",0.0145985401459854,1.93036625540986,1.35680333636945,0.153834241675385,0.3136090844998,0.257463048868574,"Lox/Aplp2/Pbxip1/Lgals3",4
"GO:0045229","external encapsulating structure organization","4/113","274/14942",0.0145985401459854,1.93036625540986,1.35680333636945,0.153834241675385,0.3136090844998,0.257463048868574,"Lox/Aplp2/Pbxip1/Lgals3",4
"GO:0016051","carbohydrate biosynthetic process","3/113","179/14942",0.0167597765363128,2.21614673456271,1.42888838393231,0.153904905559887,0.3136090844998,0.257463048868574,"Ptger4/Enpp1/Igf1",3
"GO:0006775","fat-soluble vitamin metabolic process","1/113","22/14942",0.0454545454545455,6.01045856798069,2.0529460006529,0.15390775150954,0.3136090844998,0.257463048868574,"Enpp1",1
"GO:0006910","phagocytosis, recognition","1/113","22/14942",0.0454545454545455,6.01045856798069,2.0529460006529,0.15390775150954,0.3136090844998,0.257463048868574,"Clec7a",1
"GO:0009147","pyrimidine nucleoside triphosphate metabolic process","1/113","22/14942",0.0454545454545455,6.01045856798069,2.0529460006529,0.15390775150954,0.3136090844998,0.257463048868574,"Cmpk2",1
"GO:0010640","regulation of platelet-derived growth factor receptor signaling pathway","1/113","22/14942",0.0454545454545455,6.01045856798069,2.0529460006529,0.15390775150954,0.3136090844998,0.257463048868574,"Lox",1
"GO:0010955","negative regulation of protein processing","1/113","22/14942",0.0454545454545455,6.01045856798069,2.0529460006529,0.15390775150954,0.3136090844998,0.257463048868574,"Ctsz",1
"GO:0019081","viral translation","1/113","22/14942",0.0454545454545455,6.01045856798069,2.0529460006529,0.15390775150954,0.3136090844998,0.257463048868574,"Oaz1",1
"GO:0034656","nucleobase-containing small molecule catabolic process","1/113","22/14942",0.0454545454545455,6.01045856798069,2.0529460006529,0.15390775150954,0.3136090844998,0.257463048868574,"Xdh",1
"GO:0035902","response to immobilization stress","1/113","22/14942",0.0454545454545455,6.01045856798069,2.0529460006529,0.15390775150954,0.3136090844998,0.257463048868574,"Atp1a3",1
"GO:0042104","positive regulation of activated T cell proliferation","1/113","22/14942",0.0454545454545455,6.01045856798069,2.0529460006529,0.15390775150954,0.3136090844998,0.257463048868574,"Igf1",1
"GO:0042953","lipoprotein transport","1/113","22/14942",0.0454545454545455,6.01045856798069,2.0529460006529,0.15390775150954,0.3136090844998,0.257463048868574,"Apoe",1
"GO:0044794","positive regulation by host of viral process","1/113","22/14942",0.0454545454545455,6.01045856798069,2.0529460006529,0.15390775150954,0.3136090844998,0.257463048868574,"Apoe",1
"GO:0045591","positive regulation of regulatory T cell differentiation","1/113","22/14942",0.0454545454545455,6.01045856798069,2.0529460006529,0.15390775150954,0.3136090844998,0.257463048868574,"Il4i1",1
"GO:0045652","regulation of megakaryocyte differentiation","1/113","22/14942",0.0454545454545455,6.01045856798069,2.0529460006529,0.15390775150954,0.3136090844998,0.257463048868574,"Lox",1
"GO:0046037","GMP metabolic process","1/113","22/14942",0.0454545454545455,6.01045856798069,2.0529460006529,0.15390775150954,0.3136090844998,0.257463048868574,"Xdh",1
"GO:0046931","pore complex assembly","1/113","22/14942",0.0454545454545455,6.01045856798069,2.0529460006529,0.15390775150954,0.3136090844998,0.257463048868574,"Atp1a3",1
"GO:0050650","chondroitin sulfate proteoglycan biosynthetic process","1/113","22/14942",0.0454545454545455,6.01045856798069,2.0529460006529,0.15390775150954,0.3136090844998,0.257463048868574,"Igf1",1
"GO:0050849","negative regulation of calcium-mediated signaling","1/113","22/14942",0.0454545454545455,6.01045856798069,2.0529460006529,0.15390775150954,0.3136090844998,0.257463048868574,"Cd22",1
"GO:0050860","negative regulation of T cell receptor signaling pathway","1/113","22/14942",0.0454545454545455,6.01045856798069,2.0529460006529,0.15390775150954,0.3136090844998,0.257463048868574,"Lgals3",1
"GO:0050951","sensory perception of temperature stimulus","1/113","22/14942",0.0454545454545455,6.01045856798069,2.0529460006529,0.15390775150954,0.3136090844998,0.257463048868574,"Enpp1",1
"GO:0055075","potassium ion homeostasis","1/113","22/14942",0.0454545454545455,6.01045856798069,2.0529460006529,0.15390775150954,0.3136090844998,0.257463048868574,"Atp1a3",1
"GO:0065005","protein-lipid complex assembly","1/113","22/14942",0.0454545454545455,6.01045856798069,2.0529460006529,0.15390775150954,0.3136090844998,0.257463048868574,"Apoe",1
"GO:0072207","metanephric epithelium development","1/113","22/14942",0.0454545454545455,6.01045856798069,2.0529460006529,0.15390775150954,0.3136090844998,0.257463048868574,"Stat1",1
"GO:0097396","response to interleukin-17","1/113","22/14942",0.0454545454545455,6.01045856798069,2.0529460006529,0.15390775150954,0.3136090844998,0.257463048868574,"Ikbke",1
"GO:1903020","positive regulation of glycoprotein metabolic process","1/113","22/14942",0.0454545454545455,6.01045856798069,2.0529460006529,0.15390775150954,0.3136090844998,0.257463048868574,"Igf1",1
"GO:1903318","negative regulation of protein maturation","1/113","22/14942",0.0454545454545455,6.01045856798069,2.0529460006529,0.15390775150954,0.3136090844998,0.257463048868574,"Ctsz",1
"GO:1903902","positive regulation of viral life cycle","1/113","22/14942",0.0454545454545455,6.01045856798069,2.0529460006529,0.15390775150954,0.3136090844998,0.257463048868574,"Axl",1
"GO:0043062","extracellular structure organization","4/113","275/14942",0.0145454545454545,1.92334674175382,1.34906738822508,0.155253391710028,0.315576281924873,0.259078055167239,"Lox/Aplp2/Pbxip1/Lgals3",4
"GO:0048608","reproductive structure development","4/113","275/14942",0.0145454545454545,1.92334674175382,1.34906738822508,0.155253391710028,0.315576281924873,0.259078055167239,"Ptger4/Axl/Cd44/Igf1",4
"GO:0090287","regulation of cellular response to growth factor stimulus","4/113","275/14942",0.0145454545454545,1.92334674175382,1.34906738822508,0.155253391710028,0.315576281924873,0.259078055167239,"Lox/Zeb2/Fam20c/Xdh",4
"GO:0019362","pyridine nucleotide metabolic process","3/113","180/14942",0.0166666666666667,2.20383480825959,1.41841616038812,0.155704719396953,0.315977792419244,0.259407682468049,"Slc2a6/Enpp1/Igf1",3
"GO:0046496","nicotinamide nucleotide metabolic process","3/113","180/14942",0.0166666666666667,2.20383480825959,1.41841616038812,0.155704719396953,0.315977792419244,0.259407682468049,"Slc2a6/Enpp1/Igf1",3
"GO:0010631","epithelial cell migration","2/113","93/14942",0.021505376344086,2.84365781710914,1.55684835391449,0.156231279552407,0.316273078118287,0.259650102602288,"Zeb2/Vim",2
"GO:0043367","CD4-positive, alpha-beta T cell differentiation","2/113","93/14942",0.021505376344086,2.84365781710914,1.55684835391449,0.156231279552407,0.316273078118287,0.259650102602288,"Rsad2/Ptger4",2
"GO:0090132","epithelium migration","2/113","93/14942",0.021505376344086,2.84365781710914,1.55684835391449,0.156231279552407,0.316273078118287,0.259650102602288,"Zeb2/Vim",2
"GO:0048545","response to steroid hormone","4/113","276/14942",0.0144927536231884,1.91637809413877,1.3413636146117,0.156677531186351,0.316918808004886,0.260180226229333,"Lox/Spp1/Cybb/Igf1",4
"GO:1901654","response to ketone","3/113","181/14942",0.0165745856353591,2.19165892534103,1.40801243221924,0.157511193741695,0.318346487351316,0.261352305405308,"Ptger4/Spp1/Cybb",3
"GO:0090130","tissue migration","2/113","94/14942",0.0212765957446809,2.81340613820373,1.53956543040555,0.158880469211171,0.319263247787865,0.262104936463341,"Zeb2/Vim",2
"GO:0061564","axon development","6/113","483/14942",0.0124223602484472,1.64260979497609,1.25321302372375,0.159333325524339,0.319263247787865,0.262104936463341,"Apoe/Zeb2/Enpp1/Aplp2/Vim/Gla",6
"GO:0003352","regulation of cilium movement","1/113","23/14942",0.0434782608695652,5.74913428241631,1.98967266084769,0.160315822828537,0.319263247787865,0.262104936463341,"Anxa5",1
"GO:0006027","glycosaminoglycan catabolic process","1/113","23/14942",0.0434782608695652,5.74913428241631,1.98967266084769,0.160315822828537,0.319263247787865,0.262104936463341,"Cd44",1
"GO:0007214","gamma-aminobutyric acid signaling pathway","1/113","23/14942",0.0434782608695652,5.74913428241631,1.98967266084769,0.160315822828537,0.319263247787865,0.262104936463341,"Atp1a3",1
"GO:0010759","positive regulation of macrophage chemotaxis","1/113","23/14942",0.0434782608695652,5.74913428241631,1.98967266084769,0.160315822828537,0.319263247787865,0.262104936463341,"Csf1",1
"GO:0035590","purinergic nucleotide receptor signaling pathway","1/113","23/14942",0.0434782608695652,5.74913428241631,1.98967266084769,0.160315822828537,0.319263247787865,0.262104936463341,"Hcar2",1
"GO:0035929","steroid hormone secretion","1/113","23/14942",0.0434782608695652,5.74913428241631,1.98967266084769,0.160315822828537,0.319263247787865,0.262104936463341,"Spp1",1
"GO:0043949","regulation of cAMP-mediated signaling","1/113","23/14942",0.0434782608695652,5.74913428241631,1.98967266084769,0.160315822828537,0.319263247787865,0.262104936463341,"Ptger4",1
"GO:0044872","lipoprotein localization","1/113","23/14942",0.0434782608695652,5.74913428241631,1.98967266084769,0.160315822828537,0.319263247787865,0.262104936463341,"Apoe",1
"GO:0045540","regulation of cholesterol biosynthetic process","1/113","23/14942",0.0434782608695652,5.74913428241631,1.98967266084769,0.160315822828537,0.319263247787865,0.262104936463341,"Apoe",1
"GO:0046033","AMP metabolic process","1/113","23/14942",0.0434782608695652,5.74913428241631,1.98967266084769,0.160315822828537,0.319263247787865,0.262104936463341,"Xdh",1
"GO:0046885","regulation of hormone biosynthetic process","1/113","23/14942",0.0434782608695652,5.74913428241631,1.98967266084769,0.160315822828537,0.319263247787865,0.262104936463341,"Igf1",1
"GO:0050765","negative regulation of phagocytosis","1/113","23/14942",0.0434782608695652,5.74913428241631,1.98967266084769,0.160315822828537,0.319263247787865,0.262104936463341,"Cd300lf",1
"GO:0060444","branching involved in mammary gland duct morphogenesis","1/113","23/14942",0.0434782608695652,5.74913428241631,1.98967266084769,0.160315822828537,0.319263247787865,0.262104936463341,"Csf1",1
"GO:0090183","regulation of kidney development","1/113","23/14942",0.0434782608695652,5.74913428241631,1.98967266084769,0.160315822828537,0.319263247787865,0.262104936463341,"Stat1",1
"GO:0106118","regulation of sterol biosynthetic process","1/113","23/14942",0.0434782608695652,5.74913428241631,1.98967266084769,0.160315822828537,0.319263247787865,0.262104936463341,"Apoe",1
"GO:1900746","regulation of vascular endothelial growth factor signaling pathway","1/113","23/14942",0.0434782608695652,5.74913428241631,1.98967266084769,0.160315822828537,0.319263247787865,0.262104936463341,"Xdh",1
"GO:1903829","positive regulation of protein localization","6/113","484/14942",0.012396694214876,1.63921597308564,1.24792737446076,0.160400932924747,0.319263247787865,0.262104936463341,"Ptger4/Hcar2/Apoe/Lgals3/Oaz1/Igf1",6
"GO:0048511","rhythmic process","4/113","279/14942",0.014336917562724,1.89577187807276,1.31844261039389,0.160979482677843,0.319464955592943,0.262270532133374,"Atp1a3/Ptger4/Axl/Igf1",4
"GO:0061458","reproductive system development","4/113","279/14942",0.014336917562724,1.89577187807276,1.31844261039389,0.160979482677843,0.319464955592943,0.262270532133374,"Ptger4/Axl/Cd44/Igf1",4
"GO:0071674","mononuclear cell migration","3/113","183/14942",0.0163934426229508,2.16770636877992,1.3874068979799,0.161143768764955,0.319464955592943,0.262270532133374,"Csf1/Enpp1/Lgals3",3
"GO:1902107","positive regulation of leukocyte differentiation","3/113","183/14942",0.0163934426229508,2.16770636877992,1.3874068979799,0.161143768764955,0.319464955592943,0.262270532133374,"Csf1/Axl/Il4i1",3
"GO:1903708","positive regulation of hemopoiesis","3/113","183/14942",0.0163934426229508,2.16770636877992,1.3874068979799,0.161143768764955,0.319464955592943,0.262270532133374,"Csf1/Axl/Il4i1",3
"GO:0007229","integrin-mediated signaling pathway","2/113","95/14942",0.0210526315789474,2.78379133674895,1.52250813138031,0.161538127135568,0.319991994087163,0.262703213915565,"Itgax/Fyb1",2
"GO:0022409","positive regulation of cell-cell adhesion","4/113","281/14942",0.0142348754448399,1.88227883979466,1.30331786561637,0.163871655515519,0.323870296824052,0.265887176678211,"Cd44/Chst2/Il4i1/Igf1",4
"GO:0001843","neural tube closure","2/113","96/14942",0.0208333333333333,2.75479351032448,1.50567080687298,0.164203977304827,0.323870296824052,0.265887176678211,"Rps7/Zeb2",2
"GO:0014910","regulation of smooth muscle cell migration","2/113","96/14942",0.0208333333333333,2.75479351032448,1.50567080687298,0.164203977304827,0.323870296824052,0.265887176678211,"Ptger4/Igf1",2
"GO:0046889","positive regulation of lipid biosynthetic process","2/113","96/14942",0.0208333333333333,2.75479351032448,1.50567080687298,0.164203977304827,0.323870296824052,0.265887176678211,"Apoe/Igf1",2
"GO:0001516","prostaglandin biosynthetic process","1/113","24/14942",0.0416666666666667,5.50958702064897,1.93001290675359,0.16667578743879,0.323870296824052,0.265887176678211,"Fabp5",1
"GO:0001911","negative regulation of leukocyte mediated cytotoxicity","1/113","24/14942",0.0416666666666667,5.50958702064897,1.93001290675359,0.16667578743879,0.323870296824052,0.265887176678211,"Tap1",1
"GO:0006907","pinocytosis","1/113","24/14942",0.0416666666666667,5.50958702064897,1.93001290675359,0.16667578743879,0.323870296824052,0.265887176678211,"Axl",1
"GO:0009072","aromatic amino acid metabolic process","1/113","24/14942",0.0416666666666667,5.50958702064897,1.93001290675359,0.16667578743879,0.323870296824052,0.265887176678211,"Il4i1",1
"GO:0032816","positive regulation of natural killer cell activation","1/113","24/14942",0.0416666666666667,5.50958702064897,1.93001290675359,0.16667578743879,0.323870296824052,0.265887176678211,"Axl",1
"GO:0035988","chondrocyte proliferation","1/113","24/14942",0.0416666666666667,5.50958702064897,1.93001290675359,0.16667578743879,0.323870296824052,0.265887176678211,"Pbxip1",1
"GO:0046457","prostanoid biosynthetic process","1/113","24/14942",0.0416666666666667,5.50958702064897,1.93001290675359,0.16667578743879,0.323870296824052,0.265887176678211,"Fabp5",1
"GO:0051043","regulation of membrane protein ectodomain proteolysis","1/113","24/14942",0.0416666666666667,5.50958702064897,1.93001290675359,0.16667578743879,0.323870296824052,0.265887176678211,"Apoe",1
"GO:0060544","regulation of necroptotic process","1/113","24/14942",0.0416666666666667,5.50958702064897,1.93001290675359,0.16667578743879,0.323870296824052,0.265887176678211,"Zbp1",1
"GO:0097062","dendritic spine maintenance","1/113","24/14942",0.0416666666666667,5.50958702064897,1.93001290675359,0.16667578743879,0.323870296824052,0.265887176678211,"Apoe",1
"GO:0110110","positive regulation of animal organ morphogenesis","1/113","24/14942",0.0416666666666667,5.50958702064897,1.93001290675359,0.16667578743879,0.323870296824052,0.265887176678211,"Csf1",1
"GO:1900017","positive regulation of cytokine production involved in inflammatory response","1/113","24/14942",0.0416666666666667,5.50958702064897,1.93001290675359,0.16667578743879,0.323870296824052,0.265887176678211,"Clec7a",1
"GO:1902275","regulation of chromatin organization","1/113","24/14942",0.0416666666666667,5.50958702064897,1.93001290675359,0.16667578743879,0.323870296824052,0.265887176678211,"Mki67",1
"GO:1902307","positive regulation of sodium ion transmembrane transport","1/113","24/14942",0.0416666666666667,5.50958702064897,1.93001290675359,0.16667578743879,0.323870296824052,0.265887176678211,"Fxyd5",1
"GO:1903429","regulation of cell maturation","1/113","24/14942",0.0416666666666667,5.50958702064897,1.93001290675359,0.16667578743879,0.323870296824052,0.265887176678211,"Clec7a",1
"GO:1904996","positive regulation of leukocyte adhesion to vascular endothelial cell","1/113","24/14942",0.0416666666666667,5.50958702064897,1.93001290675359,0.16667578743879,0.323870296824052,0.265887176678211,"Chst2",1
"GO:2000561","regulation of CD4-positive, alpha-beta T cell proliferation","1/113","24/14942",0.0416666666666667,5.50958702064897,1.93001290675359,0.16667578743879,0.323870296824052,0.265887176678211,"Cd44",1
"GO:0050769","positive regulation of neurogenesis","4/113","283/14942",0.0141342756183746,1.86897651583852,1.28831542648256,0.166782811710403,0.323870296824052,0.265887176678211,"Apoe/Zeb2/Vim/Igf1",4
"GO:0055074","calcium ion homeostasis","4/113","283/14942",0.0141342756183746,1.86897651583852,1.28831542648256,0.166782811710403,0.323870296824052,0.265887176678211,"Apoe/Spp1/Enpp1/Ank",4
"GO:0048008","platelet-derived growth factor receptor signaling pathway","2/113","97/14942",0.0206185567010309,2.72639357722835,1.48904800752372,0.166877747319381,0.323870296824052,0.265887176678211,"Lox/Axl",2
"GO:0060606","tube closure","2/113","97/14942",0.0206185567010309,2.72639357722835,1.48904800752372,0.166877747319381,0.323870296824052,0.265887176678211,"Rps7/Zeb2",2
"GO:0072009","nephron epithelium development","2/113","97/14942",0.0206185567010309,2.72639357722835,1.48904800752372,0.166877747319381,0.323870296824052,0.265887176678211,"Stat1/Cd44",2
"GO:0044282","small molecule catabolic process","4/113","284/14942",0.0140845070422535,1.86239561261374,1.28085943520808,0.168245406039491,0.326153905149394,0.267761946227066,"Apoe/Xdh/Oaz1/Il4i1",4
"GO:0016055","Wnt signaling pathway","5/113","386/14942",0.0129533678756477,1.71282498051263,1.23859311564708,0.16831637273774,0.326153905149394,0.267761946227066,"Apoe/Zeb2/Enpp1/Cd44/Pbxip1",5
"GO:0097306","cellular response to alcohol","2/113","98/14942",0.0204081632653061,2.69857323460358,1.47263447544054,0.169559168362705,0.328306632366357,0.269529266563291,"Ptger4/Cybb",2
"GO:0072524","pyridine-containing compound metabolic process","3/113","189/14942",0.0158730158730159,2.09889029358056,1.32714443468664,0.172192131639818,0.328308024530436,0.269530409485566,"Slc2a6/Enpp1/Igf1",3
"GO:0045639","positive regulation of myeloid cell differentiation","2/113","99/14942",0.0202020202020202,2.67131491910253,1.45642513556664,0.172247975163513,0.328308024530436,0.269530409485566,"Stat1/Csf1",2
"GO:0002053","positive regulation of mesenchymal cell proliferation","1/113","25/14942",0.04,5.28920353982301,1.87360931638858,0.17298800328672,0.328308024530436,0.269530409485566,"Stat1",1
"GO:0002710","negative regulation of T cell mediated immunity","1/113","25/14942",0.04,5.28920353982301,1.87360931638858,0.17298800328672,0.328308024530436,0.269530409485566,"Il4i1",1
"GO:0002837","regulation of immune response to tumor cell","1/113","25/14942",0.04,5.28920353982301,1.87360931638858,0.17298800328672,0.328308024530436,0.269530409485566,"Il4i1",1
"GO:0018904","ether metabolic process","1/113","25/14942",0.04,5.28920353982301,1.87360931638858,0.17298800328672,0.328308024530436,0.269530409485566,"Nceh1",1
"GO:0032042","mitochondrial DNA metabolic process","1/113","25/14942",0.04,5.28920353982301,1.87360931638858,0.17298800328672,0.328308024530436,0.269530409485566,"Dna2",1
"GO:0032691","negative regulation of interleukin-1 beta production","1/113","25/14942",0.04,5.28920353982301,1.87360931638858,0.17298800328672,0.328308024530436,0.269530409485566,"Igf1",1
"GO:0032878","regulation of establishment or maintenance of cell polarity","1/113","25/14942",0.04,5.28920353982301,1.87360931638858,0.17298800328672,0.328308024530436,0.269530409485566,"Igf1",1
"GO:0032930","positive regulation of superoxide anion generation","1/113","25/14942",0.04,5.28920353982301,1.87360931638858,0.17298800328672,0.328308024530436,0.269530409485566,"Clec7a",1
"GO:0033622","integrin activation","1/113","25/14942",0.04,5.28920353982301,1.87360931638858,0.17298800328672,0.328308024530436,0.269530409485566,"Ptger4",1
"GO:0034694","response to prostaglandin","1/113","25/14942",0.04,5.28920353982301,1.87360931638858,0.17298800328672,0.328308024530436,0.269530409485566,"Ptger4",1
"GO:0035739","CD4-positive, alpha-beta T cell proliferation","1/113","25/14942",0.04,5.28920353982301,1.87360931638858,0.17298800328672,0.328308024530436,0.269530409485566,"Cd44",1
"GO:0045070","positive regulation of viral genome replication","1/113","25/14942",0.04,5.28920353982301,1.87360931638858,0.17298800328672,0.328308024530436,0.269530409485566,"Adar",1
"GO:0046128","purine ribonucleoside metabolic process","1/113","25/14942",0.04,5.28920353982301,1.87360931638858,0.17298800328672,0.328308024530436,0.269530409485566,"Xdh",1
"GO:0048520","positive regulation of behavior","1/113","25/14942",0.04,5.28920353982301,1.87360931638858,0.17298800328672,0.328308024530436,0.269530409485566,"Ptger4",1
"GO:0050995","negative regulation of lipid catabolic process","1/113","25/14942",0.04,5.28920353982301,1.87360931638858,0.17298800328672,0.328308024530436,0.269530409485566,"Hcar2",1
"GO:0051457","maintenance of protein location in nucleus","1/113","25/14942",0.04,5.28920353982301,1.87360931638858,0.17298800328672,0.328308024530436,0.269530409485566,"Sp100",1
"GO:0051590","positive regulation of neurotransmitter transport","1/113","25/14942",0.04,5.28920353982301,1.87360931638858,0.17298800328672,0.328308024530436,0.269530409485566,"Ptger4",1
"GO:0060479","lung cell differentiation","1/113","25/14942",0.04,5.28920353982301,1.87360931638858,0.17298800328672,0.328308024530436,0.269530409485566,"Igf1",1
"GO:0060487","lung epithelial cell differentiation","1/113","25/14942",0.04,5.28920353982301,1.87360931638858,0.17298800328672,0.328308024530436,0.269530409485566,"Igf1",1
"GO:0060765","regulation of androgen receptor signaling pathway","1/113","25/14942",0.04,5.28920353982301,1.87360931638858,0.17298800328672,0.328308024530436,0.269530409485566,"Igf1",1
"GO:0098581","detection of external biotic stimulus","1/113","25/14942",0.04,5.28920353982301,1.87360931638858,0.17298800328672,0.328308024530436,0.269530409485566,"Clec7a",1
"GO:1900745","positive regulation of p38MAPK cascade","1/113","25/14942",0.04,5.28920353982301,1.87360931638858,0.17298800328672,0.328308024530436,0.269530409485566,"Xdh",1
"GO:1902230","negative regulation of intrinsic apoptotic signaling pathway in response to DNA damage","1/113","25/14942",0.04,5.28920353982301,1.87360931638858,0.17298800328672,0.328308024530436,0.269530409485566,"Cd44",1
"GO:1902547","regulation of cellular response to vascular endothelial growth factor stimulus","1/113","25/14942",0.04,5.28920353982301,1.87360931638858,0.17298800328672,0.328308024530436,0.269530409485566,"Xdh",1
"GO:0032868","response to insulin","4/113","288/14942",0.0138888888888889,1.83652900688299,1.25133121149731,0.174141596239779,0.32999434903885,0.270914828084315,"Lpl/Axl/Enpp1/Ctsd",4
"GO:0051251","positive regulation of lymphocyte activation","4/113","288/14942",0.0138888888888889,1.83652900688299,1.25133121149731,0.174141596239779,0.32999434903885,0.270914828084315,"Clec7a/Axl/Il4i1/Igf1",4
"GO:0051960","regulation of nervous system development","6/113","497/14942",0.0120724346076459,1.59633909652606,1.18028211520603,0.174562147738009,0.330508593198954,0.271337006126557,"Itgax/Cst7/Apoe/Zeb2/Vim/Igf1",6
"GO:0032649","regulation of type II interferon production","2/113","100/14942",0.02,2.6446017699115,1.44041508752061,0.174943905958322,0.330508593198954,0.271337006126557,"Clec7a/Axl",2
"GO:0050764","regulation of phagocytosis","2/113","100/14942",0.02,2.6446017699115,1.44041508752061,0.174943905958322,0.330508593198954,0.271337006126557,"Clec7a/Cd300lf",2
"GO:0062014","negative regulation of small molecule metabolic process","2/113","100/14942",0.02,2.6446017699115,1.44041508752061,0.174943905958322,0.330508593198954,0.271337006126557,"Apoe/Oaz1",2
"GO:0003018","vascular process in circulatory system","3/113","191/14942",0.0157068062827225,2.07691238474725,1.30755343400917,0.175922781539909,0.331854337904829,0.272441819577754,"Fabp5/Apoe/Zeb2",3
"GO:0007623","circadian rhythm","3/113","191/14942",0.0157068062827225,2.07691238474725,1.30755343400917,0.175922781539909,0.331854337904829,0.272441819577754,"Atp1a3/Ptger4/Igf1",3
"GO:0007606","sensory perception of chemical stimulus","2/113","101/14942",0.0198019801980198,2.61841759397179,1.42459959787893,0.177646702454366,0.333836601302322,0.274069194558913,"Rtp4/Igf1",2
"GO:0014020","primary neural tube formation","2/113","101/14942",0.0198019801980198,2.61841759397179,1.42459959787893,0.177646702454366,0.333836601302322,0.274069194558913,"Rps7/Zeb2",2
"GO:0031032","actomyosin structure organization","3/113","192/14942",0.015625,2.06609513274336,1.29784756550706,0.177796685997707,0.333836601302322,0.274069194558913,"Ptger4/Zeb2/Gpr65",3
"GO:0031099","regeneration","3/113","192/14942",0.015625,2.06609513274336,1.29784756550706,0.177796685997707,0.333836601302322,0.274069194558913,"Axl/Enpp1/Igf1",3
"GO:0055080","monoatomic cation homeostasis","6/113","500/14942",0.012,1.5867610619469,1.16494585318453,0.177902559576044,0.333836601302322,0.274069194558913,"Atp1a3/Apoe/Spp1/Enpp1/Aplp2/Ank",6
"GO:0001832","blastocyst growth","1/113","26/14942",0.0384615384615385,5.0857726344452,1.82015261502416,0.179252825679198,0.333836601302322,0.274069194558913,"Igf1",1
"GO:0002834","regulation of response to tumor cell","1/113","26/14942",0.0384615384615385,5.0857726344452,1.82015261502416,0.179252825679198,0.333836601302322,0.274069194558913,"Il4i1",1
"GO:0009162","deoxyribonucleoside monophosphate metabolic process","1/113","26/14942",0.0384615384615385,5.0857726344452,1.82015261502416,0.179252825679198,0.333836601302322,0.274069194558913,"Xdh",1
"GO:0030149","sphingolipid catabolic process","1/113","26/14942",0.0384615384615385,5.0857726344452,1.82015261502416,0.179252825679198,0.333836601302322,0.274069194558913,"Gla",1
"GO:0033574","response to testosterone","1/113","26/14942",0.0384615384615385,5.0857726344452,1.82015261502416,0.179252825679198,0.333836601302322,0.274069194558913,"Spp1",1
"GO:0033688","regulation of osteoblast proliferation","1/113","26/14942",0.0384615384615385,5.0857726344452,1.82015261502416,0.179252825679198,0.333836601302322,0.274069194558913,"Eif2ak2",1
"GO:0042745","circadian sleep/wake cycle","1/113","26/14942",0.0384615384615385,5.0857726344452,1.82015261502416,0.179252825679198,0.333836601302322,0.274069194558913,"Ptger4",1
"GO:0046697","decidualization","1/113","26/14942",0.0384615384615385,5.0857726344452,1.82015261502416,0.179252825679198,0.333836601302322,0.274069194558913,"Ctsb",1
"GO:0046823","negative regulation of nucleocytoplasmic transport","1/113","26/14942",0.0384615384615385,5.0857726344452,1.82015261502416,0.179252825679198,0.333836601302322,0.274069194558913,"Sp100",1
"GO:0051450","myoblast proliferation","1/113","26/14942",0.0384615384615385,5.0857726344452,1.82015261502416,0.179252825679198,0.333836601302322,0.274069194558913,"Igf1",1
"GO:0071276","cellular response to cadmium ion","1/113","26/14942",0.0384615384615385,5.0857726344452,1.82015261502416,0.179252825679198,0.333836601302322,0.274069194558913,"Cybb",1
"GO:0090594","inflammatory response to wounding","1/113","26/14942",0.0384615384615385,5.0857726344452,1.82015261502416,0.179252825679198,0.333836601302322,0.274069194558913,"Cd44",1
"GO:0002444","myeloid leukocyte mediated immunity","2/113","102/14942",0.0196078431372549,2.59274683324657,1.40897409287277,0.18035610979286,0.335640294009134,0.275549968702489,"Milr1/Myo1f",2
"GO:0046879","hormone secretion","4/113","293/14942",0.0136518771331058,1.8051889214413,1.21506841987372,0.181611801606027,0.337472676118662,0.277054295930011,"Ptger4/Hcar2/Spp1/Anxa5",4
"GO:0051347","positive regulation of transferase activity","4/113","293/14942",0.0136518771331058,1.8051889214413,1.21506841987372,0.181611801606027,0.337472676118662,0.277054295930011,"Csf1/Apoe/Zeb2/Igf1",4
"GO:0007265","Ras protein signal transduction","2/113","103/14942",0.0194174757281553,2.56757453389466,1.39353415147291,0.18307187651262,0.338756091659588,0.278107939126155,"Csf1/Igf1",2
"GO:0051851","host-mediated perturbation of symbiont process","2/113","103/14942",0.0194174757281553,2.56757453389466,1.39353415147291,0.18307187651262,0.338756091659588,0.278107939126155,"Apoe/Ifitm3",2
"GO:0110020","regulation of actomyosin structure organization","2/113","103/14942",0.0194174757281553,2.56757453389466,1.39353415147291,0.18307187651262,0.338756091659588,0.278107939126155,"Ptger4/Gpr65",2
"GO:1901655","cellular response to ketone","2/113","103/14942",0.0194174757281553,2.56757453389466,1.39353415147291,0.18307187651262,0.338756091659588,0.278107939126155,"Ptger4/Spp1",2
"GO:1902106","negative regulation of leukocyte differentiation","2/113","103/14942",0.0194174757281553,2.56757453389466,1.39353415147291,0.18307187651262,0.338756091659588,0.278107939126155,"Fgl2/Cd44",2
"GO:0001822","kidney development","4/113","294/14942",0.0136054421768707,1.79904882306905,1.20789987895922,0.183118754768596,0.338756091659588,0.278107939126155,"Stat1/Spp1/Enpp1/Cd44",4
"GO:0051348","negative regulation of transferase activity","3/113","196/14942",0.0153061224489796,2.02392992595268,1.25960471907358,0.185347467958749,0.339076220399466,0.278370754604001,"Rps7/Apoe/Adar",3
"GO:0001783","B cell apoptotic process","1/113","27/14942",0.037037037037037,4.8974106850213,1.76937361486089,0.185470607302841,0.339076220399466,0.278370754604001,"Cd44",1
"GO:0002418","immune response to tumor cell","1/113","27/14942",0.037037037037037,4.8974106850213,1.76937361486089,0.185470607302841,0.339076220399466,0.278370754604001,"Il4i1",1
"GO:0002719","negative regulation of cytokine production involved in immune response","1/113","27/14942",0.037037037037037,4.8974106850213,1.76937361486089,0.185470607302841,0.339076220399466,0.278370754604001,"Axl",1
"GO:0002828","regulation of type 2 immune response","1/113","27/14942",0.037037037037037,4.8974106850213,1.76937361486089,0.185470607302841,0.339076220399466,0.278370754604001,"Rsad2",1
"GO:0009069","serine family amino acid metabolic process","1/113","27/14942",0.037037037037037,4.8974106850213,1.76937361486089,0.185470607302841,0.339076220399466,0.278370754604001,"Psat1",1
"GO:0010893","positive regulation of steroid biosynthetic process","1/113","27/14942",0.037037037037037,4.8974106850213,1.76937361486089,0.185470607302841,0.339076220399466,0.278370754604001,"Igf1",1
"GO:0030813","positive regulation of nucleotide catabolic process","1/113","27/14942",0.037037037037037,4.8974106850213,1.76937361486089,0.185470607302841,0.339076220399466,0.278370754604001,"Igf1",1
"GO:0031342","negative regulation of cell killing","1/113","27/14942",0.037037037037037,4.8974106850213,1.76937361486089,0.185470607302841,0.339076220399466,0.278370754604001,"Tap1",1
"GO:0033123","positive regulation of purine nucleotide catabolic process","1/113","27/14942",0.037037037037037,4.8974106850213,1.76937361486089,0.185470607302841,0.339076220399466,0.278370754604001,"Igf1",1
"GO:0045821","positive regulation of glycolytic process","1/113","27/14942",0.037037037037037,4.8974106850213,1.76937361486089,0.185470607302841,0.339076220399466,0.278370754604001,"Igf1",1
"GO:0045932","negative regulation of muscle contraction","1/113","27/14942",0.037037037037037,4.8974106850213,1.76937361486089,0.185470607302841,0.339076220399466,0.278370754604001,"Ptger4",1
"GO:0046628","positive regulation of insulin receptor signaling pathway","1/113","27/14942",0.037037037037037,4.8974106850213,1.76937361486089,0.185470607302841,0.339076220399466,0.278370754604001,"Ctsd",1
"GO:0097284","hepatocyte apoptotic process","1/113","27/14942",0.037037037037037,4.8974106850213,1.76937361486089,0.185470607302841,0.339076220399466,0.278370754604001,"Adar",1
"GO:1901798","positive regulation of signal transduction by p53 class mediator","1/113","27/14942",0.037037037037037,4.8974106850213,1.76937361486089,0.185470607302841,0.339076220399466,0.278370754604001,"Rps7",1
"GO:1905562","regulation of vascular endothelial cell proliferation","1/113","27/14942",0.037037037037037,4.8974106850213,1.76937361486089,0.185470607302841,0.339076220399466,0.278370754604001,"Igf1",1
"GO:2000181","negative regulation of blood vessel morphogenesis","2/113","104/14942",0.0192307692307692,2.5428863172226,1.37827549883874,0.185793754514024,0.339417790711607,0.27865117292832,"Stat1/Ptger4",2
"GO:0019216","regulation of lipid metabolic process","4/113","297/14942",0.0134680134680135,1.78087661273502,1.1865582808787,0.187664684169686,0.34258435746519,0.28125082316525,"Fabp5/Hcar2/Apoe/Igf1",4
"GO:1901343","negative regulation of vasculature development","2/113","105/14942",0.019047619047619,2.51866835229667,1.36319400010867,0.188521499023316,0.343896360855719,0.282327936073476,"Stat1/Ptger4",2
"GO:0006909","phagocytosis","3/113","198/14942",0.0151515151515152,2.0034861893269,1.24082191674378,0.189154744357209,0.344043135274301,0.282448433186511,"Clec7a/Axl/Cd300lf",3
"GO:0009914","hormone transport","4/113","299/14942",0.0133779264214047,1.76896439458963,1.17246507807825,0.190715774847577,0.344043135274301,0.282448433186511,"Ptger4/Hcar2/Spp1/Anxa5",4
"GO:0002230","positive regulation of defense response to virus by host","1/113","28/14942",0.0357142857142857,4.72250316055626,1.7210367475586,0.191641698243155,0.344043135274301,0.282448433186511,"Stat1",1
"GO:0006026","aminoglycan catabolic process","1/113","28/14942",0.0357142857142857,4.72250316055626,1.7210367475586,0.191641698243155,0.344043135274301,0.282448433186511,"Cd44",1
"GO:0009309","amine biosynthetic process","1/113","28/14942",0.0357142857142857,4.72250316055626,1.7210367475586,0.191641698243155,0.344043135274301,0.282448433186511,"Oaz1",1
"GO:0016226","iron-sulfur cluster assembly","1/113","28/14942",0.0357142857142857,4.72250316055626,1.7210367475586,0.191641698243155,0.344043135274301,0.282448433186511,"Xdh",1
"GO:0019934","cGMP-mediated signaling","1/113","28/14942",0.0357142857142857,4.72250316055626,1.7210367475586,0.191641698243155,0.344043135274301,0.282448433186511,"Apoe",1
"GO:0031163","metallo-sulfur cluster assembly","1/113","28/14942",0.0357142857142857,4.72250316055626,1.7210367475586,0.191641698243155,0.344043135274301,0.282448433186511,"Xdh",1
"GO:0032373","positive regulation of sterol transport","1/113","28/14942",0.0357142857142857,4.72250316055626,1.7210367475586,0.191641698243155,0.344043135274301,0.282448433186511,"Apoe",1
"GO:0032376","positive regulation of cholesterol transport","1/113","28/14942",0.0357142857142857,4.72250316055626,1.7210367475586,0.191641698243155,0.344043135274301,0.282448433186511,"Apoe",1
"GO:0032928","regulation of superoxide anion generation","1/113","28/14942",0.0357142857142857,4.72250316055626,1.7210367475586,0.191641698243155,0.344043135274301,0.282448433186511,"Clec7a",1
"GO:0035357","peroxisome proliferator activated receptor signaling pathway","1/113","28/14942",0.0357142857142857,4.72250316055626,1.7210367475586,0.191641698243155,0.344043135274301,0.282448433186511,"Fabp5",1
"GO:0036119","response to platelet-derived growth factor","1/113","28/14942",0.0357142857142857,4.72250316055626,1.7210367475586,0.191641698243155,0.344043135274301,0.282448433186511,"Enpp1",1
"GO:0040036","regulation of fibroblast growth factor receptor signaling pathway","1/113","28/14942",0.0357142857142857,4.72250316055626,1.7210367475586,0.191641698243155,0.344043135274301,0.282448433186511,"Fam20c",1
"GO:0042401","biogenic amine biosynthetic process","1/113","28/14942",0.0357142857142857,4.72250316055626,1.7210367475586,0.191641698243155,0.344043135274301,0.282448433186511,"Oaz1",1
"GO:0045648","positive regulation of erythrocyte differentiation","1/113","28/14942",0.0357142857142857,4.72250316055626,1.7210367475586,0.191641698243155,0.344043135274301,0.282448433186511,"Stat1",1
"GO:0046461","neutral lipid catabolic process","1/113","28/14942",0.0357142857142857,4.72250316055626,1.7210367475586,0.191641698243155,0.344043135274301,0.282448433186511,"Lpl",1
"GO:0046464","acylglycerol catabolic process","1/113","28/14942",0.0357142857142857,4.72250316055626,1.7210367475586,0.191641698243155,0.344043135274301,0.282448433186511,"Lpl",1
"GO:0061484","hematopoietic stem cell homeostasis","1/113","28/14942",0.0357142857142857,4.72250316055626,1.7210367475586,0.191641698243155,0.344043135274301,0.282448433186511,"Adar",1
"GO:0070498","interleukin-1-mediated signaling pathway","1/113","28/14942",0.0357142857142857,4.72250316055626,1.7210367475586,0.191641698243155,0.344043135274301,0.282448433186511,"Zbp1",1
"GO:0070841","inclusion body assembly","1/113","28/14942",0.0357142857142857,4.72250316055626,1.7210367475586,0.191641698243155,0.344043135274301,0.282448433186511,"Apoe",1
"GO:0072210","metanephric nephron development","1/113","28/14942",0.0357142857142857,4.72250316055626,1.7210367475586,0.191641698243155,0.344043135274301,0.282448433186511,"Stat1",1
"GO:0071214","cellular response to abiotic stimulus","4/113","300/14942",0.0133333333333333,1.76306784660767,1.165458200935,0.19224733511711,0.344633451721817,0.282933064148708,"Ifi213/Ptger4/Ifi209/Ifi207",4
"GO:0104004","cellular response to environmental stimulus","4/113","300/14942",0.0133333333333333,1.76306784660767,1.165458200935,0.19224733511711,0.344633451721817,0.282933064148708,"Ifi213/Ptger4/Ifi209/Ifi207",4
"GO:0030324","lung development","3/113","200/14942",0.015,1.98345132743363,1.22225771511346,0.19298235880225,0.345702211091801,0.28381048147972,"Lox/Ctsz/Igf1",3
"GO:0007189","adenylate cyclase-activating G protein-coupled receptor signaling pathway","2/113","107/14942",0.0186915887850467,2.47159043916963,1.33354658977719,0.193993624888087,0.347014458312741,0.284887794564931,"Ptger4/Gpr65",2
"GO:0032231","regulation of actin filament bundle assembly","2/113","107/14942",0.0186915887850467,2.47159043916963,1.33354658977719,0.193993624888087,0.347014458312741,0.284887794564931,"Ptger4/Gpr65",2
"GO:0034762","regulation of transmembrane transport","5/113","408/14942",0.0122549019607843,1.62046677077911,1.10924927458338,0.196473060012435,0.347521842306872,0.285304340629865,"Fabp5/Fxyd5/Enpp1/Oaz1/Igf1",5
"GO:1903707","negative regulation of hemopoiesis","2/113","108/14942",0.0185185185185185,2.44870534251065,1.31897305683523,0.196737533008878,0.347521842306872,0.285304340629865,"Fgl2/Cd44",2
"GO:0002313","mature B cell differentiation involved in immune response","1/113","29/14942",0.0344827586206897,4.55965822398535,1.67493483017639,0.197766446003549,0.347521842306872,0.285304340629865,"Enpp1",1
"GO:0002724","regulation of T cell cytokine production","1/113","29/14942",0.0344827586206897,4.55965822398535,1.67493483017639,0.197766446003549,0.347521842306872,0.285304340629865,"Rsad2",1
"GO:0006221","pyrimidine nucleotide biosynthetic process","1/113","29/14942",0.0344827586206897,4.55965822398535,1.67493483017639,0.197766446003549,0.347521842306872,0.285304340629865,"Cmpk2",1
"GO:0010874","regulation of cholesterol efflux","1/113","29/14942",0.0344827586206897,4.55965822398535,1.67493483017639,0.197766446003549,0.347521842306872,0.285304340629865,"Apoe",1
"GO:0019068","virion assembly","1/113","29/14942",0.0344827586206897,4.55965822398535,1.67493483017639,0.197766446003549,0.347521842306872,0.285304340629865,"Apoe",1
"GO:0021952","central nervous system projection neuron axonogenesis","1/113","29/14942",0.0344827586206897,4.55965822398535,1.67493483017639,0.197766446003549,0.347521842306872,0.285304340629865,"Zeb2",1
"GO:0022038","corpus callosum development","1/113","29/14942",0.0344827586206897,4.55965822398535,1.67493483017639,0.197766446003549,0.347521842306872,0.285304340629865,"Zeb2",1
"GO:0022617","extracellular matrix disassembly","1/113","29/14942",0.0344827586206897,4.55965822398535,1.67493483017639,0.197766446003549,0.347521842306872,0.285304340629865,"Pbxip1",1
"GO:0032689","negative regulation of type II interferon production","1/113","29/14942",0.0344827586206897,4.55965822398535,1.67493483017639,0.197766446003549,0.347521842306872,0.285304340629865,"Axl",1
"GO:0032801","receptor catabolic process","1/113","29/14942",0.0344827586206897,4.55965822398535,1.67493483017639,0.197766446003549,0.347521842306872,0.285304340629865,"Apoe",1
"GO:0033280","response to vitamin D","1/113","29/14942",0.0344827586206897,4.55965822398535,1.67493483017639,0.197766446003549,0.347521842306872,0.285304340629865,"Spp1",1
"GO:0035235","ionotropic glutamate receptor signaling pathway","1/113","29/14942",0.0344827586206897,4.55965822398535,1.67493483017639,0.197766446003549,0.347521842306872,0.285304340629865,"Atp1a3",1
"GO:0043516","regulation of DNA damage response, signal transduction by p53 class mediator","1/113","29/14942",0.0344827586206897,4.55965822398535,1.67493483017639,0.197766446003549,0.347521842306872,0.285304340629865,"Cd44",1
"GO:0046466","membrane lipid catabolic process","1/113","29/14942",0.0344827586206897,4.55965822398535,1.67493483017639,0.197766446003549,0.347521842306872,0.285304340629865,"Gla",1
"GO:0050907","detection of chemical stimulus involved in sensory perception","1/113","29/14942",0.0344827586206897,4.55965822398535,1.67493483017639,0.197766446003549,0.347521842306872,0.285304340629865,"Rtp4",1
"GO:0060142","regulation of syncytium formation by plasma membrane fusion","1/113","29/14942",0.0344827586206897,4.55965822398535,1.67493483017639,0.197766446003549,0.347521842306872,0.285304340629865,"Stat1",1
"GO:0062098","regulation of programmed necrotic cell death","1/113","29/14942",0.0344827586206897,4.55965822398535,1.67493483017639,0.197766446003549,0.347521842306872,0.285304340629865,"Zbp1",1
"GO:0071404","cellular response to low-density lipoprotein particle stimulus","1/113","29/14942",0.0344827586206897,4.55965822398535,1.67493483017639,0.197766446003549,0.347521842306872,0.285304340629865,"Lpl",1
"GO:0098868","bone growth","1/113","29/14942",0.0344827586206897,4.55965822398535,1.67493483017639,0.197766446003549,0.347521842306872,0.285304340629865,"Enpp1",1
"GO:0101023","vascular endothelial cell proliferation","1/113","29/14942",0.0344827586206897,4.55965822398535,1.67493483017639,0.197766446003549,0.347521842306872,0.285304340629865,"Igf1",1
"GO:1900368","regulation of post-transcriptional gene silencing by regulatory ncRNA","1/113","29/14942",0.0344827586206897,4.55965822398535,1.67493483017639,0.197766446003549,0.347521842306872,0.285304340629865,"Adar",1
"GO:1904994","regulation of leukocyte adhesion to vascular endothelial cell","1/113","29/14942",0.0344827586206897,4.55965822398535,1.67493483017639,0.197766446003549,0.347521842306872,0.285304340629865,"Chst2",1
"GO:1905523","positive regulation of macrophage migration","1/113","29/14942",0.0344827586206897,4.55965822398535,1.67493483017639,0.197766446003549,0.347521842306872,0.285304340629865,"Csf1",1
"GO:0030323","respiratory tube development","3/113","203/14942",0.0147783251231527,1.95413923885087,1.19481010808282,0.198760418252373,0.349022173094787,0.286536064320472,"Lox/Ctsz/Igf1",3
"GO:0032963","collagen metabolic process","2/113","109/14942",0.018348623853211,2.42624015588211,1.30456142477332,0.199486361099145,0.350050062816682,0.287379928974846,"Ctsb/Vim",2
"GO:0072001","renal system development","4/113","306/14942",0.0130718954248366,1.72849788883105,1.12396019864096,0.201518244694803,0.353366499500041,0.290102617640702,"Stat1/Spp1/Enpp1/Cd44",4
"GO:0007015","actin filament organization","5/113","412/14942",0.0121359223300971,1.60473408368417,1.08655914067206,0.201764033292539,0.353548517169895,0.290252048338168,"Ptger4/Gas2l3/Zeb2/Myo1f/Gpr65",5
"GO:0007088","regulation of mitotic nuclear division","2/113","110/14942",0.0181818181818182,2.40418342719228,1.29030817605108,0.20223988049084,0.353710478644794,0.290385013539713,"Mki67/Igf1",2
"GO:0009119","ribonucleoside metabolic process","1/113","30/14942",0.0333333333333333,4.40766961651917,1.6308847955815,0.203845195524209,0.353710478644794,0.290385013539713,"Xdh",1
"GO:0010758","regulation of macrophage chemotaxis","1/113","30/14942",0.0333333333333333,4.40766961651917,1.6308847955815,0.203845195524209,0.353710478644794,0.290385013539713,"Csf1",1
"GO:0015868","purine ribonucleotide transport","1/113","30/14942",0.0333333333333333,4.40766961651917,1.6308847955815,0.203845195524209,0.353710478644794,0.290385013539713,"Ank",1
"GO:0032369","negative regulation of lipid transport","1/113","30/14942",0.0333333333333333,4.40766961651917,1.6308847955815,0.203845195524209,0.353710478644794,0.290385013539713,"Apoe",1
"GO:0034381","plasma lipoprotein particle clearance","1/113","30/14942",0.0333333333333333,4.40766961651917,1.6308847955815,0.203845195524209,0.353710478644794,0.290385013539713,"Apoe",1
"GO:0046597","host-mediated suppression of symbiont invasion","1/113","30/14942",0.0333333333333333,4.40766961651917,1.6308847955815,0.203845195524209,0.353710478644794,0.290385013539713,"Ifitm3",1
"GO:0048668","collateral sprouting","1/113","30/14942",0.0333333333333333,4.40766961651917,1.6308847955815,0.203845195524209,0.353710478644794,0.290385013539713,"Zeb2",1
"GO:0050654","chondroitin sulfate proteoglycan metabolic process","1/113","30/14942",0.0333333333333333,4.40766961651917,1.6308847955815,0.203845195524209,0.353710478644794,0.290385013539713,"Igf1",1
"GO:0050901","leukocyte tethering or rolling","1/113","30/14942",0.0333333333333333,4.40766961651917,1.6308847955815,0.203845195524209,0.353710478644794,0.290385013539713,"Chst2",1
"GO:0060147","regulation of post-transcriptional gene silencing","1/113","30/14942",0.0333333333333333,4.40766961651917,1.6308847955815,0.203845195524209,0.353710478644794,0.290385013539713,"Adar",1
"GO:0060441","epithelial tube branching involved in lung morphogenesis","1/113","30/14942",0.0333333333333333,4.40766961651917,1.6308847955815,0.203845195524209,0.353710478644794,0.290385013539713,"Ctsz",1
"GO:1905332","positive regulation of morphogenesis of an epithelium","1/113","30/14942",0.0333333333333333,4.40766961651917,1.6308847955815,0.203845195524209,0.353710478644794,0.290385013539713,"Itgax",1
"GO:1990000","amyloid fibril formation","1/113","30/14942",0.0333333333333333,4.40766961651917,1.6308847955815,0.203845195524209,0.353710478644794,0.290385013539713,"Apoe",1
"GO:0048661","positive regulation of smooth muscle cell proliferation","2/113","111/14942",0.018018018018018,2.38252411703739,1.27620990194804,0.204997865634643,0.35472181058392,0.29121528478291,"Stat1/Igf1",2
"GO:0050852","T cell receptor signaling pathway","2/113","111/14942",0.018018018018018,2.38252411703739,1.27620990194804,0.204997865634643,0.35472181058392,0.29121528478291,"Lgals3/Fyb1",2
"GO:0051092","positive regulation of NF-kappaB transcription factor activity","2/113","111/14942",0.018018018018018,2.38252411703739,1.27620990194804,0.204997865634643,0.35472181058392,0.29121528478291,"Eif2ak2/Clec7a",2
"GO:0060291","long-term synaptic potentiation","2/113","111/14942",0.018018018018018,2.38252411703739,1.27620990194804,0.204997865634643,0.35472181058392,0.29121528478291,"Apoe/Enpp1",2
"GO:0001779","natural killer cell differentiation","1/113","31/14942",0.032258064516129,4.26548672566372,1.58872418389282,0.209878289200829,0.358557183634594,0.294364003643366,"Axl",1
"GO:0002478","antigen processing and presentation of exogenous peptide antigen","1/113","31/14942",0.032258064516129,4.26548672566372,1.58872418389282,0.209878289200829,0.358557183634594,0.294364003643366,"H2-K1",1
"GO:0007617","mating behavior","1/113","31/14942",0.032258064516129,4.26548672566372,1.58872418389282,0.209878289200829,0.358557183634594,0.294364003643366,"Aplp2",1
"GO:0030511","positive regulation of transforming growth factor beta receptor signaling pathway","1/113","31/14942",0.032258064516129,4.26548672566372,1.58872418389282,0.209878289200829,0.358557183634594,0.294364003643366,"Zeb2",1
"GO:0032967","positive regulation of collagen biosynthetic process","1/113","31/14942",0.032258064516129,4.26548672566372,1.58872418389282,0.209878289200829,0.358557183634594,0.294364003643366,"Vim",1
"GO:0033687","osteoblast proliferation","1/113","31/14942",0.032258064516129,4.26548672566372,1.58872418389282,0.209878289200829,0.358557183634594,0.294364003643366,"Eif2ak2",1
"GO:0034405","response to fluid shear stress","1/113","31/14942",0.032258064516129,4.26548672566372,1.58872418389282,0.209878289200829,0.358557183634594,0.294364003643366,"Spp1",1
"GO:0035136","forelimb morphogenesis","1/113","31/14942",0.032258064516129,4.26548672566372,1.58872418389282,0.209878289200829,0.358557183634594,0.294364003643366,"Enpp1",1
"GO:0042278","purine nucleoside metabolic process","1/113","31/14942",0.032258064516129,4.26548672566372,1.58872418389282,0.209878289200829,0.358557183634594,0.294364003643366,"Xdh",1
"GO:0044342","type B pancreatic cell proliferation","1/113","31/14942",0.032258064516129,4.26548672566372,1.58872418389282,0.209878289200829,0.358557183634594,0.294364003643366,"Igf1",1
"GO:0051385","response to mineralocorticoid","1/113","31/14942",0.032258064516129,4.26548672566372,1.58872418389282,0.209878289200829,0.358557183634594,0.294364003643366,"Cybb",1
"GO:0051503","adenine nucleotide transport","1/113","31/14942",0.032258064516129,4.26548672566372,1.58872418389282,0.209878289200829,0.358557183634594,0.294364003643366,"Ank",1
"GO:0060966","regulation of gene silencing by regulatory ncRNA","1/113","31/14942",0.032258064516129,4.26548672566372,1.58872418389282,0.209878289200829,0.358557183634594,0.294364003643366,"Adar",1
"GO:0061050","regulation of cell growth involved in cardiac muscle cell development","1/113","31/14942",0.032258064516129,4.26548672566372,1.58872418389282,0.209878289200829,0.358557183634594,0.294364003643366,"Igf1",1
"GO:0071353","cellular response to interleukin-4","1/113","31/14942",0.032258064516129,4.26548672566372,1.58872418389282,0.209878289200829,0.358557183634594,0.294364003643366,"Cd300lf",1
"GO:1903846","positive regulation of cellular response to transforming growth factor beta stimulus","1/113","31/14942",0.032258064516129,4.26548672566372,1.58872418389282,0.209878289200829,0.358557183634594,0.294364003643366,"Zeb2",1
"GO:2000316","regulation of T-helper 17 type immune response","1/113","31/14942",0.032258064516129,4.26548672566372,1.58872418389282,0.209878289200829,0.358557183634594,0.294364003643366,"Clec7a",1
"GO:2000677","regulation of transcription regulatory region DNA binding","1/113","31/14942",0.032258064516129,4.26548672566372,1.58872418389282,0.209878289200829,0.358557183634594,0.294364003643366,"Igf1",1
"GO:0001841","neural tube formation","2/113","113/14942",0.0176991150442478,2.34035554859425,1.24846516104956,0.210526346375011,0.358557183634594,0.294364003643366,"Rps7/Zeb2",2
"GO:0006413","translational initiation","2/113","113/14942",0.0176991150442478,2.34035554859425,1.24846516104956,0.210526346375011,0.358557183634594,0.294364003643366,"Eif2ak2/Abcf1",2
"GO:0015698","inorganic anion transport","2/113","113/14942",0.0176991150442478,2.34035554859425,1.24846516104956,0.210526346375011,0.358557183634594,0.294364003643366,"Enpp1/Ank",2
"GO:0072089","stem cell proliferation","2/113","113/14942",0.0176991150442478,2.34035554859425,1.24846516104956,0.210526346375011,0.358557183634594,0.294364003643366,"Eif2ak2/Mki67",2
"GO:0106027","neuron projection organization","2/113","113/14942",0.0176991150442478,2.34035554859425,1.24846516104956,0.210526346375011,0.358557183634594,0.294364003643366,"Atp1a3/Apoe",2
"GO:0008037","cell recognition","2/113","114/14942",0.0175438596491228,2.31982611395746,1.23481238298312,0.213296406167787,0.363026692657409,0.298033327897142,"Clec7a/Lgals3",2
"GO:0009150","purine ribonucleotide metabolic process","4/113","314/14942",0.0127388535031847,1.68445972605828,1.0700236318883,0.214085064883834,0.364015189106503,0.298844851931866,"Slc2a6/Enpp1/Xdh/Igf1",4
"GO:0009112","nucleobase metabolic process","1/113","32/14942",0.03125,4.13219026548673,1.54830823951044,0.215866066903217,0.364015189106503,0.298844851931866,"Xdh",1
"GO:0015865","purine nucleotide transport","1/113","32/14942",0.03125,4.13219026548673,1.54830823951044,0.215866066903217,0.364015189106503,0.298844851931866,"Ank",1
"GO:0022010","central nervous system myelination","1/113","32/14942",0.03125,4.13219026548673,1.54830823951044,0.215866066903217,0.364015189106503,0.298844851931866,"Enpp1",1
"GO:0030279","negative regulation of ossification","1/113","32/14942",0.03125,4.13219026548673,1.54830823951044,0.215866066903217,0.364015189106503,0.298844851931866,"Enpp1",1
"GO:0032291","axon ensheathment in central nervous system","1/113","32/14942",0.03125,4.13219026548673,1.54830823951044,0.215866066903217,0.364015189106503,0.298844851931866,"Enpp1",1
"GO:0040018","positive regulation of multicellular organism growth","1/113","32/14942",0.03125,4.13219026548673,1.54830823951044,0.215866066903217,0.364015189106503,0.298844851931866,"Csf1",1
"GO:0043537","negative regulation of blood vessel endothelial cell migration","1/113","32/14942",0.03125,4.13219026548673,1.54830823951044,0.215866066903217,0.364015189106503,0.298844851931866,"Apoe",1
"GO:0046189","phenol-containing compound biosynthetic process","1/113","32/14942",0.03125,4.13219026548673,1.54830823951044,0.215866066903217,0.364015189106503,0.298844851931866,"Zeb2",1
"GO:0072574","hepatocyte proliferation","1/113","32/14942",0.03125,4.13219026548673,1.54830823951044,0.215866066903217,0.364015189106503,0.298844851931866,"Mki67",1
"GO:0072575","epithelial cell proliferation involved in liver morphogenesis","1/113","32/14942",0.03125,4.13219026548673,1.54830823951044,0.215866066903217,0.364015189106503,0.298844851931866,"Mki67",1
"GO:1900078","positive regulation of cellular response to insulin stimulus","1/113","32/14942",0.03125,4.13219026548673,1.54830823951044,0.215866066903217,0.364015189106503,0.298844851931866,"Ctsd",1
"GO:1901797","negative regulation of signal transduction by p53 class mediator","1/113","32/14942",0.03125,4.13219026548673,1.54830823951044,0.215866066903217,0.364015189106503,0.298844851931866,"Cd44",1
"GO:0006639","acylglycerol metabolic process","2/113","115/14942",0.0173913043478261,2.29965371296653,1.22130194933585,0.216070060039924,0.364015189106503,0.298844851931866,"Lpl/Apoe",2
"GO:0045471","response to ethanol","2/113","115/14942",0.0173913043478261,2.29965371296653,1.22130194933585,0.216070060039924,0.364015189106503,0.298844851931866,"Cybb/Igf1",2
"GO:0007409","axonogenesis","5/113","423/14942",0.0118203309692671,1.56300341011318,1.02538268256207,0.216560976179036,0.364595558273021,0.299321316493852,"Apoe/Zeb2/Aplp2/Vim/Gla",5
"GO:0016236","macroautophagy","4/113","316/14942",0.0126582278481013,1.67379858855159,1.05677851618838,0.217261225374512,0.365527331880092,0.300086272885706,"Ctsd/Gm5431/Tgtp2/Iigp1c",4
"GO:0032368","regulation of lipid transport","2/113","116/14942",0.0172413793103448,2.27982911199268,1.20793093456169,0.218847097541431,0.367462616186458,0.301675079532489,"Apoe/Spp1",2
"GO:0002696","positive regulation of leukocyte activation","4/113","317/14942",0.0126182965299685,1.66851846682114,1.05019083589445,0.218854240885349,0.367462616186458,0.301675079532489,"Clec7a/Axl/Il4i1/Igf1",4
"GO:0048638","regulation of developmental growth","4/113","317/14942",0.0126182965299685,1.66851846682114,1.05019083589445,0.218854240885349,0.367462616186458,0.301675079532489,"Csf1/Ptger4/Apoe/Igf1",4
"GO:0003013","circulatory system process","5/113","425/14942",0.0117647058823529,1.55564809994794,1.01444611258437,0.219288332573005,0.367943361257939,0.302069755892166,"Stat1/Atp1a3/Fabp5/Apoe/Zeb2",5
"GO:0006638","neutral lipid metabolic process","2/113","117/14942",0.0170940170940171,2.26034339308676,1.19469649887415,0.221627311145512,0.369187216794421,0.303090921587303,"Lpl/Apoe",2
"GO:0009595","detection of biotic stimulus","1/113","33/14942",0.0303030303030303,4.00697237865379,1.50950749382647,0.221808865993756,0.369187216794421,0.303090921587303,"Clec7a",1
"GO:0010464","regulation of mesenchymal cell proliferation","1/113","33/14942",0.0303030303030303,4.00697237865379,1.50950749382647,0.221808865993756,0.369187216794421,0.303090921587303,"Stat1",1
"GO:0010714","positive regulation of collagen metabolic process","1/113","33/14942",0.0303030303030303,4.00697237865379,1.50950749382647,0.221808865993756,0.369187216794421,0.303090921587303,"Vim",1
"GO:0030901","midbrain development","1/113","33/14942",0.0303030303030303,4.00697237865379,1.50950749382647,0.221808865993756,0.369187216794421,0.303090921587303,"Aplp2",1
"GO:0031638","zymogen activation","1/113","33/14942",0.0303030303030303,4.00697237865379,1.50950749382647,0.221808865993756,0.369187216794421,0.303090921587303,"Ctsz",1
"GO:0034391","regulation of smooth muscle cell apoptotic process","1/113","33/14942",0.0303030303030303,4.00697237865379,1.50950749382647,0.221808865993756,0.369187216794421,0.303090921587303,"Igf1",1
"GO:0045672","positive regulation of osteoclast differentiation","1/113","33/14942",0.0303030303030303,4.00697237865379,1.50950749382647,0.221808865993756,0.369187216794421,0.303090921587303,"Csf1",1
"GO:0046456","icosanoid biosynthetic process","1/113","33/14942",0.0303030303030303,4.00697237865379,1.50950749382647,0.221808865993756,0.369187216794421,0.303090921587303,"Fabp5",1
"GO:0070670","response to interleukin-4","1/113","33/14942",0.0303030303030303,4.00697237865379,1.50950749382647,0.221808865993756,0.369187216794421,0.303090921587303,"Cd300lf",1
"GO:0090317","negative regulation of intracellular protein transport","1/113","33/14942",0.0303030303030303,4.00697237865379,1.50950749382647,0.221808865993756,0.369187216794421,0.303090921587303,"Sp100",1
"GO:0090322","regulation of superoxide metabolic process","1/113","33/14942",0.0303030303030303,4.00697237865379,1.50950749382647,0.221808865993756,0.369187216794421,0.303090921587303,"Clec7a",1
"GO:0097191","extrinsic apoptotic signaling pathway","3/113","215/14942",0.013953488372093,1.84507100226384,1.08950294414365,0.222269361141692,0.369706552600409,0.303517279708305,"Sp100/Lgals3/Igf1",3
"GO:0043534","blood vessel endothelial cell migration","2/113","118/14942",0.0169491525423729,2.24118794060297,1.18159588501023,0.224410496217061,0.373018782096449,0.306236514407654,"Apoe/Igf1",2
"GO:1903050","regulation of proteolysis involved in protein catabolic process","3/113","217/14942",0.0138248847926267,1.82806573957016,1.07260583131883,0.226242657589658,0.373757734443566,0.306843170699389,"Rps7/Apoe/Oaz1",3
"GO:2001234","negative regulation of apoptotic signaling pathway","3/113","217/14942",0.0138248847926267,1.82806573957016,1.07260583131883,0.226242657589658,0.373757734443566,0.306843170699389,"Cd44/Lgals3/Igf1",3
"GO:0002702","positive regulation of production of molecular mediator of immune response","2/113","119/14942",0.0168067226890756,2.22235442849706,1.16862641514301,0.227196450981458,0.373757734443566,0.306843170699389,"Rsad2/Clec7a",2
"GO:0006694","steroid biosynthetic process","2/113","119/14942",0.0168067226890756,2.22235442849706,1.16862641514301,0.227196450981458,0.373757734443566,0.306843170699389,"Apoe/Igf1",2
"GO:0008203","cholesterol metabolic process","2/113","119/14942",0.0168067226890756,2.22235442849706,1.16862641514301,0.227196450981458,0.373757734443566,0.306843170699389,"Apoe/Aplp2",2
"GO:0001958","endochondral ossification","1/113","34/14942",0.0294117647058824,3.88912024986986,1.47220574031353,0.227707021345739,0.373757734443566,0.306843170699389,"Enpp1",1
"GO:0009167","purine ribonucleoside monophosphate metabolic process","1/113","34/14942",0.0294117647058824,3.88912024986986,1.47220574031353,0.227707021345739,0.373757734443566,0.306843170699389,"Xdh",1
"GO:0009268","response to pH","1/113","34/14942",0.0294117647058824,3.88912024986986,1.47220574031353,0.227707021345739,0.373757734443566,0.306843170699389,"Gpr65",1
"GO:0010453","regulation of cell fate commitment","1/113","34/14942",0.0294117647058824,3.88912024986986,1.47220574031353,0.227707021345739,0.373757734443566,0.306843170699389,"Chd4",1
"GO:0021846","cell proliferation in forebrain","1/113","34/14942",0.0294117647058824,3.88912024986986,1.47220574031353,0.227707021345739,0.373757734443566,0.306843170699389,"Zeb2",1
"GO:0030574","collagen catabolic process","1/113","34/14942",0.0294117647058824,3.88912024986986,1.47220574031353,0.227707021345739,0.373757734443566,0.306843170699389,"Ctsb",1
"GO:0034390","smooth muscle cell apoptotic process","1/113","34/14942",0.0294117647058824,3.88912024986986,1.47220574031353,0.227707021345739,0.373757734443566,0.306843170699389,"Igf1",1
"GO:0036075","replacement ossification","1/113","34/14942",0.0294117647058824,3.88912024986986,1.47220574031353,0.227707021345739,0.373757734443566,0.306843170699389,"Enpp1",1
"GO:0044060","regulation of endocrine process","1/113","34/14942",0.0294117647058824,3.88912024986986,1.47220574031353,0.227707021345739,0.373757734443566,0.306843170699389,"Spp1",1
"GO:0048806","genitalia development","1/113","34/14942",0.0294117647058824,3.88912024986986,1.47220574031353,0.227707021345739,0.373757734443566,0.306843170699389,"Axl",1
"GO:0050974","detection of mechanical stimulus involved in sensory perception","1/113","34/14942",0.0294117647058824,3.88912024986986,1.47220574031353,0.227707021345739,0.373757734443566,0.306843170699389,"Igf1",1
"GO:0060218","hematopoietic stem cell differentiation","1/113","34/14942",0.0294117647058824,3.88912024986986,1.47220574031353,0.227707021345739,0.373757734443566,0.306843170699389,"Eif2ak2",1
"GO:1902742","apoptotic process involved in development","1/113","34/14942",0.0294117647058824,3.88912024986986,1.47220574031353,0.227707021345739,0.373757734443566,0.306843170699389,"Enpp1",1
"GO:1903115","regulation of actin filament-based movement","1/113","34/14942",0.0294117647058824,3.88912024986986,1.47220574031353,0.227707021345739,0.373757734443566,0.306843170699389,"Zeb2",1
"GO:0015850","organic hydroxy compound transport","3/113","218/14942",0.0137614678899083,1.81968011691159,1.06422354951524,0.22823460305691,0.374376918057777,0.307351500684085,"Apoe/Spp1/Lgals3",3
"GO:0010821","regulation of mitochondrion organization","2/113","120/14942",0.0166666666666667,2.20383480825959,1.15578548793487,0.229984976493668,0.376999731052819,0.309504746440319,"Stat2/Igf1",2
"GO:0048762","mesenchymal cell differentiation","3/113","219/14942",0.0136986301369863,1.81137107528185,1.05588481645649,0.230229973254575,0.377153048292035,0.309630615000267,"Stat1/Rps7/Zeb2",3
"GO:0031589","cell-substrate adhesion","4/113","325/14942",0.0123076923076923,1.62744724302246,0.998304191150595,0.231711228350694,0.378624059082223,0.310838267908551,"Itgax/Csf1/Axl/Spp1",4
"GO:0009165","nucleotide biosynthetic process","3/113","220/14942",0.0136363636363636,1.80313757039421,1.04758916561055,0.232228688543758,0.378624059082223,0.310838267908551,"Oas1a/Oasl2/Cmpk2",3
"GO:0046660","female sex differentiation","2/113","121/14942",0.0165289256198347,2.18562129744752,1.14307057572385,0.232775876607633,0.378624059082223,0.310838267908551,"Ptger4/Axl",2
"GO:0001523","retinoid metabolic process","1/113","35/14942",0.0285714285714286,3.77800252844501,1.43629832879002,0.233560865361564,0.378624059082223,0.310838267908551,"Lpl",1
"GO:0002446","neutrophil mediated immunity","1/113","35/14942",0.0285714285714286,3.77800252844501,1.43629832879002,0.233560865361564,0.378624059082223,0.310838267908551,"Myo1f",1
"GO:0009311","oligosaccharide metabolic process","1/113","35/14942",0.0285714285714286,3.77800252844501,1.43629832879002,0.233560865361564,0.378624059082223,0.310838267908551,"Gla",1
"GO:0022616","DNA strand elongation","1/113","35/14942",0.0285714285714286,3.77800252844501,1.43629832879002,0.233560865361564,0.378624059082223,0.310838267908551,"Dna2",1
"GO:0033260","nuclear DNA replication","1/113","35/14942",0.0285714285714286,3.77800252844501,1.43629832879002,0.233560865361564,0.378624059082223,0.310838267908551,"Dna2",1
"GO:0045577","regulation of B cell differentiation","1/113","35/14942",0.0285714285714286,3.77800252844501,1.43629832879002,0.233560865361564,0.378624059082223,0.310838267908551,"Il4i1",1
"GO:0046006","regulation of activated T cell proliferation","1/113","35/14942",0.0285714285714286,3.77800252844501,1.43629832879002,0.233560865361564,0.378624059082223,0.310838267908551,"Igf1",1
"GO:0046326","positive regulation of D-glucose import","1/113","35/14942",0.0285714285714286,3.77800252844501,1.43629832879002,0.233560865361564,0.378624059082223,0.310838267908551,"Igf1",1
"GO:0060603","mammary gland duct morphogenesis","1/113","35/14942",0.0285714285714286,3.77800252844501,1.43629832879002,0.233560865361564,0.378624059082223,0.310838267908551,"Csf1",1
"GO:0061744","motor behavior","1/113","35/14942",0.0285714285714286,3.77800252844501,1.43629832879002,0.233560865361564,0.378624059082223,0.310838267908551,"Atp1a3",1
"GO:0071425","hematopoietic stem cell proliferation","1/113","35/14942",0.0285714285714286,3.77800252844501,1.43629832879002,0.233560865361564,0.378624059082223,0.310838267908551,"Eif2ak2",1
"GO:0072576","liver morphogenesis","1/113","35/14942",0.0285714285714286,3.77800252844501,1.43629832879002,0.233560865361564,0.378624059082223,0.310838267908551,"Mki67",1
"GO:0097242","amyloid-beta clearance","1/113","35/14942",0.0285714285714286,3.77800252844501,1.43629832879002,0.233560865361564,0.378624059082223,0.310838267908551,"Apoe",1
"GO:0045621","positive regulation of lymphocyte differentiation","2/113","122/14942",0.0163934426229508,2.16770636877992,1.13047922183605,0.235568957945964,0.381382773267523,0.313103084204409,"Axl/Il4i1",2
"GO:0170039","proteinogenic amino acid metabolic process","2/113","122/14942",0.0163934426229508,2.16770636877992,1.13047922183605,0.235568957945964,0.381382773267523,0.313103084204409,"Psat1/Il4i1",2
"GO:0006869","lipid transport","4/113","329/14942",0.0121580547112462,1.60766065040213,0.972887207733137,0.238210577113704,0.381827746763045,0.31346839324195,"Fabp5/Apoe/Spp1/Plin2",4
"GO:0046034","ATP metabolic process","3/113","223/14942",0.0134529147982063,1.77888011429025,1.02295614807264,0.238244113887634,0.381827746763045,0.31346839324195,"Slc2a6/Enpp1/Igf1",3
"GO:0001838","embryonic epithelial tube formation","2/113","123/14942",0.016260162601626,2.15008273976545,1.11800903801737,0.238364029869917,0.381827746763045,0.31346839324195,"Rps7/Zeb2",2
"GO:0014013","regulation of gliogenesis","2/113","123/14942",0.016260162601626,2.15008273976545,1.11800903801737,0.238364029869917,0.381827746763045,0.31346839324195,"Vim/Igf1",2
"GO:0046632","alpha-beta T cell differentiation","2/113","123/14942",0.016260162601626,2.15008273976545,1.11800903801737,0.238364029869917,0.381827746763045,0.31346839324195,"Rsad2/Ptger4",2
"GO:0000002","mitochondrial genome maintenance","1/113","36/14942",0.0277777777777778,3.67305801376598,1.40169072098971,0.239370727990808,0.381827746763045,0.31346839324195,"Dna2",1
"GO:0001893","maternal placenta development","1/113","36/14942",0.0277777777777778,3.67305801376598,1.40169072098971,0.239370727990808,0.381827746763045,0.31346839324195,"Ctsb",1
"GO:0002548","monocyte chemotaxis","1/113","36/14942",0.0277777777777778,3.67305801376598,1.40169072098971,0.239370727990808,0.381827746763045,0.31346839324195,"Lgals3",1
"GO:0032735","positive regulation of interleukin-12 production","1/113","36/14942",0.0277777777777778,3.67305801376598,1.40169072098971,0.239370727990808,0.381827746763045,0.31346839324195,"Clec7a",1
"GO:0033144","negative regulation of intracellular steroid hormone receptor signaling pathway","1/113","36/14942",0.0277777777777778,3.67305801376598,1.40169072098971,0.239370727990808,0.381827746763045,0.31346839324195,"Igf1",1
"GO:0034389","lipid droplet organization","1/113","36/14942",0.0277777777777778,3.67305801376598,1.40169072098971,0.239370727990808,0.381827746763045,0.31346839324195,"Plin2",1
"GO:0042119","neutrophil activation","1/113","36/14942",0.0277777777777778,3.67305801376598,1.40169072098971,0.239370727990808,0.381827746763045,0.31346839324195,"Myo1f",1
"GO:0043330","response to exogenous dsRNA","1/113","36/14942",0.0277777777777778,3.67305801376598,1.40169072098971,0.239370727990808,0.381827746763045,0.31346839324195,"Stat1",1
"GO:0044273","sulfur compound catabolic process","1/113","36/14942",0.0277777777777778,3.67305801376598,1.40169072098971,0.239370727990808,0.381827746763045,0.31346839324195,"Enpp1",1
"GO:0044319","wound healing, spreading of cells","1/113","36/14942",0.0277777777777778,3.67305801376598,1.40169072098971,0.239370727990808,0.381827746763045,0.31346839324195,"Cd44",1
"GO:0070266","necroptotic process","1/113","36/14942",0.0277777777777778,3.67305801376598,1.40169072098971,0.239370727990808,0.381827746763045,0.31346839324195,"Zbp1",1
"GO:0072528","pyrimidine-containing compound biosynthetic process","1/113","36/14942",0.0277777777777778,3.67305801376598,1.40169072098971,0.239370727990808,0.381827746763045,0.31346839324195,"Cmpk2",1
"GO:0090140","regulation of mitochondrial fission","1/113","36/14942",0.0277777777777778,3.67305801376598,1.40169072098971,0.239370727990808,0.381827746763045,0.31346839324195,"Stat2",1
"GO:0090279","regulation of calcium ion import","1/113","36/14942",0.0277777777777778,3.67305801376598,1.40169072098971,0.239370727990808,0.381827746763045,0.31346839324195,"Lgals3",1
"GO:0090505","epiboly involved in wound healing","1/113","36/14942",0.0277777777777778,3.67305801376598,1.40169072098971,0.239370727990808,0.381827746763045,0.31346839324195,"Cd44",1
"GO:1902229","regulation of intrinsic apoptotic signaling pathway in response to DNA damage","1/113","36/14942",0.0277777777777778,3.67305801376598,1.40169072098971,0.239370727990808,0.381827746763045,0.31346839324195,"Cd44",1
"GO:1990573","potassium ion import across plasma membrane","1/113","36/14942",0.0277777777777778,3.67305801376598,1.40169072098971,0.239370727990808,0.381827746763045,0.31346839324195,"Atp1a3",1
"GO:2000515","negative regulation of CD4-positive, alpha-beta T cell activation","1/113","36/14942",0.0277777777777778,3.67305801376598,1.40169072098971,0.239370727990808,0.381827746763045,0.31346839324195,"Cd44",1
"GO:0051962","positive regulation of nervous system development","4/113","330/14942",0.0121212121212121,1.60278895146152,0.966586096084206,0.23984233948452,0.38233509943435,0.313884913591844,"Apoe/Zeb2/Vim/Igf1",4
"GO:0072073","kidney epithelium development","2/113","124/14942",0.0161290322580645,2.13274336283186,1.10565770197854,0.241160904449668,0.384191076186611,0.315408611267977,"Stat1/Cd44",2
"GO:0043122","regulation of canonical NF-kappaB signal transduction","3/113","225/14942",0.0133333333333333,1.76306784660767,1.00674131154624,0.242269678918026,0.385464217575645,0.316453819713339,"Stat1/Clec7a/Ikbke",3
"GO:0060541","respiratory system development","3/113","225/14942",0.0133333333333333,1.76306784660767,1.00674131154624,0.242269678918026,0.385464217575645,0.316453819713339,"Lox/Ctsz/Igf1",3
"GO:0043433","negative regulation of DNA-binding transcription factor activity","2/113","125/14942",0.016,2.1156814159292,1.09342295504735,0.243959396434863,0.386079046491405,0.316958574629595,"Nlrc5/Sp100",2
"GO:0009259","ribonucleotide metabolic process","4/113","333/14942",0.012012012012012,1.58834941135826,0.947807885348006,0.244753577234866,0.386079046491405,0.316958574629595,"Slc2a6/Enpp1/Xdh/Igf1",4
"GO:0002335","mature B cell differentiation","1/113","37/14942",0.027027027027027,3.57378617555609,1.36829726135084,0.245136936748157,0.386079046491405,0.316958574629595,"Enpp1",1
"GO:0006693","prostaglandin metabolic process","1/113","37/14942",0.027027027027027,3.57378617555609,1.36829726135084,0.245136936748157,0.386079046491405,0.316958574629595,"Fabp5",1
"GO:0006862","nucleotide transport","1/113","37/14942",0.027027027027027,3.57378617555609,1.36829726135084,0.245136936748157,0.386079046491405,0.316958574629595,"Ank",1
"GO:0009126","purine nucleoside monophosphate metabolic process","1/113","37/14942",0.027027027027027,3.57378617555609,1.36829726135084,0.245136936748157,0.386079046491405,0.316958574629595,"Xdh",1
"GO:0010559","regulation of glycoprotein biosynthetic process","1/113","37/14942",0.027027027027027,3.57378617555609,1.36829726135084,0.245136936748157,0.386079046491405,0.316958574629595,"Igf1",1
"GO:0019748","secondary metabolic process","1/113","37/14942",0.027027027027027,3.57378617555609,1.36829726135084,0.245136936748157,0.386079046491405,0.316958574629595,"Zeb2",1
"GO:0032350","regulation of hormone metabolic process","1/113","37/14942",0.027027027027027,3.57378617555609,1.36829726135084,0.245136936748157,0.386079046491405,0.316958574629595,"Igf1",1
"GO:0043388","positive regulation of DNA binding","1/113","37/14942",0.027027027027027,3.57378617555609,1.36829726135084,0.245136936748157,0.386079046491405,0.316958574629595,"Igf1",1
"GO:0045104","intermediate filament cytoskeleton organization","1/113","37/14942",0.027027027027027,3.57378617555609,1.36829726135084,0.245136936748157,0.386079046491405,0.316958574629595,"Vim",1
"GO:0045601","regulation of endothelial cell differentiation","1/113","37/14942",0.027027027027027,3.57378617555609,1.36829726135084,0.245136936748157,0.386079046491405,0.316958574629595,"Xdh",1
"GO:0055023","positive regulation of cardiac muscle tissue growth","1/113","37/14942",0.027027027027027,3.57378617555609,1.36829726135084,0.245136936748157,0.386079046491405,0.316958574629595,"Igf1",1
"GO:0090181","regulation of cholesterol metabolic process","1/113","37/14942",0.027027027027027,3.57378617555609,1.36829726135084,0.245136936748157,0.386079046491405,0.316958574629595,"Apoe",1
"GO:0090504","epiboly","1/113","37/14942",0.027027027027027,3.57378617555609,1.36829726135084,0.245136936748157,0.386079046491405,0.316958574629595,"Cd44",1
"GO:1900744","regulation of p38MAPK cascade","1/113","37/14942",0.027027027027027,3.57378617555609,1.36829726135084,0.245136936748157,0.386079046491405,0.316958574629595,"Xdh",1
"GO:0051056","regulation of small GTPase mediated signal transduction","3/113","227/14942",0.013215859030837,1.74753420919262,0.990688198104868,0.246306743532174,0.387653447843158,0.318251107888993,"Csf1/Apoe/Igf1",3
"GO:0010811","positive regulation of cell-substrate adhesion","2/113","126/14942",0.0158730158730159,2.09889029358056,1.08130259992279,0.246759323225464,0.387653447843158,0.318251107888993,"Csf1/Spp1",2
"GO:0016125","sterol metabolic process","2/113","126/14942",0.0158730158730159,2.09889029358056,1.08130259992279,0.246759323225464,0.387653447843158,0.318251107888993,"Apoe/Aplp2",2
"GO:0045834","positive regulation of lipid metabolic process","2/113","126/14942",0.0158730158730159,2.09889029358056,1.08130259992279,0.246759323225464,0.387653447843158,0.318251107888993,"Apoe/Igf1",2
"GO:0045444","fat cell differentiation","3/113","229/14942",0.0131004366812227,1.73227190168876,0.974793479932067,0.250354692530281,0.390400589787952,0.320506423744748,"Lpl/Enpp1/Igf1",3
"GO:0002369","T cell cytokine production","1/113","38/14942",0.0263157894736842,3.47973917093619,1.33604012607791,0.250859816731214,0.390400589787952,0.320506423744748,"Rsad2",1
"GO:0006692","prostanoid metabolic process","1/113","38/14942",0.0263157894736842,3.47973917093619,1.33604012607791,0.250859816731214,0.390400589787952,0.320506423744748,"Fabp5",1
"GO:0010613","positive regulation of cardiac muscle hypertrophy","1/113","38/14942",0.0263157894736842,3.47973917093619,1.33604012607791,0.250859816731214,0.390400589787952,0.320506423744748,"Igf1",1
"GO:0014904","myotube cell development","1/113","38/14942",0.0263157894736842,3.47973917093619,1.33604012607791,0.250859816731214,0.390400589787952,0.320506423744748,"Igf1",1
"GO:0019884","antigen processing and presentation of exogenous antigen","1/113","38/14942",0.0263157894736842,3.47973917093619,1.33604012607791,0.250859816731214,0.390400589787952,0.320506423744748,"H2-K1",1
"GO:0032743","positive regulation of interleukin-2 production","1/113","38/14942",0.0263157894736842,3.47973917093619,1.33604012607791,0.250859816731214,0.390400589787952,0.320506423744748,"Clec7a",1
"GO:0032814","regulation of natural killer cell activation","1/113","38/14942",0.0263157894736842,3.47973917093619,1.33604012607791,0.250859816731214,0.390400589787952,0.320506423744748,"Axl",1
"GO:0035640","exploration behavior","1/113","38/14942",0.0263157894736842,3.47973917093619,1.33604012607791,0.250859816731214,0.390400589787952,0.320506423744748,"Apoe",1
"GO:0036323","vascular endothelial growth factor receptor-1 signaling pathway","1/113","38/14942",0.0263157894736842,3.47973917093619,1.33604012607791,0.250859816731214,0.390400589787952,0.320506423744748,"Axl",1
"GO:0045103","intermediate filament-based process","1/113","38/14942",0.0263157894736842,3.47973917093619,1.33604012607791,0.250859816731214,0.390400589787952,0.320506423744748,"Vim",1
"GO:0045840","positive regulation of mitotic nuclear division","1/113","38/14942",0.0263157894736842,3.47973917093619,1.33604012607791,0.250859816731214,0.390400589787952,0.320506423744748,"Igf1",1
"GO:0050691","regulation of defense response to virus by host","1/113","38/14942",0.0263157894736842,3.47973917093619,1.33604012607791,0.250859816731214,0.390400589787952,0.320506423744748,"Stat1",1
"GO:0060632","regulation of microtubule-based movement","1/113","38/14942",0.0263157894736842,3.47973917093619,1.33604012607791,0.250859816731214,0.390400589787952,0.320506423744748,"Anxa5",1
"GO:0170034","L-amino acid biosynthetic process","1/113","38/14942",0.0263157894736842,3.47973917093619,1.33604012607791,0.250859816731214,0.390400589787952,0.320506423744748,"Psat1",1
"GO:0050864","regulation of B cell activation","2/113","128/14942",0.015625,2.06609513274336,1.05739656994115,0.252362763901301,0.392280006018647,0.322049364484554,"Cd22/Il4i1",2
"GO:0045333","cellular respiration","3/113","230/14942",0.0130434782608696,1.72474028472489,0.966904506087678,0.252382558089105,0.392280006018647,0.322049364484554,"Oas1a/Oas1g/Cox4i1",3
"GO:0051402","neuron apoptotic process","4/113","338/14942",0.0118343195266272,1.56485311829083,0.916919250347237,0.252989641822911,0.392978295782313,0.32262263809311,"Apoe/Axl/Ctsb/Enpp1",4
"GO:0006520","amino acid metabolic process","3/113","231/14942",0.012987012987013,1.71727387656591,0.959053927425615,0.254412916814256,0.394942744929861,0.324235388143644,"Psat1/Oaz1/Il4i1",3
"GO:0050867","positive regulation of cell activation","4/113","340/14942",0.0117647058823529,1.55564809994794,0.904703440918092,0.256300833349715,0.395042566288844,0.324317338293356,"Clec7a/Axl/Il4i1/Igf1",4
"GO:0007616","long-term memory","1/113","39/14942",0.0256410256410256,3.39051508963013,1.30484842066452,0.256539690638177,0.395042566288844,0.324317338293356,"Apoe",1
"GO:0010466","negative regulation of peptidase activity","1/113","39/14942",0.0256410256410256,3.39051508963013,1.30484842066452,0.256539690638177,0.395042566288844,0.324317338293356,"Cst7",1
"GO:0014742","positive regulation of muscle hypertrophy","1/113","39/14942",0.0256410256410256,3.39051508963013,1.30484842066452,0.256539690638177,0.395042566288844,0.324317338293356,"Igf1",1
"GO:0016101","diterpenoid metabolic process","1/113","39/14942",0.0256410256410256,3.39051508963013,1.30484842066452,0.256539690638177,0.395042566288844,0.324317338293356,"Lpl",1
"GO:0016202","regulation of striated muscle tissue development","1/113","39/14942",0.0256410256410256,3.39051508963013,1.30484842066452,0.256539690638177,0.395042566288844,0.324317338293356,"Lox",1
"GO:0019432","triglyceride biosynthetic process","1/113","39/14942",0.0256410256410256,3.39051508963013,1.30484842066452,0.256539690638177,0.395042566288844,0.324317338293356,"Lpl",1
"GO:0021955","central nervous system neuron axonogenesis","1/113","39/14942",0.0256410256410256,3.39051508963013,1.30484842066452,0.256539690638177,0.395042566288844,0.324317338293356,"Zeb2",1
"GO:0030521","androgen receptor signaling pathway","1/113","39/14942",0.0256410256410256,3.39051508963013,1.30484842066452,0.256539690638177,0.395042566288844,0.324317338293356,"Igf1",1
"GO:0045879","negative regulation of smoothened signaling pathway","1/113","39/14942",0.0256410256410256,3.39051508963013,1.30484842066452,0.256539690638177,0.395042566288844,0.324317338293356,"Enpp1",1
"GO:0060421","positive regulation of heart growth","1/113","39/14942",0.0256410256410256,3.39051508963013,1.30484842066452,0.256539690638177,0.395042566288844,0.324317338293356,"Igf1",1
"GO:0097028","dendritic cell differentiation","1/113","39/14942",0.0256410256410256,3.39051508963013,1.30484842066452,0.256539690638177,0.395042566288844,0.324317338293356,"Axl",1
"GO:0170038","proteinogenic amino acid biosynthetic process","1/113","39/14942",0.0256410256410256,3.39051508963013,1.30484842066452,0.256539690638177,0.395042566288844,0.324317338293356,"Psat1",1
"GO:0006633","fatty acid biosynthetic process","2/113","130/14942",0.0153846153846154,2.03430905377808,1.03392318163156,0.257969817592706,0.396509164077678,0.325521368268379,"Lpl/Fabp5",2
"GO:0035725","sodium ion transmembrane transport","2/113","130/14942",0.0153846153846154,2.03430905377808,1.03392318163156,0.257969817592706,0.396509164077678,0.325521368268379,"Atp1a3/Fxyd5",2
"GO:0071675","regulation of mononuclear cell migration","2/113","130/14942",0.0153846153846154,2.03430905377808,1.03392318163156,0.257969817592706,0.396509164077678,0.325521368268379,"Csf1/Lgals3",2
"GO:0019693","ribose phosphate metabolic process","4/113","342/14942",0.0116959064327485,1.54655074263831,0.892565787115347,0.259621109885115,0.398547269948483,0.327194588137795,"Slc2a6/Enpp1/Xdh/Igf1",4
"GO:0072522","purine-containing compound biosynthetic process","3/113","234/14942",0.0128205128205128,1.69525754481507,0.935728701148693,0.260518202277953,0.398547269948483,0.327194588137795,"Oas1a/Oasl2/Spp1",3
"GO:0030177","positive regulation of Wnt signaling pathway","2/113","131/14942",0.0152671755725191,2.01877997703168,1.02234382857375,0.260774270164775,0.398547269948483,0.327194588137795,"Zeb2/Pbxip1",2
"GO:0001662","behavioral fear response","1/113","40/14942",0.025,3.30575221238938,1.27465740167879,0.262176878785388,0.398547269948483,0.327194588137795,"Apoe",1
"GO:0002347","response to tumor cell","1/113","40/14942",0.025,3.30575221238938,1.27465740167879,0.262176878785388,0.398547269948483,0.327194588137795,"Il4i1",1
"GO:0006220","pyrimidine nucleotide metabolic process","1/113","40/14942",0.025,3.30575221238938,1.27465740167879,0.262176878785388,0.398547269948483,0.327194588137795,"Cmpk2",1
"GO:0019098","reproductive behavior","1/113","40/14942",0.025,3.30575221238938,1.27465740167879,0.262176878785388,0.398547269948483,0.327194588137795,"Aplp2",1
"GO:0035850","epithelial cell differentiation involved in kidney development","1/113","40/14942",0.025,3.30575221238938,1.27465740167879,0.262176878785388,0.398547269948483,0.327194588137795,"Stat1",1
"GO:0042092","type 2 immune response","1/113","40/14942",0.025,3.30575221238938,1.27465740167879,0.262176878785388,0.398547269948483,0.327194588137795,"Rsad2",1
"GO:0044786","cell cycle DNA replication","1/113","40/14942",0.025,3.30575221238938,1.27465740167879,0.262176878785388,0.398547269948483,0.327194588137795,"Dna2",1
"GO:0046825","regulation of protein export from nucleus","1/113","40/14942",0.025,3.30575221238938,1.27465740167879,0.262176878785388,0.398547269948483,0.327194588137795,"Sp100",1
"GO:0051155","positive regulation of striated muscle cell differentiation","1/113","40/14942",0.025,3.30575221238938,1.27465740167879,0.262176878785388,0.398547269948483,0.327194588137795,"Igf1",1
"GO:0060563","neuroepithelial cell differentiation","1/113","40/14942",0.025,3.30575221238938,1.27465740167879,0.262176878785388,0.398547269948483,0.327194588137795,"Fam20c",1
"GO:0070229","negative regulation of lymphocyte apoptotic process","1/113","40/14942",0.025,3.30575221238938,1.27465740167879,0.262176878785388,0.398547269948483,0.327194588137795,"Cd44",1
"GO:0099170","postsynaptic modulation of chemical synaptic transmission","1/113","40/14942",0.025,3.30575221238938,1.27465740167879,0.262176878785388,0.398547269948483,0.327194588137795,"Igf1",1
"GO:1901861","regulation of muscle tissue development","1/113","40/14942",0.025,3.30575221238938,1.27465740167879,0.262176878785388,0.398547269948483,0.327194588137795,"Lox",1
"GO:1904738","vascular associated smooth muscle cell migration","1/113","40/14942",0.025,3.30575221238938,1.27465740167879,0.262176878785388,0.398547269948483,0.327194588137795,"Enpp1",1
"GO:1990806","ligand-gated ion channel signaling pathway","1/113","40/14942",0.025,3.30575221238938,1.27465740167879,0.262176878785388,0.398547269948483,0.327194588137795,"Atp1a3",1
"GO:0050678","regulation of epithelial cell proliferation","4/113","344/14942",0.0116279069767442,1.5375591685532,0.880505224472273,0.262950142873364,0.399478862571493,0.327959395947512,"Stat1/Apoe/Xdh/Igf1",4
"GO:0017015","regulation of transforming growth factor beta receptor signaling pathway","2/113","132/14942",0.0151515151515152,2.0034861893269,1.01086685811984,0.263579116000787,0.399946373456405,0.328343207462413,"Lox/Zeb2",2
"GO:0032946","positive regulation of mononuclear cell proliferation","2/113","132/14942",0.0151515151515152,2.0034861893269,1.01086685811984,0.263579116000787,0.399946373456405,0.328343207462413,"Csf1/Igf1",2
"GO:0003158","endothelium development","2/113","133/14942",0.0150375939849624,1.98842238339211,0.999490447215055,0.266384190259745,0.402142057189771,0.330145793727556,"Itgax/Xdh",2
"GO:0072175","epithelial tube formation","2/113","133/14942",0.0150375939849624,1.98842238339211,0.999490447215055,0.266384190259745,0.402142057189771,0.330145793727556,"Rps7/Zeb2",2
"GO:0046394","carboxylic acid biosynthetic process","3/113","237/14942",0.0126582278481013,1.67379858855159,0.912735363754433,0.266643243932843,0.402142057189771,0.330145793727556,"Lpl/Fabp5/Psat1",3
"GO:0048167","regulation of synaptic plasticity","3/113","237/14942",0.0126582278481013,1.67379858855159,0.912735363754433,0.266643243932843,0.402142057189771,0.330145793727556,"Atp1a3/Apoe/Enpp1",3
"GO:0097305","response to alcohol","3/113","237/14942",0.0126582278481013,1.67379858855159,0.912735363754433,0.266643243932843,0.402142057189771,0.330145793727556,"Ptger4/Cybb/Igf1",3
"GO:0002209","behavioral defense response","1/113","41/14942",0.024390243902439,3.22512410964818,1.24540780305588,0.267771699124755,0.402142057189771,0.330145793727556,"Apoe",1
"GO:0006636","unsaturated fatty acid biosynthetic process","1/113","41/14942",0.024390243902439,3.22512410964818,1.24540780305588,0.267771699124755,0.402142057189771,0.330145793727556,"Fabp5",1
"GO:0007628","adult walking behavior","1/113","41/14942",0.024390243902439,3.22512410964818,1.24540780305588,0.267771699124755,0.402142057189771,0.330145793727556,"Enpp1",1
"GO:0010765","positive regulation of sodium ion transport","1/113","41/14942",0.024390243902439,3.22512410964818,1.24540780305588,0.267771699124755,0.402142057189771,0.330145793727556,"Fxyd5",1
"GO:0010828","positive regulation of D-glucose transmembrane transport","1/113","41/14942",0.024390243902439,3.22512410964818,1.24540780305588,0.267771699124755,0.402142057189771,0.330145793727556,"Igf1",1
"GO:0036215","response to stem cell factor","1/113","41/14942",0.024390243902439,3.22512410964818,1.24540780305588,0.267771699124755,0.402142057189771,0.330145793727556,"Axl",1
"GO:0036216","cellular response to stem cell factor stimulus","1/113","41/14942",0.024390243902439,3.22512410964818,1.24540780305588,0.267771699124755,0.402142057189771,0.330145793727556,"Axl",1
"GO:0038109","Kit signaling pathway","1/113","41/14942",0.024390243902439,3.22512410964818,1.24540780305588,0.267771699124755,0.402142057189771,0.330145793727556,"Axl",1
"GO:0051205","protein insertion into membrane","1/113","41/14942",0.024390243902439,3.22512410964818,1.24540780305588,0.267771699124755,0.402142057189771,0.330145793727556,"Rtp4",1
"GO:0090630","activation of GTPase activity","1/113","41/14942",0.024390243902439,3.22512410964818,1.24540780305588,0.267771699124755,0.402142057189771,0.330145793727556,"Gpr65",1
"GO:1903018","regulation of glycoprotein metabolic process","1/113","41/14942",0.024390243902439,3.22512410964818,1.24540780305588,0.267771699124755,0.402142057189771,0.330145793727556,"Igf1",1
"GO:1903580","positive regulation of ATP metabolic process","1/113","41/14942",0.024390243902439,3.22512410964818,1.24540780305588,0.267771699124755,0.402142057189771,0.330145793727556,"Igf1",1
"GO:0016049","cell growth","5/113","460/14942",0.0108695652173913,1.43728357060408,0.831574047175842,0.268591405912476,0.403129958241149,0.33095682895976,"Apoe/Zeb2/Enpp1/Cd44/Igf1",5
"GO:0051783","regulation of nuclear division","2/113","134/14942",0.0149253731343284,1.97358341038172,0.988212819309451,0.269189330527609,0.403298094472772,0.331094863439494,"Mki67/Igf1",2
"GO:0170033","L-amino acid metabolic process","2/113","134/14942",0.0149253731343284,1.97358341038172,0.988212819309451,0.269189330527609,0.403298094472772,0.331094863439494,"Psat1/Il4i1",2
"GO:1903844","regulation of cellular response to transforming growth factor beta stimulus","2/113","134/14942",0.0149253731343284,1.97358341038172,0.988212819309451,0.269189330527609,0.403298094472772,0.331094863439494,"Lox/Zeb2",2
"GO:0051259","protein complex oligomerization","3/113","239/14942",0.0125523012552301,1.6597919058022,0.897586014844242,0.270736603700748,0.404383792917414,0.331986187210154,"Oas1a/Samhd1/Oas1g",3
"GO:0015748","organophosphate ester transport","2/113","135/14942",0.0148148148148148,1.95896427400852,0.977032242827238,0.271994376790577,0.404383792917414,0.331986187210154,"Apoe/Ank",2
"GO:0072006","nephron development","2/113","135/14942",0.0148148148148148,1.95896427400852,0.977032242827238,0.271994376790577,0.404383792917414,0.331986187210154,"Stat1/Cd44",2
"GO:0016053","organic acid biosynthetic process","3/113","240/14942",0.0125,1.65287610619469,0.890064148946722,0.272786066101942,0.404383792917414,0.331986187210154,"Lpl/Fabp5/Psat1",3
"GO:0002686","negative regulation of leukocyte migration","1/113","42/14942",0.0238095238095238,3.14833544037084,1.21704525068292,0.273324467261048,0.404383792917414,0.331986187210154,"Ptger4",1
"GO:0003298","physiological muscle hypertrophy","1/113","42/14942",0.0238095238095238,3.14833544037084,1.21704525068292,0.273324467261048,0.404383792917414,0.331986187210154,"Igf1",1
"GO:0003301","physiological cardiac muscle hypertrophy","1/113","42/14942",0.0238095238095238,3.14833544037084,1.21704525068292,0.273324467261048,0.404383792917414,0.331986187210154,"Igf1",1
"GO:0006284","base-excision repair","1/113","42/14942",0.0238095238095238,3.14833544037084,1.21704525068292,0.273324467261048,0.404383792917414,0.331986187210154,"Dna2",1
"GO:0010935","regulation of macrophage cytokine production","1/113","42/14942",0.0238095238095238,3.14833544037084,1.21704525068292,0.273324467261048,0.404383792917414,0.331986187210154,"Axl",1
"GO:0014075","response to amine","1/113","42/14942",0.0238095238095238,3.14833544037084,1.21704525068292,0.273324467261048,0.404383792917414,0.331986187210154,"Atp1a3",1
"GO:0030858","positive regulation of epithelial cell differentiation","1/113","42/14942",0.0238095238095238,3.14833544037084,1.21704525068292,0.273324467261048,0.404383792917414,0.331986187210154,"Zeb2",1
"GO:0035196","miRNA processing","1/113","42/14942",0.0238095238095238,3.14833544037084,1.21704525068292,0.273324467261048,0.404383792917414,0.331986187210154,"Adar",1
"GO:0048634","regulation of muscle organ development","1/113","42/14942",0.0238095238095238,3.14833544037084,1.21704525068292,0.273324467261048,0.404383792917414,0.331986187210154,"Lox",1
"GO:0048873","homeostasis of number of cells within a tissue","1/113","42/14942",0.0238095238095238,3.14833544037084,1.21704525068292,0.273324467261048,0.404383792917414,0.331986187210154,"Csf1",1
"GO:0050732","negative regulation of peptidyl-tyrosine phosphorylation","1/113","42/14942",0.0238095238095238,3.14833544037084,1.21704525068292,0.273324467261048,0.404383792917414,0.331986187210154,"Igf1",1
"GO:0051438","regulation of ubiquitin-protein transferase activity","1/113","42/14942",0.0238095238095238,3.14833544037084,1.21704525068292,0.273324467261048,0.404383792917414,0.331986187210154,"Rps7",1
"GO:0051602","response to electrical stimulus","1/113","42/14942",0.0238095238095238,3.14833544037084,1.21704525068292,0.273324467261048,0.404383792917414,0.331986187210154,"Atp1a3",1
"GO:0060428","lung epithelium development","1/113","42/14942",0.0238095238095238,3.14833544037084,1.21704525068292,0.273324467261048,0.404383792917414,0.331986187210154,"Igf1",1
"GO:0061049","cell growth involved in cardiac muscle cell development","1/113","42/14942",0.0238095238095238,3.14833544037084,1.21704525068292,0.273324467261048,0.404383792917414,0.331986187210154,"Igf1",1
"GO:1901532","regulation of hematopoietic progenitor cell differentiation","1/113","42/14942",0.0238095238095238,3.14833544037084,1.21704525068292,0.273324467261048,0.404383792917414,0.331986187210154,"Eif2ak2",1
"GO:2000378","negative regulation of reactive oxygen species metabolic process","1/113","42/14942",0.0238095238095238,3.14833544037084,1.21704525068292,0.273324467261048,0.404383792917414,0.331986187210154,"Ptger4",1
"GO:0007204","positive regulation of cytosolic calcium ion concentration","2/113","136/14942",0.0147058823529412,1.94456012493493,0.965947029697522,0.274799171408632,0.406139375133492,0.333427464176386,"Ptger4/Cd52",2
"GO:0045860","positive regulation of protein kinase activity","3/113","241/14942",0.012448132780083,1.64601769911504,0.882577031772647,0.274837287991942,0.406139375133492,0.333427464176386,"Csf1/Zeb2/Igf1",3
"GO:0023061","signal release","5/113","465/14942",0.010752688172043,1.42182890855457,0.806671383171566,0.275841274890185,0.40738124227554,0.334446997463157,"Ptger4/Hcar2/Spp1/Anxa5/Lgals3",5
"GO:0010543","regulation of platelet activation","1/113","43/14942",0.0232558139534884,3.0751183371064,1.18951975189919,0.278835496469068,0.408411991887047,0.335293209995623,"Apoe",1
"GO:0030501","positive regulation of bone mineralization","1/113","43/14942",0.0232558139534884,3.0751183371064,1.18951975189919,0.278835496469068,0.408411991887047,0.335293209995623,"Fam20c",1
"GO:0035790","platelet-derived growth factor receptor-alpha signaling pathway","1/113","43/14942",0.0232558139534884,3.0751183371064,1.18951975189919,0.278835496469068,0.408411991887047,0.335293209995623,"Axl",1
"GO:0036230","granulocyte activation","1/113","43/14942",0.0232558139534884,3.0751183371064,1.18951975189919,0.278835496469068,0.408411991887047,0.335293209995623,"Myo1f",1
"GO:0042304","regulation of fatty acid biosynthetic process","1/113","43/14942",0.0232558139534884,3.0751183371064,1.18951975189919,0.278835496469068,0.408411991887047,0.335293209995623,"Fabp5",1
"GO:0042446","hormone biosynthetic process","1/113","43/14942",0.0232558139534884,3.0751183371064,1.18951975189919,0.278835496469068,0.408411991887047,0.335293209995623,"Igf1",1
"GO:0044788","modulation by host of viral process","1/113","43/14942",0.0232558139534884,3.0751183371064,1.18951975189919,0.278835496469068,0.408411991887047,0.335293209995623,"Apoe",1
"GO:0046627","negative regulation of insulin receptor signaling pathway","1/113","43/14942",0.0232558139534884,3.0751183371064,1.18951975189919,0.278835496469068,0.408411991887047,0.335293209995623,"Enpp1",1
"GO:0046636","negative regulation of alpha-beta T cell activation","1/113","43/14942",0.0232558139534884,3.0751183371064,1.18951975189919,0.278835496469068,0.408411991887047,0.335293209995623,"Cd44",1
"GO:0046640","regulation of alpha-beta T cell proliferation","1/113","43/14942",0.0232558139534884,3.0751183371064,1.18951975189919,0.278835496469068,0.408411991887047,0.335293209995623,"Cd44",1
"GO:0050798","activated T cell proliferation","1/113","43/14942",0.0232558139534884,3.0751183371064,1.18951975189919,0.278835496469068,0.408411991887047,0.335293209995623,"Igf1",1
"GO:0061383","trabecula morphogenesis","1/113","43/14942",0.0232558139534884,3.0751183371064,1.18951975189919,0.278835496469068,0.408411991887047,0.335293209995623,"Enpp1",1
"GO:1900225","regulation of NLRP3 inflammasome complex assembly","1/113","43/14942",0.0232558139534884,3.0751183371064,1.18951975189919,0.278835496469068,0.408411991887047,0.335293209995623,"Eif2ak2",1
"GO:1904707","positive regulation of vascular associated smooth muscle cell proliferation","1/113","43/14942",0.0232558139534884,3.0751183371064,1.18951975189919,0.278835496469068,0.408411991887047,0.335293209995623,"Igf1",1
"GO:0030218","erythrocyte differentiation","2/113","138/14942",0.0144927536231884,1.91637809413877,0.944056150328039,0.280407386861904,0.410472894348114,0.336985145138042,"Stat1/Adar",2
"GO:0060560","developmental growth involved in morphogenesis","3/113","245/14942",0.0122448979591837,1.61914394076215,0.852969386083936,0.28305835420484,0.412300345544339,0.338485424243123,"Csf1/Apoe/Zeb2",3
"GO:0009266","response to temperature stimulus","2/113","139/14942",0.0143884892086331,1.90259120137518,0.933247313050962,0.283210504051477,0.412300345544339,0.338485424243123,"Atp1a3/Igf1",2
"GO:0001658","branching involved in ureteric bud morphogenesis","1/113","44/14942",0.0227272727272727,3.00522928399035,1.16278524882195,0.284305097710695,0.412300345544339,0.338485424243123,"Cd44",1
"GO:0010463","mesenchymal cell proliferation","1/113","44/14942",0.0227272727272727,3.00522928399035,1.16278524882195,0.284305097710695,0.412300345544339,0.338485424243123,"Stat1",1
"GO:0032480","negative regulation of type I interferon production","1/113","44/14942",0.0227272727272727,3.00522928399035,1.16278524882195,0.284305097710695,0.412300345544339,0.338485424243123,"Dhx58",1
"GO:0042269","regulation of natural killer cell mediated cytotoxicity","1/113","44/14942",0.0227272727272727,3.00522928399035,1.16278524882195,0.284305097710695,0.412300345544339,0.338485424243123,"Tap1",1
"GO:0043331","response to dsRNA","1/113","44/14942",0.0227272727272727,3.00522928399035,1.16278524882195,0.284305097710695,0.412300345544339,0.338485424243123,"Stat1",1
"GO:0043403","skeletal muscle tissue regeneration","1/113","44/14942",0.0227272727272727,3.00522928399035,1.16278524882195,0.284305097710695,0.412300345544339,0.338485424243123,"Igf1",1
"GO:0045981","positive regulation of nucleotide metabolic process","1/113","44/14942",0.0227272727272727,3.00522928399035,1.16278524882195,0.284305097710695,0.412300345544339,0.338485424243123,"Igf1",1
"GO:0046148","pigment biosynthetic process","1/113","44/14942",0.0227272727272727,3.00522928399035,1.16278524882195,0.284305097710695,0.412300345544339,0.338485424243123,"Zeb2",1
"GO:0072595","maintenance of protein localization in organelle","1/113","44/14942",0.0227272727272727,3.00522928399035,1.16278524882195,0.284305097710695,0.412300345544339,0.338485424243123,"Sp100",1
"GO:0085029","extracellular matrix assembly","1/113","44/14942",0.0227272727272727,3.00522928399035,1.16278524882195,0.284305097710695,0.412300345544339,0.338485424243123,"Lox",1
"GO:0090207","regulation of triglyceride metabolic process","1/113","44/14942",0.0227272727272727,3.00522928399035,1.16278524882195,0.284305097710695,0.412300345544339,0.338485424243123,"Apoe",1
"GO:1900544","positive regulation of purine nucleotide metabolic process","1/113","44/14942",0.0227272727272727,3.00522928399035,1.16278524882195,0.284305097710695,0.412300345544339,0.338485424243123,"Igf1",1
"GO:1905953","negative regulation of lipid localization","1/113","44/14942",0.0227272727272727,3.00522928399035,1.16278524882195,0.284305097710695,0.412300345544339,0.338485424243123,"Apoe",1
"GO:1990776","response to angiotensin","1/113","44/14942",0.0227272727272727,3.00522928399035,1.16278524882195,0.284305097710695,0.412300345544339,0.338485424243123,"Cybb",1
"GO:0032970","regulation of actin filament-based process","4/113","357/14942",0.0112044817927171,1.48156961899804,0.803920482610462,0.284779834651044,0.412748421583876,0.338853280370276,"Ptger4/Zeb2/Myo1f/Gpr65",4
"GO:0009205","purine ribonucleoside triphosphate metabolic process","3/113","246/14942",0.0121951219512195,1.61256205482409,0.845651054676991,0.285117315024105,0.41275704326164,0.33886035849254,"Slc2a6/Enpp1/Igf1",3
"GO:0048588","developmental cell growth","3/113","246/14942",0.0121951219512195,1.61256205482409,0.845651054676991,0.285117315024105,0.41275704326164,0.33886035849254,"Apoe/Zeb2/Igf1",3
"GO:0055088","lipid homeostasis","2/113","140/14942",0.0142857142857143,1.8890012642225,0.922527494499068,0.28601276225371,0.413812770489098,0.339727076850488,"Lpl/Apoe",2
"GO:0044283","small molecule biosynthetic process","5/113","474/14942",0.0105485232067511,1.39483215712632,0.762553922516648,0.288994345201666,0.416293487208886,0.341763666100045,"Lpl/Fabp5/Psat1/Apoe/Spp1",5
"GO:0001774","microglial cell activation","1/113","45/14942",0.0222222222222222,2.93844641101278,1.13679922626186,0.289733579651807,0.416293487208886,0.341763666100045,"Cst7",1
"GO:0009116","nucleoside metabolic process","1/113","45/14942",0.0222222222222222,2.93844641101278,1.13679922626186,0.289733579651807,0.416293487208886,0.341763666100045,"Xdh",1
"GO:0010762","regulation of fibroblast migration","1/113","45/14942",0.0222222222222222,2.93844641101278,1.13679922626186,0.289733579651807,0.416293487208886,0.341763666100045,"Zeb2",1
"GO:0043303","mast cell degranulation","1/113","45/14942",0.0222222222222222,2.93844641101278,1.13679922626186,0.289733579651807,0.416293487208886,0.341763666100045,"Milr1",1
"GO:0043407","negative regulation of MAP kinase activity","1/113","45/14942",0.0222222222222222,2.93844641101278,1.13679922626186,0.289733579651807,0.416293487208886,0.341763666100045,"Apoe",1
"GO:0044546","NLRP3 inflammasome complex assembly","1/113","45/14942",0.0222222222222222,2.93844641101278,1.13679922626186,0.289733579651807,0.416293487208886,0.341763666100045,"Eif2ak2",1
"GO:0045646","regulation of erythrocyte differentiation","1/113","45/14942",0.0222222222222222,2.93844641101278,1.13679922626186,0.289733579651807,0.416293487208886,0.341763666100045,"Stat1",1
"GO:0050856","regulation of T cell receptor signaling pathway","1/113","45/14942",0.0222222222222222,2.93844641101278,1.13679922626186,0.289733579651807,0.416293487208886,0.341763666100045,"Lgals3",1
"GO:0050982","detection of mechanical stimulus","1/113","45/14942",0.0222222222222222,2.93844641101278,1.13679922626186,0.289733579651807,0.416293487208886,0.341763666100045,"Igf1",1
"GO:0140353","lipid export from cell","1/113","45/14942",0.0222222222222222,2.93844641101278,1.13679922626186,0.289733579651807,0.416293487208886,0.341763666100045,"Spp1",1
"GO:1905521","regulation of macrophage migration","1/113","45/14942",0.0222222222222222,2.93844641101278,1.13679922626186,0.289733579651807,0.416293487208886,0.341763666100045,"Csf1",1
"GO:0007249","canonical NF-kappaB signal transduction","3/113","249/14942",0.0120481927710843,1.59313359633223,0.823891610117014,0.291301957636512,0.41803060276807,0.343189782530371,"Stat1/Clec7a/Ikbke",3
"GO:0006261","DNA-templated DNA replication","2/113","142/14942",0.0140845070422535,1.86239561261374,0.901348986881323,0.291614119280377,0.41803060276807,0.343189782530371,"Dna2/Samhd1",2
"GO:0035148","tube formation","2/113","142/14942",0.0140845070422535,1.86239561261374,0.901348986881323,0.291614119280377,0.41803060276807,0.343189782530371,"Rps7/Zeb2",2
"GO:0043405","regulation of MAP kinase activity","2/113","142/14942",0.0140845070422535,1.86239561261374,0.901348986881323,0.291614119280377,0.41803060276807,0.343189782530371,"Apoe/Zeb2",2
"GO:0001101","response to acid chemical","2/113","143/14942",0.013986013986014,1.84937186707098,0.890887422927614,0.294412932423113,0.420395829068032,0.345131557831375,"Atp1a3/Cybb",2
"GO:0001755","neural crest cell migration","1/113","46/14942",0.0217391304347826,2.87456714120816,1.11152236650208,0.295121248679084,0.420395829068032,0.345131557831375,"Zeb2",1
"GO:0001941","postsynaptic membrane organization","1/113","46/14942",0.0217391304347826,2.87456714120816,1.11152236650208,0.295121248679084,0.420395829068032,0.345131557831375,"Apoe",1
"GO:0002448","mast cell mediated immunity","1/113","46/14942",0.0217391304347826,2.87456714120816,1.11152236650208,0.295121248679084,0.420395829068032,0.345131557831375,"Milr1",1
"GO:0006509","membrane protein ectodomain proteolysis","1/113","46/14942",0.0217391304347826,2.87456714120816,1.11152236650208,0.295121248679084,0.420395829068032,0.345131557831375,"Apoe",1
"GO:0032965","regulation of collagen biosynthetic process","1/113","46/14942",0.0217391304347826,2.87456714120816,1.11152236650208,0.295121248679084,0.420395829068032,0.345131557831375,"Vim",1
"GO:0043507","positive regulation of JUN kinase activity","1/113","46/14942",0.0217391304347826,2.87456714120816,1.11152236650208,0.295121248679084,0.420395829068032,0.345131557831375,"Zeb2",1
"GO:0051055","negative regulation of lipid biosynthetic process","1/113","46/14942",0.0217391304347826,2.87456714120816,1.11152236650208,0.295121248679084,0.420395829068032,0.345131557831375,"Apoe",1
"GO:0061756","leukocyte adhesion to vascular endothelial cell","1/113","46/14942",0.0217391304347826,2.87456714120816,1.11152236650208,0.295121248679084,0.420395829068032,0.345131557831375,"Chst2",1
"GO:0072538","T-helper 17 type immune response","1/113","46/14942",0.0217391304347826,2.87456714120816,1.11152236650208,0.295121248679084,0.420395829068032,0.345131557831375,"Clec7a",1
"GO:1902743","regulation of lamellipodium organization","1/113","46/14942",0.0217391304347826,2.87456714120816,1.11152236650208,0.295121248679084,0.420395829068032,0.345131557831375,"Cd44",1
"GO:0033674","positive regulation of kinase activity","3/113","252/14942",0.0119047619047619,1.57416772018542,0.802419117730288,0.29749681332071,0.421977630119875,0.34643016600837,"Csf1/Zeb2/Igf1",3
"GO:0009199","ribonucleoside triphosphate metabolic process","3/113","253/14942",0.0118577075098814,1.56794571338627,0.795324009402534,0.299563721642694,0.421977630119875,0.34643016600837,"Slc2a6/Enpp1/Igf1",3
"GO:0001890","placenta development","2/113","145/14942",0.0137931034482759,1.82386328959414,0.870212741496126,0.300006130084019,0.421977630119875,0.34643016600837,"Rtcb/Ctsb",2
"GO:0030534","adult behavior","2/113","145/14942",0.0137931034482759,1.82386328959414,0.870212741496126,0.300006130084019,0.421977630119875,0.34643016600837,"Atp1a3/Enpp1",2
"GO:0032675","regulation of interleukin-6 production","2/113","145/14942",0.0137931034482759,1.82386328959414,0.870212741496126,0.300006130084019,0.421977630119875,0.34643016600837,"Lpl/Clec7a",2
"GO:0002715","regulation of natural killer cell mediated immunity","1/113","47/14942",0.0212765957446809,2.81340613820373,1.08691824445108,0.300468408916682,0.421977630119875,0.34643016600837,"Tap1",1
"GO:0006721","terpenoid metabolic process","1/113","47/14942",0.0212765957446809,2.81340613820373,1.08691824445108,0.300468408916682,0.421977630119875,0.34643016600837,"Lpl",1
"GO:0006767","water-soluble vitamin metabolic process","1/113","47/14942",0.0212765957446809,2.81340613820373,1.08691824445108,0.300468408916682,0.421977630119875,0.34643016600837,"Atp1a3",1
"GO:0009988","cell-cell recognition","1/113","47/14942",0.0212765957446809,2.81340613820373,1.08691824445108,0.300468408916682,0.421977630119875,0.34643016600837,"Lgals3",1
"GO:0031670","cellular response to nutrient","1/113","47/14942",0.0212765957446809,2.81340613820373,1.08691824445108,0.300468408916682,0.421977630119875,0.34643016600837,"Lpl",1
"GO:0032371","regulation of sterol transport","1/113","47/14942",0.0212765957446809,2.81340613820373,1.08691824445108,0.300468408916682,0.421977630119875,0.34643016600837,"Apoe",1
"GO:0032374","regulation of cholesterol transport","1/113","47/14942",0.0212765957446809,2.81340613820373,1.08691824445108,0.300468408916682,0.421977630119875,0.34643016600837,"Apoe",1
"GO:0033344","cholesterol efflux","1/113","47/14942",0.0212765957446809,2.81340613820373,1.08691824445108,0.300468408916682,0.421977630119875,0.34643016600837,"Apoe",1
"GO:0038063","collagen-activated tyrosine kinase receptor signaling pathway","1/113","47/14942",0.0212765957446809,2.81340613820373,1.08691824445108,0.300468408916682,0.421977630119875,0.34643016600837,"Axl",1
"GO:0042789","mRNA transcription by RNA polymerase II","1/113","47/14942",0.0212765957446809,2.81340613820373,1.08691824445108,0.300468408916682,0.421977630119875,0.34643016600837,"Enpp1",1
"GO:0045740","positive regulation of DNA replication","1/113","47/14942",0.0212765957446809,2.81340613820373,1.08691824445108,0.300468408916682,0.421977630119875,0.34643016600837,"Dna2",1
"GO:0046460","neutral lipid biosynthetic process","1/113","47/14942",0.0212765957446809,2.81340613820373,1.08691824445108,0.300468408916682,0.421977630119875,0.34643016600837,"Lpl",1
"GO:0046463","acylglycerol biosynthetic process","1/113","47/14942",0.0212765957446809,2.81340613820373,1.08691824445108,0.300468408916682,0.421977630119875,0.34643016600837,"Lpl",1
"GO:0046686","response to cadmium ion","1/113","47/14942",0.0212765957446809,2.81340613820373,1.08691824445108,0.300468408916682,0.421977630119875,0.34643016600837,"Cybb",1
"GO:0048012","hepatocyte growth factor receptor signaling pathway","1/113","47/14942",0.0212765957446809,2.81340613820373,1.08691824445108,0.300468408916682,0.421977630119875,0.34643016600837,"Axl",1
"GO:0050853","B cell receptor signaling pathway","1/113","47/14942",0.0212765957446809,2.81340613820373,1.08691824445108,0.300468408916682,0.421977630119875,0.34643016600837,"Cd22",1
"GO:0071867","response to monoamine","1/113","47/14942",0.0212765957446809,2.81340613820373,1.08691824445108,0.300468408916682,0.421977630119875,0.34643016600837,"Atp1a3",1
"GO:0090199","regulation of release of cytochrome c from mitochondria","1/113","47/14942",0.0212765957446809,2.81340613820373,1.08691824445108,0.300468408916682,0.421977630119875,0.34643016600837,"Igf1",1
"GO:0140632","canonical inflammasome complex assembly","1/113","47/14942",0.0212765957446809,2.81340613820373,1.08691824445108,0.300468408916682,0.421977630119875,0.34643016600837,"Eif2ak2",1
"GO:1901607","alpha-amino acid biosynthetic process","1/113","47/14942",0.0212765957446809,2.81340613820373,1.08691824445108,0.300468408916682,0.421977630119875,0.34643016600837,"Psat1",1
"GO:0010721","negative regulation of cell development","3/113","254/14942",0.0118110236220472,1.56177269876664,0.788259616658573,0.30163149777781,0.423372282675732,0.347575131243403,"Fgl2/Cd44/Igf1",3
"GO:0070665","positive regulation of leukocyte proliferation","2/113","146/14942",0.0136986301369863,1.81137107528185,0.85999694799155,0.302800241875441,0.424773297053436,0.348725319331123,"Csf1/Igf1",2
"GO:0002279","mast cell activation involved in immune response","1/113","48/14942",0.0208333333333333,2.75479351032448,1.06295305769564,0.305775362242793,0.424877595973523,0.348810945415592,"Milr1",1
"GO:0006687","glycosphingolipid metabolic process","1/113","48/14942",0.0208333333333333,2.75479351032448,1.06295305769564,0.305775362242793,0.424877595973523,0.348810945415592,"Gla",1
"GO:0006940","regulation of smooth muscle contraction","1/113","48/14942",0.0208333333333333,2.75479351032448,1.06295305769564,0.305775362242793,0.424877595973523,0.348810945415592,"Ptger4",1
"GO:0009161","ribonucleoside monophosphate metabolic process","1/113","48/14942",0.0208333333333333,2.75479351032448,1.06295305769564,0.305775362242793,0.424877595973523,0.348810945415592,"Xdh",1
"GO:0010934","macrophage cytokine production","1/113","48/14942",0.0208333333333333,2.75479351032448,1.06295305769564,0.305775362242793,0.424877595973523,0.348810945415592,"Axl",1
"GO:0019933","cAMP-mediated signaling","1/113","48/14942",0.0208333333333333,2.75479351032448,1.06295305769564,0.305775362242793,0.424877595973523,0.348810945415592,"Ptger4",1
"GO:0022602","ovulation cycle process","1/113","48/14942",0.0208333333333333,2.75479351032448,1.06295305769564,0.305775362242793,0.424877595973523,0.348810945415592,"Ptger4",1
"GO:0035272","exocrine system development","1/113","48/14942",0.0208333333333333,2.75479351032448,1.06295305769564,0.305775362242793,0.424877595973523,0.348810945415592,"Igf1",1
"GO:0046633","alpha-beta T cell proliferation","1/113","48/14942",0.0208333333333333,2.75479351032448,1.06295305769564,0.305775362242793,0.424877595973523,0.348810945415592,"Cd44",1
"GO:0048512","circadian behavior","1/113","48/14942",0.0208333333333333,2.75479351032448,1.06295305769564,0.305775362242793,0.424877595973523,0.348810945415592,"Ptger4",1
"GO:0050918","positive chemotaxis","1/113","48/14942",0.0208333333333333,2.75479351032448,1.06295305769564,0.305775362242793,0.424877595973523,0.348810945415592,"Lgals3",1
"GO:0061005","cell differentiation involved in kidney development","1/113","48/14942",0.0208333333333333,2.75479351032448,1.06295305769564,0.305775362242793,0.424877595973523,0.348810945415592,"Stat1",1
"GO:0070169","positive regulation of biomineral tissue development","1/113","48/14942",0.0208333333333333,2.75479351032448,1.06295305769564,0.305775362242793,0.424877595973523,0.348810945415592,"Fam20c",1
"GO:0070232","regulation of T cell apoptotic process","1/113","48/14942",0.0208333333333333,2.75479351032448,1.06295305769564,0.305775362242793,0.424877595973523,0.348810945415592,"Lgals3",1
"GO:0090497","mesenchymal cell migration","1/113","48/14942",0.0208333333333333,2.75479351032448,1.06295305769564,0.305775362242793,0.424877595973523,0.348810945415592,"Zeb2",1
"GO:1902305","regulation of sodium ion transmembrane transport","1/113","48/14942",0.0208333333333333,2.75479351032448,1.06295305769564,0.305775362242793,0.424877595973523,0.348810945415592,"Fxyd5",1
"GO:1902930","regulation of alcohol biosynthetic process","1/113","48/14942",0.0208333333333333,2.75479351032448,1.06295305769564,0.305775362242793,0.424877595973523,0.348810945415592,"Apoe",1
"GO:0000723","telomere maintenance","2/113","148/14942",0.0135135135135135,1.78689308777804,0.839801996826096,0.308382825343402,0.427784532091962,0.351197447187736,"Dna2/Sp100",2
"GO:0016331","morphogenesis of embryonic epithelium","2/113","148/14942",0.0135135135135135,1.78689308777804,0.839801996826096,0.308382825343402,0.427784532091962,0.351197447187736,"Rps7/Zeb2",2
"GO:0032200","telomere organization","2/113","148/14942",0.0135135135135135,1.78689308777804,0.839801996826096,0.308382825343402,0.427784532091962,0.351197447187736,"Dna2/Sp100",2
"GO:0006518","peptide metabolic process","1/113","49/14942",0.0204081632653061,2.69857323460358,1.03959538682009,0.311042408306077,0.429083433064893,0.352263803429306,"Cpd",1
"GO:0006695","cholesterol biosynthetic process","1/113","49/14942",0.0204081632653061,2.69857323460358,1.03959538682009,0.311042408306077,0.429083433064893,0.352263803429306,"Apoe",1
"GO:0006911","phagocytosis, engulfment","1/113","49/14942",0.0204081632653061,2.69857323460358,1.03959538682009,0.311042408306077,0.429083433064893,0.352263803429306,"Clec7a",1
"GO:0007193","adenylate cyclase-inhibiting G protein-coupled receptor signaling pathway","1/113","49/14942",0.0204081632653061,2.69857323460358,1.03959538682009,0.311042408306077,0.429083433064893,0.352263803429306,"Ptger4",1
"GO:0007622","rhythmic behavior","1/113","49/14942",0.0204081632653061,2.69857323460358,1.03959538682009,0.311042408306077,0.429083433064893,0.352263803429306,"Ptger4",1
"GO:0046503","glycerolipid catabolic process","1/113","49/14942",0.0204081632653061,2.69857323460358,1.03959538682009,0.311042408306077,0.429083433064893,0.352263803429306,"Lpl",1
"GO:0046622","positive regulation of organ growth","1/113","49/14942",0.0204081632653061,2.69857323460358,1.03959538682009,0.311042408306077,0.429083433064893,0.352263803429306,"Igf1",1
"GO:0048489","synaptic vesicle transport","1/113","49/14942",0.0204081632653061,2.69857323460358,1.03959538682009,0.311042408306077,0.429083433064893,0.352263803429306,"Mx2",1
"GO:0090278","negative regulation of peptide hormone secretion","1/113","49/14942",0.0204081632653061,2.69857323460358,1.03959538682009,0.311042408306077,0.429083433064893,0.352263803429306,"Anxa5",1
"GO:1902653","secondary alcohol biosynthetic process","1/113","49/14942",0.0204081632653061,2.69857323460358,1.03959538682009,0.311042408306077,0.429083433064893,0.352263803429306,"Apoe",1
"GO:0001558","regulation of cell growth","4/113","373/14942",0.0107238605898123,1.4180170348051,0.7136851274525,0.312006113366938,0.430174541685314,0.353159568781602,"Apoe/Enpp1/Cd44/Igf1",4
"GO:0000266","mitochondrial fission","1/113","50/14942",0.02,2.6446017699115,1.01681598205445,0.316269844541988,0.434609223460017,0.356800300976264,"Stat2",1
"GO:0045599","negative regulation of fat cell differentiation","1/113","50/14942",0.02,2.6446017699115,1.01681598205445,0.316269844541988,0.434609223460017,0.356800300976264,"Enpp1",1
"GO:0045773","positive regulation of axon extension","1/113","50/14942",0.02,2.6446017699115,1.01681598205445,0.316269844541988,0.434609223460017,0.356800300976264,"Apoe",1
"GO:0046470","phosphatidylcholine metabolic process","1/113","50/14942",0.02,2.6446017699115,1.01681598205445,0.316269844541988,0.434609223460017,0.356800300976264,"Fabp5",1
"GO:0051341","regulation of oxidoreductase activity","1/113","50/14942",0.02,2.6446017699115,1.01681598205445,0.316269844541988,0.434609223460017,0.356800300976264,"Gla",1
"GO:0060675","ureteric bud morphogenesis","1/113","50/14942",0.02,2.6446017699115,1.01681598205445,0.316269844541988,0.434609223460017,0.356800300976264,"Cd44",1
"GO:0141193","nuclear receptor-mediated signaling pathway","2/113","151/14942",0.0132450331125828,1.75139190060365,0.810082660835205,0.316740664001871,0.435016135336271,0.357134362639205,"Fabp5/Igf1",2
"GO:0032635","interleukin-6 production","2/113","152/14942",0.0131578947368421,1.7398695854681,0.800324300521924,0.319521831616817,0.438110881456979,0.359675050428854,"Lpl/Clec7a",2
"GO:0043123","positive regulation of canonical NF-kappaB signal transduction","2/113","152/14942",0.0131578947368421,1.7398695854681,0.800324300521924,0.319521831616817,0.438110881456979,0.359675050428854,"Clec7a/Ikbke",2
"GO:0043488","regulation of mRNA stability","2/113","152/14942",0.0131578947368421,1.7398695854681,0.800324300521924,0.319521831616817,0.438110881456979,0.359675050428854,"Ikbke/Vim",2
"GO:0060485","mesenchyme development","3/113","263/14942",0.0114068441064639,1.50832800565295,0.72601701380274,0.320269855840426,0.438591964827681,0.360070004521394,"Stat1/Rps7/Zeb2",3
"GO:0001756","somitogenesis","1/113","51/14942",0.0196078431372549,2.59274683324657,0.994587572893935,0.321457966188963,0.438591964827681,0.360070004521394,"Zeb2",1
"GO:0007215","glutamate receptor signaling pathway","1/113","51/14942",0.0196078431372549,2.59274683324657,0.994587572893935,0.321457966188963,0.438591964827681,0.360070004521394,"Atp1a3",1
"GO:0009299","mRNA transcription","1/113","51/14942",0.0196078431372549,2.59274683324657,0.994587572893935,0.321457966188963,0.438591964827681,0.360070004521394,"Enpp1",1
"GO:0030219","megakaryocyte differentiation","1/113","51/14942",0.0196078431372549,2.59274683324657,0.994587572893935,0.321457966188963,0.438591964827681,0.360070004521394,"Lox",1
"GO:0032387","negative regulation of intracellular transport","1/113","51/14942",0.0196078431372549,2.59274683324657,0.994587572893935,0.321457966188963,0.438591964827681,0.360070004521394,"Sp100",1
"GO:0060443","mammary gland morphogenesis","1/113","51/14942",0.0196078431372549,2.59274683324657,0.994587572893935,0.321457966188963,0.438591964827681,0.360070004521394,"Csf1",1
"GO:0072171","mesonephric tubule morphogenesis","1/113","51/14942",0.0196078431372549,2.59274683324657,0.994587572893935,0.321457966188963,0.438591964827681,0.360070004521394,"Cd44",1
"GO:0097300","programmed necrotic cell death","1/113","51/14942",0.0196078431372549,2.59274683324657,0.994587572893935,0.321457966188963,0.438591964827681,0.360070004521394,"Zbp1",1
"GO:0001525","angiogenesis","5/113","497/14942",0.0100603621730382,1.33028258043838,0.653699589589937,0.323094591148903,0.440583533384867,0.361705018741667,"Stat1/Itgax/Sp100/Lgals3/Cybb",5
"GO:0002244","hematopoietic progenitor cell differentiation","2/113","154/14942",0.012987012987013,1.71727387656591,0.781022913691505,0.325076269404754,0.442465503317865,0.363250055989556,"Eif2ak2/Adar",2
"GO:0002823","negative regulation of adaptive immune response based on somatic recombination of immune receptors built from immunoglobulin superfamily domains","1/113","52/14942",0.0192307692307692,2.5428863172226,0.972884697817593,0.326607066304513,0.442465503317865,0.363250055989556,"Il4i1",1
"GO:0010634","positive regulation of epithelial cell migration","1/113","52/14942",0.0192307692307692,2.5428863172226,0.972884697817593,0.326607066304513,0.442465503317865,0.363250055989556,"Vim",1
"GO:0010712","regulation of collagen metabolic process","1/113","52/14942",0.0192307692307692,2.5428863172226,0.972884697817593,0.326607066304513,0.442465503317865,0.363250055989556,"Vim",1
"GO:0010907","positive regulation of glucose metabolic process","1/113","52/14942",0.0192307692307692,2.5428863172226,0.972884697817593,0.326607066304513,0.442465503317865,0.363250055989556,"Igf1",1
"GO:0014003","oligodendrocyte development","1/113","52/14942",0.0192307692307692,2.5428863172226,0.972884697817593,0.326607066304513,0.442465503317865,0.363250055989556,"Enpp1",1
"GO:0042311","vasodilation","1/113","52/14942",0.0192307692307692,2.5428863172226,0.972884697817593,0.326607066304513,0.442465503317865,0.363250055989556,"Apoe",1
"GO:0043030","regulation of macrophage activation","1/113","52/14942",0.0192307692307692,2.5428863172226,0.972884697817593,0.326607066304513,0.442465503317865,0.363250055989556,"Cst7",1
"GO:0048599","oocyte development","1/113","52/14942",0.0192307692307692,2.5428863172226,0.972884697817593,0.326607066304513,0.442465503317865,0.363250055989556,"Igf1",1
"GO:0071622","regulation of granulocyte chemotaxis","1/113","52/14942",0.0192307692307692,2.5428863172226,0.972884697817593,0.326607066304513,0.442465503317865,0.363250055989556,"Csf1",1
"GO:1900015","regulation of cytokine production involved in inflammatory response","1/113","52/14942",0.0192307692307692,2.5428863172226,0.972884697817593,0.326607066304513,0.442465503317865,0.363250055989556,"Clec7a",1
"GO:1900271","regulation of long-term synaptic potentiation","1/113","52/14942",0.0192307692307692,2.5428863172226,0.972884697817593,0.326607066304513,0.442465503317865,0.363250055989556,"Apoe",1
"GO:0062013","positive regulation of small molecule metabolic process","2/113","155/14942",0.0129032258064516,1.70619469026549,0.771477709750086,0.327849303187341,0.443906886860511,0.364433385873224,"Apoe/Igf1",2
"GO:0007188","adenylate cyclase-modulating G protein-coupled receptor signaling pathway","2/113","156/14942",0.0128205128205128,1.69525754481507,0.762001420121223,0.330619392475999,0.447414286557194,0.367312849078026,"Ptger4/Gpr65",2
"GO:0001881","receptor recycling","1/113","53/14942",0.0188679245283019,2.49490733010519,0.951683551640755,0.331717435781181,0.447441178274724,0.367334926319811,"Ctsd",1
"GO:0009994","oocyte differentiation","1/113","53/14942",0.0188679245283019,2.49490733010519,0.951683551640755,0.331717435781181,0.447441178274724,0.367334926319811,"Igf1",1
"GO:0051289","protein homotetramerization","1/113","53/14942",0.0188679245283019,2.49490733010519,0.951683551640755,0.331717435781181,0.447441178274724,0.367334926319811,"Samhd1",1
"GO:0051496","positive regulation of stress fiber assembly","1/113","53/14942",0.0188679245283019,2.49490733010519,0.951683551640755,0.331717435781181,0.447441178274724,0.367334926319811,"Gpr65",1
"GO:0170040","proteinogenic amino acid catabolic process","1/113","53/14942",0.0188679245283019,2.49490733010519,0.951683551640755,0.331717435781181,0.447441178274724,0.367334926319811,"Il4i1",1
"GO:2000059","negative regulation of ubiquitin-dependent protein catabolic process","1/113","53/14942",0.0188679245283019,2.49490733010519,0.951683551640755,0.331717435781181,0.447441178274724,0.367334926319811,"Rps7",1
"GO:0030900","forebrain development","4/113","385/14942",0.0103896103896104,1.37381910125273,0.648677799496316,0.332597210875614,0.448292585820753,0.368033904740605,"Atp1a3/Axl/Zeb2/Aplp2",4
"GO:0015833","peptide transport","3/113","269/14942",0.0111524163568773,1.47468500180939,0.685796577131198,0.332708714295884,0.448292585820753,0.368033904740605,"Tap1/Ptger4/Anxa5",3
"GO:0006805","xenobiotic metabolic process","1/113","54/14942",0.0185185185185185,2.44870534251065,0.930961848378845,0.336789363362397,0.451105709936724,0.370343389852935,"Nceh1",1
"GO:0032147","activation of protein kinase activity","1/113","54/14942",0.0185185185185185,2.44870534251065,0.930961848378845,0.336789363362397,0.451105709936724,0.370343389852935,"Igf1",1
"GO:0032655","regulation of interleukin-12 production","1/113","54/14942",0.0185185185185185,2.44870534251065,0.930961848378845,0.336789363362397,0.451105709936724,0.370343389852935,"Clec7a",1
"GO:0034198","cellular response to amino acid starvation","1/113","54/14942",0.0185185185185185,2.44870534251065,0.930961848378845,0.336789363362397,0.451105709936724,0.370343389852935,"Eif2ak2",1
"GO:0035176","social behavior","1/113","54/14942",0.0185185185185185,2.44870534251065,0.930961848378845,0.336789363362397,0.451105709936724,0.370343389852935,"Atp1a3",1
"GO:0038066","p38MAPK cascade","1/113","54/14942",0.0185185185185185,2.44870534251065,0.930961848378845,0.336789363362397,0.451105709936724,0.370343389852935,"Xdh",1
"GO:0051785","positive regulation of nuclear division","1/113","54/14942",0.0185185185185185,2.44870534251065,0.930961848378845,0.336789363362397,0.451105709936724,0.370343389852935,"Igf1",1
"GO:0070613","regulation of protein processing","1/113","54/14942",0.0185185185185185,2.44870534251065,0.930961848378845,0.336789363362397,0.451105709936724,0.370343389852935,"Ctsz",1
"GO:0070918","regulatory ncRNA processing","1/113","54/14942",0.0185185185185185,2.44870534251065,0.930961848378845,0.336789363362397,0.451105709936724,0.370343389852935,"Adar",1
"GO:0170035","L-amino acid catabolic process","1/113","54/14942",0.0185185185185185,2.44870534251065,0.930961848378845,0.336789363362397,0.451105709936724,0.370343389852935,"Il4i1",1
"GO:2000134","negative regulation of G1/S transition of mitotic cell cycle","1/113","54/14942",0.0185185185185185,2.44870534251065,0.930961848378845,0.336789363362397,0.451105709936724,0.370343389852935,"Gpnmb",1
"GO:0043409","negative regulation of MAPK cascade","2/113","159/14942",0.0125786163522013,1.66327155340346,0.733975844442512,0.338910867954517,0.453459463302927,0.372275746241507,"Apoe/Igf1",2
"GO:0051897","positive regulation of phosphatidylinositol 3-kinase/protein kinase B signal transduction","2/113","159/14942",0.0125786163522013,1.66327155340346,0.733975844442512,0.338910867954517,0.453459463302927,0.372275746241507,"Axl/Igf1",2
"GO:0006066","alcohol metabolic process","3/113","273/14942",0.010989010989011,1.45307789555577,0.659518626887665,0.34099950789654,0.454425845055494,0.37306911481622,"Apoe/Enpp1/Aplp2",3
"GO:0050954","sensory perception of mechanical stimulus","2/113","160/14942",0.0125,1.65287610619469,0.724765127890513,0.341668063023577,0.454425845055494,0.37306911481622,"Enpp1/Igf1",2
"GO:0051168","nuclear export","2/113","160/14942",0.0125,1.65287610619469,0.724765127890513,0.341668063023577,0.454425845055494,0.37306911481622,"Adar/Sp100",2
"GO:0002534","cytokine production involved in inflammatory response","1/113","55/14942",0.0181818181818182,2.40418342719228,0.910698697789862,0.341823135658209,0.454425845055494,0.37306911481622,"Clec7a",1
"GO:0008652","amino acid biosynthetic process","1/113","55/14942",0.0181818181818182,2.40418342719228,0.910698697789862,0.341823135658209,0.454425845055494,0.37306911481622,"Psat1",1
"GO:0016126","sterol biosynthetic process","1/113","55/14942",0.0181818181818182,2.40418342719228,0.910698697789862,0.341823135658209,0.454425845055494,0.37306911481622,"Apoe",1
"GO:0050994","regulation of lipid catabolic process","1/113","55/14942",0.0181818181818182,2.40418342719228,0.910698697789862,0.341823135658209,0.454425845055494,0.37306911481622,"Hcar2",1
"GO:0051703","biological process involved in intraspecies interaction between organisms","1/113","55/14942",0.0181818181818182,2.40418342719228,0.910698697789862,0.341823135658209,0.454425845055494,0.37306911481622,"Atp1a3",1
"GO:0060135","maternal process involved in female pregnancy","1/113","55/14942",0.0181818181818182,2.40418342719228,0.910698697789862,0.341823135658209,0.454425845055494,0.37306911481622,"Ctsb",1
"GO:0072527","pyrimidine-containing compound metabolic process","1/113","55/14942",0.0181818181818182,2.40418342719228,0.910698697789862,0.341823135658209,0.454425845055494,0.37306911481622,"Cmpk2",1
"GO:0099172","presynapse organization","1/113","55/14942",0.0181818181818182,2.40418342719228,0.910698697789862,0.341823135658209,0.454425845055494,0.37306911481622,"Chd4",1
"GO:2000242","negative regulation of reproductive process","1/113","55/14942",0.0181818181818182,2.40418342719228,0.910698697789862,0.341823135658209,0.454425845055494,0.37306911481622,"Igf1",1
"GO:0032615","interleukin-12 production","1/113","56/14942",0.0178571428571429,2.36125158027813,0.890874494008527,0.346819037160904,0.46008492409731,0.377715038087921,"Clec7a",1
"GO:0043536","positive regulation of blood vessel endothelial cell migration","1/113","56/14942",0.0178571428571429,2.36125158027813,0.890874494008527,0.346819037160904,0.46008492409731,0.377715038087921,"Igf1",1
"GO:1903409","reactive oxygen species biosynthetic process","1/113","56/14942",0.0178571428571429,2.36125158027813,0.890874494008527,0.346819037160904,0.46008492409731,0.377715038087921,"Cybb",1
"GO:1905330","regulation of morphogenesis of an epithelium","1/113","56/14942",0.0178571428571429,2.36125158027813,0.890874494008527,0.346819037160904,0.46008492409731,0.377715038087921,"Itgax",1
"GO:0007600","sensory perception","4/113","395/14942",0.010126582278481,1.33903887084127,0.596121030294828,0.34981728759859,0.46345558270678,0.380482241224505,"Fabp5/Enpp1/Rtp4/Igf1",4
"GO:0006469","negative regulation of protein kinase activity","2/113","163/14942",0.0122699386503067,1.62245507356534,0.697513167982526,0.349918271280621,0.46345558270678,0.380482241224505,"Apoe/Adar",2
"GO:0042770","signal transduction in response to DNA damage","2/113","163/14942",0.0122699386503067,1.62245507356534,0.697513167982526,0.349918271280621,0.46345558270678,0.380482241224505,"Cd44/Sp100",2
"GO:0002820","negative regulation of adaptive immune response","1/113","57/14942",0.0175438596491228,2.31982611395746,0.871470814894079,0.351777350260516,0.464435632104286,0.381286830499482,"Il4i1",1
"GO:0002931","response to ischemia","1/113","57/14942",0.0175438596491228,2.31982611395746,0.871470814894079,0.351777350260516,0.464435632104286,0.381286830499482,"Csf1",1
"GO:0032964","collagen biosynthetic process","1/113","57/14942",0.0175438596491228,2.31982611395746,0.871470814894079,0.351777350260516,0.464435632104286,0.381286830499482,"Vim",1
"GO:0033619","membrane protein proteolysis","1/113","57/14942",0.0175438596491228,2.31982611395746,0.871470814894079,0.351777350260516,0.464435632104286,0.381286830499482,"Apoe",1
"GO:0042440","pigment metabolic process","1/113","57/14942",0.0175438596491228,2.31982611395746,0.871470814894079,0.351777350260516,0.464435632104286,0.381286830499482,"Zeb2",1
"GO:1903317","regulation of protein maturation","1/113","57/14942",0.0175438596491228,2.31982611395746,0.871470814894079,0.351777350260516,0.464435632104286,0.381286830499482,"Ctsz",1
"GO:0033157","regulation of intracellular protein transport","2/113","164/14942",0.0121951219512195,1.61256205482409,0.688552890638341,0.352660872822857,0.46510888417845,0.381839548964088,"Sp100/Oaz1",2
"GO:0072330","monocarboxylic acid biosynthetic process","2/113","164/14942",0.0121951219512195,1.61256205482409,0.688552890638341,0.352660872822857,0.46510888417845,0.381839548964088,"Lpl/Fabp5",2
"GO:0001954","positive regulation of cell-matrix adhesion","1/113","58/14942",0.0172413793103448,2.27982911199268,0.852470330891995,0.356698355260218,0.467726928329999,0.383988879652022,"Csf1",1
"GO:0030199","collagen fibril organization","1/113","58/14942",0.0172413793103448,2.27982911199268,0.852470330891995,0.356698355260218,0.467726928329999,0.383988879652022,"Lox",1
"GO:0031103","axon regeneration","1/113","58/14942",0.0172413793103448,2.27982911199268,0.852470330891995,0.356698355260218,0.467726928329999,0.383988879652022,"Enpp1",1
"GO:0043506","regulation of JUN kinase activity","1/113","58/14942",0.0172413793103448,2.27982911199268,0.852470330891995,0.356698355260218,0.467726928329999,0.383988879652022,"Zeb2",1
"GO:0045912","negative regulation of carbohydrate metabolic process","1/113","58/14942",0.0172413793103448,2.27982911199268,0.852470330891995,0.356698355260218,0.467726928329999,0.383988879652022,"Enpp1",1
"GO:0048286","lung alveolus development","1/113","58/14942",0.0172413793103448,2.27982911199268,0.852470330891995,0.356698355260218,0.467726928329999,0.383988879652022,"Igf1",1
"GO:0048662","negative regulation of smooth muscle cell proliferation","1/113","58/14942",0.0172413793103448,2.27982911199268,0.852470330891995,0.356698355260218,0.467726928329999,0.383988879652022,"Apoe",1
"GO:0061844","antimicrobial humoral immune response mediated by antimicrobial peptide","1/113","58/14942",0.0172413793103448,2.27982911199268,0.852470330891995,0.356698355260218,0.467726928329999,0.383988879652022,"Lgals3",1
"GO:0072078","nephron tubule morphogenesis","1/113","58/14942",0.0172413793103448,2.27982911199268,0.852470330891995,0.356698355260218,0.467726928329999,0.383988879652022,"Cd44",1
"GO:0099024","plasma membrane invagination","1/113","58/14942",0.0172413793103448,2.27982911199268,0.852470330891995,0.356698355260218,0.467726928329999,0.383988879652022,"Clec7a",1
"GO:0008015","blood circulation","4/113","399/14942",0.0100250626566416,1.32561492226141,0.575488788567945,0.356712223654084,0.467726928329999,0.383988879652022,"Stat1/Atp1a3/Apoe/Zeb2",4
"GO:0021915","neural tube development","2/113","166/14942",0.0120481927710843,1.59313359633223,0.670812657868805,0.358134276159207,0.469344393492855,0.385316766925861,"Rps7/Zeb2",2
"GO:0002437","inflammatory response to antigenic stimulus","1/113","59/14942",0.0169491525423729,2.24118794060297,0.833856722362539,0.361582330391607,0.472371459955457,0.387801891876346,"Enpp1",1
"GO:0031100","animal organ regeneration","1/113","59/14942",0.0169491525423729,2.24118794060297,0.833856722362539,0.361582330391607,0.472371459955457,0.387801891876346,"Axl",1
"GO:0032507","maintenance of protein location in cell","1/113","59/14942",0.0169491525423729,2.24118794060297,0.833856722362539,0.361582330391607,0.472371459955457,0.387801891876346,"Sp100",1
"GO:0060350","endochondral bone morphogenesis","1/113","59/14942",0.0169491525423729,2.24118794060297,0.833856722362539,0.361582330391607,0.472371459955457,0.387801891876346,"Enpp1",1
"GO:1903078","positive regulation of protein localization to plasma membrane","1/113","59/14942",0.0169491525423729,2.24118794060297,0.833856722362539,0.361582330391607,0.472371459955457,0.387801891876346,"Lgals3",1
"GO:1990928","response to amino acid starvation","1/113","59/14942",0.0169491525423729,2.24118794060297,0.833856722362539,0.361582330391607,0.472371459955457,0.387801891876346,"Eif2ak2",1
"GO:0061013","regulation of mRNA catabolic process","2/113","168/14942",0.0119047619047619,1.57416772018542,0.653307265839523,0.363591304607646,0.474716584400672,0.389727164196197,"Ikbke/Vim",2
"GO:0007611","learning or memory","3/113","284/14942",0.0105633802816901,1.3967967094603,0.589336032950558,0.363758732143165,0.474716584400672,0.389727164196197,"Atp1a3/Apoe/Igf1",3
"GO:0007264","small GTPase-mediated signal transduction","4/113","404/14942",0.0099009900990099,1.30920879698589,0.550000790146932,0.365331577058289,0.475460960946529,0.390338273581974,"Csf1/Apoe/Rap2b/Igf1",4
"GO:0009314","response to radiation","4/113","404/14942",0.0099009900990099,1.30920879698589,0.550000790146932,0.365331577058289,0.475460960946529,0.390338273581974,"Ifi213/Atp1a3/Ifi209/Ifi207",4
"GO:0030111","regulation of Wnt signaling pathway","3/113","285/14942",0.0105263157894737,1.39189566837448,0.583100577238101,0.365823052453443,0.475460960946529,0.390338273581974,"Apoe/Zeb2/Pbxip1",3
"GO:0000724","double-strand break repair via homologous recombination","2/113","169/14942",0.0118343195266272,1.56485311829083,0.644640602657474,0.366313443731509,0.475460960946529,0.390338273581974,"Samhd1/Chd4",2
"GO:0030307","positive regulation of cell growth","2/113","169/14942",0.0118343195266272,1.56485311829083,0.644640602657474,0.366313443731509,0.475460960946529,0.390338273581974,"Apoe/Igf1",2
"GO:0019646","aerobic electron transport chain","1/113","60/14942",0.0166666666666667,2.20383480825959,0.815614604459913,0.366429551829875,0.475460960946529,0.390338273581974,"Cox4i1",1
"GO:0032663","regulation of interleukin-2 production","1/113","60/14942",0.0166666666666667,2.20383480825959,0.815614604459913,0.366429551829875,0.475460960946529,0.390338273581974,"Clec7a",1
"GO:0043124","negative regulation of canonical NF-kappaB signal transduction","1/113","60/14942",0.0166666666666667,2.20383480825959,0.815614604459913,0.366429551829875,0.475460960946529,0.390338273581974,"Stat1",1
"GO:0170041","non-proteinogenic amino acid metabolic process","1/113","60/14942",0.0166666666666667,2.20383480825959,0.815614604459913,0.366429551829875,0.475460960946529,0.390338273581974,"Oaz1",1
"GO:1901224","positive regulation of non-canonical NF-kappaB signal transduction","1/113","60/14942",0.0166666666666667,2.20383480825959,0.815614604459913,0.366429551829875,0.475460960946529,0.390338273581974,"Eif2ak2",1
"GO:2000179","positive regulation of neural precursor cell proliferation","1/113","60/14942",0.0166666666666667,2.20383480825959,0.815614604459913,0.366429551829875,0.475460960946529,0.390338273581974,"Igf1",1
"GO:0042158","lipoprotein biosynthetic process","1/113","61/14942",0.0163934426229508,2.16770636877992,0.797729458758533,0.371240293708871,0.481452255903693,0.395256935516792,"Apoe",1
"GO:0050905","neuromuscular process","2/113","172/14942",0.0116279069767442,1.5375591685532,0.61897537464333,0.374453273823005,0.485366294544134,0.398470236315666,"Atp1a3/Aplp2",2
"GO:0002011","morphogenesis of an epithelial sheet","1/113","62/14942",0.0161290322580645,2.13274336283186,0.780187570920082,0.376014828136053,0.485620810196459,0.398679185542813,"Cd44",1
"GO:0010656","negative regulation of muscle cell apoptotic process","1/113","62/14942",0.0161290322580645,2.13274336283186,0.780187570920082,0.376014828136053,0.485620810196459,0.398679185542813,"Igf1",1
"GO:0030888","regulation of B cell proliferation","1/113","62/14942",0.0161290322580645,2.13274336283186,0.780187570920082,0.376014828136053,0.485620810196459,0.398679185542813,"Cd22",1
"GO:0031663","lipopolysaccharide-mediated signaling pathway","1/113","62/14942",0.0161290322580645,2.13274336283186,0.780187570920082,0.376014828136053,0.485620810196459,0.398679185542813,"Stat1",1
"GO:0032233","positive regulation of actin filament bundle assembly","1/113","62/14942",0.0161290322580645,2.13274336283186,0.780187570920082,0.376014828136053,0.485620810196459,0.398679185542813,"Gpr65",1
"GO:0048255","mRNA stabilization","1/113","62/14942",0.0161290322580645,2.13274336283186,0.780187570920082,0.376014828136053,0.485620810196459,0.398679185542813,"Ikbke",1
"GO:0061053","somite development","1/113","62/14942",0.0161290322580645,2.13274336283186,0.780187570920082,0.376014828136053,0.485620810196459,0.398679185542813,"Zeb2",1
"GO:0033673","negative regulation of kinase activity","2/113","173/14942",0.0115606936416185,1.52867154330145,0.610529372574046,0.377157395418244,0.48684391632526,0.399683316636506,"Apoe/Adar",2
"GO:0050767","regulation of neurogenesis","4/113","411/14942",0.0097323600973236,1.2869108369399,0.51486483875037,0.377392534661269,0.486895031765056,0.39972528078112,"Apoe/Zeb2/Vim/Igf1",4
"GO:1901293","nucleoside phosphate biosynthetic process","3/113","291/14942",0.0103092783505155,1.36319678861418,0.546170176850281,0.378185907608713,0.487665929542049,0.400358163251177,"Oas1a/Oasl2/Cmpk2",3
"GO:0000725","recombinational repair","2/113","174/14942",0.0114942528735632,1.51988607466178,0.602136687638605,0.37985679700947,0.488698983900133,0.401206267907021,"Samhd1/Chd4",2
"GO:2001242","regulation of intrinsic apoptotic signaling pathway","2/113","174/14942",0.0114942528735632,1.51988607466178,0.602136687638605,0.37985679700947,0.488698983900133,0.401206267907021,"Rps7/Cd44",2
"GO:0006302","double-strand break repair","3/113","292/14942",0.0102739726027397,1.35852830646139,0.54009379162983,0.380242068275586,0.488698983900133,0.401206267907021,"Dna2/Samhd1/Chd4",3
"GO:0008542","visual learning","1/113","63/14942",0.0158730158730159,2.09889029358056,0.762975973779143,0.380753425207332,0.488698983900133,0.401206267907021,"Atp1a3",1
"GO:0042267","natural killer cell mediated cytotoxicity","1/113","63/14942",0.0158730158730159,2.09889029358056,0.762975973779143,0.380753425207332,0.488698983900133,0.401206267907021,"Tap1",1
"GO:0061082","myeloid leukocyte cytokine production","1/113","63/14942",0.0158730158730159,2.09889029358056,0.762975973779143,0.380753425207332,0.488698983900133,0.401206267907021,"Axl",1
"GO:0061333","renal tubule morphogenesis","1/113","63/14942",0.0158730158730159,2.09889029358056,0.762975973779143,0.380753425207332,0.488698983900133,0.401206267907021,"Cd44",1
"GO:0097479","synaptic vesicle localization","1/113","63/14942",0.0158730158730159,2.09889029358056,0.762975973779143,0.380753425207332,0.488698983900133,0.401206267907021,"Mx2",1
"GO:1902807","negative regulation of cell cycle G1/S phase transition","1/113","63/14942",0.0158730158730159,2.09889029358056,0.762975973779143,0.380753425207332,0.488698983900133,0.401206267907021,"Gpnmb",1
"GO:0051216","cartilage development","2/113","176/14942",0.0113636363636364,1.50261464199517,0.585508440425326,0.385241108966939,0.492956506946225,0.404701558439894,"Enpp1/Pbxip1",2
"GO:0002763","positive regulation of myeloid leukocyte differentiation","1/113","64/14942",0.015625,2.06609513274336,0.746082395298057,0.385456353021807,0.492956506946225,0.404701558439894,"Csf1",1
"GO:0031016","pancreas development","1/113","64/14942",0.015625,2.06609513274336,0.746082395298057,0.385456353021807,0.492956506946225,0.404701558439894,"Igf1",1
"GO:0060999","positive regulation of dendritic spine development","1/113","64/14942",0.015625,2.06609513274336,0.746082395298057,0.385456353021807,0.492956506946225,0.404701558439894,"Apoe",1
"GO:0070509","calcium ion import","1/113","64/14942",0.015625,2.06609513274336,0.746082395298057,0.385456353021807,0.492956506946225,0.404701558439894,"Lgals3",1
"GO:0098869","cellular oxidant detoxification","1/113","64/14942",0.015625,2.06609513274336,0.746082395298057,0.385456353021807,0.492956506946225,0.404701558439894,"Apoe",1
"GO:2000027","regulation of animal organ morphogenesis","1/113","64/14942",0.015625,2.06609513274336,0.746082395298057,0.385456353021807,0.492956506946225,0.404701558439894,"Csf1",1
"GO:0035265","organ growth","2/113","177/14942",0.0112994350282486,1.49412529373531,0.577271497669196,0.38792585746778,0.495860053950088,0.407085277857143,"Enpp1/Igf1",2
"GO:0001541","ovarian follicle development","1/113","65/14942",0.0153846153846154,2.03430905377808,0.729495210905059,0.390123877696396,0.496630089705535,0.407717452635024,"Ptger4",1
"GO:0006720","isoprenoid metabolic process","1/113","65/14942",0.0153846153846154,2.03430905377808,0.729495210905059,0.390123877696396,0.496630089705535,0.407717452635024,"Lpl",1
"GO:0048013","ephrin receptor signaling pathway","1/113","65/14942",0.0153846153846154,2.03430905377808,0.729495210905059,0.390123877696396,0.496630089705535,0.407717452635024,"Axl",1
"GO:0051149","positive regulation of muscle cell differentiation","1/113","65/14942",0.0153846153846154,2.03430905377808,0.729495210905059,0.390123877696396,0.496630089705535,0.407717452635024,"Igf1",1
"GO:0061180","mammary gland epithelium development","1/113","65/14942",0.0153846153846154,2.03430905377808,0.729495210905059,0.390123877696396,0.496630089705535,0.407717452635024,"Csf1",1
"GO:0070231","T cell apoptotic process","1/113","65/14942",0.0153846153846154,2.03430905377808,0.729495210905059,0.390123877696396,0.496630089705535,0.407717452635024,"Lgals3",1
"GO:0097192","extrinsic apoptotic signaling pathway in absence of ligand","1/113","65/14942",0.0153846153846154,2.03430905377808,0.729495210905059,0.390123877696396,0.496630089705535,0.407717452635024,"Igf1",1
"GO:2001244","positive regulation of intrinsic apoptotic signaling pathway","1/113","65/14942",0.0153846153846154,2.03430905377808,0.729495210905059,0.390123877696396,0.496630089705535,0.407717452635024,"Rps7",1
"GO:0001836","release of cytochrome c from mitochondria","1/113","66/14942",0.0151515151515152,2.0034861893269,0.713203399784916,0.394756263380358,0.500480191352898,0.410878263203267,"Igf1",1
"GO:0002228","natural killer cell mediated immunity","1/113","66/14942",0.0151515151515152,2.0034861893269,0.713203399784916,0.394756263380358,0.500480191352898,0.410878263203267,"Tap1",1
"GO:0007632","visual behavior","1/113","66/14942",0.0151515151515152,2.0034861893269,0.713203399784916,0.394756263380358,0.500480191352898,0.410878263203267,"Atp1a3",1
"GO:0010324","membrane invagination","1/113","66/14942",0.0151515151515152,2.0034861893269,0.713203399784916,0.394756263380358,0.500480191352898,0.410878263203267,"Clec7a",1
"GO:0021885","forebrain cell migration","1/113","66/14942",0.0151515151515152,2.0034861893269,0.713203399784916,0.394756263380358,0.500480191352898,0.410878263203267,"Axl",1
"GO:0032623","interleukin-2 production","1/113","66/14942",0.0151515151515152,2.0034861893269,0.713203399784916,0.394756263380358,0.500480191352898,0.410878263203267,"Clec7a",1
"GO:0033138","positive regulation of peptidyl-serine phosphorylation","1/113","66/14942",0.0151515151515152,2.0034861893269,0.713203399784916,0.394756263380358,0.500480191352898,0.410878263203267,"Cd44",1
"GO:0055021","regulation of cardiac muscle tissue growth","1/113","66/14942",0.0151515151515152,2.0034861893269,0.713203399784916,0.394756263380358,0.500480191352898,0.410878263203267,"Igf1",1
"GO:0006814","sodium ion transport","2/113","181/14942",0.0110497237569061,1.46110595022735,0.54482276487341,0.398613648223223,0.504255016709727,0.413977274339586,"Atp1a3/Fxyd5",2
"GO:0001708","cell fate specification","1/113","67/14942",0.0149253731343284,1.97358341038172,0.697196504739487,0.399353772269712,0.504255016709727,0.413977274339586,"Chd4",1
"GO:0016445","somatic diversification of immunoglobulins","1/113","67/14942",0.0149253731343284,1.97358341038172,0.697196504739487,0.399353772269712,0.504255016709727,0.413977274339586,"Samhd1",1
"GO:0019233","sensory perception of pain","1/113","67/14942",0.0149253731343284,1.97358341038172,0.697196504739487,0.399353772269712,0.504255016709727,0.413977274339586,"Fabp5",1
"GO:0038034","signal transduction in absence of ligand","1/113","67/14942",0.0149253731343284,1.97358341038172,0.697196504739487,0.399353772269712,0.504255016709727,0.413977274339586,"Igf1",1
"GO:0046888","negative regulation of hormone secretion","1/113","67/14942",0.0149253731343284,1.97358341038172,0.697196504739487,0.399353772269712,0.504255016709727,0.413977274339586,"Anxa5",1
"GO:0048146","positive regulation of fibroblast proliferation","1/113","67/14942",0.0149253731343284,1.97358341038172,0.697196504739487,0.399353772269712,0.504255016709727,0.413977274339586,"Igf1",1
"GO:0097194","execution phase of apoptosis","1/113","67/14942",0.0149253731343284,1.97358341038172,0.697196504739487,0.399353772269712,0.504255016709727,0.413977274339586,"Ctsd",1
"GO:0042886","amide transport","3/113","303/14942",0.0099009900990099,1.30920879698589,0.474668674873158,0.402759303982518,0.507710842485427,0.416814397001353,"Tap1/Ptger4/Anxa5",3
"GO:0010632","regulation of epithelial cell migration","1/113","68/14942",0.0147058823529412,1.94456012493493,0.681464595277806,0.403916664621545,0.507710842485427,0.416814397001353,"Vim",1
"GO:0010761","fibroblast migration","1/113","68/14942",0.0147058823529412,1.94456012493493,0.681464595277806,0.403916664621545,0.507710842485427,0.416814397001353,"Zeb2",1
"GO:0014823","response to activity","1/113","68/14942",0.0147058823529412,1.94456012493493,0.681464595277806,0.403916664621545,0.507710842485427,0.416814397001353,"Atp1a3",1
"GO:0032729","positive regulation of type II interferon production","1/113","68/14942",0.0147058823529412,1.94456012493493,0.681464595277806,0.403916664621545,0.507710842485427,0.416814397001353,"Clec7a",1
"GO:0045185","maintenance of protein location","1/113","68/14942",0.0147058823529412,1.94456012493493,0.681464595277806,0.403916664621545,0.507710842485427,0.416814397001353,"Sp100",1
"GO:0052547","regulation of peptidase activity","1/113","68/14942",0.0147058823529412,1.94456012493493,0.681464595277806,0.403916664621545,0.507710842485427,0.416814397001353,"Cst7",1
"GO:0006164","purine nucleotide biosynthetic process","2/113","183/14942",0.0109289617486339,1.44513757918661,0.528888909425808,0.403925774684189,0.507710842485427,0.416814397001353,"Oas1a/Oasl2",2
"GO:0061136","regulation of proteasomal protein catabolic process","2/113","183/14942",0.0109289617486339,1.44513757918661,0.528888909425808,0.403925774684189,0.507710842485427,0.416814397001353,"Apoe/Oaz1",2
"GO:0001656","metanephros development","1/113","69/14942",0.0144927536231884,1.91637809413877,0.665998233632231,0.408445198768228,0.51132656859371,0.419782792732608,"Stat1",1
"GO:0006446","regulation of translational initiation","1/113","69/14942",0.0144927536231884,1.91637809413877,0.665998233632231,0.408445198768228,0.51132656859371,0.419782792732608,"Eif2ak2",1
"GO:0007631","feeding behavior","1/113","69/14942",0.0144927536231884,1.91637809413877,0.665998233632231,0.408445198768228,0.51132656859371,0.419782792732608,"Aplp2",1
"GO:0014032","neural crest cell development","1/113","69/14942",0.0144927536231884,1.91637809413877,0.665998233632231,0.408445198768228,0.51132656859371,0.419782792732608,"Zeb2",1
"GO:0019226","transmission of nerve impulse","1/113","69/14942",0.0144927536231884,1.91637809413877,0.665998233632231,0.408445198768228,0.51132656859371,0.419782792732608,"Atp1a3",1
"GO:0031102","neuron projection regeneration","1/113","69/14942",0.0144927536231884,1.91637809413877,0.665998233632231,0.408445198768228,0.51132656859371,0.419782792732608,"Enpp1",1
"GO:0033143","regulation of intracellular steroid hormone receptor signaling pathway","1/113","69/14942",0.0144927536231884,1.91637809413877,0.665998233632231,0.408445198768228,0.51132656859371,0.419782792732608,"Igf1",1
"GO:1904377","positive regulation of protein localization to cell periphery","1/113","69/14942",0.0144927536231884,1.91637809413877,0.665998233632231,0.408445198768228,0.51132656859371,0.419782792732608,"Lgals3",1
"GO:0018105","peptidyl-serine phosphorylation","2/113","185/14942",0.0108108108108108,1.42951447022243,0.513142218253262,0.409215957629543,0.51203403743596,0.420363602071712,"Cd44/Ikbke",2
"GO:0006813","potassium ion transport","2/113","186/14942",0.010752688172043,1.42182890855457,0.505337596151227,0.411852648820925,0.513596244514224,0.421646124221781,"Atp1a3/Fxyd5",2
"GO:0043524","negative regulation of neuron apoptotic process","2/113","186/14942",0.010752688172043,1.42182890855457,0.505337596151227,0.411852648820925,0.513596244514224,0.421646124221781,"Apoe/Axl",2
"GO:0061351","neural precursor cell proliferation","2/113","186/14942",0.010752688172043,1.42182890855457,0.505337596151227,0.411852648820925,0.513596244514224,0.421646124221781,"Zeb2/Igf1",2
"GO:0032088","negative regulation of NF-kappaB transcription factor activity","1/113","70/14942",0.0142857142857143,1.8890012642225,0.650788443429707,0.412939631131517,0.513596244514224,0.421646124221781,"Nlrc5",1
"GO:0042093","T-helper cell differentiation","1/113","70/14942",0.0142857142857143,1.8890012642225,0.650788443429707,0.412939631131517,0.513596244514224,0.421646124221781,"Ptger4",1
"GO:0042246","tissue regeneration","1/113","70/14942",0.0142857142857143,1.8890012642225,0.650788443429707,0.412939631131517,0.513596244514224,0.421646124221781,"Igf1",1
"GO:0048168","regulation of neuronal synaptic plasticity","1/113","70/14942",0.0142857142857143,1.8890012642225,0.650788443429707,0.412939631131517,0.513596244514224,0.421646124221781,"Atp1a3",1
"GO:0060420","regulation of heart growth","1/113","70/14942",0.0142857142857143,1.8890012642225,0.650788443429707,0.412939631131517,0.513596244514224,0.421646124221781,"Igf1",1
"GO:0071260","cellular response to mechanical stimulus","1/113","70/14942",0.0142857142857143,1.8890012642225,0.650788443429707,0.412939631131517,0.513596244514224,0.421646124221781,"Ptger4",1
"GO:1902373","negative regulation of mRNA catabolic process","1/113","70/14942",0.0142857142857143,1.8890012642225,0.650788443429707,0.412939631131517,0.513596244514224,0.421646124221781,"Ikbke",1
"GO:1903051","negative regulation of proteolysis involved in protein catabolic process","1/113","70/14942",0.0142857142857143,1.8890012642225,0.650788443429707,0.412939631131517,0.513596244514224,0.421646124221781,"Rps7",1
"GO:2000243","positive regulation of reproductive process","1/113","70/14942",0.0142857142857143,1.8890012642225,0.650788443429707,0.412939631131517,0.513596244514224,0.421646124221781,"Ptger4",1
"GO:0006399","tRNA metabolic process","2/113","187/14942",0.0106951871657754,1.41422554540722,0.497578030576999,0.414483651035175,0.515259256653812,0.423011404109788,"Rtcb/Slfn2",2
"GO:0007179","transforming growth factor beta receptor signaling pathway","2/113","188/14942",0.0106382978723404,1.40670306910186,0.489862964999351,0.417108899313164,0.515283360648995,0.423031192720503,"Lox/Zeb2",2
"GO:0009636","response to toxic substance","2/113","188/14942",0.0106382978723404,1.40670306910186,0.489862964999351,0.417108899313164,0.515283360648995,0.423031192720503,"Eif2ak2/Apoe",2
"GO:0021543","pallium development","2/113","188/14942",0.0106382978723404,1.40670306910186,0.489862964999351,0.417108899313164,0.515283360648995,0.423031192720503,"Atp1a3/Zeb2",2
"GO:0002293","alpha-beta T cell differentiation involved in immune response","1/113","71/14942",0.0140845070422535,1.86239561261374,0.635826680775767,0.417400216236556,0.515283360648995,0.423031192720503,"Ptger4",1
"GO:0002294","CD4-positive, alpha-beta T cell differentiation involved in immune response","1/113","71/14942",0.0140845070422535,1.86239561261374,0.635826680775767,0.417400216236556,0.515283360648995,0.423031192720503,"Ptger4",1
"GO:0010469","regulation of signaling receptor activity","1/113","71/14942",0.0140845070422535,1.86239561261374,0.635826680775767,0.417400216236556,0.515283360648995,0.423031192720503,"Aplp2",1
"GO:0015844","monoamine transport","1/113","71/14942",0.0140845070422535,1.86239561261374,0.635826680775767,0.417400216236556,0.515283360648995,0.423031192720503,"Lgals3",1
"GO:0032091","negative regulation of protein binding","1/113","71/14942",0.0140845070422535,1.86239561261374,0.635826680775767,0.417400216236556,0.515283360648995,0.423031192720503,"Ifit2",1
"GO:0051591","response to cAMP","1/113","71/14942",0.0140845070422535,1.86239561261374,0.635826680775767,0.417400216236556,0.515283360648995,0.423031192720503,"Stat1",1
"GO:0071496","cellular response to external stimulus","1/113","71/14942",0.0140845070422535,1.86239561261374,0.635826680775767,0.417400216236556,0.515283360648995,0.423031192720503,"Ptger4",1
"GO:1903008","organelle disassembly","1/113","71/14942",0.0140845070422535,1.86239561261374,0.635826680775767,0.417400216236556,0.515283360648995,0.423031192720503,"Plin2",1
"GO:1904705","regulation of vascular associated smooth muscle cell proliferation","1/113","71/14942",0.0140845070422535,1.86239561261374,0.635826680775767,0.417400216236556,0.515283360648995,0.423031192720503,"Igf1",1
"GO:1990868","response to chemokine","1/113","71/14942",0.0140845070422535,1.86239561261374,0.635826680775767,0.417400216236556,0.515283360648995,0.423031192720503,"Lox",1
"GO:1990869","cellular response to chemokine","1/113","71/14942",0.0140845070422535,1.86239561261374,0.635826680775767,0.417400216236556,0.515283360648995,0.423031192720503,"Lox",1
"GO:0030003","intracellular monoatomic cation homeostasis","4/113","436/14942",0.00917431192660551,1.21312007794106,0.394245637541535,0.420254187938197,0.518549518318192,0.425712603920494,"Atp1a3/Apoe/Spp1/Aplp2",4
"GO:0002287","alpha-beta T cell activation involved in immune response","1/113","72/14942",0.0138888888888889,1.83652900688299,0.621104807534116,0.421827206725781,0.518691231973924,0.425828946308755,"Ptger4",1
"GO:0002637","regulation of immunoglobulin production","1/113","72/14942",0.0138888888888889,1.83652900688299,0.621104807534116,0.421827206725781,0.518691231973924,0.425828946308755,"Cd22",1
"GO:0040014","regulation of multicellular organism growth","1/113","72/14942",0.0138888888888889,1.83652900688299,0.621104807534116,0.421827206725781,0.518691231973924,0.425828946308755,"Csf1",1
"GO:0042775","mitochondrial ATP synthesis coupled electron transport","1/113","72/14942",0.0138888888888889,1.83652900688299,0.621104807534116,0.421827206725781,0.518691231973924,0.425828946308755,"Cox4i1",1
"GO:0043113","receptor clustering","1/113","72/14942",0.0138888888888889,1.83652900688299,0.621104807534116,0.421827206725781,0.518691231973924,0.425828946308755,"Apoe",1
"GO:0045670","regulation of osteoclast differentiation","1/113","72/14942",0.0138888888888889,1.83652900688299,0.621104807534116,0.421827206725781,0.518691231973924,0.425828946308755,"Csf1",1
"GO:1901264","carbohydrate derivative transport","1/113","72/14942",0.0138888888888889,1.83652900688299,0.621104807534116,0.421827206725781,0.518691231973924,0.425828946308755,"Ank",1
"GO:0051651","maintenance of location in cell","2/113","190/14942",0.0105263157894737,1.39189566837448,0.474564157299744,0.422341880646908,0.519067760518658,0.426138064226267,"Apoe/Sp100",2
"GO:0006690","icosanoid metabolic process","1/113","73/14942",0.0136986301369863,1.81137107528185,0.606615066606921,0.42622085337272,0.523060583981308,0.429416044849588,"Fabp5",1
"GO:0070301","cellular response to hydrogen peroxide","1/113","73/14942",0.0136986301369863,1.81137107528185,0.606615066606921,0.42622085337272,0.523060583981308,0.429416044849588,"Axl",1
"GO:0070373","negative regulation of ERK1 and ERK2 cascade","1/113","73/14942",0.0136986301369863,1.81137107528185,0.606615066606921,0.42622085337272,0.523060583981308,0.429416044849588,"Igf1",1
"GO:0055001","muscle cell development","2/113","192/14942",0.0104166666666667,1.37739675516224,0.459436915969382,0.427551098626148,0.524434598807442,0.430544067167218,"Lox/Igf1",2
"GO:0045732","positive regulation of protein catabolic process","2/113","193/14942",0.0103626943005181,1.37025998441011,0.451936343193995,0.430146647367983,0.526853905989325,0.432530241146171,"Apoe/Oaz1",2
"GO:0006873","intracellular monoatomic ion homeostasis","4/113","442/14942",0.00904977375565611,1.19665238457534,0.36635276405304,0.430456652168124,0.526853905989325,0.432530241146171,"Atp1a3/Apoe/Spp1/Aplp2",4
"GO:0010611","regulation of cardiac muscle hypertrophy","1/113","74/14942",0.0135135135135135,1.78689308777804,0.592350059040661,0.430581405095693,0.526853905989325,0.432530241146171,"Igf1",1
"GO:0042773","ATP synthesis coupled electron transport","1/113","74/14942",0.0135135135135135,1.78689308777804,0.592350059040661,0.430581405095693,0.526853905989325,0.432530241146171,"Cox4i1",1
"GO:0071347","cellular response to interleukin-1","1/113","74/14942",0.0135135135135135,1.78689308777804,0.592350059040661,0.430581405095693,0.526853905989325,0.432530241146171,"Zbp1",1
"GO:0016054","organic acid catabolic process","2/113","194/14942",0.0103092783505155,1.36319678861418,0.444477132601909,0.432736078925213,0.528970464665577,0.43426786826487,"Oaz1/Il4i1",2
"GO:0046395","carboxylic acid catabolic process","2/113","194/14942",0.0103092783505155,1.36319678861418,0.444477132601909,0.432736078925213,0.528970464665577,0.43426786826487,"Oaz1/Il4i1",2
"GO:0002028","regulation of sodium ion transport","1/113","75/14942",0.0133333333333333,1.76306784660767,0.578302722799856,0.434909108971412,0.530565418117308,0.435577274142385,"Fxyd5",1
"GO:0021510","spinal cord development","1/113","75/14942",0.0133333333333333,1.76306784660767,0.578302722799856,0.434909108971412,0.530565418117308,0.435577274142385,"Enpp1",1
"GO:0030101","natural killer cell activation","1/113","75/14942",0.0133333333333333,1.76306784660767,0.578302722799856,0.434909108971412,0.530565418117308,0.435577274142385,"Axl",1
"GO:0050890","cognition","3/113","319/14942",0.00940438871473354,1.24354315199601,0.383818714052287,0.435092389365152,0.530565418117308,0.435577274142385,"Atp1a3/Apoe/Igf1",3
"GO:0002520","immune system development","2/113","195/14942",0.0102564102564103,1.35620603585205,0.437058792772646,0.435319337033598,0.530565418117308,0.435577274142385,"Adar/Samhd1",2
"GO:0009612","response to mechanical stimulus","2/113","195/14942",0.0102564102564103,1.35620603585205,0.437058792772646,0.435319337033598,0.530565418117308,0.435577274142385,"Ptger4/Igf1",2
"GO:0001657","ureteric bud development","1/113","76/14942",0.0131578947368421,1.7398695854681,0.56446631306656,0.439204210248484,0.533993400155628,0.438391537984455,"Cd44",1
"GO:0014743","regulation of muscle hypertrophy","1/113","76/14942",0.0131578947368421,1.7398695854681,0.56446631306656,0.439204210248484,0.533993400155628,0.438391537984455,"Igf1",1
"GO:0032526","response to retinoic acid","1/113","76/14942",0.0131578947368421,1.7398695854681,0.56446631306656,0.439204210248484,0.533993400155628,0.438391537984455,"Sp100",1
"GO:0033559","unsaturated fatty acid metabolic process","1/113","76/14942",0.0131578947368421,1.7398695854681,0.56446631306656,0.439204210248484,0.533993400155628,0.438391537984455,"Fabp5",1
"GO:2000514","regulation of CD4-positive, alpha-beta T cell activation","1/113","76/14942",0.0131578947368421,1.7398695854681,0.56446631306656,0.439204210248484,0.533993400155628,0.438391537984455,"Cd44",1
"GO:0018209","peptidyl-serine modification","2/113","197/14942",0.0101522842639594,1.34243744665559,0.422342801901744,0.440467113746443,0.53474554521143,0.439009025068949,"Cd44/Ikbke",2
"GO:0031334","positive regulation of protein-containing complex assembly","2/113","197/14942",0.0101522842639594,1.34243744665559,0.422342801901744,0.440467113746443,0.53474554521143,0.439009025068949,"Clec7a/Lgals3",2
"GO:0045017","glycerolipid biosynthetic process","2/113","197/14942",0.0101522842639594,1.34243744665559,0.422342801901744,0.440467113746443,0.53474554521143,0.439009025068949,"Lpl/Fabp5",2
"GO:0032956","regulation of actin cytoskeleton organization","3/113","322/14942",0.0093167701863354,1.23195734623207,0.367312326576022,0.441087687802623,0.535237983737101,0.439413301381293,"Ptger4/Myo1f/Gpr65",3
"GO:0043270","positive regulation of monoatomic ion transport","2/113","198/14942",0.0101010101010101,1.33565745955127,0.415044209635927,0.443031525678987,0.535515378942013,0.439641033990864,"Fxyd5/Lgals3",2
"GO:0045862","positive regulation of proteolysis","2/113","198/14942",0.0101010101010101,1.33565745955127,0.415044209635927,0.443031525678987,0.535515378942013,0.439641033990864,"Apoe/Oaz1",2
"GO:0090276","regulation of peptide hormone secretion","2/113","198/14942",0.0101010101010101,1.33565745955127,0.415044209635927,0.443031525678987,0.535515378942013,0.439641033990864,"Ptger4/Anxa5",2
"GO:0030968","endoplasmic reticulum unfolded protein response","1/113","77/14942",0.012987012987013,1.71727387656591,0.550834383937289,0.443466952360816,0.535515378942013,0.439641033990864,"Eif2ak2",1
"GO:0031397","negative regulation of protein ubiquitination","1/113","77/14942",0.012987012987013,1.71727387656591,0.550834383937289,0.443466952360816,0.535515378942013,0.439641033990864,"Rps7",1
"GO:0035023","regulation of Rho protein signal transduction","1/113","77/14942",0.012987012987013,1.71727387656591,0.550834383937289,0.443466952360816,0.535515378942013,0.439641033990864,"Apoe",1
"GO:0048864","stem cell development","1/113","77/14942",0.012987012987013,1.71727387656591,0.550834383937289,0.443466952360816,0.535515378942013,0.439641033990864,"Zeb2",1
"GO:0070252","actin-mediated cell contraction","1/113","77/14942",0.012987012987013,1.71727387656591,0.550834383937289,0.443466952360816,0.535515378942013,0.439641033990864,"Zeb2",1
"GO:0072163","mesonephric epithelium development","1/113","77/14942",0.012987012987013,1.71727387656591,0.550834383937289,0.443466952360816,0.535515378942013,0.439641033990864,"Cd44",1
"GO:0072164","mesonephric tubule development","1/113","77/14942",0.012987012987013,1.71727387656591,0.550834383937289,0.443466952360816,0.535515378942013,0.439641033990864,"Cd44",1
"GO:0006417","regulation of translation","3/113","324/14942",0.00925925925925926,1.22435267125533,0.356396059152842,0.445071432650466,0.536932106249836,0.4408041218927,"Eif2ak2/Igf1/Abcf1",3
"GO:0006631","fatty acid metabolic process","3/113","324/14942",0.00925925925925926,1.22435267125533,0.356396059152842,0.445071432650466,0.536932106249836,0.4408041218927,"Lpl/Fabp5/Enpp1",3
"GO:0001823","mesonephros development","1/113","78/14942",0.0128205128205128,1.69525754481507,0.537400771401391,0.447697576940918,0.538534766465163,0.442119854777149,"Cd44",1
"GO:0007608","sensory perception of smell","1/113","78/14942",0.0128205128205128,1.69525754481507,0.537400771401391,0.447697576940918,0.538534766465163,0.442119854777149,"Igf1",1
"GO:0019730","antimicrobial humoral response","1/113","78/14942",0.0128205128205128,1.69525754481507,0.537400771401391,0.447697576940918,0.538534766465163,0.442119854777149,"Lgals3",1
"GO:0032418","lysosome localization","1/113","78/14942",0.0128205128205128,1.69525754481507,0.537400771401391,0.447697576940918,0.538534766465163,0.442119854777149,"Milr1",1
"GO:0035282","segmentation","1/113","78/14942",0.0128205128205128,1.69525754481507,0.537400771401391,0.447697576940918,0.538534766465163,0.442119854777149,"Zeb2",1
"GO:1990849","vacuolar localization","1/113","78/14942",0.0128205128205128,1.69525754481507,0.537400771401391,0.447697576940918,0.538534766465163,0.442119854777149,"Milr1",1
"GO:0050821","protein stabilization","2/113","200/14942",0.01,1.32230088495575,0.40056353805842,0.448141138588384,0.538808032392601,0.442344197381708,"Rps7/Igf1",2
"GO:0051235","maintenance of location","2/113","201/14942",0.00995024875621891,1.31572227358781,0.393380564528881,0.450686239692228,0.541606533220873,0.44464167724157,"Apoe/Sp100",2
"GO:0006900","vesicle budding from membrane","1/113","79/14942",0.0126582278481013,1.67379858855159,0.524159577495837,0.451896323833119,0.542537052239377,0.445405603656254,"Mx2",1
"GO:0072091","regulation of stem cell proliferation","1/113","79/14942",0.0126582278481013,1.67379858855159,0.524159577495837,0.451896323833119,0.542537052239377,0.445405603656254,"Eif2ak2",1
"GO:0002791","regulation of peptide secretion","2/113","202/14942",0.0099009900990099,1.30920879698589,0.386235248820593,0.453224805820373,0.543607787327905,0.446284642989132,"Ptger4/Anxa5",2
"GO:0034764","positive regulation of transmembrane transport","2/113","202/14942",0.0099009900990099,1.30920879698589,0.386235248820593,0.453224805820373,0.543607787327905,0.446284642989132,"Fxyd5/Igf1",2
"GO:0031647","regulation of protein stability","3/113","329/14942",0.00911854103343465,1.2057454878016,0.329406146339284,0.454982790974938,0.545191121043116,0.447584509433833,"Usp18/Rps7/Igf1",3
"GO:0046486","glycerolipid metabolic process","3/113","329/14942",0.00911854103343465,1.2057454878016,0.329406146339284,0.454982790974938,0.545191121043116,0.447584509433833,"Lpl/Fabp5/Apoe",3
"GO:0016485","protein processing","2/113","203/14942",0.00985221674876847,1.30275949256724,0.379127162271447,0.455756789776274,0.545855895403041,0.448130267965633,"Cpd/Ctsz",2
"GO:0010810","regulation of cell-substrate adhesion","2/113","204/14942",0.00980392156862745,1.29637341662329,0.372055883311685,0.458282145435135,0.548352975556697,0.450180291072123,"Csf1/Spp1",2
"GO:0090087","regulation of peptide transport","2/113","204/14942",0.00980392156862745,1.29637341662329,0.372055883311685,0.458282145435135,0.548352975556697,0.450180291072123,"Ptger4/Anxa5",2
"GO:0033627","cell adhesion mediated by integrin","1/113","81/14942",0.0123456790123457,1.63247022834043,0.498232096372874,0.460199135068789,0.548537982920673,0.45033217621304,"Itgax",1
"GO:0042100","B cell proliferation","1/113","81/14942",0.0123456790123457,1.63247022834043,0.498232096372874,0.460199135068789,0.548537982920673,0.45033217621304,"Cd22",1
"GO:0048010","vascular endothelial growth factor receptor signaling pathway","1/113","81/14942",0.0123456790123457,1.63247022834043,0.498232096372874,0.460199135068789,0.548537982920673,0.45033217621304,"Axl",1
"GO:0048488","synaptic vesicle endocytosis","1/113","81/14942",0.0123456790123457,1.63247022834043,0.498232096372874,0.460199135068789,0.548537982920673,0.45033217621304,"Mx2",1
"GO:0051899","membrane depolarization","1/113","81/14942",0.0123456790123457,1.63247022834043,0.498232096372874,0.460199135068789,0.548537982920673,0.45033217621304,"Atp1a3",1
"GO:0060998","regulation of dendritic spine development","1/113","81/14942",0.0123456790123457,1.63247022834043,0.498232096372874,0.460199135068789,0.548537982920673,0.45033217621304,"Apoe",1
"GO:0090288","negative regulation of cellular response to growth factor stimulus","1/113","81/14942",0.0123456790123457,1.63247022834043,0.498232096372874,0.460199135068789,0.548537982920673,0.45033217621304,"Xdh",1
"GO:0120162","positive regulation of cold-induced thermogenesis","1/113","81/14942",0.0123456790123457,1.63247022834043,0.498232096372874,0.460199135068789,0.548537982920673,0.45033217621304,"Fabp5",1
"GO:0007005","mitochondrion organization","4/113","460/14942",0.00869565217391304,1.14982685648326,0.284922951139703,0.460772760320489,0.548729823553017,0.45048967124919,"Stat2/Enpp1/Dna2/Igf1",4
"GO:0007160","cell-matrix adhesion","2/113","205/14942",0.00975609756097561,1.29004964385927,0.365020997311348,0.460800827730666,0.548729823553017,0.45048967124919,"Itgax/Csf1",2
"GO:0006939","smooth muscle contraction","1/113","82/14942",0.0121951219512195,1.61256205482409,0.485535215487625,0.464303670277539,0.55184541240624,0.453047470256993,"Ptger4",1
"GO:0015914","phospholipid transport","1/113","82/14942",0.0121951219512195,1.61256205482409,0.485535215487625,0.464303670277539,0.55184541240624,0.453047470256993,"Apoe",1
"GO:0016579","protein deubiquitination","1/113","82/14942",0.0121951219512195,1.61256205482409,0.485535215487625,0.464303670277539,0.55184541240624,0.453047470256993,"Usp18",1
"GO:1990748","cellular detoxification","1/113","82/14942",0.0121951219512195,1.61256205482409,0.485535215487625,0.464303670277539,0.55184541240624,0.453047470256993,"Apoe",1
"GO:0009408","response to heat","1/113","83/14942",0.0120481927710843,1.59313359633223,0.473009541036394,0.468377269554702,0.556156128369675,0.456586430477239,"Igf1",1
"GO:0071901","negative regulation of protein serine/threonine kinase activity","1/113","83/14942",0.0120481927710843,1.59313359633223,0.473009541036394,0.468377269554702,0.556156128369675,0.456586430477239,"Apoe",1
"GO:0043954","cellular component maintenance","1/113","84/14942",0.0119047619047619,1.57416772018542,0.460650302595921,0.472420163998495,0.55988872363458,0.459650772055952,"Apoe",1
"GO:0051153","regulation of striated muscle cell differentiation","1/113","84/14942",0.0119047619047619,1.57416772018542,0.460650302595921,0.472420163998495,0.55988872363458,0.459650772055952,"Igf1",1
"GO:0097581","lamellipodium organization","1/113","84/14942",0.0119047619047619,1.57416772018542,0.460650302595921,0.472420163998495,0.55988872363458,0.459650772055952,"Cd44",1
"GO:0098661","inorganic anion transmembrane transport","1/113","84/14942",0.0119047619047619,1.57416772018542,0.460650302595921,0.472420163998495,0.55988872363458,0.459650772055952,"Ank",1
"GO:0090257","regulation of muscle system process","2/113","210/14942",0.00952380952380952,1.25933417614834,0.330378417046749,0.473292633892589,0.560655879349451,0.460280582412443,"Ptger4/Igf1",2
"GO:0003012","muscle system process","3/113","339/14942",0.00884955752212389,1.17017777429713,0.276665348119502,0.474585436643378,0.561919989178323,0.461318376235173,"Atp1a3/Ptger4/Igf1",3
"GO:0002312","B cell activation involved in immune response","1/113","85/14942",0.0117647058823529,1.55564809994794,0.44845292066125,0.476432582996218,0.563036132729275,0.462234694466393,"Enpp1",1
"GO:0002690","positive regulation of leukocyte chemotaxis","1/113","85/14942",0.0117647058823529,1.55564809994794,0.44845292066125,0.476432582996218,0.563036132729275,0.462234694466393,"Csf1",1
"GO:0033209","tumor necrosis factor-mediated signaling pathway","1/113","85/14942",0.0117647058823529,1.55564809994794,0.44845292066125,0.476432582996218,0.563036132729275,0.462234694466393,"Stat1",1
"GO:0051262","protein tetramerization","1/113","85/14942",0.0117647058823529,1.55564809994794,0.44845292066125,0.476432582996218,0.563036132729275,0.462234694466393,"Samhd1",1
"GO:0050870","positive regulation of T cell activation","2/113","212/14942",0.00943396226415094,1.2474536650526,0.316762359754647,0.478241180347557,0.564905379063291,0.463769286045618,"Il4i1/Igf1",2
"GO:0006664","glycolipid metabolic process","1/113","86/14942",0.0116279069767442,1.5375591685532,0.436412996804477,0.480414754236806,0.566398076728053,0.464994743185745,"Gla",1
"GO:0006672","ceramide metabolic process","1/113","86/14942",0.0116279069767442,1.5375591685532,0.436412996804477,0.480414754236806,0.566398076728053,0.464994743185745,"Gla",1
"GO:0009581","detection of external stimulus","1/113","86/14942",0.0116279069767442,1.5375591685532,0.436412996804477,0.480414754236806,0.566398076728053,0.464994743185745,"Igf1",1
"GO:0009582","detection of abiotic stimulus","1/113","86/14942",0.0116279069767442,1.5375591685532,0.436412996804477,0.480414754236806,0.566398076728053,0.464994743185745,"Igf1",1
"GO:0016050","vesicle organization","3/113","343/14942",0.0087463556851312,1.15653138625868,0.256011844842015,0.482338704022486,0.56839724231708,0.466635994326683,"Mx2/Apoe/Zeb2",3
"GO:0001938","positive regulation of endothelial cell proliferation","1/113","87/14942",0.0114942528735632,1.51988607466178,0.424526304450264,0.484366903723293,0.569171113860783,0.467271318164295,"Igf1",1
"GO:0008589","regulation of smoothened signaling pathway","1/113","87/14942",0.0114942528735632,1.51988607466178,0.424526304450264,0.484366903723293,0.569171113860783,0.467271318164295,"Enpp1",1
"GO:0061515","myeloid cell development","1/113","87/14942",0.0114942528735632,1.51988607466178,0.424526304450264,0.484366903723293,0.569171113860783,0.467271318164295,"Fam20c",1
"GO:0140238","presynaptic endocytosis","1/113","87/14942",0.0114942528735632,1.51988607466178,0.424526304450264,0.484366903723293,0.569171113860783,0.467271318164295,"Mx2",1
"GO:1903321","negative regulation of protein modification by small protein conjugation or removal","1/113","87/14942",0.0114942528735632,1.51988607466178,0.424526304450264,0.484366903723293,0.569171113860783,0.467271318164295,"Rps7",1
"GO:1903509","liposaccharide metabolic process","1/113","87/14942",0.0114942528735632,1.51988607466178,0.424526304450264,0.484366903723293,0.569171113860783,0.467271318164295,"Gla",1
"GO:0045055","regulated exocytosis","2/113","215/14942",0.00930232558139535,1.23004733484256,0.296587207384875,0.485611432099226,0.570364370720317,0.468250943960624,"Milr1/Myo1f",2
"GO:0021766","hippocampus development","1/113","88/14942",0.0113636363636364,1.50261464199517,0.4127887802228,0.488289255785176,0.572969013621625,0.470389272649839,"Zeb2",1
"GO:0046928","regulation of neurotransmitter secretion","1/113","88/14942",0.0113636363636364,1.50261464199517,0.4127887802228,0.488289255785176,0.572969013621625,0.470389272649839,"Ptger4",1
"GO:0010959","regulation of metal ion transport","3/113","348/14942",0.00862068965517241,1.13991455599634,0.230535850392412,0.49195553317183,0.575637981397767,0.472580410008228,"Fxyd5/Lgals3/Igf1",3
"GO:0030301","cholesterol transport","1/113","89/14942",0.0112359550561798,1.48573133141096,0.401196515822712,0.492182033090701,0.575637981397767,0.472580410008228,"Apoe",1
"GO:0030516","regulation of axon extension","1/113","89/14942",0.0112359550561798,1.48573133141096,0.401196515822712,0.492182033090701,0.575637981397767,0.472580410008228,"Apoe",1
"GO:0034620","cellular response to unfolded protein","1/113","89/14942",0.0112359550561798,1.48573133141096,0.401196515822712,0.492182033090701,0.575637981397767,0.472580410008228,"Eif2ak2",1
"GO:0051346","negative regulation of hydrolase activity","1/113","89/14942",0.0112359550561798,1.48573133141096,0.401196515822712,0.492182033090701,0.575637981397767,0.472580410008228,"Cst7",1
"GO:0060349","bone morphogenesis","1/113","89/14942",0.0112359550561798,1.48573133141096,0.401196515822712,0.492182033090701,0.575637981397767,0.472580410008228,"Enpp1",1
"GO:1901222","regulation of non-canonical NF-kappaB signal transduction","1/113","89/14942",0.0112359550561798,1.48573133141096,0.401196515822712,0.492182033090701,0.575637981397767,0.472580410008228,"Eif2ak2",1
"GO:0021954","central nervous system neuron development","1/113","90/14942",0.0111111111111111,1.46922320550639,0.389745750395843,0.496045456659054,0.57961200707698,0.475842958251319,"Zeb2",1
"GO:0070555","response to interleukin-1","1/113","90/14942",0.0111111111111111,1.46922320550639,0.389745750395843,0.496045456659054,0.57961200707698,0.475842958251319,"Zbp1",1
"GO:0003014","renal system process","1/113","91/14942",0.010989010989011,1.45307789555577,0.37843286335897,0.499879745872462,0.582997923757578,0.478622687777306,"Ptger4",1
"GO:0042102","positive regulation of T cell proliferation","1/113","91/14942",0.010989010989011,1.45307789555577,0.37843286335897,0.499879745872462,0.582997923757578,0.478622687777306,"Igf1",1
"GO:0048477","oogenesis","1/113","91/14942",0.010989010989011,1.45307789555577,0.37843286335897,0.499879745872462,0.582997923757578,0.478622687777306,"Igf1",1
"GO:0071230","cellular response to amino acid stimulus","1/113","91/14942",0.010989010989011,1.45307789555577,0.37843286335897,0.499879745872462,0.582997923757578,0.478622687777306,"Cybb",1
"GO:0044089","positive regulation of cellular component biogenesis","4/113","484/14942",0.00826446280991736,1.09281064872376,0.181192201165985,0.500322624776437,0.583241262028711,0.478822460731244,"Clec7a/Apoe/Lgals3/Gpr65",4
"GO:0015918","sterol transport","1/113","92/14942",0.0108695652173913,1.43728357060408,0.367254367650357,0.503685118488206,0.585789792169842,0.480914722635313,"Apoe",1
"GO:0019217","regulation of fatty acid metabolic process","1/113","92/14942",0.0108695652173913,1.43728357060408,0.367254367650357,0.503685118488206,0.585789792169842,0.480914722635313,"Fabp5",1
"GO:0043406","positive regulation of MAP kinase activity","1/113","92/14942",0.0108695652173913,1.43728357060408,0.367254367650357,0.503685118488206,0.585789792169842,0.480914722635313,"Zeb2",1
"GO:0055013","cardiac muscle cell development","1/113","92/14942",0.0108695652173913,1.43728357060408,0.367254367650357,0.503685118488206,0.585789792169842,0.480914722635313,"Igf1",1
"GO:1901874","negative regulation of post-translational protein modification","1/113","92/14942",0.0108695652173913,1.43728357060408,0.367254367650357,0.503685118488206,0.585789792169842,0.480914722635313,"Rps7",1
"GO:0090092","regulation of transmembrane receptor protein serine/threonine kinase signaling pathway","2/113","224/14942",0.00892857142857143,1.18062579013906,0.237767500204829,0.507335229202254,0.589631291983142,0.484068471372336,"Lox/Zeb2",2
"GO:1903312","negative regulation of mRNA metabolic process","1/113","93/14942",0.010752688172043,1.42182890855457,0.356206903375636,0.507461790650551,0.589631291983142,0.484068471372336,"Ikbke",1
"GO:0006470","protein dephosphorylation","1/113","94/14942",0.0106382978723404,1.40670306910186,0.345287231821824,0.511209976902588,0.592052484877881,0.486056193461359,"Nceh1",1
"GO:0033135","regulation of peptidyl-serine phosphorylation","1/113","94/14942",0.0106382978723404,1.40670306910186,0.345287231821824,0.511209976902588,0.592052484877881,0.486056193461359,"Cd44",1
"GO:0034446","substrate adhesion-dependent cell spreading","1/113","94/14942",0.0106382978723404,1.40670306910186,0.345287231821824,0.511209976902588,0.592052484877881,0.486056193461359,"Axl",1
"GO:0036465","synaptic vesicle recycling","1/113","94/14942",0.0106382978723404,1.40670306910186,0.345287231821824,0.511209976902588,0.592052484877881,0.486056193461359,"Mx2",1
"GO:0097237","cellular response to toxic substance","1/113","94/14942",0.0106382978723404,1.40670306910186,0.345287231821824,0.511209976902588,0.592052484877881,0.486056193461359,"Apoe",1
"GO:0098659","inorganic cation import across plasma membrane","1/113","94/14942",0.0106382978723404,1.40670306910186,0.345287231821824,0.511209976902588,0.592052484877881,0.486056193461359,"Atp1a3",1
"GO:0099587","inorganic ion import across plasma membrane","1/113","94/14942",0.0106382978723404,1.40670306910186,0.345287231821824,0.511209976902588,0.592052484877881,0.486056193461359,"Atp1a3",1
"GO:0051924","regulation of calcium ion transport","2/113","226/14942",0.00884955752212389,1.17017777429713,0.225027342519906,0.512082370911017,0.592787123927677,0.486659308673662,"Lgals3/Igf1",2
"GO:0060828","regulation of canonical Wnt signaling pathway","2/113","227/14942",0.00881057268722467,1.16502280612842,0.21870055502362,0.514444820932162,0.595245169201247,0.488677285389483,"Apoe/Zeb2",2
"GO:0022904","respiratory electron transport chain","1/113","95/14942",0.0105263157894737,1.39189566837448,0.334492229814453,0.514929890197981,0.595253215688474,0.488683891298676,"Cox4i1",1
"GO:0090100","positive regulation of transmembrane receptor protein serine/threonine kinase signaling pathway","1/113","95/14942",0.0105263157894737,1.39189566837448,0.334492229814453,0.514929890197981,0.595253215688474,0.488683891298676,"Zeb2",1
"GO:0006936","muscle contraction","2/113","228/14942",0.0087719298245614,1.15991305697873,0.212402241323837,0.516799824695314,0.597137616469295,0.490230924195042,"Atp1a3/Ptger4",2
"GO:1902903","regulation of supramolecular fiber organization","3/113","362/14942",0.00828729281767956,1.09582946267051,0.161119348945045,0.518413649141143,0.5978556191493,0.490820381478732,"Ptger4/Apoe/Gpr65",3
"GO:0002065","columnar/cuboidal epithelial cell differentiation","1/113","96/14942",0.0104166666666667,1.37739675516224,0.323818884394724,0.518621741912646,0.5978556191493,0.490820381478732,"Fam20c",1
"GO:0008306","associative learning","1/113","96/14942",0.0104166666666667,1.37739675516224,0.323818884394724,0.518621741912646,0.5978556191493,0.490820381478732,"Atp1a3",1
"GO:0046620","regulation of organ growth","1/113","96/14942",0.0104166666666667,1.37739675516224,0.323818884394724,0.518621741912646,0.5978556191493,0.490820381478732,"Igf1",1
"GO:0098754","detoxification","1/113","96/14942",0.0104166666666667,1.37739675516224,0.323818884394724,0.518621741912646,0.5978556191493,0.490820381478732,"Apoe",1
"GO:0001667","ameboidal-type cell migration","2/113","230/14942",0.00869565217391304,1.14982685648326,0.199889899485316,0.521487401011782,0.600880901674843,0.49330404187383,"Zeb2/Vim",2
"GO:0042116","macrophage activation","1/113","97/14942",0.0103092783505155,1.36319678861418,0.313264287795378,0.522285741856326,0.601522431647665,0.493830717505714,"Cst7",1
"GO:0055017","cardiac muscle tissue growth","1/113","98/14942",0.0102040816326531,1.34928661730179,0.302825632695587,0.525922098284095,0.605430432143965,0.497039061180968,"Igf1",1
"GO:0010906","regulation of glucose metabolic process","1/113","99/14942",0.0101010101010101,1.33565745955127,0.29250020773668,0.529531017907775,0.608179074995553,0.499295609233297,"Igf1",1
"GO:0030048","actin filament-based movement","1/113","99/14942",0.0101010101010101,1.33565745955127,0.29250020773668,0.529531017907775,0.608179074995553,0.499295609233297,"Zeb2",1
"GO:0042471","ear morphogenesis","1/113","99/14942",0.0101010101010101,1.33565745955127,0.29250020773668,0.529531017907775,0.608179074995553,0.499295609233297,"Enpp1",1
"GO:0060048","cardiac muscle contraction","1/113","99/14942",0.0101010101010101,1.33565745955127,0.29250020773668,0.529531017907775,0.608179074995553,0.499295609233297,"Atp1a3",1
"GO:2001243","negative regulation of intrinsic apoptotic signaling pathway","1/113","99/14942",0.0101010101010101,1.33565745955127,0.29250020773668,0.529531017907775,0.608179074995553,0.499295609233297,"Cd44",1
"GO:0071900","regulation of protein serine/threonine kinase activity","2/113","235/14942",0.00851063829787234,1.12536245528149,0.169087886737618,0.533074494078347,0.611728404474234,0.50220949545084,"Apoe/Zeb2",2
"GO:0010660","regulation of muscle cell apoptotic process","1/113","100/14942",0.01,1.32230088495575,0.282285393281858,0.533112705907264,0.611728404474234,0.50220949545084,"Igf1",1
"GO:0006402","mRNA catabolic process","2/113","236/14942",0.00847457627118644,1.12059397030148,0.163007443510376,0.53536915222535,0.614034633367628,0.504102835764081,"Ikbke/Vim",2
"GO:0003300","cardiac muscle hypertrophy","1/113","101/14942",0.0099009900990099,1.30920879698589,0.272178657404296,0.536667365941793,0.614109256063909,0.504164098615984,"Igf1",1
"GO:0030518","nuclear receptor-mediated steroid hormone signaling pathway","1/113","101/14942",0.0099009900990099,1.30920879698589,0.272178657404296,0.536667365941793,0.614109256063909,0.504164098615984,"Igf1",1
"GO:0055006","cardiac cell development","1/113","101/14942",0.0099009900990099,1.30920879698589,0.272178657404296,0.536667365941793,0.614109256063909,0.504164098615984,"Igf1",1
"GO:0071229","cellular response to acid chemical","1/113","101/14942",0.0099009900990099,1.30920879698589,0.272178657404296,0.536667365941793,0.614109256063909,0.504164098615984,"Cybb",1
"GO:0090263","positive regulation of canonical Wnt signaling pathway","1/113","101/14942",0.0099009900990099,1.30920879698589,0.272178657404296,0.536667365941793,0.614109256063909,0.504164098615984,"Zeb2",1
"GO:0016525","negative regulation of angiogenesis","1/113","102/14942",0.00980392156862745,1.29637341662329,0.262177552089191,0.540195200161089,0.616446401650372,0.506082820547463,"Stat1",1
"GO:0022900","electron transport chain","1/113","102/14942",0.00980392156862745,1.29637341662329,0.262177552089191,0.540195200161089,0.616446401650372,0.506082820547463,"Cox4i1",1
"GO:0042752","regulation of circadian rhythm","1/113","102/14942",0.00980392156862745,1.29637341662329,0.262177552089191,0.540195200161089,0.616446401650372,0.506082820547463,"Ptger4",1
"GO:0043502","regulation of muscle adaptation","1/113","102/14942",0.00980392156862745,1.29637341662329,0.262177552089191,0.540195200161089,0.616446401650372,0.506082820547463,"Igf1",1
"GO:0051588","regulation of neurotransmitter transport","1/113","102/14942",0.00980392156862745,1.29637341662329,0.262177552089191,0.540195200161089,0.616446401650372,0.506082820547463,"Ptger4",1
"GO:0097061","dendritic spine organization","1/113","102/14942",0.00980392156862745,1.29637341662329,0.262177552089191,0.540195200161089,0.616446401650372,0.506082820547463,"Apoe",1
"GO:0045445","myoblast differentiation","1/113","103/14942",0.00970873786407767,1.28378726694733,0.25227970963634,0.543696409216467,0.619873653364928,0.508896484817032,"Igf1",1
"GO:0070646","protein modification by small protein removal","1/113","103/14942",0.00970873786407767,1.28378726694733,0.25227970963634,0.543696409216467,0.619873653364928,0.508896484817032,"Usp18",1
"GO:0071560","cellular response to transforming growth factor beta stimulus","2/113","240/14942",0.00833333333333333,1.10191740412979,0.138943708781698,0.54447132940626,0.620473048156333,0.509388568809807,"Lox/Zeb2",2
"GO:0030072","peptide hormone secretion","2/113","241/14942",0.00829875518672199,1.09734513274336,0.13299105958218,0.546727681217259,0.621558516768639,0.510279703895454,"Ptger4/Anxa5",2
"GO:0010595","positive regulation of endothelial cell migration","1/113","104/14942",0.00961538461538462,1.2714431586113,0.242482839250804,0.54717119227183,0.621558516768639,0.510279703895454,"Igf1",1
"GO:0014897","striated muscle hypertrophy","1/113","104/14942",0.00961538461538462,1.2714431586113,0.242482839250804,0.54717119227183,0.621558516768639,0.510279703895454,"Igf1",1
"GO:0060419","heart growth","1/113","104/14942",0.00961538461538462,1.2714431586113,0.242482839250804,0.54717119227183,0.621558516768639,0.510279703895454,"Igf1",1
"GO:0061387","regulation of extent of cell growth","1/113","104/14942",0.00961538461538462,1.2714431586113,0.242482839250804,0.54717119227183,0.621558516768639,0.510279703895454,"Apoe",1
"GO:1901800","positive regulation of proteasomal protein catabolic process","1/113","104/14942",0.00961538461538462,1.2714431586113,0.242482839250804,0.54717119227183,0.621558516768639,0.510279703895454,"Oaz1",1
"GO:2000177","regulation of neural precursor cell proliferation","1/113","104/14942",0.00961538461538462,1.2714431586113,0.242482839250804,0.54717119227183,0.621558516768639,0.510279703895454,"Igf1",1
"GO:0014896","muscle hypertrophy","1/113","105/14942",0.00952380952380952,1.25933417614834,0.23278472381011,0.550619747014604,0.624905729291871,0.513027658543569,"Igf1",1
"GO:0035967","cellular response to topologically incorrect protein","1/113","105/14942",0.00952380952380952,1.25933417614834,0.23278472381011,0.550619747014604,0.624905729291871,0.513027658543569,"Eif2ak2",1
"GO:0007548","sex differentiation","2/113","244/14942",0.00819672131147541,1.08385318438996,0.115281196033203,0.553450446871073,0.627360278067204,0.515042764745936,"Ptger4/Axl",2
"GO:0042274","ribosomal small subunit biogenesis","1/113","106/14942",0.00943396226415094,1.2474536650526,0.223183216797229,0.554042269666579,0.627360278067204,0.515042764745936,"Rps7",1
"GO:0042542","response to hydrogen peroxide","1/113","106/14942",0.00943396226415094,1.2474536650526,0.223183216797229,0.554042269666579,0.627360278067204,0.515042764745936,"Axl",1
"GO:0046683","response to organophosphorus","1/113","106/14942",0.00943396226415094,1.2474536650526,0.223183216797229,0.554042269666579,0.627360278067204,0.515042764745936,"Stat1",1
"GO:0090316","positive regulation of intracellular protein transport","1/113","106/14942",0.00943396226415094,1.2474536650526,0.223183216797229,0.554042269666579,0.627360278067204,0.515042764745936,"Oaz1",1
"GO:0008585","female gonad development","1/113","107/14942",0.00934579439252336,1.23579521958482,0.213676239389353,0.557438954994678,0.630060371283136,0.517259455096956,"Ptger4",1
"GO:0021761","limbic system development","1/113","107/14942",0.00934579439252336,1.23579521958482,0.213676239389353,0.557438954994678,0.630060371283136,0.517259455096956,"Zeb2",1
"GO:0045582","positive regulation of T cell differentiation","1/113","107/14942",0.00934579439252336,1.23579521958482,0.213676239389353,0.557438954994678,0.630060371283136,0.517259455096956,"Il4i1",1
"GO:0046634","regulation of alpha-beta T cell activation","1/113","107/14942",0.00934579439252336,1.23579521958482,0.213676239389353,0.557438954994678,0.630060371283136,0.517259455096956,"Cd44",1
"GO:0002790","peptide secretion","2/113","247/14942",0.00809716599190283,1.07068897567267,0.0977886593104329,0.560103515805102,0.632497847779911,0.519260545503524,"Ptger4/Anxa5",2
"GO:0071559","response to transforming growth factor beta","2/113","247/14942",0.00809716599190283,1.07068897567267,0.0977886593104329,0.560103515805102,0.632497847779911,0.519260545503524,"Lox/Zeb2",2
"GO:0006275","regulation of DNA replication","1/113","109/14942",0.00917431192660551,1.21312007794106,0.194937880117832,0.564155585536671,0.635632311306023,0.521833840015345,"Dna2",1
"GO:0043401","steroid hormone receptor signaling pathway","1/113","109/14942",0.00917431192660551,1.21312007794106,0.194937880117832,0.564155585536671,0.635632311306023,0.521833840015345,"Igf1",1
"GO:0045446","endothelial cell differentiation","1/113","109/14942",0.00917431192660551,1.21312007794106,0.194937880117832,0.564155585536671,0.635632311306023,0.521833840015345,"Xdh",1
"GO:0046545","development of primary female sexual characteristics","1/113","109/14942",0.00917431192660551,1.21312007794106,0.194937880117832,0.564155585536671,0.635632311306023,0.521833840015345,"Ptger4",1
"GO:1903076","regulation of protein localization to plasma membrane","1/113","109/14942",0.00917431192660551,1.21312007794106,0.194937880117832,0.564155585536671,0.635632311306023,0.521833840015345,"Lgals3",1
"GO:0110053","regulation of actin filament organization","2/113","249/14942",0.00803212851405622,1.06208906422149,0.0862447506066524,0.564500026836608,0.635732730358731,0.521916280852528,"Ptger4/Gpr65",2
"GO:0002688","regulation of leukocyte chemotaxis","1/113","110/14942",0.00909090909090909,1.20209171359614,0.185702654877984,0.567475913105899,0.6379300332432,0.523720196389049,"Csf1",1
"GO:0006612","protein targeting to membrane","1/113","110/14942",0.00909090909090909,1.20209171359614,0.185702654877984,0.567475913105899,0.6379300332432,0.523720196389049,"Rtp4",1
"GO:0014902","myotube differentiation","1/113","110/14942",0.00909090909090909,1.20209171359614,0.185702654877984,0.567475913105899,0.6379300332432,0.523720196389049,"Igf1",1
"GO:0048145","regulation of fibroblast proliferation","1/113","110/14942",0.00909090909090909,1.20209171359614,0.185702654877984,0.567475913105899,0.6379300332432,0.523720196389049,"Igf1",1
"GO:0010657","muscle cell apoptotic process","1/113","111/14942",0.00900900900900901,1.1912620585187,0.176554267618554,0.570771168082911,0.641055574436828,0.526286165950674,"Igf1",1
"GO:0038061","non-canonical NF-kappaB signal transduction","1/113","111/14942",0.00900900900900901,1.1912620585187,0.176554267618554,0.570771168082911,0.641055574436828,0.526286165950674,"Eif2ak2",1
"GO:0009791","post-embryonic development","1/113","112/14942",0.00892857142857143,1.18062579013906,0.167490939155043,0.574041538119094,0.643567505590519,0.528348381254191,"Enpp1",1
"GO:0051928","positive regulation of calcium ion transport","1/113","112/14942",0.00892857142857143,1.18062579013906,0.167490939155043,0.574041538119094,0.643567505590519,0.528348381254191,"Lgals3",1
"GO:0055123","digestive system development","1/113","112/14942",0.00892857142857143,1.18062579013906,0.167490939155043,0.574041538119094,0.643567505590519,0.528348381254191,"Igf1",1
"GO:1905477","positive regulation of protein localization to membrane","1/113","112/14942",0.00892857142857143,1.18062579013906,0.167490939155043,0.574041538119094,0.643567505590519,0.528348381254191,"Lgals3",1
"GO:0090277","positive regulation of peptide hormone secretion","1/113","113/14942",0.00884955752212389,1.17017777429713,0.158510943322272,0.577287209473951,0.646864811149858,0.531055363877838,"Ptger4",1
"GO:1901988","negative regulation of cell cycle phase transition","2/113","255/14942",0.00784313725490196,1.03709873329863,0.0521597794165816,0.577502198869934,0.646864811149858,0.531055363877838,"Gpnmb/Dna2",2
"GO:0001952","regulation of cell-matrix adhesion","1/113","114/14942",0.0087719298245614,1.15991305697873,0.14961260492561,0.580508367025333,0.649647565794643,0.53333991662363,"Csf1",1
"GO:0048675","axon extension","1/113","114/14942",0.0087719298245614,1.15991305697873,0.14961260492561,0.580508367025333,0.649647565794643,0.53333991662363,"Apoe",1
"GO:0006260","DNA replication","2/113","257/14942",0.00778210116731518,1.0290279260356,0.0409749767742279,0.581773611179427,0.650771020591542,0.534262237154418,"Dna2/Samhd1",2
"GO:0017148","negative regulation of translation","1/113","115/14942",0.00869565217391304,1.14982685648326,0.14079429778891,0.583705194279592,0.652638497420828,0.535795376026737,"Eif2ak2",1
"GO:0002793","positive regulation of peptide secretion","1/113","116/14942",0.00862068965517241,1.13991455599634,0.132054442893785,0.586877873381662,0.655597086011817,0.538224282830246,"Ptger4",1
"GO:1990830","cellular response to leukemia inhibitory factor","1/113","116/14942",0.00862068965517241,1.13991455599634,0.132054442893785,0.586877873381662,0.655597086011817,0.538224282830246,"Spp1",1
"GO:0140014","mitotic nuclear division","2/113","260/14942",0.00769230769230769,1.01715452688904,0.0243582414529723,0.588121850969194,0.656692111620311,0.539123263904732,"Mki67/Igf1",2
"GO:0090090","negative regulation of canonical Wnt signaling pathway","1/113","117/14942",0.00854700854700855,1.13017169654338,0.123391506605198,0.590026585125078,0.658523620332337,0.540626874100781,"Apoe",1
"GO:0043269","regulation of monoatomic ion transport","3/113","404/14942",0.00742574257425743,0.98190659773942,-0.0321833842916808,0.59313257353968,0.661122317509009,0.542760321539842,"Fxyd5/Lgals3/Igf1",3
"GO:0031570","DNA integrity checkpoint signaling","1/113","118/14942",0.00847457627118644,1.12059397030148,0.114803998978638,0.593151508961898,0.661122317509009,0.542760321539842,"Dna2",1
"GO:1990823","response to leukemia inhibitory factor","1/113","118/14942",0.00847457627118644,1.12059397030148,0.114803998978638,0.593151508961898,0.661122317509009,0.542760321539842,"Spp1",1
"GO:0006937","regulation of muscle contraction","1/113","119/14942",0.00840336134453781,1.11117721424853,0.106290472144479,0.59625282301258,0.663391210590404,0.544623010343084,"Ptger4",1
"GO:0006986","response to unfolded protein","1/113","119/14942",0.00840336134453781,1.11117721424853,0.106290472144479,0.59625282301258,0.663391210590404,0.544623010343084,"Eif2ak2",1
"GO:0010565","regulation of ketone metabolic process","1/113","119/14942",0.00840336134453781,1.11117721424853,0.106290472144479,0.59625282301258,0.663391210590404,0.544623010343084,"Fabp5",1
"GO:0046165","alcohol biosynthetic process","1/113","119/14942",0.00840336134453781,1.11117721424853,0.106290472144479,0.59625282301258,0.663391210590404,0.544623010343084,"Apoe",1
"GO:0006874","intracellular calcium ion homeostasis","2/113","265/14942",0.00754716981132075,0.997962932042077,-0.00292067295695694,0.598545016799004,0.665644078530379,0.546472543016697,"Apoe/Spp1",2
"GO:0008637","apoptotic mitochondrial changes","1/113","120/14942",0.00833333333333333,1.10191740412979,0.0978495187653753,0.599330704075764,0.665923004528627,0.546701532358737,"Igf1",1
"GO:0043500","muscle adaptation","1/113","120/14942",0.00833333333333333,1.10191740412979,0.0978495187653753,0.599330704075764,0.665923004528627,0.546701532358737,"Igf1",1
"GO:0009142","nucleoside triphosphate biosynthetic process","1/113","121/14942",0.00826446280991736,1.09281064872376,0.0894797705628013,0.602385327637999,0.668422221844303,0.548753310007033,"Cmpk2",1
"GO:0048709","oligodendrocyte differentiation","1/113","121/14942",0.00826446280991736,1.09281064872376,0.0894797705628013,0.602385327637999,0.668422221844303,0.548753310007033,"Enpp1",1
"GO:0071466","cellular response to xenobiotic stimulus","1/113","121/14942",0.00826446280991736,1.09281064872376,0.0894797705628013,0.602385327637999,0.668422221844303,0.548753310007033,"Nceh1",1
"GO:0060070","canonical Wnt signaling pathway","2/113","268/14942",0.00746268656716418,0.98679170519086,-0.0190464050271664,0.604704497710183,0.670696748017085,0.550620623398512,"Apoe/Zeb2",2
"GO:1903052","positive regulation of proteolysis involved in protein catabolic process","1/113","122/14942",0.00819672131147541,1.08385318438996,0.0811798969090865,0.605416867883387,0.671187890039908,0.5510238353234,"Oaz1",1
"GO:0002761","regulation of myeloid leukocyte differentiation","1/113","123/14942",0.00813008130081301,1.07504136988273,0.0729486034815214,0.60842549770317,0.673923260356269,0.553269487047928,"Csf1",1
"GO:0007266","Rho protein signal transduction","1/113","123/14942",0.00813008130081301,1.07504136988273,0.0729486034815214,0.60842549770317,0.673923260356269,0.553269487047928,"Apoe",1
"GO:0021537","telencephalon development","2/113","270/14942",0.00740740740740741,0.979482137004261,-0.0296990440498458,0.608771472794379,0.674006655072478,0.553337951448215,"Atp1a3/Zeb2",2
"GO:0006665","sphingolipid metabolic process","1/113","124/14942",0.00806451612903226,1.06637168141593,0.0647846309753048,0.611411388705231,0.676027689998235,0.554997156616602,"Gla",1
"GO:0014074","response to purine-containing compound","1/113","124/14942",0.00806451612903226,1.06637168141593,0.0647846309753048,0.611411388705231,0.676027689998235,0.554997156616602,"Stat1",1
"GO:0051592","response to calcium ion","1/113","124/14942",0.00806451612903226,1.06637168141593,0.0647846309753048,0.611411388705231,0.676027689998235,0.554997156616602,"Anxa5",1
"GO:0051983","regulation of chromosome segregation","1/113","125/14942",0.008,1.0578407079646,0.056686753872307,0.61437471122354,0.678701433427957,0.557192214634155,"Mki67",1
"GO:0055007","cardiac muscle cell differentiation","1/113","125/14942",0.008,1.0578407079646,0.056686753872307,0.61437471122354,0.678701433427957,0.557192214634155,"Igf1",1
"GO:1902600","proton transmembrane transport","1/113","126/14942",0.00793650793650794,1.04944514679028,0.048653779262792,0.617315634327525,0.681647862295138,0.559611138692521,"Atp1a3",1
"GO:0009101","glycoprotein biosynthetic process","2/113","275/14942",0.00727272727272727,0.961673370876911,-0.055997604271985,0.618801282121942,0.682682850014903,0.560460830576597,"Chst1/Igf1",2
"GO:0032386","regulation of intracellular transport","2/113","275/14942",0.00727272727272727,0.961673370876911,-0.055997604271985,0.618801282121942,0.682682850014903,0.560460830576597,"Sp100/Oaz1",2
"GO:0008033","tRNA processing","1/113","127/14942",0.0078740157480315,1.04118179917776,0.0406845457174197,0.620234325831371,0.683355518283236,0.561013069755251,"Rtcb",1
"GO:0018205","peptidyl-lysine modification","1/113","127/14942",0.0078740157480315,1.04118179917776,0.0406845457174197,0.620234325831371,0.683355518283236,0.561013069755251,"Lox",1
"GO:0043200","response to amino acid","1/113","127/14942",0.0078740157480315,1.04118179917776,0.0406845457174197,0.620234325831371,0.683355518283236,0.561013069755251,"Cybb",1
"GO:1903311","regulation of mRNA metabolic process","2/113","276/14942",0.0072463768115942,0.958189047069386,-0.0612014749283995,0.620783670899615,0.68365826649272,0.561261616372379,"Ikbke/Vim",2
"GO:0007173","epidermal growth factor receptor signaling pathway","1/113","128/14942",0.0078125,1.03304756637168,0.0327779222069953,0.623130952303262,0.68533395372576,0.562637302107557,"Axl",1
"GO:0051099","positive regulation of binding","1/113","128/14942",0.0078125,1.03304756637168,0.0327779222069953,0.623130952303262,0.68533395372576,0.562637302107557,"Igf1",1
"GO:0120161","regulation of cold-induced thermogenesis","1/113","128/14942",0.0078125,1.03304756637168,0.0327779222069953,0.623130952303262,0.68533395372576,0.562637302107557,"Fabp5",1
"GO:0050671","positive regulation of lymphocyte proliferation","1/113","129/14942",0.00775193798449612,1.02503944570213,0.0249328070675869,0.626005679074541,0.688191673684595,0.564983398983506,"Igf1",1
"GO:0060996","dendritic spine development","1/113","130/14942",0.00769230769230769,1.01715452688904,0.0171481270087635,0.628858670248819,0.691022987166619,0.567307816984812,"Apoe",1
"GO:0001824","blastocyst development","1/113","131/14942",0.00763358778625954,1.00938998851584,0.00942283616283748,0.631690088711004,0.693216536311326,0.569108650820797,"Igf1",1
"GO:0045727","positive regulation of translation","1/113","131/14942",0.00763358778625954,1.00938998851584,0.00942283616283748,0.631690088711004,0.693216536311326,0.569108650820797,"Abcf1",1
"GO:0106106","cold-induced thermogenesis","1/113","131/14942",0.00763358778625954,1.00938998851584,0.00942283616283748,0.631690088711004,0.693216536311326,0.569108650820797,"Fabp5",1
"GO:0043523","regulation of neuron apoptotic process","2/113","283/14942",0.00706713780918728,0.934488257919259,-0.0971255107589682,0.634440866531848,0.694463841485415,0.570132648558307,"Apoe/Axl",2
"GO:0006941","striated muscle contraction","1/113","132/14942",0.00757575757575758,1.00174309466345,0.0017559151731104,0.634500096136273,0.694463841485415,0.570132648558307,"Atp1a3",1
"GO:0021987","cerebral cortex development","1/113","132/14942",0.00757575757575758,1.00174309466345,0.0017559151731104,0.634500096136273,0.694463841485415,0.570132648558307,"Atp1a3",1
"GO:0044272","sulfur compound biosynthetic process","1/113","132/14942",0.00757575757575758,1.00174309466345,0.0017559151731104,0.634500096136273,0.694463841485415,0.570132648558307,"Igf1",1
"GO:0046822","regulation of nucleocytoplasmic transport","1/113","132/14942",0.00757575757575758,1.00174309466345,0.0017559151731104,0.634500096136273,0.694463841485415,0.570132648558307,"Sp100",1
"GO:0050921","positive regulation of chemotaxis","1/113","132/14942",0.00757575757575758,1.00174309466345,0.0017559151731104,0.634500096136273,0.694463841485415,0.570132648558307,"Csf1",1
"GO:0072659","protein localization to plasma membrane","2/113","284/14942",0.00704225352112676,0.931197806306868,-0.10218736930696,0.636360597981413,0.696194151570175,0.571553177911342,"Lgals3/Fyb1",2
"GO:0043547","positive regulation of GTPase activity","1/113","133/14942",0.0075187969924812,0.994211191696054,-0.00585362968076143,0.637288852998973,0.696903488786756,0.572135521126138,"Gpr65",1
"GO:0007605","sensory perception of sound","1/113","134/14942",0.00746268656716418,0.98679170519086,-0.0134067673220656,0.640056518581465,0.699009092661337,0.573864154702311,"Enpp1",1
"GO:0031960","response to corticosteroid","1/113","134/14942",0.00746268656716418,0.98679170519086,-0.0134067673220656,0.640056518581465,0.699009092661337,0.573864154702311,"Cybb",1
"GO:0071456","cellular response to hypoxia","1/113","134/14942",0.00746268656716418,0.98679170519086,-0.0134067673220656,0.640056518581465,0.699009092661337,0.573864154702311,"Cybb",1
"GO:0035107","appendage morphogenesis","1/113","135/14942",0.00740740740740741,0.979482137004261,-0.0209044426826801,0.642803250982889,0.700779376071539,0.575317500879699,"Enpp1",1
"GO:0035108","limb morphogenesis","1/113","135/14942",0.00740740740740741,0.979482137004261,-0.0209044426826801,0.642803250982889,0.700779376071539,0.575317500879699,"Enpp1",1
"GO:0048144","fibroblast proliferation","1/113","135/14942",0.00740740740740741,0.979482137004261,-0.0209044426826801,0.642803250982889,0.700779376071539,0.575317500879699,"Igf1",1
"GO:1904064","positive regulation of cation transmembrane transport","1/113","135/14942",0.00740740740740741,0.979482137004261,-0.0209044426826801,0.642803250982889,0.700779376071539,0.575317500879699,"Fxyd5",1
"GO:0036293","response to decreased oxygen levels","2/113","288/14942",0.00694444444444444,0.918264503441495,-0.122264950873598,0.643961543486126,0.701427927944206,0.575849941267236,"Zeb2/Cybb",2
"GO:0141091","transforming growth factor beta receptor superfamily signaling pathway","2/113","288/14942",0.00694444444444444,0.918264503441495,-0.122264950873598,0.643961543486126,0.701427927944206,0.575849941267236,"Lox/Zeb2",2
"GO:0035966","response to topologically incorrect protein","1/113","136/14942",0.00735294117647059,0.972280062467465,-0.0283475774766565,0.645529207127884,0.702828039242865,0.576999387955884,"Eif2ak2",1
"GO:0031507","heterochromatin formation","1/113","137/14942",0.0072992700729927,0.965183127704929,-0.0357370709432479,0.648234542775226,0.705156842075279,0.578911260752564,"Znfx1",1
"GO:0051147","regulation of muscle cell differentiation","1/113","137/14942",0.0072992700729927,0.965183127704929,-0.0357370709432479,0.648234542775226,0.705156842075279,0.578911260752564,"Igf1",1
"GO:0035150","regulation of tube size","1/113","138/14942",0.0072463768115942,0.958189047069386,-0.0430738005608034,0.650919412526418,0.707150670676606,0.580548130396943,"Apoe",1
"GO:0035296","regulation of tube diameter","1/113","138/14942",0.0072463768115942,0.958189047069386,-0.0430738005608034,0.650919412526418,0.707150670676606,0.580548130396943,"Apoe",1
"GO:0097746","blood vessel diameter maintenance","1/113","138/14942",0.0072463768115942,0.958189047069386,-0.0430738005608034,0.650919412526418,0.707150670676606,0.580548130396943,"Apoe",1
"GO:0071902","positive regulation of protein serine/threonine kinase activity","1/113","139/14942",0.00719424460431655,0.951295600687592,-0.0503586227328761,0.653583969834208,0.709735754420923,0.582670401642542,"Zeb2",1
"GO:0010948","negative regulation of cell cycle process","2/113","295/14942",0.00677966101694915,0.896475176241188,-0.156766870628075,0.656964224177274,0.713095430776553,0.585428588699245,"Gpnmb/Dna2",2
"GO:0030178","negative regulation of Wnt signaling pathway","1/113","141/14942",0.00709219858156028,0.937802046067909,-0.0647758689131014,0.658852755237485,0.714833708296879,0.586855659062582,"Apoe",1
"GO:0031623","receptor internalization","1/113","142/14942",0.00704225352112676,0.931197806306868,-0.0719099061654126,0.661457284570514,0.717346968022901,0.588918965081578,"Mx2",1
"GO:0006119","oxidative phosphorylation","1/113","143/14942",0.00699300699300699,0.924685933535491,-0.0789952636577709,0.664042103951834,0.719523428563997,0.590705769719418,"Cox4i1",1
"GO:0036294","cellular response to decreased oxygen levels","1/113","143/14942",0.00699300699300699,0.924685933535491,-0.0789952636577709,0.664042103951834,0.719523428563997,0.590705769719418,"Cybb",1
"GO:0034614","cellular response to reactive oxygen species","1/113","144/14942",0.00694444444444444,0.918264503441495,-0.0860327018245349,0.666607361216071,0.721674925838268,0.592472080311949,"Axl",1
"GO:1990845","adaptive thermogenesis","1/113","144/14942",0.00694444444444444,0.918264503441495,-0.0860327018245349,0.666607361216071,0.721674925838268,0.592472080311949,"Fabp5",1
"GO:0007565","female pregnancy","1/113","145/14942",0.00689655172413793,0.91193164479707,-0.0930229636253729,0.669153203098932,0.72348739718469,0.593960061438456,"Ctsb",1
"GO:0032388","positive regulation of intracellular transport","1/113","145/14942",0.00689655172413793,0.91193164479707,-0.0930229636253729,0.669153203098932,0.72348739718469,0.593960061438456,"Oaz1",1
"GO:0038127","ERBB signaling pathway","1/113","145/14942",0.00689655172413793,0.91193164479707,-0.0930229636253729,0.669153203098932,0.72348739718469,0.593960061438456,"Axl",1
"GO:0006959","humoral immune response","1/113","146/14942",0.00684931506849315,0.905685537640926,-0.099966775069091,0.671679775245301,0.725274345342931,0.595427088842094,"Lgals3",1
"GO:0007292","female gamete generation","1/113","146/14942",0.00684931506849315,0.905685537640926,-0.099966775069091,0.671679775245301,0.725274345342931,0.595427088842094,"Igf1",1
"GO:0034767","positive regulation of monoatomic ion transmembrane transport","1/113","146/14942",0.00684931506849315,0.905685537640926,-0.099966775069091,0.671679775245301,0.725274345342931,0.595427088842094,"Fxyd5",1
"GO:0007224","smoothened signaling pathway","1/113","147/14942",0.00680272108843537,0.899524411534525,-0.106864845718204,0.674187222217272,0.726721291480955,0.596614985439026,"Enpp1",1
"GO:0007269","neurotransmitter secretion","1/113","147/14942",0.00680272108843537,0.899524411534525,-0.106864845718204,0.674187222217272,0.726721291480955,0.596614985439026,"Ptger4",1
"GO:0009952","anterior/posterior pattern specification","1/113","147/14942",0.00680272108843537,0.899524411534525,-0.106864845718204,0.674187222217272,0.726721291480955,0.596614985439026,"Zeb2",1
"GO:0099643","signal release from synapse","1/113","147/14942",0.00680272108843537,0.899524411534525,-0.106864845718204,0.674187222217272,0.726721291480955,0.596614985439026,"Ptger4",1
"GO:0048285","organelle fission","3/113","457/14942",0.00656455142231947,0.868031215507058,-0.250116987309408,0.67624940963959,0.728142809801339,0.597782006609259,"Stat2/Mki67/Igf1",3
"GO:0009451","RNA modification","1/113","148/14942",0.00675675675675676,0.893446543889022,-0.113717869175084,0.676675687502128,0.728142809801339,0.597782006609259,"Adar",1
"GO:0071333","cellular response to glucose stimulus","1/113","148/14942",0.00675675675675676,0.893446543889022,-0.113717869175084,0.676675687502128,0.728142809801339,0.597782006609259,"Igf1",1
"GO:1904375","regulation of protein localization to cell periphery","1/113","148/14942",0.00675675675675676,0.893446543889022,-0.113717869175084,0.676675687502128,0.728142809801339,0.597782006609259,"Lgals3",1
"GO:2000045","regulation of G1/S transition of mitotic cell cycle","1/113","149/14942",0.00671140939597315,0.887450258359565,-0.120526523550482,0.679145313520261,0.730169184225151,0.599445595335128,"Gpnmb",1
"GO:2001235","positive regulation of apoptotic signaling pathway","1/113","149/14942",0.00671140939597315,0.887450258359565,-0.120526523550482,0.679145313520261,0.730169184225151,0.599445595335128,"Rps7",1
"GO:0006310","DNA recombination","2/113","308/14942",0.00649350649350649,0.858636938282956,-0.218828003333132,0.680112945676145,0.730893929535434,0.60004058810307,"Samhd1/Chd4",2
"GO:0007178","cell surface receptor protein serine/threonine kinase signaling pathway","2/113","310/14942",0.00645161290322581,0.853097345132743,-0.228155933290679,0.683560303335524,0.734281775369049,0.602821901402111,"Lox/Zeb2",2
"GO:0071331","cellular response to hexose stimulus","1/113","151/14942",0.00662251655629139,0.875695950301823,-0.134013362735471,0.684028612150573,0.734467979411352,0.602974768977741,"Igf1",1
"GO:0071326","cellular response to monosaccharide stimulus","1/113","152/14942",0.00657894736842105,0.869934792734048,-0.140692830293199,0.686442564339538,0.736742235002349,0.60484186023021,"Igf1",1
"GO:0034504","protein localization to nucleus","2/113","312/14942",0.00641025641025641,0.847628772407534,-0.237427610897843,0.686977566797872,0.73699876834412,0.605052465915993,"Adar/Sp100",2
"GO:0006575","modified amino acid metabolic process","1/113","154/14942",0.00649350649350649,0.858636938282956,-0.153926964242998,0.691215765627039,0.741226208618143,0.608523059453153,"Ctsb",1
"GO:0007346","regulation of mitotic cell cycle","3/113","468/14942",0.00641025641025641,0.847628772407534,-0.292351099098243,0.691862825543891,0.741479237197925,0.608730787841205,"Gpnmb/Mki67/Igf1",3
"GO:0070482","response to oxygen levels","2/113","315/14942",0.00634920634920635,0.839556117432224,-0.251231407308392,0.692047288051397,0.741479237197925,0.608730787841205,"Zeb2/Cybb",2
"GO:0030317","flagellated sperm motility","1/113","155/14942",0.00645161290322581,0.853097345132743,-0.160482831852775,0.693575288110414,0.742477415045112,0.609550259994762,"Anxa5",1
"GO:2000058","regulation of ubiquitin-dependent protein catabolic process","1/113","155/14942",0.00645161290322581,0.853097345132743,-0.160482831852775,0.693575288110414,0.742477415045112,0.609550259994762,"Rps7",1
"GO:0001889","liver development","1/113","156/14942",0.00641025641025641,0.847628772407534,-0.166998679377089,0.695916939049991,0.744664021587657,0.611345394175959,"Mki67",1
"GO:0001659","temperature homeostasis","1/113","158/14942",0.00632911392405063,0.836899294275793,-0.179912578862421,0.700547161953538,0.748974853269347,0.614884449397198,"Fabp5",1
"GO:0046474","glycerophospholipid biosynthetic process","1/113","158/14942",0.00632911392405063,0.836899294275793,-0.179912578862421,0.700547161953538,0.748974853269347,0.614884449397198,"Fabp5",1
"GO:0007612","learning","1/113","159/14942",0.00628930817610063,0.831635776701731,-0.186311733610691,0.702835999257329,0.749491065589186,0.615308243235764,"Atp1a3",1
"GO:0009755","hormone-mediated signaling pathway","1/113","159/14942",0.00628930817610063,0.831635776701731,-0.186311733610691,0.702835999257329,0.749491065589186,0.615308243235764,"Igf1",1
"GO:0035051","cardiocyte differentiation","1/113","159/14942",0.00628930817610063,0.831635776701731,-0.186311733610691,0.702835999257329,0.749491065589186,0.615308243235764,"Igf1",1
"GO:0061008","hepaticobiliary system development","1/113","159/14942",0.00628930817610063,0.831635776701731,-0.186311733610691,0.702835999257329,0.749491065589186,0.615308243235764,"Mki67",1
"GO:0071453","cellular response to oxygen levels","1/113","159/14942",0.00628930817610063,0.831635776701731,-0.186311733610691,0.702835999257329,0.749491065589186,0.615308243235764,"Cybb",1
"GO:0097722","sperm motility","1/113","159/14942",0.00628930817610063,0.831635776701731,-0.186311733610691,0.702835999257329,0.749491065589186,0.615308243235764,"Anxa5",1
"GO:0071805","potassium ion transmembrane transport","1/113","160/14942",0.00625,0.826438053097345,-0.192673074493429,0.70510749571163,0.751591465891249,0.617032604844982,"Atp1a3",1
"GO:0043010","camera-type eye development","2/113","324/14942",0.00617283950617284,0.816235114170217,-0.291920219866121,0.706855843130076,0.752383953871267,0.617683212182626,"Zeb2/Vim",2
"GO:0001678","intracellular glucose homeostasis","1/113","161/14942",0.0062111801242236,0.821304897488045,-0.19899712477825,0.70736178153118,0.752383953871267,0.617683212182626,"Igf1",1
"GO:0030308","negative regulation of cell growth","1/113","161/14942",0.0062111801242236,0.821304897488045,-0.19899712477825,0.70736178153118,0.752383953871267,0.617683212182626,"Enpp1",1
"GO:0071897","DNA biosynthetic process","1/113","161/14942",0.0062111801242236,0.821304897488045,-0.19899712477825,0.70736178153118,0.752383953871267,0.617683212182626,"Lox",1
"GO:1902904","negative regulation of supramolecular fiber organization","1/113","161/14942",0.0062111801242236,0.821304897488045,-0.19899712477825,0.70736178153118,0.752383953871267,0.617683212182626,"Apoe",1
"GO:0071322","cellular response to carbohydrate stimulus","1/113","162/14942",0.00617283950617284,0.816235114170217,-0.20528439702608,0.709598985961663,0.754441278840538,0.619372210318464,"Igf1",1
"GO:0055002","striated muscle cell development","1/113","163/14942",0.00613496932515337,0.81122753678267,-0.211535393377692,0.711819237286855,0.756156101042777,0.620780024614277,"Igf1",1
"GO:0071356","cellular response to tumor necrosis factor","1/113","163/14942",0.00613496932515337,0.81122753678267,-0.211535393377692,0.711819237286855,0.756156101042777,0.620780024614277,"Stat1",1
"GO:0044706","multi-multicellular organism process","1/113","164/14942",0.00609756097560976,0.806281027412044,-0.217750605830835,0.714022662835714,0.757527239224937,0.621905685299018,"Ctsb",1
"GO:0098739","import across plasma membrane","1/113","164/14942",0.00609756097560976,0.806281027412044,-0.217750605830835,0.714022662835714,0.757527239224937,0.621905685299018,"Atp1a3",1
"GO:1902905","positive regulation of supramolecular fiber organization","1/113","164/14942",0.00609756097560976,0.806281027412044,-0.217750605830835,0.714022662835714,0.757527239224937,0.621905685299018,"Gpr65",1
"GO:0030902","hindbrain development","1/113","165/14942",0.00606060606060606,0.801394475730759,-0.223930516508294,0.716209388989426,0.759200246310631,0.623279170718767,"Igf1",1
"GO:0071248","cellular response to metal ion","1/113","165/14942",0.00606060606060606,0.801394475730759,-0.223930516508294,0.716209388989426,0.759200246310631,0.623279170718767,"Cybb",1
"GO:0006913","nucleocytoplasmic transport","2/113","331/14942",0.00604229607250755,0.79897334438414,-0.322850003985568,0.717963918458532,0.760206144309013,0.62410498087005,"Adar/Sp100",2
"GO:0051169","nuclear transport","2/113","331/14942",0.00604229607250755,0.79897334438414,-0.322850003985568,0.717963918458532,0.760206144309013,0.62410498087005,"Adar/Sp100",2
"GO:0006606","protein import into nucleus","1/113","166/14942",0.00602409638554217,0.796566798166116,-0.230075597917253,0.718379541188397,0.760206144309013,0.62410498087005,"Adar",1
"GO:0044703","multi-organism reproductive process","1/113","166/14942",0.00602409638554217,0.796566798166116,-0.230075597917253,0.718379541188397,0.760206144309013,0.62410498087005,"Ctsb",1
"GO:0009100","glycoprotein metabolic process","2/113","332/14942",0.00602409638554217,0.796566798166116,-0.327219284307342,0.719521910009036,0.761091570060535,0.62483188715179,"Chst1/Igf1",2
"GO:0006887","exocytosis","2/113","334/14942",0.00598802395209581,0.791796937099253,-0.335921723240669,0.722616414049616,0.763125464735081,0.626501649763487,"Milr1/Myo1f",2
"GO:0016311","dephosphorylation","1/113","168/14942",0.00595238095238095,0.78708386009271,-0.242263116378289,0.722670620821414,0.763125464735081,0.626501649763487,"Nceh1",1
"GO:0048736","appendage development","1/113","168/14942",0.00595238095238095,0.78708386009271,-0.242263116378289,0.722670620821414,0.763125464735081,0.626501649763487,"Enpp1",1
"GO:0060173","limb development","1/113","168/14942",0.00595238095238095,0.78708386009271,-0.242263116378289,0.722670620821414,0.763125464735081,0.626501649763487,"Enpp1",1
"GO:0060294","cilium movement involved in cell motility","1/113","169/14942",0.00591715976331361,0.782426559145416,-0.248306452585687,0.724791794494569,0.765040936113385,0.628074190628702,"Anxa5",1
"GO:0050807","regulation of synapse organization","2/113","336/14942",0.00595238095238095,0.78708386009271,-0.344576532650733,0.725682400981274,0.765656431543802,0.628579492732219,"Apoe/Chd4",2
"GO:0006643","membrane lipid metabolic process","1/113","170/14942",0.00588235294117647,0.777824049973972,-0.254316758298155,0.726896886704825,0.766288419938617,0.629098335033099,"Gla",1
"GO:0060047","heart contraction","1/113","170/14942",0.00588235294117647,0.777824049973972,-0.254316758298155,0.726896886704825,0.766288419938617,0.629098335033099,"Atp1a3",1
"GO:0051260","protein homooligomerization","1/113","171/14942",0.00584795321637427,0.773275371319153,-0.260294461553192,0.72898601829177,0.768165546147485,0.630639395738075,"Samhd1",1
"GO:0001539","cilium or flagellum-dependent cell motility","1/113","172/14942",0.00581395348837209,0.7687795842766,-0.266239982163775,0.731059309195096,0.76969880756693,0.631898154426116,"Anxa5",1
"GO:0060285","cilium-dependent cell motility","1/113","172/14942",0.00581395348837209,0.7687795842766,-0.266239982163775,0.731059309195096,0.76969880756693,0.631898154426116,"Anxa5",1
"GO:0051170","import into nucleus","1/113","173/14942",0.00578034682080925,0.764335771650724,-0.272153731925363,0.733116878461241,0.77067400460907,0.632698760072211,"Adar",1
"GO:0071383","cellular response to steroid hormone stimulus","1/113","173/14942",0.00578034682080925,0.764335771650724,-0.272153731925363,0.733116878461241,0.77067400460907,0.632698760072211,"Igf1",1
"GO:0099175","regulation of postsynapse organization","1/113","173/14942",0.00578034682080925,0.764335771650724,-0.272153731925363,0.733116878461241,0.77067400460907,0.632698760072211,"Apoe",1
"GO:0050803","regulation of synapse structure or activity","2/113","341/14942",0.00586510263929619,0.775543041029767,-0.366009270559435,0.733223581091923,0.77067400460907,0.632698760072211,"Apoe/Chd4",2
"GO:0009896","positive regulation of catabolic process","3/113","500/14942",0.006,0.793380530973451,-0.410218927668803,0.734091022158656,0.770934898850719,0.632912945917605,"Apoe/Oaz1/Igf1",3
"GO:0051493","regulation of cytoskeleton organization","3/113","500/14942",0.006,0.793380530973451,-0.410218927668803,0.734091022158656,0.770934898850719,0.632912945917605,"Ptger4/Myo1f/Gpr65",3
"GO:1901991","negative regulation of mitotic cell cycle phase transition","1/113","174/14942",0.00574712643678161,0.759943037330892,-0.278036114816496,0.735158844249979,0.771730827227002,0.633566377710775,"Gpnmb",1
"GO:1902806","regulation of cell cycle G1/S phase transition","1/113","175/14942",0.00571428571428571,0.755600505689001,-0.283887527193217,0.73718532384097,0.773206173700091,0.634777590076338,"Gpnmb",1
"GO:1990138","neuron projection extension","1/113","175/14942",0.00571428571428571,0.755600505689001,-0.283887527193217,0.73718532384097,0.773206173700091,0.634777590076338,"Apoe",1
"GO:0032535","regulation of cellular component size","2/113","344/14942",0.00581395348837209,0.7687795842766,-0.378731860526263,0.737664164285127,0.773382639608407,0.634922462954778,"Apoe/Gla",2
"GO:0051495","positive regulation of cytoskeleton organization","1/113","176/14942",0.00568181818181818,0.751307320997587,-0.289708357977557,0.73919643364025,0.774662929193697,0.635973539841116,"Gpr65",1
"GO:0042176","regulation of protein catabolic process","2/113","346/14942",0.00578034682080925,0.764335771650724,-0.387157707621554,0.740589822575523,0.775775031557312,0.636886540386514,"Apoe/Oaz1",2
"GO:0022618","protein-RNA complex assembly","1/113","177/14942",0.00564971751412429,0.747062646867657,-0.295498988840277,0.741192289186685,0.775775031557312,0.636886540386514,"Adar",1
"GO:0051963","regulation of synapse assembly","1/113","177/14942",0.00564971751412429,0.747062646867657,-0.295498988840277,0.741192289186685,0.775775031557312,0.636886540386514,"Chd4",1
"GO:0042180","ketone metabolic process","1/113","178/14942",0.00561797752808989,0.742865665705479,-0.30125979437809,0.743173005158368,0.777521337329553,0.638320201688435,"Fabp5",1
"GO:0003015","heart process","1/113","179/14942",0.00558659217877095,0.738715578187571,-0.30699114228555,0.745138695378979,0.779250462618084,0.639739758361581,"Atp1a3",1
"GO:0001764","neuron migration","1/113","180/14942",0.00555555555555556,0.734611602753196,-0.312693393521811,0.74708947282409,0.780962547158684,0.641145325124567,"Axl",1
"GO:0008361","regulation of cell size","1/113","183/14942",0.00546448087431694,0.722568789593307,-0.329629079128285,0.752853445671724,0.78665760794066,0.645820788256505,"Apoe",1
"GO:0006836","neurotransmitter transport","1/113","184/14942",0.00543478260869565,0.718641785302039,-0.335218424126813,0.754745685026633,0.787313261716093,0.646359059079541,"Ptger4",1
"GO:0009060","aerobic respiration","1/113","184/14942",0.00543478260869565,0.718641785302039,-0.335218424126813,0.754745685026633,0.787313261716093,0.646359059079541,"Cox4i1",1
"GO:0021953","central nervous system neuron differentiation","1/113","184/14942",0.00543478260869565,0.718641785302039,-0.335218424126813,0.754745685026633,0.787313261716093,0.646359059079541,"Zeb2",1
"GO:0034612","response to tumor necrosis factor","1/113","184/14942",0.00543478260869565,0.718641785302039,-0.335218424126813,0.754745685026633,0.787313261716093,0.646359059079541,"Stat1",1
"GO:0007254","JNK cascade","1/113","185/14942",0.00540540540540541,0.714757235111217,-0.340780381717809,0.756623563979878,0.788611416621974,0.647424802823874,"Ptger4",1
"GO:0071826","protein-RNA complex organization","1/113","185/14942",0.00540540540540541,0.714757235111217,-0.340780381717809,0.756623563979878,0.788611416621974,0.647424802823874,"Adar",1
"GO:0051650","establishment of vesicle localization","1/113","186/14942",0.00537634408602151,0.710914454277286,-0.346315275684058,0.758487190548304,0.790223056261623,0.648747907529094,"Mx2",1
"GO:0006816","calcium ion transport","2/113","360/14942",0.00555555555555556,0.734611602753196,-0.444936216103334,0.760305583547858,0.791786241335913,0.650031232582685,"Lgals3/Igf1",2
"GO:0000075","cell cycle checkpoint signaling","1/113","188/14942",0.00531914893617021,0.703351534550932,-0.357305139516888,0.762172114577923,0.792735407393078,0.65081046762095,"Dna2",1
"GO:0050920","regulation of chemotaxis","1/113","188/14942",0.00531914893617021,0.703351534550932,-0.357305139516888,0.762172114577923,0.792735407393078,0.65081046762095,"Csf1",1
"GO:0098727","maintenance of cell number","1/113","188/14942",0.00531914893617021,0.703351534550932,-0.357305139516888,0.762172114577923,0.792735407393078,0.65081046762095,"Igf1",1
"GO:0001654","eye development","2/113","363/14942",0.00550964187327824,0.728540432482508,-0.457054216063815,0.764359769830414,0.794347173154311,0.652133675867966,"Zeb2/Vim",2
"GO:0045786","negative regulation of cell cycle","2/113","363/14942",0.00550964187327824,0.728540432482508,-0.457054216063815,0.764359769830414,0.794347173154311,0.652133675867966,"Gpnmb/Dna2",2
"GO:0048705","skeletal system morphogenesis","1/113","190/14942",0.00526315789473684,0.695947834187238,-0.368190494277719,0.765801305252582,0.795181505454099,0.652818636056589,"Enpp1",1
"GO:0050679","positive regulation of epithelial cell proliferation","1/113","190/14942",0.00526315789473684,0.695947834187238,-0.368190494277719,0.765801305252582,0.795181505454099,0.652818636056589,"Igf1",1
"GO:0009749","response to glucose","1/113","191/14942",0.00523560209424084,0.692304128249085,-0.373594731973278,0.767595262174115,0.796712047858919,0.654075162520406,"Igf1",1
"GO:0150063","visual system development","2/113","366/14942",0.00546448087431694,0.722568789593307,-0.469083116194339,0.768354985484706,0.797168297440383,0.654449728864605,"Zeb2/Vim",2
"GO:0015931","nucleobase-containing compound transport","1/113","192/14942",0.00520833333333333,0.688698377581121,-0.378973733568296,0.769375598108921,0.797871589568328,0.655027109254574,"Ank",1
"GO:1990778","protein localization to cell periphery","2/113","367/14942",0.00544959128065395,0.720599937305587,-0.473073228400972,0.769673718129769,0.797871589568328,0.655027109254574,"Lgals3/Fyb1",2
"GO:0051345","positive regulation of hydrolase activity","1/113","193/14942",0.00518134715025907,0.685129992205053,-0.384327785599153,0.771142415560697,0.799061429357526,0.656003929745219,"Gpr65",1
"GO:0048880","sensory system development","2/113","369/14942",0.00542005420054201,0.716694246588484,-0.481024522303114,0.772291802184102,0.799919545523467,0.65670841572884,"Zeb2/Vim",2
"GO:0043087","regulation of GTPase activity","1/113","196/14942",0.00510204081632653,0.674643308650894,-0.400243037553762,0.776362770621376,0.803801787462464,0.65989561245069,"Gpr65",1
"GO:0009746","response to hexose","1/113","197/14942",0.0050761421319797,0.671218723327793,-0.405500061277564,0.778076523972779,0.805241290395769,0.661077398414113,"Igf1",1
"GO:0014706","striated muscle tissue development","2/113","374/14942",0.0053475935828877,0.707112772703611,-0.500736661402643,0.778724954173911,0.805577538800597,0.661353447622388,"Lox/Igf1",2
"GO:0000302","response to reactive oxygen species","1/113","198/14942",0.00505050505050505,0.667828729775633,-0.410733497471932,0.779777260004727,0.805996420677364,0.661697336273702,"Axl",1
"GO:0045165","cell fate commitment","1/113","198/14942",0.00505050505050505,0.667828729775633,-0.410733497471932,0.779777260004727,0.805996420677364,0.661697336273702,"Chd4",1
"GO:0031396","regulation of protein ubiquitination","1/113","199/14942",0.0050251256281407,0.664472806510428,-0.415943605129401,0.78146507671793,0.80740582615255,0.662854413184634,"Rps7",1
"GO:0003341","cilium movement","1/113","203/14942",0.00492610837438424,0.651379746283622,-0.436555783539923,0.788089084918745,0.813574552839002,0.667918740906084,"Anxa5",1
"GO:0034284","response to monosaccharide","1/113","203/14942",0.00492610837438424,0.651379746283622,-0.436555783539923,0.788089084918745,0.813574552839002,0.667918740906084,"Igf1",1
"GO:0008406","gonad development","1/113","204/14942",0.00490196078431373,0.648186708311643,-0.441652987947565,0.789713749645265,0.814777173279255,0.668906053903325,"Ptger4",1
"GO:0006979","response to oxidative stress","2/113","383/14942",0.00522193211488251,0.6904965456688,-0.535639056625413,0.789908472408081,0.814777173279255,0.668906053903325,"Apoe/Axl",2
"GO:0000082","G1/S transition of mitotic cell cycle","1/113","205/14942",0.0048780487804878,0.645024821929635,-0.446728331729605,0.791326067889944,0.815901411613234,0.669829017693046,"Gpnmb",1
"GO:0008654","phospholipid biosynthetic process","1/113","206/14942",0.00485436893203883,0.641893633473666,-0.451782045996829,0.792926132647251,0.81619928494901,0.670073562194453,"Fabp5",1
"GO:0045926","negative regulation of growth","1/113","206/14942",0.00485436893203883,0.641893633473666,-0.451782045996829,0.792926132647251,0.81619928494901,0.670073562194453,"Enpp1",1
"GO:0051648","vesicle localization","1/113","206/14942",0.00485436893203883,0.641893633473666,-0.451782045996829,0.792926132647251,0.81619928494901,0.670073562194453,"Mx2",1
"GO:1905475","regulation of protein localization to membrane","1/113","206/14942",0.00485436893203883,0.641893633473666,-0.451782045996829,0.792926132647251,0.81619928494901,0.670073562194453,"Lgals3",1
"GO:0002064","epithelial cell development","1/113","207/14942",0.00483091787439614,0.638792698046257,-0.45681435820631,0.794514036217478,0.817158178513639,0.670860783205871,"Vim",1
"GO:0045137","development of primary sexual characteristics","1/113","207/14942",0.00483091787439614,0.638792698046257,-0.45681435820631,0.794514036217478,0.817158178513639,0.670860783205871,"Ptger4",1
"GO:0042692","muscle cell differentiation","2/113","388/14942",0.00515463917525773,0.681598394307089,-0.554719009369967,0.795906277687622,0.81810308577283,0.671636521906927,"Lox/Igf1",2
"GO:0010976","positive regulation of neuron projection development","1/113","208/14942",0.00480769230769231,0.63572157930565,-0.461825492237421,0.796089870211874,0.81810308577283,0.671636521906927,"Apoe",1
"GO:0006364","rRNA processing","1/113","212/14942",0.00471698113207547,0.623726832526298,-0.481662603041226,0.802274318824094,0.824118421564354,0.67657492059944,"Rps7",1
"GO:0060537","muscle tissue development","2/113","396/14942",0.00505050505050505,0.667828729775633,-0.584804883508313,0.805191316731263,0.826540882050869,0.678563683340853,"Lox/Igf1",2
"GO:0007163","establishment or maintenance of cell polarity","1/113","214/14942",0.00467289719626168,0.617897609792408,-0.491459659406914,0.805296457773256,0.826540882050869,0.678563683340853,"Igf1",1
"GO:0022411","cellular component disassembly","2/113","397/14942",0.00503778337531486,0.666146541539422,-0.588528355523977,0.806325456925205,0.827256031208802,0.679150797973998,"Plin2/Pbxip1",2
"GO:0000280","nuclear division","2/113","400/14942",0.005,0.661150442477876,-0.599650182788002,0.809693087560588,0.83036894070258,0.681706397313215,"Mki67/Igf1",2
"GO:0048738","cardiac muscle tissue development","1/113","218/14942",0.00458715596330275,0.606560038970529,-0.510818870934116,0.811204055388933,0.831575997496271,0.682697352415032,"Igf1",1
"GO:0031346","positive regulation of cell projection organization","2/113","404/14942",0.00495049504950495,0.654604398492947,-0.614367558730294,0.814102909510737,0.83420421591841,0.684855035854387,"Apoe/Zeb2",2
"GO:0009743","response to carbohydrate","1/113","224/14942",0.00446428571428571,0.590312895069532,-0.539293302083132,0.819733913465808,0.839283488704713,0.68902495669607,"Igf1",1
"GO:0043588","skin development","1/113","224/14942",0.00446428571428571,0.590312895069532,-0.539293302083132,0.819733913465808,0.839283488704713,0.68902495669607,"Enpp1",1
"GO:0045930","negative regulation of mitotic cell cycle","1/113","225/14942",0.00444444444444444,0.587689282202556,-0.5439755254337,0.821117937638818,0.840354979334425,0.689904616304145,"Gpnmb",1
"GO:0099504","synaptic vesicle cycle","1/113","227/14942",0.00440528634361234,0.582511403064208,-0.553287088057629,0.823854467135499,0.842809212476332,0.691919463381542,"Mx2",1
"GO:0048562","embryonic organ morphogenesis","1/113","229/14942",0.00436681222707424,0.577423967229586,-0.562529247087295,0.826549498179018,0.845218994031111,0.693897817124675,"Enpp1",1
"GO:0044843","cell cycle G1/S phase transition","1/113","233/14942",0.00429184549356223,0.56751110942307,-0.580810507592639,0.831817550711015,0.849594174183438,0.697489700386488,"Gpnmb",1
"GO:1903320","regulation of protein modification by small protein conjugation or removal","1/113","233/14942",0.00429184549356223,0.56751110942307,-0.580810507592639,0.831817550711015,0.849594174183438,0.697489700386488,"Rps7",1
"GO:0008380","RNA splicing","2/113","421/14942",0.00475059382422803,0.628171441784205,-0.675551791219791,0.831851645244668,0.849594174183438,0.697489700386488,"Rtcb/Lgals3",2
"GO:1901987","regulation of cell cycle phase transition","2/113","423/14942",0.00472813238770686,0.625201364045273,-0.682610484861193,0.83383723436583,0.851272945293529,0.698867917886296,"Gpnmb/Dna2",2
"GO:0034599","cellular response to oxidative stress","1/113","236/14942",0.00423728813559322,0.560296985150742,-0.594348657525705,0.835664228771673,0.852788495754699,0.700112136442877,"Axl",1
"GO:0090596","sensory organ morphogenesis","1/113","237/14942",0.00421940928270042,0.557932862850528,-0.598829258602867,0.836926974735823,0.853727229451946,0.70088280684662,"Enpp1",1
"GO:0090068","positive regulation of cell cycle process","1/113","238/14942",0.00420168067226891,0.555588607124266,-0.603294043561862,0.838180103049652,0.854655387630481,0.70164479508704,"Igf1",1
"GO:1901873","regulation of post-translational protein modification","1/113","239/14942",0.00418410041841004,0.553263968600733,-0.607743154447263,0.839423686316477,0.855573057277129,0.702398172577546,"Rps7",1
"GO:0022613","ribonucleoprotein complex biogenesis","2/113","437/14942",0.0045766590389016,0.605172029728033,-0.731244958966213,0.847159013419495,0.863103904834101,0.708580758058687,"Rps7/Adar",2
"GO:0016072","rRNA metabolic process","1/113","247/14942",0.00404858299595142,0.535344487836337,-0.642788202025851,0.849037265754831,0.864310217387379,0.709571102162879,"Rps7",1
"GO:0032886","regulation of microtubule-based process","1/113","247/14942",0.00404858299595142,0.535344487836337,-0.642788202025851,0.849037265754831,0.864310217387379,0.709571102162879,"Anxa5",1
"GO:0007416","synapse assembly","1/113","251/14942",0.00398406374501992,0.526813101575997,-0.659959089643509,0.853627869966739,0.86862827798005,0.713116092089307,"Chd4",1
"GO:0051321","meiotic cell cycle","1/113","253/14942",0.00395256916996047,0.522648571128756,-0.668460106935788,0.85587101176565,0.870555073242021,0.714697929501588,"Mki67",1
"GO:0006650","glycerophospholipid metabolic process","1/113","254/14942",0.00393700787401575,0.520590899588879,-0.672689923419869,0.856979771767725,0.871326921887152,0.715331592604037,"Fabp5",1
"GO:0090150","establishment of protein localization to membrane","1/113","255/14942",0.00392156862745098,0.518549366649315,-0.676906099014253,0.858080077172835,0.872089547820554,0.71595768415452,"Rtp4",1
"GO:0051656","establishment of organelle localization","2/113","453/14942",0.00441501103752759,0.583797300201215,-0.785249936337706,0.8612016313184,0.874904962049293,0.718269049376338,"Mx2/Milr1",2
"GO:0022604","regulation of cell morphogenesis","1/113","261/14942",0.00383141762452107,0.506628691553928,-0.701922956405717,0.86450790801463,0.877905665153519,0.72073253085104,"Cd44",1
"GO:0034976","response to endoplasmic reticulum stress","1/113","265/14942",0.00377358490566038,0.498981466021039,-0.718341907757798,0.868631951689002,0.881734023524507,0.723875490883362,"Eif2ak2",1
"GO:1901888","regulation of cell junction assembly","1/113","266/14942",0.0037593984962406,0.497105595848027,-0.722415227848364,0.869643370198176,0.882400974650961,0.724423036471007,"Chd4",1
"GO:0051604","protein maturation","2/113","466/14942",0.00429184549356223,0.56751110942307,-0.827974095302984,0.871739474154829,0.88416753183117,0.725873323532502,"Cpd/Ctsz",2
"GO:0006397","mRNA processing","2/113","467/14942",0.00428265524625268,0.566295882208031,-0.831219688852829,0.872519141672409,0.884597989724877,0.726226715724249,"Adar/Lgals3",2
"GO:0001701","in utero embryonic development","2/113","471/14942",0.00424628450106157,0.561486575352761,-0.844145281455092,0.875594825997785,0.886993944969278,0.728193718507858,"Rtcb/Igf1",2
"GO:0090066","regulation of anatomical structure size","2/113","471/14942",0.00424628450106157,0.561486575352761,-0.844145281455092,0.875594825997785,0.886993944969278,0.728193718507858,"Apoe/Gla",2
"GO:1904062","regulation of monoatomic cation transmembrane transport","1/113","273/14942",0.00366300366300366,0.484359298518591,-0.750587593754174,0.876510416619209,0.887560364937711,0.728658731223435,"Fxyd5",1
"GO:0001666","response to hypoxia","1/113","274/14942",0.00364963503649635,0.482591563852464,-0.754564654885739,0.877461696387566,0.888162448782537,0.729153022843241,"Cybb",1
"GO:0006605","protein targeting","1/113","277/14942",0.0036101083032491,0.477364940417239,-0.766426500425804,0.880272173218679,0.89064514884783,0.731191240356156,"Rtp4",1
"GO:0051146","striated muscle cell differentiation","1/113","279/14942",0.003584229390681,0.473942969518191,-0.774277493480498,0.882110233623356,0.892142356507781,0.732420400058385,"Igf1",1
"GO:0099003","vesicle-mediated transport in synapse","1/113","280/14942",0.00357142857142857,0.472250316055626,-0.778186176793588,0.883018747815579,0.892698612286151,0.732877068298333,"Mx2",1
"GO:0099173","postsynapse organization","1/113","283/14942",0.00353356890459364,0.46724412895963,-0.789845979379732,0.885702860453054,0.895048751026016,0.734806457194049,"Apoe",1
"GO:0009416","response to light stimulus","1/113","285/14942",0.00350877192982456,0.463965222791492,-0.79756479398315,0.887458264449382,0.896458855366718,0.735964107851265,"Atp1a3",1
"GO:0007517","muscle organ development","1/113","288/14942",0.00347222222222222,0.459132251720747,-0.80906303205905,0.890041387363022,0.89870359064636,0.737806963870316,"Lox",1
"GO:0010638","positive regulation of organelle organization","2/113","494/14942",0.00404858299595142,0.535344487836337,-0.916777241251336,0.892002099538968,0.900318292603174,0.739132582640188,"Gpr65/Igf1",2
"GO:0051054","positive regulation of DNA metabolic process","1/113","293/14942",0.00341296928327645,0.451297230360325,-0.828018604743083,0.894216633455546,0.902187770382621,0.740667364228726,"Dna2",1
"GO:0062197","cellular response to chemical stress","1/113","295/14942",0.00338983050847458,0.448237588120594,-0.835529716448036,0.895842385594666,0.90346194415987,0.741713420231861,"Axl",1
"GO:0034765","regulation of monoatomic ion transmembrane transport","1/113","297/14942",0.00336700336700337,0.445219153183755,-0.843001054362597,0.897443369787845,0.90471011772135,0.742738130887703,"Fxyd5",1
"GO:0016358","dendrite development","1/113","299/14942",0.00334448160535117,0.442241098647409,-0.850433177952525,0.899019960050702,0.905932699524989,0.743741831527174,"Apoe",1
"GO:0003002","regionalization","1/113","306/14942",0.00326797385620915,0.432124472207762,-0.876144599464624,0.904351193260426,0.91093627476475,0.747849607099194,"Zeb2",1
"GO:0042254","ribosome biogenesis","1/113","309/14942",0.00323624595469256,0.427929088982444,-0.887024347059429,0.906549705725706,0.912781547617067,0.749364517215111,"Rps7",1
"GO:0045787","positive regulation of cell cycle","1/113","311/14942",0.00321543408360129,0.425177133426287,-0.894232289340059,0.90798747900148,0.913859669649832,0.750249620993437,"Igf1",1
"GO:0007281","germ cell development","1/113","317/14942",0.00315457413249211,0.417129616705285,-0.915644317143704,0.912170551858905,0.917698858233807,0.753401472284952,"Igf1",1
"GO:1901990","regulation of mitotic cell cycle phase transition","1/113","322/14942",0.0031055900621118,0.410652448744022,-0.933251840177278,0.915512041553788,0.920688603985837,0.755855958123228,"Gpnmb",1
"GO:0006644","phospholipid metabolic process","1/113","326/14942",0.00306748466257669,0.405613768391335,-0.947188454595075,0.918094251936576,0.922912671506691,0.75768184657197,"Fabp5",1
"GO:0007389","pattern specification process","1/113","339/14942",0.00294985250737463,0.390059258099042,-0.991606973279977,0.925958130309173,0.93044218905159,0.763863340155649,"Zeb2",1
"GO:0022412","cellular process involved in reproduction in multicellular organism","1/113","340/14942",0.00294117647058824,0.388912024986986,-0.994970366585861,0.926531076366494,0.9306423477824,0.76402766408515,"Igf1",1
"GO:0010639","negative regulation of organelle organization","1/113","354/14942",0.00282485875706215,0.373531323433828,-1.04130088348825,0.934105751059928,0.93787230650775,0.76996322943904,"Igf1",1
"GO:0048568","embryonic organ development","1/113","391/14942",0.00255754475703325,0.338184369553901,-1.15758289355256,0.950598887770912,0.954047251329936,0.783242342880041,"Enpp1",1
"GO:0042391","regulation of membrane potential","1/113","395/14942",0.00253164556962025,0.334759717710317,-1.16967037286357,0.952115813667833,0.955184680109953,0.784176135604958,"Atp1a3",1
"GO:0007059","chromosome segregation","1/113","398/14942",0.00251256281407035,0.332236403255214,-1.1786787798273,0.953223125808391,0.955910424189647,0.78477194833071,"Mki67",1
"GO:0007018","microtubule-based movement","1/113","408/14942",0.00245098039215686,0.324093354155822,-1.20836278733718,0.956734046536692,0.959044998339921,0.787345333661436,"Anxa5",1
"GO:0044772","mitotic cell cycle phase transition","1/113","414/14942",0.00241545893719807,0.319396349023129,-1.22592711670302,0.95871387798521,0.960642879751779,0.788657143300763,"Gpnmb",1
"GO:0072594","establishment of protein localization to organelle","1/113","417/14942",0.00239808153477218,0.31709853356253,-1.23464222059276,0.959669850186929,0.961213969012652,0.789125989356402,"Adar",1
"GO:0034329","cell junction assembly","1/113","448/14942",0.00223214285714286,0.295156447534766,-1.32224134194914,0.968350113742165,0.969518207968633,0.795943504491687,"Chd4",1
"GO:0051052","regulation of DNA metabolic process","1/113","462/14942",0.00216450216450216,0.286212312760985,-1.36043839721198,0.971636336449127,0.972417394597398,0.798323644180151,"Dna2",1
"GO:0007283","spermatogenesis","1/113","481/14942",0.00207900207900208,0.27490662888893,-1.41104359561875,0.975561473338207,0.975953422503871,0.80122661023146,"Axl",1
"GO:0048232","male gamete generation","1/113","498/14942",0.00200803212851406,0.265522266055372,-1.45520000652411,0.978614247310688,0.978614247310688,0.803411062471932,"Axl",1
