"gene","module","kME_own_module"
"Cst3","red",0.84235398562079
"Ctss","blue",0.814889969322243
"mt-Cytb","turquoise",0.621158685667826
"Hexb","greenyellow",0.62914118625874
"P2ry12","turquoise",0.674633596738348
"mt-Co1","turquoise",0.483447960110527
"mt-Atp6","greenyellow",0.672104262643781
"mt-Co3","turquoise",0.882653419736625
"Itm2b","turquoise",0.804209854051355
"Malat1","turquoise",0.779304903378207
"C1qc","turquoise",0.391442172540297
"Tmsb4x","red",0.867852651006004
"Serinc3","blue",0.438704506732336
"Gpr34","turquoise",0.574830845184097
"mt-Nd1","turquoise",0.263049323793227
"C1qb","brown",0.642504725956756
"B2m","blue",0.522396170641671
"Selenop","pink",0.951841873486664
"Ctsb","grey",0.748434811498326
"Cd81","turquoise",0.720739496654748
"mt-Nd2","turquoise",0.650119339851812
"mt-Co2","purple",0.868530611538643
"Apoe","purple",0.422037593911047
"Actb","turquoise",0.916606967874533
"mt-Atp8","red",0.748005086536388
"mt-Nd4","turquoise",0.962728619330455
"Marcks","blue",0.709051263129817
"Ctsd","turquoise",0.62232119495128
"Cd9","blue",0.583488977412855
"Ly86","blue",0.76959275620146
"Cx3cr1","pink",0.729828967162424
"Csf1r","turquoise",0.470664678173875
"Cd53","turquoise",0.597105723384864
"mt-Nd5","red",0.879242587541888
"Calm2","grey",-0.761924491527735
"Tmem119","turquoise",0.86049270006668
"Ddx5","blue",0.55318235843037
"Lgmn","blue",0.458905465406447
"Kctd12","pink",0.937375887217515
"C1qa","magenta",0.462331457206045
"Rnaset2b","turquoise",0.811432794565503
"Sparc","turquoise",0.879418564217636
"Cfh","blue",0.692232716901752
"Serpine2","tan",0.759890686521846
"Son","blue",0.812306080291725
"Fcgr3","brown",0.774936536968956
"Fcer1g","red",0.880571279842028
"Tgfbr1","pink",0.962402144215853
"Eef1a1","turquoise",0.901419772014436
"P2ry13","turquoise",0.328363668137355
"Qki","purple",0.733036806925962
"Tyrobp","black",0.318670964476114
"Capza2","turquoise",0.88005843739889
"Ctsl","purple",0.649047153518165
"Rnase4","turquoise",0.972097449783666
"Ftl1","turquoise",0.579515749017672
"Selplg","green",0.558402541894965
"Vsir","pink",0.844822740599349
"Fth1","purple",0.643599974106383
"Ivns1abp","pink",0.834491914864183
"Ubb","turquoise",0.889370768539736
"Grn","brown",0.616792169593764
"Ifngr1","blue",0.601429003933531
"Fcrl2","black",0.53884033626679
"Trem2","turquoise",0.759246809308843
"Tpt1","purple",0.856726351859616
"Scoc","turquoise",0.908433351753823
"Ptma","pink",0.965466831608301
"Ppia","pink",0.763687474468108
"Selenok","pink",0.863596686045287
"Ctsz","turquoise",0.870774730786462
"Hsp90b1","blue",0.708512408557629
"Rsrp1","pink",0.799695869079329
"Mbnl1","pink",0.974664709034429
"Asah1","blue",0.882401365288247
"Cd68","brown",0.824938554571346
"Sirpa","pink",0.883449257391872
"Aif1","turquoise",0.716298779597408
"Siglech","turquoise",0.30076053802903
"Cd33","pink",0.858680386152357
"Rps14","turquoise",0.957033388726879
"Otulinl","turquoise",0.953327743708122
"Lyz2","purple",0.606021236216377
"Zfhx3","turquoise",0.873545828553324
"Hnrnpa2b1","pink",0.915507821875751
"Spcs2","green",0.606546278521815
"Psap","blue",0.45567654261613
"H3f3b","turquoise",0.937016678154098
"Atp6-ps","red",0.68953321525173
"Ctsc","blue",0.637087435463402
"Rpl13a","purple",0.696542604682811
"Anxa3","blue",0.626724744884013
"Tpm3","blue",0.709268587260484
"Serf2","blue",0.537688558953622
"Cd63","turquoise",0.77772413389372
"Epb41l2","pink",0.969482902877599
"Sft2d1","turquoise",0.946444666946801
"Maf","turquoise",0.804280484889161
"Hspa8","pink",0.651715006856179
"Rps27","red",0.612692810204289
"Lpcat2","turquoise",0.979137183541047
"Cox6b1","turquoise",0.665075455174732
"Mpeg1","pink",0.61370830715371
"Tmem59","red",0.889445705669653
"Hnrnph1","blue",0.799671952011106
"Sdcbp","purple",0.777976217245818
"Rnaset2a","turquoise",0.843181935443893
"Tma7","purple",0.881486839954187
"Rps23","purple",0.952255217294301
"Rpl18a","turquoise",0.0350743246438433
"Arhgap5","turquoise",0.944919950086111
"Plxdc2","blue",0.532226502788684
"Atp6v0b","red",0.897490383551963
"Ctsa","purple",0.559939110986228
"Ccl12","brown",0.395602954399564
"Evi2a","turquoise",0.743330225960518
"Picalm","purple",0.76539283978027
"Ptprc","blue",0.795620637595076
"Rpl15","purple",0.824892960798183
"Rpl31","purple",0.768423582193327
"mt-Nd6","blue",0.552697448509426
"Lyn","blue",0.761156150458734
"Itm2c","blue",0.770912678323832
"Olfml3","turquoise",0.968170352644922
"Laptm5","turquoise",0.773323480609399
"Lamp2","turquoise",0.942212943028908
"Cdc42","turquoise",0.841625318484402
"Rpl13","turquoise",0.590408087711153
"Rnf13","pink",0.945657408515298
"Canx","blue",0.594992074747194
"Sat1","turquoise",0.976565801954456
"Capzb","blue",0.962639575504729
"Abca1","blue",0.826532221093994
"Alox5ap","pink",0.856968435561707
"Lair1","blue",0.894234444316944
"Rps9","yellow",0.63782634810668
"Il10rb","pink",0.635489770499784
"Rpl5","purple",0.854900758388473
"Rgs10","turquoise",0.957775285711073
"Slco2b1","pink",0.82307807397323
"Rpl34","purple",0.907972290513952
"Ccr5","pink",0.935057006580855
"Sub1","greenyellow",0.885859083751258
"Arhgdib","blue",0.800018001732153
"Rpl32","purple",0.743694100004726
"Mef2c","blue",0.923699324157756
"Morf4l1","blue",0.752684438105111
"Rpl35","turquoise",0.891671715472531
"Rn18s","green",0.801244410959566
"Hnrnpk","turquoise",0.931628143405355
"Ints6l","blue",0.848868884973556
"Gdi2","turquoise",0.513006018259035
"Ctsh","black",0.675100346926959
"Ptp4a2","turquoise",0.838660112181503
"Rpl4","greenyellow",0.663857423446074
"Ywhah","turquoise",0.962194242472474
"Syngr1","brown",0.247964921468586
"Npc2","turquoise",0.852897911773769
"Ly6e","turquoise",0.784897676931065
"H3f3a","turquoise",0.965979743844847
"Rbm39","turquoise",0.843611545366848
"Pde3b","pink",0.935818731777816
"Lamp1","turquoise",0.781196585983729
"Hpgd","pink",0.718478154867305
"Slc25a5","turquoise",0.894796479095214
"Rps20","purple",0.900378386607919
"Cyrib","turquoise",0.849128598602288
"Hspa5","blue",0.770157239758873
"Sall1","blue",0.736698212803498
"F11r","pink",0.853358475333479
"Cd164","turquoise",0.989185418945113
"Clk1","pink",0.843996610433068
"Mpc1","greenyellow",0.931477175932248
"Pdia3","brown",0.965428814555833
"Srsf5","pink",0.835832837645459
"Atp6v0e","red",0.863108909878589
"Gas5","blue",0.710690685815118
"Dazap2","turquoise",0.991682405549604
"Eif4a2","blue",0.79225523083644
"Tmed2","blue",0.781993554774718
"Tmed10","red",0.846118462560545
"Rps29","grey",0.758300434801839
"Tmed5","blue",0.527777650290464
"Rps19","turquoise",0.500179324506707
"Rap1b","turquoise",0.981039397023332
"Mapk14","blue",0.731574491112818
"Serinc1","blue",0.804556429790204
"Calm1","turquoise",0.93494932312364
"Zfp36l2","blue",0.749412888151324
"Rps11","turquoise",0.924869870110342
"Tm9sf2","pink",0.912374483281785
"Prdx1","turquoise",0.948756821669584
"Rps8","turquoise",0.842782884347741
"Gnas","turquoise",0.919003991308078
"Ltc4s","turquoise",0.710159095174435
"Rpl7","blue",0.932002925811361
"Arpc2","red",0.736622460602217
"Eif1","turquoise",0.761679511198064
"Spcs1","blue",0.527041421800046
"Ndufa7","blue",0.695893119980115
"Snx5","turquoise",0.824282265752686
"Sf3b1","turquoise",0.91242648746381
"Mef2a","turquoise",0.981812005453886
"Bsg","green",0.796998558349753
"Mafb","blue",0.932286757399728
"Rab8b","pink",0.720014479046909
"Hsd17b11","blue",0.647935436049451
"Rps18","turquoise",0.6181441687929
"Gng10","turquoise",0.959740230658043
"Fcgr2b","turquoise",0.992575639707456
"Cyfip1","turquoise",0.995001251212919
"Itga6","blue",0.9287694328785
"Cfl1","turquoise",0.708370790329609
"Pfn1","turquoise",0.756699558169724
"Nptn","blue",0.5470611211011
"Rpl41","purple",0.731140763302432
"Zfp207","blue",0.913035076951283
"Tmem170b","pink",0.731862070472523
"Man2b1","turquoise",0.47553771342438
"Rpl23","turquoise",0.957106473652013
"Cltc","turquoise",0.984482816961522
"Trf","turquoise",0.843715574757531
"Lpar6","blue",0.516386375698506
"Btg1","blue",0.870217715420305
"Itgam","turquoise",0.916691184708963
"Mertk","turquoise",0.980623684159995
"Cnbp","blue",0.824279012563453
"Rnf130","yellow",0.654379540479497
"Hpgds","turquoise",0.95003442309288
"Wsb1","blue",0.582217066661564
"Eif4a1","blue",0.850168766790948
"Rpl8","blue",0.614871813570113
"Ldhb","brown",0.847605808671539
"Reep3","turquoise",0.670062476060018
"Calr","yellow",0.524178413007175
"Rpl10","blue",0.830411835558775
"Mrps33","pink",0.88503671051294
"Abhd12","blue",0.639163830145658
"Cd84","blue",0.643530980492518
"Tmco1","blue",0.835764593814544
"Dusp6","blue",0.594615961632118
"Macf1","turquoise",0.765695021707012
"Adam10","blue",0.602861013202162
"Leprot","blue",0.877094345809531
"Actr2","pink",0.993750879412955
"Srsf7","greenyellow",0.723420393112405
"Atp6v1g1","turquoise",0.974438323420835
"Itgb5","turquoise",0.935110497380066
"Eif2s2","turquoise",0.989046773323485
"Rps24","purple",0.831204501923458
"Ppt1","brown",0.587140823970431
"Sec11c","turquoise",0.980470307728079
"Ighm","blue",0.88195195147966
"Celf2","turquoise",0.95320666733503
"Cmtm6","pink",0.768006323182125
"Atp5pf","green",0.565467749105363
"Ncf2","turquoise",0.718440987600279
"Creg1","turquoise",0.485487819216204
"Ube2d3","pink",0.961096757631084
"Pycard","blue",0.375119414596168
"Gpx1","green",0.632530513457009
"Clic1","red",0.648531270019689
"Akr1a1","turquoise",0.657982120050818
"Rpl27","turquoise",0.648973690193734
"Tgfbr2","purple",0.793973912340466
"Bcl2a1b","blue",0.923315169293656
"Vdac2","blue",0.937171843702484
"Psenen","red",0.780896382620364
"H2-D1","purple",0.586314116811941
"Tmem50a","turquoise",0.798533015639145
"Cyth4","turquoise",0.842045330072268
"Rps3a1","turquoise",0.968592714379784
"Hexa","turquoise",0.84788692453019
"Hnrnpu","pink",0.696890629928767
"Arpp19","pink",0.865095928557979
"Sec62","turquoise",0.989396643102427
"mt-Nd3","blue",0.83052706474724
"Gns","turquoise",0.878630079648074
"Manf","turquoise",0.774717942053993
"Glul","turquoise",0.98739430261497
"Unc93b1","blue",0.778989946376478
"Arsb","pink",0.732553224678826
"Rpl37","grey",0.763064819059473
"Scamp2","turquoise",0.534846079724161
"Rpl22","turquoise",0.83660992208831
"H2az1","turquoise",0.982009671043187
"Tuba1b","magenta",0.645900108540521
"Mrpl42","blue",0.650107928625519
"Pnisr","pink",0.784006466969274
"Pros1","blue",0.895666277318733
"Ypel3","turquoise",0.918087774711708
"Rpl6","turquoise",0.945674786656433
"Cd300c2","turquoise",0.903301911156124
"Frmd4a","blue",0.793874479920533
"Kpnb1","yellow",0.820654608523064
"Gabarap","turquoise",0.917921309483586
"Arl6ip1","blue",0.885984756364325
"Rpl11","turquoise",0.840727497818543
"Zdhhc20","blue",0.897448534391866
"Rac1","turquoise",0.659571708189061
"Zfp706","turquoise",0.939040500066261
"Cox7c","turquoise",0.992494174604958
"Gcnt1","blue",0.817342284852922
"Zbtb18","blue",0.73422879321617
"Tmem30a","turquoise",0.972953373249456
"Basp1","turquoise",0.889101382648362
"Arpc5","purple",0.649424836860544
"Rpl21","turquoise",0.783302749686611
"Rplp1","pink",0.405148297892339
"Adgre1","turquoise",0.965000766544631
"Fau","turquoise",0.796337727656693
"Tmed7","turquoise",0.872855523140912
"Notch2","turquoise",0.946232043967114
"Slc1a3","blue",0.783994977613349
"Pabpc1","black",0.819056840499799
"Atp8a1","turquoise",0.75148638561693
"Itgav","blue",0.698053388678535
"Rgs2","turquoise",0.923679803430422
"Actg1","turquoise",0.969326039163845
"Adcy7","purple",0.772614432261725
"Gtf2h2","turquoise",0.912526339457723
"Pfdn5","pink",0.847161501825551
"Ski","yellow",0.808735028535392
"Tm9sf3","blue",0.766792672442209
"Lcp1","turquoise",0.985477446569302
"Rpl26","turquoise",0.9536696237664
"Bin1","purple",0.893345429579744
"Plek","turquoise",0.970154807431434
"Rpl23a","turquoise",0.942175053183556
"Spp1","purple",0.623698794643643
"Mylip","turquoise",0.939372161181665
"Cox6c","blue",0.811823663527535
"Eef1b2","turquoise",0.807693379766486
"Npm1","turquoise",0.985821297850909
"Rpl19","brown",0.398825918141889
"Atp1b3","turquoise",0.891206333195519
"Hsbp1","turquoise",0.970106105424997
"Rpl17","turquoise",0.790327375657688
"Rps25","black",0.770615749675048
"Rpl37a","purple",0.906932529383706
"Rp2","turquoise",0.993279427663089
"Arpc1b","turquoise",0.931520802865841
"Rpl35a","turquoise",0.625205814119979
"Septin7","turquoise",0.949902580074271
"Arhgap45","blue",0.876478608957186
"Commd8","turquoise",0.977687199999832
"Atp5if1","greenyellow",0.844755056324366
"Ndufa13","red",0.811737917160648
"Rps16","blue",0.585485613077541
"Ccl6","turquoise",0.89888968006075
"Luc7l3","blue",0.759373429791023
"Pld4","turquoise",0.822951309508473
"Mtdh","turquoise",0.967514308520437
"Rplp0","turquoise",0.865439687384145
"Vps29","blue",0.798440476926336
"Atp2c1","blue",0.928247166744078
"H2-K1","purple",0.612284627781382
"Rab2a","black",0.660640436935573
"Samsn1","turquoise",0.940093344479219
"Chd9","turquoise",0.980115505942586
"Klf3","pink",0.78064660364902
"Ssbp1","turquoise",0.987704720116575
"Gpr155","yellow",0.662523055305577
"Cotl1","purple",0.910263352756072
"Gfm2","blue",0.604347605930157
"Pmepa1","turquoise",0.97529780274009
"Rab14","turquoise",0.990719164053928
"Rps3","turquoise",0.773011468991579
"Plp1","pink",0.348327518403757
"Rpl9","yellow",0.751005755550405
"Ppan","purple",0.792113542182341
"Psma3","blue",0.887685797465523
"Rap1a","greenyellow",0.758392180338018
"Srsf3","greenyellow",0.80834735076408
"Vamp8","turquoise",0.929654245183349
"Sgk1","turquoise",0.937267744681556
"Slc2a5","pink",0.589884045203537
"Phyhd1","blue",0.775068348113453
"Ubc","turquoise",0.856383190851687
"Anapc13","blue",0.723817650352699
"Fcho2","blue",0.69758167087049
"Cetn3","turquoise",0.994989368651183
"Eif4g2","turquoise",0.936427723915669
"Atp6v0c","turquoise",0.296460704260727
"Cyba","turquoise",0.845790692017639
"Atp5pb","turquoise",0.95140092148365
"Rps6","turquoise",0.973257605439766
"Tanc2","turquoise",0.824951822389843
"Selenos","turquoise",0.685279890674636
"Ndfip1","turquoise",0.997138749463621
"Foxn3","blue",0.885281495170607
"Rps27a","turquoise",0.932223155161651
"Paip2","turquoise",0.981016999493846
"Dock10","pink",0.962436898984896
"Asph","turquoise",0.831714264448013
"Hmgb1","turquoise",0.791238886669904
"Skil","blue",0.764575710496211
"Zeb2","blue",0.823440715066887
"Ptgs1","turquoise",0.981015303542407
"Zfp715","pink",0.960259274354739
"Ywhaz","turquoise",0.838221703302553
"Fads1","turquoise",0.641351393601784
"Ppp1ca","green",0.778424712841593
"Eef2","tan",0.829877310717547
"C3ar1","turquoise",0.77100554791242
"Hnrnpf","greenyellow",0.858248995536086
"Rps7","turquoise",0.365102660689704
"Adam17","blue",0.798649513906643
"Golm1","turquoise",0.748915028077252
"Atp6ap2","turquoise",0.980182348475856
"Pomp","turquoise",0.897193554582263
"Entpd1","turquoise",0.833074671313667
"Tmx3","turquoise",0.987902445936801
"Mthfs","blue",0.677740373968427
"Sec61g","blue",0.923624293902481
"Snrnp70","blue",0.794733619863249
"Uqcrq","greenyellow",0.885664114978893
"Rpl10a","black",0.628724892694313
"Sap18","blue",0.960072084021082
"Atp5f1a","pink",0.969479582025923
"Nckap1l","turquoise",0.95555983898678
"Jmjd1c","pink",0.880301776201325
"Slc12a2","black",0.771155163980884
"Rpl27a","turquoise",0.777836895137087
"Atp5pd","greenyellow",0.880079202985216
"Gapdh","brown",0.510524900397632
"Stx7","blue",0.80653019901232
"Itgb1","tan",0.83565421414178
"Gls","blue",0.710968574007047
"Ogfrl1","purple",0.711699183854155
"Srgap2","blue",0.913044399111461
"Myl6","turquoise",0.96295860801541
"Rpl3","turquoise",0.812561636310195
"Dock4","pink",0.807745265252525
"Snx2","greenyellow",0.930654927800103
"Prr13","turquoise",0.881058970765627
"Hmgn2","blue",0.885035959144999
"Cd14","turquoise",0.831351917637048
"Rps2","turquoise",0.856214954694424
"Rbm25","turquoise",0.866861993054107
"Irf8","blue",0.921322101853922
"Pten","blue",0.921900381923608
"Rpl30","purple",0.818657697464583
"Psma7","turquoise",0.683839527810634
"Pag1","blue",0.586106778077997
"Ywhae","turquoise",0.901573189861322
"Lhfpl2","turquoise",0.821394881253759
"Rpl24","blue",0.85210797286125
"Sarnp","turquoise",0.989973217556435
"Cd86","turquoise",0.8998146991373
"Ewsr1","pink",0.921755850540021
"Cep85","pink",0.690497053457485
"Mcl1","turquoise",0.942717321253096
"BC005537","purple",0.771674457237226
"Itgb2","blue",0.961773749614704
"App","turquoise",0.516437440447464
"Capza1","blue",0.76211511509558
"Rps4x","turquoise",0.990242865122969
"Sh3glb1","turquoise",0.98581771308518
"Mfsd1","turquoise",0.924501667238334
"Ndufa1","greenyellow",0.669680081469257
"Bnip3l","blue",0.941842192458716
"Oxct1","turquoise",0.840431810310156
"Atp5mg","pink",0.905735216941389
"Ccni","blue",0.931408832707491
"Pdia6","turquoise",0.901440203569303
"Psma1","pink",0.808481073047617
"Ranbp1","blue",0.785411356115103
"Clta","turquoise",0.890966082033799
"Derl2","turquoise",0.808090063353849
"Larp4b","turquoise",0.933375971630627
"Ubl3","blue",0.631242435742055
"Tm6sf1","blue",0.619375556209347
"Oaz1","turquoise",0.679174004431162
"Edem1","pink",0.942738400369721
"Actr3","blue",0.811071103452581
"Snx18","blue",0.390960008263473
"Col27a1","magenta",0.745689232444762
"Glmp","purple",0.785010052275206
"Acer3","turquoise",0.96544264024939
"Ppp2ca","blue",0.878056790805608
"Stab1","blue",0.588261545506758
"Uba52","turquoise",0.891051335773292
"Ifnar2","blue",0.860451860549283
"Ubl5","blue",0.82869049204144
"Selenof","turquoise",0.979515362037355
"Tspan7","blue",0.874294786101731
"Ier3ip1","turquoise",0.987518518533549
"Tmem176b","turquoise",0.867974529527521
"Rps12","purple",0.887335822472041
"Ddx3x","turquoise",0.830470138247454
"Arl8b","turquoise",0.879452379242549
"Ogt","blue",0.824196984165311
"Luc7l2","blue",0.851372243419533
"Ptpra","turquoise",0.965343095037765
"Mrfap1","pink",0.918547034972307
"Zfp36l1","turquoise",0.975494511681201
"Naip5","turquoise",0.61718069841155
"Eif5","turquoise",0.958683377163753
"Rsrc2","blue",0.680281342676856
"Prkcd","turquoise",0.889826793170441
"Sumo1","turquoise",0.977069346249198
"Blnk","blue",0.897315893210003
"Rtn4","pink",0.957287258326365
"Cd83","purple",0.829670915980654
"Cttnbp2nl","green",0.609421569222275
"Zmiz1","greenyellow",0.818411065313823
"Exoc5","blue",0.605885936354375
"Ndufa4","turquoise",0.971100499056942
"Ythdf3","blue",0.533294526717803
"Srsf11","turquoise",0.928045347611132
"Tpp1","turquoise",0.922396847945879
"Fam91a1","pink",0.952725682152031
"Ssh2","turquoise",0.983353081571166
"Ssr4","turquoise",0.962932962644681
"Hnrnpa3","pink",0.938725904590976
"Mrps14","turquoise",0.803476896447895
"Tmbim6","turquoise",0.923327128977537
"Dad1","red",0.961489810488304
"Psmb6","red",0.969525018399396
"Ociad1","turquoise",0.862547886933923
"Ptp4a1","blue",0.777810481128519
"Coa3","blue",0.82778350764643
"Mbnl2","blue",0.625780254048522
"Thoc2","blue",0.642640564552455
"Xlr","turquoise",0.981905666302048
"Txnip","blue",0.689345704382654
"Lcp2","blue",0.907202401157789
"Atp6ap1","turquoise",0.9109565956943
"Rab1a","turquoise",0.839478336143332
"Hypk","blue",0.58290460188931
"Nfe2l2","turquoise",0.877896301244905
"Rpl12","purple",0.794495503143455
"Ikzf1","blue",0.870094708795078
"Srsf10","pink",0.892493597508604
"St3gal6","turquoise",0.985663468723105
"Timp2","turquoise",0.863512173624558
"Rpl14","brown",0.87977181490422
"Ccdc152","pink",0.912719781909353
"Hspe1","purple",0.839762525304588
"Tram1","turquoise",0.991533891609214
"Akr1b10","blue",0.87077380152047
"Bmp2k","blue",0.919698347053727
"Clec4a2","blue",0.930565958913847
"Krcc1","turquoise",0.960306606976929
"mt-Nd4l","turquoise",0.762742359746816
"Il6ra","pink",0.931389426092571
"Dram2","turquoise",0.960813012753443
"M6pr","turquoise",0.907263819910939
"Cyb5a","turquoise",0.971702317909175
"Uqcrb","blue",0.901067027841796
"Rps13","purple",0.841393850547463
"Mtus1","blue",0.986626042241659
"Tmed9","red",0.835609618246309
"Atp2b1","blue",0.835616291769198
"Zc3h7a","blue",0.935892115660899
"Arid1a","blue",0.920883789326513
"Laptm4a","pink",0.921091972356074
"Eeig2","turquoise",0.982578053218073
"Myl12a","turquoise",0.973487683851318
"Sh3bgrl3","turquoise",0.911374519245896
"Ctnnb1","turquoise",0.99078028272743
"Mdh1","green",0.681677705144529
"Eloc","turquoise",0.987734666559584
"Srsf2","blue",0.531898331995216
"Pnp","turquoise",0.836740804055385
"Arl5c","purple",0.684575885906507
"Pmp22","turquoise",0.960883183842822
"Serbp1","turquoise",0.973960931716853
"Rps21","blue",0.738988972660647
"Ccng2","blue",0.61892058411123
"Vapa","turquoise",0.971587772835955
"Fgd2","blue",0.948347973524029
"Ddx6","pink",0.869833012412548
"Sypl1","turquoise",0.988680415572186
"Irf2bp2","pink",0.952755325473159
"Eif3a","blue",0.793727336119816
"Rhob","turquoise",0.89925772332413
"Erp29","yellow",0.787522366102006
"Atp5mf","blue",0.93340526882788
"Fam117b","yellow",0.687040685247124
"C1d","greenyellow",0.864579568322127
"Rbm26","purple",0.844031766496448
"Arf4","green",0.807224053720742
"Ddost","green",0.693436562531522
"Sowahc","pink",0.789765829748162
"Nrip1","turquoise",0.931513525109974
"Saraf","turquoise",0.964691940458982
"Grcc10","turquoise",0.917609248041204
"Cycs","turquoise",0.921119765371826
"Chaserr","pink",0.940938461595192
"Pald1","blue",0.82525866089882
"Ppib","turquoise",0.889080714677415
"Elmo1","turquoise",0.946041208239987
"Rcbtb2","blue",0.809930101825429
"Ms4a6b","blue",0.77180753265654
"Slc40a1","purple",0.740936009438717
"Apbb1ip","turquoise",0.784343341696135
"Fcgr1","turquoise",0.960046541864883
"Bcap29","turquoise",0.969783333287856
"Csde1","yellow",0.730444161878015
"Uqcr11","greenyellow",0.895387589147652
"Clec5a","turquoise",0.942468385657293
"BC028528","turquoise",0.944654641884746
"Naca","turquoise",0.973843174771967
"Fyb1","purple",0.466452749552261
"Daglb","blue",0.937705179360113
"Emc7","blue",0.826520957569304
"Slc7a8","turquoise",0.905419730161946
"Cnih4","turquoise",0.973898312365384
"Rps15","black",0.890320284978802
"Tacc1","blue",0.511207555286444
"Cd47","turquoise",0.982320549217293
"Cox4i1","turquoise",0.900042953018347
"Dnajb6","blue",0.655697362868256
"Sumo2","turquoise",0.976856480728962
"Tcf4","pink",0.9070572640368
"Rps28","turquoise",0.882917468029463
"Psmb1","turquoise",0.936673611392044
"Ndufa3","turquoise",0.971480464197687
"Atrx","blue",0.924863115119246
"Myl12b","turquoise",0.843420990839838
"Stard3nl","turquoise",0.967860247160124
"Man1a","turquoise",0.953598650697007
"Dnaja1","turquoise",0.987001231286831
"Il13ra1","turquoise",0.911329181769982
"Arglu1","blue",0.773178170888576
"Ssb","turquoise",0.992077404818817
"Abi1","turquoise",0.994694247119724
"Bcap31","turquoise",0.852503788984628
"Gabarapl2","turquoise",0.785856350432999
"Gng5","turquoise",0.985094630847049
"Ddx17","turquoise",0.957400545808544
"Ndufa5","blue",0.847755813022759
"Wdr26","turquoise",0.882037531312727
"Gpr183","brown",0.485158099215515
"Hnrnpl","yellow",0.404057140463159
"Matr3","blue",0.730192535771243
"Sgce","turquoise",0.870434685135447
"Inpp5d","turquoise",0.979251132754508
"Psme2","turquoise",0.580798197194464
"Xbp1","blue",0.668904108947135
"Tpd52","black",0.680778549094498
"Spcs3","blue",0.671566748857167
"Srsf6","turquoise",0.927280095609339
"Cox20","blue",0.762235500304729
"Lrrc58","blue",0.982929263205064
"Nav3","blue",0.737835488175007
"Retreg1","blue",0.58141132071587
"Ckb","turquoise",0.790462334740324
"Rpl7a","turquoise",0.987180811928307
"Tial1","blue",0.9483446284417
"Morc3","blue",0.775254445269793
"Slc8a1","pink",0.974425279099053
"Ndufc1","turquoise",0.972045702252626
"Cd52","grey",0.906731443293005
"Dennd4a","blue",0.926402936992255
"Rrbp1","turquoise",0.724065235370618
"Hsp90aa1","turquoise",0.975096306279332
"Rbmxl1","blue",0.919166966197253
"Mrpl33","turquoise",0.403467562247111
"Rbx1","turquoise",0.933750428990192
"Rtn3","turquoise",0.970246358575656
"Ndufb8","turquoise",0.943414255038381
"Abcg1","turquoise",0.648874172966083
"Sec11a","turquoise",0.964124836668212
"Tlr7","turquoise",0.975782170846748
"Rplp2","purple",0.588249021539081
"Reep5","turquoise",0.867908830819854
"Pik3cg","blue",0.955020141083449
"Prpf38b","yellow",0.396083191110737
"Rab11a","turquoise",0.996890825411621
"Mgat4a","pink",0.942457670647281
"Atp6v1f","turquoise",0.914091492014004
"Wnk1","pink",0.906423553260666
"Sting1","turquoise",0.880096111572389
"Lrp1","blue",0.852590670082977
"Atp6v1a","tan",0.842899470909476
"Pum2","turquoise",0.97208224012687
"Zc3h11a","blue",0.844883813104448
"Atp6v1c1","turquoise",0.688407861798303
"Gna13","blue",0.933852224390261
"Ostc","turquoise",0.948668988471288
"Xpo1","blue",0.753291994196665
"Erh","turquoise",0.832427329677476
"Washc4","blue",0.959557328221844
"Cadm1","turquoise",0.851425158372159
"Glyr1","tan",0.892375850933346
"Rps15a","pink",0.760966468691679
"Psma5","greenyellow",0.819419182701775
"Gdi1","blue",0.920815521513993
"Pcbp2","greenyellow",0.865984011534272
"Rhoa","turquoise",0.633606905800903
"Zfand5","turquoise",0.854160154218784
"Lgals9","blue",0.820083747868336
"Med7","turquoise",0.975649475973569
"Derl1","blue",0.557091478637172
"Aldoa","green",0.851393171857764
"Tra2b","blue",0.582269463408646
"Arpc4","turquoise",0.925851879582396
"Upk1b","blue",0.847533318701673
"Ghitm","blue",0.492023523206998
"Ndufc2","green",0.806620783335073
"Rbm5","turquoise",0.928663149615722
"Msn","turquoise",0.9903239670203
"Srsf1","blue",0.732830166071274
"Ywhab","turquoise",0.945919929909859
"Rock2","blue",0.898440868730008
"Nras","blue",0.860170217008024
"Naa35","turquoise",0.977446516983668
"Atp5me","turquoise",0.988695992701999
"Scp2","turquoise",0.988142297614809
"Slc25a3","turquoise",0.349859800077431
"Rps17","blue",0.576308021831462
"Rps5","turquoise",0.942845054946174
"Far1","turquoise",0.775565262078736
"Ccar1","blue",0.911194871348818
"Sdhb","turquoise",0.943415147690058
"Herc2","turquoise",0.270549664643645
"Susd3","turquoise",0.78641029639501
"Cerk","tan",0.743099668747154
"Nek7","blue",0.810551751422892
"Slc3a2","blue",0.794109803583224
"Ube2n","turquoise",0.925496278267259
"B230219D22Rik","pink",0.943537380405802
"Mir99ahg","greenyellow",0.717891155965293
"Csnk1a1","pink",0.918879934529218
"Acp2","turquoise",0.903873375131963
"Ube2v2","turquoise",0.946629954837768
"Rpsa","purple",0.510702469838562
"Fus","blue",0.950644210143207
"Cflar","yellow",0.834078705200108
"Fli1","blue",0.65444713562382
"Map1lc3b","turquoise",0.872249815993054
"Selenot","pink",0.963972439053025
"Dnajc3","blue",0.96442609245212
"Cysltr1","turquoise",0.883876918748426
"Tcn2","green",0.722668158132351
"Serp1","blue",0.924436097791426
"Klf6","pink",0.770067951094008
"Camk1","turquoise",0.909963582340731
"Sppl2a","blue",0.505931229470113
"Tubgcp5","turquoise",0.984021667517519
"Bzw1","blue",0.37266091157207
"Ykt6","tan",0.730944216247462
"Sesn1","turquoise",0.752111494421308
"Nr3c1","red",0.613084783578574
"Lmo2","turquoise",0.983277032446739
"Ap3s1","turquoise",0.969334286311003
"Ndufv3","turquoise",0.977407518585434
"Tmem33","turquoise",0.917616034966266
"Gal3st4","turquoise",0.722763473520586
"Ktn1","blue",0.794022985134805
"Ugt1a8","turquoise",0.924483545694095
"Gatm","turquoise",0.823412032390979
"Cd48","turquoise",0.977335489876783
"St13","blue",0.72323241083849
"Mthfsl","turquoise",0.947433819742103
"Limd2","tan",0.698520771895876
"Msl1","tan",0.887896939487506
"Ctso","purple",0.719259365323459
"Pbrm1","blue",0.744998228494658
"Smdt1","blue",0.932891238374642
"Cebpzos","turquoise",0.945075647836329
"Bclaf1","purple",0.860635387532351
"Ms4a6d","turquoise",0.97430442525411
"Ptpn6","black",0.731132169753096
"Pcbp1","turquoise",0.983366932590059
"Dst","blue",0.69921639752958
"Cox7a2l","red",0.726054731630182
"Smad7","blue",0.709696680009417
"Rasgrp3","turquoise",0.988460940589585
"Cox17","blue",0.577467586220691
"H2-DMa","turquoise",0.949260900000735
"Dhrs3","turquoise",0.598482754123551
"Fkbp2","turquoise",0.920216923763661
"Ndufb11","turquoise",0.442519774319766
"Gmfg","turquoise",0.973169577633752
"Nmt1","turquoise",0.941703297534708
"Tspan14","pink",0.699027517817558
"Adgrg1","turquoise",0.973270795757448
"Gnai2","brown",0.779520596608586
"Cd34","black",0.808992481165639
"Vps35","black",0.741419025360261
"Arhgap12","blue",0.797687208812494
"Hspd1","blue",0.79224478378009
"Sod1","turquoise",0.950940827362957
"Atp1a2","greenyellow",0.943805090724418
"Mapre1","turquoise",0.735468094817859
"Tm2d1","turquoise",0.979374902818313
"Snx6","turquoise",0.864394081684376
"Srrm2","purple",0.808405498160417
"Xiap","blue",0.908697745861669
"Hba-a2","magenta",0.914304312198607
"Nemf","blue",0.922324223495002
"Rapgef6","blue",0.939088203998924
"Pou2f2","blue",0.64555149739793
"Rpl18","turquoise",0.872332239824549
"Gtf2a1","turquoise",0.966098746040565
"Hnrnpm","blue",0.901123883908724
"Slamf9","yellow",0.95226813879287
"Ncf1","blue",0.643755706420512
"Mat2b","turquoise",0.92844938364194
"Ndufv2","turquoise",0.966239976194723
"Ube2d2a","blue",0.847872966999095
"Ttr","greenyellow",0.762993774821262
"Hhex","blue",0.855068298099826
"Vps28","turquoise",0.758051745236162
"Cr1l","turquoise",0.906797743153947
"Csf3r","blue",0.755252943466025
"Srsf9","turquoise",0.861436048116851
"Ccnt2","turquoise",0.971663840896595
"Rbbp7","blue",0.655924723470552
"Slc25a4","turquoise",0.975091787732174
"Taok1","blue",0.668046162570102
"Zup1","blue",0.792608416587643
"Rab5c","purple",0.81201576984611
"Psma4","blue",0.941814214855858
"Mob1a","blue",0.730531454602693
"Psma2","greenyellow",0.945277549170385
"Lims1","turquoise",0.962479426101543
"Efhd2","blue",0.900575785457077
"Ppp4c","blue",0.973751371629223
"Nedd8","turquoise",0.938628029281511
"Pdcd10","turquoise",0.649987839495592
"Nme2","turquoise",0.977541627638043
"Sec61b","blue",0.514962145057868
"Rab3il1","turquoise",0.766463845109767
"Ube2b","blue",0.837947062434072
"Dynlrb1","turquoise",0.939704259632202
"Rer1","turquoise",0.934315833482988
"Ppp2r5c","turquoise",0.943638243097188
"Dpysl2","turquoise",0.844206489878997
"Bmpr2","turquoise",0.940996884825657
"Snrpb2","turquoise",0.96293476516441
"Ufsp2","pink",0.725242507456268
"Ran","turquoise",0.969198945137623
"Tspan13","turquoise",0.858779310309312
"Syngr2","brown",0.654014126844519
"Rin2","turquoise",0.985022046286878
"Uqcr10","turquoise",0.992511782573726
"Mkln1","turquoise",0.779042261736588
"Snap23","blue",0.778719009446342
"Atp5mk","turquoise",0.984449791696951
"Ik","yellow",0.690986626804563
"Rasal3","blue",0.882851293562708
"Ppp1cc","blue",0.65401634892857
"Casp8","turquoise",0.995590208728658
"Tmem167","turquoise",0.940987097379926
"Evl","blue",0.883361693099107
"Ube3a","turquoise",0.949653707569137
"Fbxl3","blue",0.917743277222704
"Cpsf1","turquoise",0.779641651569741
"Prpf4b","pink",0.951017301722702
"Caprin1","turquoise",0.970261688450355
"Micos10","turquoise",0.980375359328314
"Comt","turquoise",0.895172904518385
"Chchd2","greenyellow",0.805211525564436
"Tmem9b","turquoise",0.909079059402422
"Bin2","blue",0.769946898646809
"Rbm3","turquoise",0.797726301816315
"Tardbp","turquoise",0.967883354938403
"Cept1","turquoise",0.979298677813952
"Elf1","turquoise",0.945025305949175
"Nr1d2","purple",0.740040300947929
"Trappc14","blue",0.874717138142364
"Sgpl1","turquoise",0.985077779520649
"Ndufb5","turquoise",0.976838340540858
"Hif1a","turquoise",0.964799260732603
"Lacc1","blue",0.903013850076112
"Tmx1","turquoise",0.964949772734358
"Casp1","blue",0.921444384994896
"Clk4","turquoise",0.986760904645856
"Ccnl1","turquoise",0.964115671180981
"Ttc14","blue",0.905180069770962
"Edf1","blue",0.859140370126498
"Tomm20","turquoise",0.964805202951096
"Tbxas1","turquoise",0.905842719493862
"Numb","turquoise",0.989262254492272
"Lnpep","turquoise",0.991879531753587
"Itprid2","blue",0.886643294357563
"Scarb2","turquoise",0.947312839553873
"Brk1","turquoise",0.874224930245647
"Abi3","magenta",0.830164204133914
"Erbin","turquoise",0.867843547931855
"Sem1","turquoise",0.983980580380217
"Plcg2","turquoise",0.900057190453793
"Gusb","turquoise",0.792420039990354
"Atp1a1","turquoise",0.684406776608506
"Dip2b","blue",0.868075871345351
"Ostf1","turquoise",0.981276245156009
"Hnrnpdl","turquoise",0.963112816672997
"Mtmr6","blue",0.966684285454531
"Abca9","turquoise",0.943334852695749
"Snrnp27","turquoise",0.950398147355821
"Ly96","blue",0.938897897503232
"Thumpd3","purple",0.800185064140703
"Pla2g15","turquoise",0.989707885478006
"Rpn2","turquoise",0.970593521897408
"Trappc2b","turquoise",0.816185326063071
"Arl1","turquoise",0.862263456131822
"Lrif1","blue",0.888743603481266
"Sfpq","pink",0.99635872530238
"Rack1","turquoise",0.985724115302056
"Srp9","turquoise",0.984008839985824
"Eif4g3","turquoise",0.935560089875694
"Phf20l1","turquoise",0.886953932799641
"Cox8a","turquoise",0.936748762574683
"Tmem258","turquoise",0.966239619515077
"Ier5","turquoise",0.850818596092423
"Tsn","greenyellow",0.710821808848669
"Srrm1","turquoise",0.856865373522931
"Lifr","blue",0.750330544629273
"Smg1","turquoise",0.915774307887359
"Ptbp3","turquoise",0.928185503222784
"Stt3a","turquoise",0.974970558685695
"Atp6v1d","turquoise",0.818415718494492
"Denr","turquoise",0.984443560027686
"Nars1","turquoise",0.890018878935921
"Pdcl3","greenyellow",0.822107722612648
"Kmt2e","blue",0.839996659391641
"Ntpcr","blue",0.785340496158563
"Fis1","red",0.766388134156669
"Plekho1","turquoise",0.947751217017692
"Ep300","turquoise",0.97736815970676
"Ndufab1","green",0.671260196983242
"Krit1","blue",0.610293593578253
"Ppp3ca","turquoise",0.898658141316034
"Rbm47","turquoise",0.955209957408317
"Cd302","turquoise",0.97435414398553
"Ppig","turquoise",0.764172796988792
"Bhlhe41","blue",0.812416499394678
"Cd74","blue",0.678594716813628
"Frmd4b","pink",0.846262710755267
"Orai1","blue",0.69015118767794
"Tor1aip1","blue",0.876173206108143
"Stag2","turquoise",0.890367515271593
"Cct4","turquoise",0.911840115495859
"Abcd2","blue",0.925823955230872
"Pcmtd1","turquoise",0.832107357094812
"Rpl36al","turquoise",0.938862690393913
"Wls","turquoise",0.738815525205783
"Srgn","turquoise",0.983072479000162
"Chsy1","blue",0.872278485388379
"Hnrnpa1","turquoise",0.903546580645101
"Dpy19l4","turquoise",0.965954421914727
"Chst7","blue",0.695493830997094
"Thoc1","turquoise",0.974891574880176
"Tpp2","turquoise",0.980416420471072
"Hnrnpr","pink",0.877239017315414
"Ccl9","turquoise",0.91950415268577
"Tgoln1","turquoise",0.940406708065986
"Tent5a","yellow",0.6250957287939
"Clec4a3","turquoise",0.954566537868142
"Tmem135","pink",0.63513654688857
"Pip4p1","blue",0.604469863691845
"Zfp445","turquoise",0.865784044107707
"Fam76b","turquoise",0.950263579602277
"Dyrk2","blue",0.511935766410715
"Aga","yellow",0.532816028658488
"Ecscr","turquoise",0.912790660326581
"Hprt1","turquoise",0.981527788732983
"Tmem60","turquoise",0.718081613397658
"Tomm7","pink",0.894024677608608
"Ifngr2","blue",0.955974147598696
"Ssr1","turquoise",0.914592453738715
"Pwwp2a","blue",0.680907080041029
"Sel1l","purple",0.804362467232639
"Rheb","turquoise",0.963134064746883
"Gsk3b","blue",0.981614567791639
"Arpc5l","red",0.884418462680301
"Pip4k2a","turquoise",0.982843310671389
"Rhoh","blue",0.809399240158657
"Il6st","blue",0.759994330270673
"Pigp","blue",0.940570173207394
"Mt1","turquoise",0.949017582706094
"Coa5","purple",0.927538728589756
"Tmem37","turquoise",0.967279038059796
"Ndufa12","turquoise",0.972209032665829
"Tjp1","greenyellow",0.859030989873516
"Hook3","greenyellow",0.933361179221881
"Vcp","turquoise",0.792425848316544
"Cript","red",0.911926145158954
"Pon3","turquoise",0.785577705200413
"Oser1","turquoise",0.803555327147438
"Metap2","turquoise",0.909336069037405
"Cnot8","pink",0.843793554443394
"Rpl39","turquoise",0.929696241448342
"U2surp","pink",0.903096534110637
"Fnip1","turquoise",0.416263351970566
"Hnrnpc","turquoise",0.99180896438748
"Dleu2","pink",0.940844370889621
"Stat1","blue",0.75214552396557
"Gtf2i","blue",0.931616051586082
"Ppp1cb","turquoise",0.858025955145939
"C1galt1c1","turquoise",0.953558428741999
"Rbis","turquoise",0.995491646530226
"Sar1b","turquoise",0.96520266812354
"Smap2","turquoise",0.979201344582637
"Rbm7","turquoise",0.821788813214688
"Atraid","turquoise",0.816858812631262
"Trmt1l","blue",0.948732434872651
"Trim30a","turquoise",0.82461635874743
"Fuca2","yellow",0.725689855647018
"Jak1","turquoise",0.945260344501788
"Zfand6","turquoise",0.939632558127094
"Oga","greenyellow",0.922145179666477
"Prkar1a","turquoise",0.983286793867785
"Stk10","blue",0.880192532199601
"Bach1","turquoise",0.980026832572619
"Taf9","turquoise",0.953846140222987
"Pitpna","blue",0.950899189284553
"Nuak1","blue",0.912626194858984
"Mgat2","greenyellow",0.865934978751529
"Clint1","turquoise",0.985984002138608
"Usp2","turquoise",0.930090238642304
"Irf2","blue",0.911400406453192
"Tifa","turquoise",0.977388190968961
"Ncl","turquoise",0.842414974999539
"Cd2ap","turquoise",0.559995398272068
"Map3k1","blue",0.863537786645105
"Zbtb1","blue",0.658925153555821
"Csnk1e","blue",0.814555382444924
"Tcp1","blue",0.673267490674991
"Spi1","turquoise",0.587577272856644
"Phf14","turquoise",0.935320829169482
"Smim29","blue",0.969055772307935
"Psmc2","turquoise",0.866238527934234
"Eif2s1","greenyellow",0.789155140839954
"Timm17a","turquoise",0.878893676005161
"Dek","turquoise",0.960033818615466
"Chmp2a","turquoise",0.936269484127695
"6820431F20Rik","pink",0.854501567617314
"Pcnp","pink",0.924828565957401
"Usp25","blue",0.702097370188946
"Uqcrfs1","blue",0.791177663790573
"Papola","turquoise",0.85715900371657
"Ptges3","blue",0.674871170858755
"Tmem147","turquoise",0.978765758599573
"Tab2","turquoise",0.97628842271846
"Eif3e","turquoise",0.97049711187364
"Atp13a3","blue",0.872380113956517
"Tnks2","turquoise",0.995924695932313
"Vps26a","magenta",0.832023154627662
"Nav2","purple",0.830179351181829
"Psmb8","turquoise",0.710509752201168
"Adrb2","turquoise",0.407503791087738
"Atp6v1b2","blue",0.650021186965612
"Atp5f1b","turquoise",0.980245411713679
"Ssr3","turquoise",0.97613583657975
"Gngt2","turquoise",0.754465356742914
"Cmtm3","turquoise",0.99586709543274
"Akap13","turquoise",0.548732815275257
"Pet100","turquoise",0.98120437930232
"Ube2i","turquoise",0.826142341802012
"Galnt1","blue",0.791401048949989
"Atp5po","turquoise",0.887853289553105
"Cnot2","blue",0.749523152294515
"Mrpl24","blue",0.293191229513628
"Cops9","pink",0.885875920616154
"Tbc1d9","blue",0.823790898793458
"Mlxipl","pink",0.951935736492702
"Tns3","blue",0.934702613287675
"Dnajc7","red",0.728757402692745
"Bmyc","turquoise",0.938253215176029
"Ndufa6","turquoise",0.983831754721484
"Mycbp2","turquoise",0.988614580317413
"Gpbp1","pink",0.848030880527242
"Atp5f1c","turquoise",0.881685573793428
"Fcf1","turquoise",0.915493618757766
"Rab7","turquoise",0.842924005946924
"Snx3","turquoise",0.701528989205539
"Ybx1","turquoise",0.986764892740023
"Kdm7a","blue",0.909189239620871
"Chmp5","pink",0.845078425891336
"Lamtor4","blue",0.974771697858172
"P4hb","turquoise",0.585401701801796
"Slc38a2","purple",0.651340700653302
"Casd1","blue",0.691398272069188
"Fubp1","turquoise",0.902164925940224
"Tug1","pink",0.63989829723048
"Aebp2","blue",0.826083769687583
"Hnrnpa0","pink",0.739973362614867
"Hp1bp3","blue",0.985089868098453
"Pafah1b1","turquoise",0.958719626772957
"Pcmtd2","blue",0.827185409697292
"Vav1","turquoise",0.869673137113843
"Tax1bp1","turquoise",0.943521738268627
"Ankrd44","turquoise",0.932006507554501
"Brd2","blue",0.891119251485906
"Hps3","turquoise",0.920126764636699
"Tnfrsf21","red",0.908352899795191
"Ywhaq","red",0.922999764212651
"Purb","pink",0.830178252828251
"Cops4","turquoise",0.770382589805448
"Snx13","turquoise",0.90030671187781
"Tbc1d23","pink",0.951506098838784
"Psmb10","blue",0.915133461492673
"Psmc6","turquoise",0.945576036910174
"Bud31","turquoise",0.740332650829747
"Prdx5","turquoise",0.94041160637403
"Hmox2","green",0.800742900097502
"H2bc4","blue",0.771323268590298
"Hvcn1","turquoise",0.467458637866644
"Zfp638","turquoise",0.610526973117918
"Nfkbia","blue",0.783882860676332
"Jun","pink",0.919610843463653
"Lgals3bp","purple",0.377435548239482
"Slirp","turquoise",0.986050988029839
"Sdha","turquoise",0.994138571504293
"Acadm","blue",0.932986117651612
"Sptlc2","turquoise",0.946360062092367
"Cops6","brown",0.905642466486695
"Havcr2","turquoise",0.961605909764125
"Ccdc12","turquoise",0.698785977538104
"Hbb-b1","magenta",0.938902659089101
"P4ha1","turquoise",0.931951396156554
"Cd300a","turquoise",0.835601765314754
"Tubb5","turquoise",0.985049693568238
"Kmt2a","turquoise",0.952804811927447
"Clcn4","turquoise",0.947665006711318
"Supt4a","turquoise",0.966496979958697
"Rps26","turquoise",0.878377429027828
"Sp3","turquoise",0.890801245730175
"Tmem179b","blue",0.922507534682014
"Tia1","turquoise",0.961502883577454
"Skap2","turquoise",0.888165838929653
"Eif1b","blue",0.960968436713817
"Tecr","turquoise",0.777509773273179
"Arln","turquoise",0.99062812078348
"Sall3","blue",0.951935163353696
"Ergic3","turquoise",0.860838026530077
"Tapbp","magenta",0.517312348347743
"Npl","blue",0.977544884128719
"Skic8","blue",0.852781478680853
"Map7","blue",0.796069704030013
"Nfkb1","greenyellow",0.78797604981232
"H2-T23","brown",0.793397071812461
"Ndfip2","turquoise",0.80594196405
"Junb","blue",0.770003584857604
"Tlr13","blue",0.843627522387587
"Jam2","turquoise",0.882605366865019
"Zranb2","turquoise",0.938146588280814
"Snrnp48","blue",0.760250187936373
"Zcchc7","blue",0.88872522238805
"Pfdn2","blue",0.888118847913633
"Ndufb3","blue",0.805889124627335
"Cisd2","blue",0.85678388976588
"Gtf2a2","blue",0.912388914159522
"Fam111a","blue",0.93425374235157
"Tra2a","turquoise",0.977055604265423
"Rogdi","blue",0.873183213124262
"Emc2","turquoise",0.966703354938168
"Sft2d1rt","turquoise",0.922322633077659
"Tox4","turquoise",0.610781051334273
"Cebpb","greenyellow",0.528765397223934
"Gna12","turquoise",0.760198188305789
"Sri","turquoise",0.409750292256087
"Man1a2","turquoise",0.973697223809913
"Rnf2","blue",0.928895364604426
"Fundc1","blue",0.774483247848021
"Anapc11","blue",0.909314156857583
"Mfsd14b","blue",0.515004204646324
"Ift20","pink",0.781381761808415
"Dstn","turquoise",0.849828701943879
"Iscu","turquoise",0.80820256934591
"Phip","turquoise",0.57160066650392
"1110004F10Rik","turquoise",0.906771639119961
"Ergic2","turquoise",0.831412939847192
"BC031181","turquoise",0.96657294685121
"Dock2","turquoise",0.957425323605988
"Ube2w","turquoise",0.828902477679245
"Tpr","tan",0.83934697717494
"Dpm3","turquoise",0.981848952122391
"Tspan4","brown",0.829697782157115
"Huwe1","blue",0.942617415596929
"AU020206","yellow",0.780227726853713
"Arf1","turquoise",0.994795163616866
"Rpl36a","turquoise",0.8703836020602
"Snn","blue",0.818937081827475
"Ccdc50","turquoise",0.969307521787842
"Pnn","turquoise",0.971952904756575
"Sult1a1","greenyellow",0.912364272937008
"Atg3","turquoise",0.992735166463405
"Wac","blue",0.835202563589213
"Slc4a7","blue",0.946710099901515
"Rasa1","turquoise",0.967907125669864
"Zfp36","turquoise",0.919225430196658
"Cnpy2","turquoise",0.959951200521083
"Tmem243","turquoise",0.703769476230941
"Mcfd2","turquoise",0.78912959223
"Pdk1","blue",0.977993864176317
"Brix1","turquoise",0.948289853364659
"Mob4","turquoise",0.967698991803255
"Hspa9","blue",0.787063191506549
"Set","turquoise",0.945189322475127
"Wasf2","turquoise",0.968057977439166
"Cpsf6","turquoise",0.936172470934007
"Commd3","turquoise",0.982313261946315
"Dnase2a","blue",0.961466869909582
"Itpr2","turquoise",0.793936647002421
"Usp8","blue",0.860790726438228
"Cab39","turquoise",0.947528644940805
"Mff","blue",0.610080023596113
"Kdelr1","turquoise",0.97461331150191
"Dmtf1","turquoise",0.936134335005232
"Cox5b","turquoise",0.960400606167596
"Tbc1d15","blue",0.971395166535236
"Hint1","turquoise",0.946491170549498
"Ncoa4","pink",0.860876808207933
"Utp11","turquoise",0.914113852553867
"Camk2d","pink",0.876755114354353
"Vamp4","turquoise",0.977133635645693
"Tmem168","turquoise",0.962810360052554
"Ganab","pink",0.433887210683237
"Unc50","turquoise",0.961235478322802
"Runx1","blue",0.778327757774083
"Cul1","turquoise",0.920140391498547
"Ulk2","turquoise",0.964871933705492
"Mindy2","turquoise",0.900399585872058
"Eif5a","turquoise",0.791084416891691
"Aff1","turquoise",0.868879034262904
"Arrb2","pink",0.839667809995383
"Gnaq","blue",0.939218369075818
"Wipf1","turquoise",0.946107461076894
"Ftl1-ps2","purple",0.526483825209729
"Psma6","turquoise",0.987648602737221
"Cul3","turquoise",0.895388834186054
"Kcnk6","pink",0.713107650044874
"Wdr44","turquoise",0.825532990607594
"Cox6a1","turquoise",0.960713077815869
"Slmap","turquoise",0.958652134546619
"Lmbrd1","turquoise",0.919700987863629
"Elob","turquoise",0.974888007243768
"Hsp90ab1","red",0.871925589921069
"Bbs9","turquoise",0.495467324872402
"Fyttd1","blue",0.787885685873345
"Lactb","turquoise",0.989563584116339
"Trim30d","blue",0.51312084568345
"Msrb2","turquoise",0.991413053162873
"Tmbim4","turquoise",0.727674706778914
"Ndufa2","turquoise",0.878428800866961
"Cebpg","turquoise",0.929007179001985
"Pon2","turquoise",0.880636657589908
"Dcun1d5","pink",0.599981248566526
"Dgkd","blue",0.934353405092167
"Ginm1","turquoise",0.978280522108587
"Pts","blue",0.868683495096566
"Crebbp","blue",0.78832046280601
"Ppp1r12a","turquoise",0.945357202238843
"Ap1s2","turquoise",0.966385784105637
"Vps4b","turquoise",0.949993510157277
"Tmem208","red",0.882090669955135
"Skp1","turquoise",0.886510007884064
"Arl4c","brown",0.822139624607387
"Rab5if","turquoise",0.838807016276437
"Slc16a6","blue",0.881200337818669
"Grb2","pink",0.921597226289183
"Tm2d3","turquoise",0.513301170480282
"Peli1","turquoise",0.909546885349804
"Rab5a","turquoise",0.94962363553804
"Fam3c","black",0.795484993831743
"Pkig","turquoise",0.972818166094809
"Ncor1","turquoise",0.901345653005993
"Btf3","turquoise",0.98151471492496
"Rreb1","blue",0.908633688760078
"Fkbp3","turquoise",0.80429630377266
"Yme1l1","turquoise",0.64928493032274
"Cox7a2","turquoise",0.948054519767736
"Cstb","turquoise",0.91476323351368
"Ophn1","blue",0.854275654111713
"Surf4","blue",0.67285688608352
"Bmi1","blue",0.705037213620832
"P2ry6","turquoise",0.642547880908608
"Psmb3","turquoise",0.909169244068071
"Vmp1","turquoise",0.811925908100651
"Klhl24","blue",0.738967299717212
"Cacybp","turquoise",0.976776942829432
"Vti1b","pink",0.953602568992513
"Rps27l","turquoise",0.957154573696138
"Ubash3b","blue",0.838946383685748
"Tspan3","turquoise",0.941705562718195
"Gltp","black",0.543812250477134
"Sla","turquoise",0.948961761959793
"Ythdc1","turquoise",0.912159808631163
"Esd","red",0.730674366133033
"Herpud1","turquoise",0.882280004646532
"Shisa5","turquoise",0.905655453487037
"Gnb1","turquoise",0.930218852451553
"Exosc8","pink",0.81642711471146
"Adipor1","pink",0.764907471036193
"Asap1","blue",0.792838328747775
"Commd6","turquoise",0.911930030214591
"Rpl38","turquoise",0.969507034116624
"Akap8","pink",0.88106338731686
"D8Ertd738e","turquoise",0.926185961153213
"Vdac3","magenta",0.761404714232264
"Coro1a","turquoise",0.881442500144394
"Fnbp4","pink",0.94805039271194
"Cbfb","turquoise",0.949126135807099
"Bcas2","turquoise",0.97558483284329
"Ptafr","turquoise",0.992573803316471
"Rpl35rt","turquoise",0.407777230640938
"Smim14","turquoise",0.880037163704073
"Psmd14","turquoise",0.708305642757127
"Dhx15","turquoise",0.952784184153591
"Ccnl2","turquoise",0.834565792068071
"Tmem106b","turquoise",0.947999654603341
"Pptc7","blue",0.675689922944846
"Pisd-ps1","blue",0.875490006236072
"Ifi27","turquoise",0.903108539609128
"Oip5os1","turquoise",0.98549074267802
"Trim8","pink",0.925706060379971
"Rtraf","blue",0.825929711170073
"Dock8","blue",0.810937583863307
"Celf1","turquoise",0.939478246931368
"Lsm7","turquoise",0.94828049611792
"Atp5mc1","turquoise",0.808740681676404
"Ythdf2","turquoise",0.725080828048232
"Lsm6","turquoise",0.942234360212703
"Slc6a6","turquoise",0.671828670094692
"Cd37","turquoise",0.842271545329802
"Itfg1","turquoise",0.902129822364369
"Fez2","turquoise",0.856499905814351
"Med13l","blue",0.716973467658996
"Cst7","purple",0.61132842586392
"Ypel5","turquoise",0.666108317194839
"Sptssa","turquoise",0.866679922465039
"Marchf1","turquoise",0.963443204977427
"Bbip1","turquoise",0.970182620540575
"Cdk19","blue",0.938895800322122
"Prpf39","turquoise",0.871319710262341
"Tmem63a","blue",0.791068644448315
"Dnajc8","turquoise",0.777725758793062
"Rgs19","turquoise",0.990184934992366
"Eif3f","turquoise",0.913195866645519
"Wdr1","yellow",0.806291969651909
"Tomm6","turquoise",0.98189307622132
"Ptpn1","pink",0.824574239751123
"Txn1","yellow",0.884829413816284
"Cep170","turquoise",0.912447095529719
"Pld1","pink",0.9444585357131
"Rock1","turquoise",0.765092153962066
"Hfe","turquoise",0.950590229857283
"Slc29a3","turquoise",0.89345014337739
"Fermt3","turquoise",0.966025839863954
"Ets1","turquoise",0.950792852623212
"Atad1","turquoise",0.983197230467953
"Rdx","turquoise",0.969726204178657
"Dbi","turquoise",0.975183189192864
"Slc11a1","turquoise",0.942673047161014
"Ndufb1","turquoise",0.987264194007816
"Slc25a37","blue",0.82359208223859
"Ccdc93","turquoise",0.973350601525827
"Tcf7l2","turquoise",0.835969299983139
"Rassf2","blue",0.707625745869718
"Btf3l4","blue",0.764934967943346
"Gnb2","pink",0.809055851322867
"Zcrb1","turquoise",0.992386021483104
"Mib1","turquoise",0.899789220198705
"Higd1a","turquoise",0.994819375658307
"Uqcrh","turquoise",0.973551412061023
"Copb1","turquoise",0.927723707412356
"Dnajc5","blue",0.970285554899823
"Cox7b","turquoise",0.941860721635675
"Lamtor5","turquoise",0.890069914828068
"Chd4","yellow",0.89012347973708
"Uchl3","turquoise",0.988160798981861
"Ramp1","turquoise",0.727080446040326
"Hltf","turquoise",0.989864568743964
"Thoc7","pink",0.78249753121713
"Ciao2a","turquoise",0.962159555304381
"Pttg1","turquoise",0.985195171775931
"Magt1","turquoise",0.610286302685424
"Zfp148","turquoise",0.917954262266121
"Gm2a","red",0.620757191358958
"Park7","turquoise",0.789127301276322
"Ost4","turquoise",0.956826032995018
"Usp9x","turquoise",0.881492565449352
"Plxnb2","turquoise",0.948344922947716
"Hadhb","blue",0.782896406149375
"Man1c1","black",0.700551526071136
"Map4k4","pink",0.707992550108423
"Cdk5r1","turquoise",0.953337091629791
"Atox1","turquoise",0.907071310776331
"4933434E20Rik","turquoise",0.94551338125024
"Rad21","black",0.718190011630773
"Paxbp1","blue",0.668576763803355
"Ramac","turquoise",0.921421211744398
"Cdc73","turquoise",0.862021917037529
"Dtx4","turquoise",0.84919938383222
"Ccl2","turquoise",0.68139518079334
"Txndc15","blue",0.893663222871997
"Hmgn1","turquoise",0.963363904266997
"Spred1","blue",0.797883206077009
"Prorsd1","turquoise",0.966464594668409
"Fscn1","turquoise",0.845836358683534
"Hbp1","tan",0.981115861763756
"Zkscan3","turquoise",0.941114488539316
"Ctc1","blue",0.907953008536666
"Lap3","turquoise",0.843935324139401
"Ssr2","turquoise",0.859588333474558
"Ppp4r3b","yellow",0.293246240509089
"A730063M14Rik","blue",0.821046084969083
"Prdx2","turquoise",0.811967320849221
"Tuba1a","turquoise",0.960144232914033
"Npc1","turquoise",0.920512468569994
"Ccl3","turquoise",0.79697006719368
"Pgrmc1","turquoise",0.950023380080927
"Sdf4","turquoise",0.474955899867303
"Rnf7","turquoise",0.865364785968447
"Trio","blue",0.890522212377801
"Tvp23b","blue",0.950661289553564
"Ptpre","turquoise",0.964510113066999
"Vbp1","turquoise",0.964052187625297
"Snx17","turquoise",0.658728704806707
"Cpeb2","turquoise",0.859390579849184
"Ndufb7","turquoise",0.928140736523134
"Tlr4","blue",0.608751476747664
"Resf1","pink",0.767682844314628
"Spata13","turquoise",0.955831389115236
"Csmd3","turquoise",0.804780198252823
"Ankle2","turquoise",0.67885778975731
"Nufip2","pink",0.872448506378548
"Trappc2","turquoise",0.952403555671839
"Rgl2","blue",0.944467904467098
"Ndufs5","turquoise",0.598238711483265
"Lgals8","tan",0.831667460755517
"Yipf4","turquoise",0.899452018460767
"Mrps21","turquoise",0.918169921580195
"Eif3j1","turquoise",0.960695710622345
"Plgrkt","black",0.865225953630678
"Hspa4","blue",0.979199556527234
"Uba5","blue",0.940588698600125
"Cebpz","turquoise",0.968056440238751
"Csf2rb","blue",0.937269345539112
"Psme1","turquoise",0.960379212973639
"Ppfia4","turquoise",0.958322938905724
"Arhgap30","pink",0.818927481604629
"Pja2","blue",0.480459459896997
"Plcl2","blue",0.485283293764109
"Scaf11","turquoise",0.819391980909025
"Tgif1","blue",0.836079185008588
"Tmem176a","turquoise",0.678962154252993
"Etnk1","blue",0.795374195557799
"Mydgf","blue",0.810743169604826
"Cwc15","turquoise",0.939958830287939
"Tsc22d4","blue",0.697798133949482
"Irf2bpl","blue",0.862639973598395
"Acap2","turquoise",0.975667456660571
"Mapk1","blue",0.786224198336411
"Syncrip","purple",0.813876537231218
"Ndufb4","turquoise",0.891707928613233
"Rps27rt","pink",0.605596589735933
"Ppp1r18","blue",0.974760355291504
"Nsa2","turquoise",0.962180208623139
"Atp5f1e","turquoise",0.89089724439112
"Os9","blue",0.77794919250128
"Txndc9","turquoise",0.579994238695193
"Prcp","turquoise",0.98024010764166
"Glud1","turquoise",0.968899038233952
"Srek1ip1","blue",0.845956558385424
"Orc4","turquoise",0.98030894543743
"Sin3b","turquoise",0.728585434952928
"Pias1","turquoise",0.919232915627273
"Eapp","turquoise",0.853247693862505
"Rnasek","turquoise",0.80411365057804
"Trmt112","turquoise",0.788973183685973
"Sox4","greenyellow",0.917111309245854
"Rnf139","magenta",0.485684216519226
"Wdfy3","blue",0.896978876685248
"G3bp2","turquoise",0.929308502748683
"Rragc","turquoise",0.841262237732647
"Clip1","purple",0.896271956413904
"Tm2d2","turquoise",0.891421157164207
"Pan3","blue",0.915598715674629
"Fnbp1","turquoise",0.843549278354416
"Cct6a","blue",0.847710393847489
"Ang","turquoise",0.952796625303192
"Pura","turquoise",0.978783794171116
"Aftph","turquoise",0.978848580359695
"Cdc26","turquoise",0.959017118322272
"Cct8","turquoise",0.989356062781496
"Rap1gds1","turquoise",0.973156568301939
"Ppp1r9a","turquoise",0.832770606029802
"Dync1i2","turquoise",0.790305259408632
"Ap2m1","turquoise",0.666580491241901
"Rn7sk","pink",0.706856835603341
"Tasor","green",0.633960937392666
"Sf3b6","green",0.718970094968415
"Cyld","blue",0.613209962150289
"Tmem86a","turquoise",0.950232793411349
"Slc36a1","blue",0.711929725639149
"Git2","pink",0.933972291677518
"Fndc3a","pink",0.882704411504692
"Kif5b","turquoise",0.98827655746904
"Macir","turquoise",0.729971590347034
"Zfp871","turquoise",0.923280839385843
"Srp54c","blue",0.905163063878847
"Lamtor2","red",0.763873291224996
"Mrpl48","turquoise",0.916952543646556
"Ncstn","turquoise",0.978907204695947
"Ppm1h","pink",0.791718633750079
"Pxk","blue",0.899632174809911
"Zscan26","blue",0.862168607911558
"Smarca2","turquoise",0.968114130717729
"Ggnbp2","turquoise",0.919290799123012
"Tcea1","turquoise",0.953348993023762
"Pak2","pink",0.79522765284489
"Lrpap1","turquoise",0.817186945703156
"Abl1","blue",0.870058411871083
"Dnttip2","turquoise",0.982104039669279
"P2rx4","brown",0.752925763366803
"Sft2d2","turquoise",0.860632198222482
"Cope","turquoise",0.635995488409023
"Fmr1","blue",0.84101837921062
"Sdhaf4","turquoise",0.991931788726131
"Itsn2","blue",0.635880329902866
"Gab1","turquoise",0.957181357425973
"Ggh","turquoise",0.95681446843938
"Mrpl23","turquoise",0.767341692343683
"Senp2","turquoise",0.939215678419181
"BC035044","turquoise",0.969308311717785
"Ctsf","turquoise",0.556081941479605
"Smc6","turquoise",0.735871848089792
"Psmb2","turquoise",0.562360186446945
"Tor3a","blue",0.794412194227125
"Eif5b","turquoise",0.515253554235086
"Dars1","blue",0.860075865798269
"Eif3m","turquoise",0.974417057541165
"Trpm7","purple",0.895517137933215
"Smim30","turquoise",0.742509459888928
"Nfam1","turquoise",0.766448343078466
"Uba3","turquoise",0.973698064397049
"Prex1","turquoise",0.725670802599736
"Api5","blue",0.942851449706712
"Rbbp6","pink",0.76788152074396
"Aurkaip1","blue",0.940856971842969
"Ppid","turquoise",0.956068371449159
"Kansl1l","blue",0.869992805923373
"Ppcdc","turquoise",0.945837055048569
"Nsmce3","blue",0.951876890375863
"Hk2","turquoise",0.931614060434883
"E230029C05Rik","turquoise",0.887236008595425
"Rab11b","blue",0.909009346246866
"Srek1","turquoise",0.953876567601627
"Stxbp3","turquoise",0.907329648791722
"Zcchc2","turquoise",0.908118364435442
"Rcn2","greenyellow",0.877528041260103
"Cmtm7","pink",0.61011945485344
"Top1","turquoise",0.727253783108061
"Dnmt3a","purple",0.719144266127823
"Fkbp1a","tan",0.794363035922417
"Fgd4","blue",0.956226677873221
"Med28","red",0.939413427970582
"Arhgdia","blue",0.814982197103756
"Pttg1ip","turquoise",0.975954318217852
"Slc1a2","yellow",0.798486891493138
"Syf2","turquoise",0.750693713532816
"Spag9","turquoise",0.915247480238348
"Tmem100","turquoise",0.850337005808472
"Smarca5","turquoise",0.817761510198993
"Ubr2","blue",0.885920580983959
"Rab10","turquoise",0.950776151963285
"Zfp62","turquoise",0.956521199204075
"Mat2a","turquoise",0.947271311078972
"Sfr1","turquoise",0.882893572449903
"Pik3ca","blue",0.854902884646644
"Ndufb10","turquoise",0.921702280469253
"Rps10","turquoise",0.978015665624699
"Tfpi","turquoise",0.985350332705223
"Rexo2","turquoise",0.991697242264537
"Ist1","blue",0.912512180804695
"Abhd6","green",0.627701055966722
"Nbr1","turquoise",0.896008369444961
"Prpf40a","turquoise",0.874775654881252
"Psmd8","red",0.752311635099361
"Dnajc19","turquoise",0.854360824352695
"Pnrc2","turquoise",0.956841625574136
"Marchf7","red",0.893534831799543
"Irgm2","blue",0.927175882435393
"Srd5a3","turquoise",0.869709293971414
"Trappc4","turquoise",0.987643012682481
"Gng12","turquoise",0.823850551625685
"Pex2","turquoise",0.923255308187309
"Ireb2","turquoise",0.958358267113502
"Mrps18c","turquoise",0.977424182932603
"Znrf2","turquoise",0.858804341086109
"Agps","turquoise",0.874283944777765
"Anxa7","magenta",0.536327817297256
"Vwa5a","turquoise",0.909023806343026
"Ptpn18","turquoise",0.952267824271966
"Tsg101","turquoise",0.777391966291061
"Mtch2","turquoise",0.928859747908866
"Glb1","turquoise",0.780913175090713
"Map4k3","blue",0.825852017603421
"Pkib","turquoise",0.741370880594916
"Mdm4","red",0.698226538034294
"Usp19","turquoise",0.974471679362347
"Fgfr1op2","turquoise",0.976556249018112
"Mia2","turquoise",0.774347522354552
"Crk","turquoise",0.985866655091507
"Cyp4v3","blue",0.654833064281826
"Setd5","turquoise",0.549419241640295
"Rimoc1","turquoise",0.971084223359971
"Stard9","turquoise",0.86301076640906
"Sema4d","turquoise",0.879179518245687
"Gapvd1","turquoise",0.760967212896668
"Cggbp1","turquoise",0.95261540604881
"Bptf","purple",0.902394462061703
"Gmfb","turquoise",0.971497721703707
"Ube2l3","turquoise",0.835342552705754
"Creb1","blue",0.953829870300426
"Bc1","turquoise",0.296361725717194
"Nsrp1","turquoise",0.9075104241743
"Tbk1","pink",0.823918422277808
"Gpcpd1","turquoise",0.736248595781944
"G3bp1","pink",0.86742428774904
"Rsu1","turquoise",0.648508344554592
"Gm46246","turquoise",0.947170290690206
"Gng2","pink",0.621564004120195
"Kmt5b","pink",0.731786920880995
"Ube2f","red",0.862936012110424
"Cldnd1","turquoise",0.921446152383844
"Gm33989","blue",0.916349896159213
"Scd2","turquoise",0.966557170718107
"Klhl9","turquoise",0.847425169786516
"Azin1","blue",0.740854678395903
"Pik3ap1","turquoise",0.9489866198809
"Rhoq","turquoise",0.921933701466887
"Mfsd11","black",0.785555471431952
"Pitpnc1","blue",0.863187726306099
"Trip11","blue",0.885490904612155
"Fam133b","blue",0.888455978620008
"Ndufs8","turquoise",0.698886570954242
"Tnfaip8","turquoise",0.86704216695423
"Tspan31","turquoise",0.760511096474326
"Naa20","yellow",0.887763207083445
"Slc50a1","green",0.628778316310574
"Arfgef1","blue",0.96044767422658
"Setd1b","blue",0.890323945654535
"Il17ra","blue",0.823909327881487
"Tmt1a","turquoise",0.774504680324639
"Arid4a","turquoise",0.965659504687606
"Dusp11","blue",0.677645956133062
"Tifab","tan",0.927744156233345
"Gvin1","purple",0.903679650219578
"Ctcf","blue",0.897639974646361
"Ormdl1","pink",0.743305221682327
"Chmp3","turquoise",0.996350585740795
"Sort1","turquoise",0.917981251719303
"Osbpl8","pink",0.828225092917779
"Chchd1","turquoise",0.991732117509993
"Wapl","blue",0.734746915057419
"Sipa1","turquoise",0.905542100537629
"Psmd7","green",0.77507331122547
"Nap1l1","turquoise",0.81848756344434
"Jkamp","turquoise",0.960271456716362
"Mfap3","green",0.801258219874997
"Eif4e","turquoise",0.866461315294221
"Tpst2","turquoise",0.917870434544671
"Alg5","yellow",0.617260953320927
"Eno1","magenta",0.924704876923343
"Cops2","turquoise",0.955821499555935
"Wdr83os","green",0.616323478795119
"Morf4l2","green",0.717998040646574
"Lpcat3","turquoise",0.897591079633097
"Smim7","turquoise",0.842133591332428
"Dmxl1","turquoise",0.908494654838381
"Azi2","pink",0.875292618817631
"Nupr1","turquoise",0.836276803059976
"Rab18","blue",0.985243279521427
"Lpl","purple",0.684361370429323
"Hnrnpd","blue",0.821088934689355
"Brd7","blue",0.61338976763703
"Snhg20","turquoise",0.934906706843344
"Akap9","turquoise",0.788465682415773
"Pdcd5","turquoise",0.9712671228785
"Tent2","turquoise",0.952260284776072
"Sparcl1","turquoise",0.667400547093571
"Sugt1","turquoise",0.971742749418173
"Amfr","blue",0.61702433369392
"Camk2n1","green",0.675219455136793
"Ranbp2","turquoise",0.883401836222653
"Sra1","turquoise",0.982947948186283
"Frg1","turquoise",0.84690933852988
"Chrac1","turquoise",0.769667329238555
"Ipo8","pink",0.799138598081845
"Clptm1l","pink",0.82852320387377
"Rere","blue",0.884286131387077
"Nfia","pink",0.914733728114962
"Gtf2h5","turquoise",0.932432684288993
"Isca2","red",0.923034151773144
"Bltp1","blue",0.233166957765643
"Ndufs3","turquoise",0.947923004268126
"Taf1d","turquoise",0.937541348866047
"Slc12a6","turquoise",0.978544172356131
"Cntrl","blue",0.9238439633977
"Hpf1","turquoise",0.897498956229255
"Polr2k","turquoise",0.979415569407949
"Grina","green",0.605307176815113
"S1pr1","blue",0.792583940849552
"Faim","turquoise",0.941777707438153
"Ube2r2","turquoise",0.804695811712827
"Dynlt1f","turquoise",0.788030932972613
"Pla2g4a","turquoise",0.995136108728108
"Parp8","turquoise",0.908062512666227
"Papss1","turquoise",0.978943749470455
"N4bp2l1","blue",0.821041994156053
"Nrp1","yellow",0.751768264570145
"Ikbkb","pink",0.880543105732354
"Ndufa10","turquoise",0.618723697602071
"Oxr1","turquoise",0.984815170538628
"Glo1","turquoise",0.705036241520824
"C1qbp","blue",0.747179133086637
"Psmb7","turquoise",0.947994580821314
"Zfx","blue",0.444974199816584
"Leng8","blue",0.783522378419013
"Zfp950","turquoise",0.915482549664081
"Jtb","turquoise",0.962029812732662
"Slbp","turquoise",0.897136634528533
"Arhgef40","pink",0.854380417269837
"Ccdc47","turquoise",0.973390004471671
"Cers2","turquoise",0.940106099731933
"Yipf5","turquoise",0.980215277024016
"Zswim6","turquoise",0.905002097443783
"Lasp1","turquoise",0.834783354761835
"Csf2rb2","blue",0.526982529234901
"Leprotl1","turquoise",0.959558233205045
"Uqcc2","turquoise",0.983982444399365
"Nono","turquoise",0.978189439508646
"Hmgcl","green",0.759443108012529
"Zfp90","tan",0.985722123698418
"Ucp2","turquoise",0.782097661416897
"Mrps17","turquoise",0.883098342807081
"Rpl36","turquoise",0.774433931961982
"Arl8a","blue",0.875234370957809
"Crlf3","turquoise",0.986779506164954
"Cmpk1","turquoise",0.956461652411592
"Mrpl30","turquoise",0.961593279959339
"Numa1","blue",0.879396273080972
"Rnpc3","blue",0.912433509594464
"Apobec1","magenta",0.699508950961682
"Tmpo","turquoise",0.831137327543515
"Zfp652","turquoise",0.950720090298794
"Tgs1","turquoise",0.838712667808459
"Rbm8a","turquoise",0.961757719382393
"Tmcc3","turquoise",0.908331050884947
"Pik3r1","blue",0.936434070104729
"Vps25","turquoise",0.949455417029216
"Immt","blue",0.887558014773018
"Macroh2a1","turquoise",0.976262526138252
"Uqcrc1","brown",0.928275546990375
"Atp2a2","turquoise",0.966160075941998
"Socs6","turquoise",0.900093118752614
"Rbm6","purple",0.771647887330748
"Ms4a6c","purple",0.908340403043482
"Dnaja2","turquoise",0.982746123633803
"Arsa","blue",0.791100697251717
"Rnf111","turquoise",0.880311043366685
"Usp14","blue",0.55436288336871
"Rpl29","turquoise",0.821220266828063
"Gvin2","red",0.786316547676808
"Fnta","turquoise",0.967823925295004
"Ube2q1","magenta",0.875920476639764
"Hipk1","purple",0.802031539654546
"Lman2","blue",0.749722155489911
"Slc35f6","pink",0.709241008644303
"Atxn2l","turquoise",0.812544522356184
"Cask","turquoise",0.751819537607436
"Akirin2","turquoise",0.973719986516533
"Appl2","turquoise",0.966914399213919
"Abracl","turquoise",0.915340181406949
"Txnl4a","pink",0.94372668041564
"Suz12","turquoise",0.800749915372714
"Nol7","pink",0.775451488741452
"Gspt1","turquoise",0.961337514845629
"Atf2","blue",0.82919788887656
"Rpn1","turquoise",0.980022899592024
"Mpc2","turquoise",0.982140908744132
"Nutf2","turquoise",0.979968953630626
"Qrich1","pink",0.785730586336539
"Pdia4","green",0.63139785007397
"Frrs1","pink",0.633295042146488
"Arhgap17","turquoise",0.95998280895069
"Srp19","turquoise",0.958153559348986
"Sucla2","green",0.621132217061931
"Trim12a","turquoise",0.924563202509757
"1810009A15Rik","turquoise",0.985486622000984
"Tmem14c","turquoise",0.974163706994089
"Rhog","turquoise",0.812804405172205
"Cdk9","blue",0.928978662216372
"Eif2s3x","pink",0.662080123916032
"Rtn4rl1","turquoise",0.936737918994883
"Rpl7l1","turquoise",0.918791383627805
"Cbx1","turquoise",0.93482285284099
"Tlr3","turquoise",0.983403966465216
"Lrrfip1","pink",0.73909998603498
"Tomm70a","turquoise",0.94612567240672
"Sh2b3","blue",0.691711776513298
"Hdac2","turquoise",0.96477685709393
"Klf13","black",0.889325594852704
"Erp44","turquoise",0.816855247336397
"Myadm","blue",0.824301232743906
"Ube2e3","blue",0.732543530192842
"Atp6v0a2","turquoise",0.862764484903416
"Chd7","purple",0.916521287318617
"Cuedc2","magenta",0.925357706428147
"Acbd3","blue",0.879047332039333
"Tbca","turquoise",0.957137687879728
"Mdh2","turquoise",0.775651624432416
"Rps6ka1","yellow",0.669538615904006
"Adora3","turquoise",0.868823440122462
"Zfp991","turquoise",0.965939041809675
"Smim10l1","turquoise",0.90000181005563
"Ash1l","turquoise",0.684503091006363
"Pnpla8","turquoise",0.785764055892831
"Glrx3","turquoise",0.795284014913406
"Rpl28","turquoise",0.895588403816803
"Eef2k","turquoise",0.951493069833842
"Ids","turquoise",0.925658045105055
"Atp5mj","turquoise",0.969646909816946
"Uhrf2","turquoise",0.760568557924594
"Zfp800","blue",0.937576668114372
"Specc1","blue",0.435724596365623
"Mlec","turquoise",0.902736597956688
"Cct5","turquoise",0.846584287263531
"Kmt2c","turquoise",0.841669872021633
"Atp5mc2","turquoise",0.78717664300814
"Dynlt3","turquoise",0.970227334665964
"Filip1l","blue",0.634722201960769
"Acsl4","turquoise",0.929030997354609
"Lrba","turquoise",0.747142622078572
"Snrpb","turquoise",0.819774232801524
"Pnpla7","brown",0.774039662334535
"Dennd6a","turquoise",0.948608460168145
"Dhrs7","turquoise",0.699787470592138
"Lsm14a","greenyellow",0.898538334512367
"Pnkd","turquoise",0.994364882909342
"Igsf6","turquoise",0.950236968231923
"Hba-a1","magenta",0.925161960548957
"Mid1ip1","blue",0.856018887582687
"Cbl","pink",0.953031466259539
"Sbf2","green",0.845984536755256
"Pcmt1","turquoise",0.954078195882428
"Atp6v1e1","turquoise",0.815997327329784
"Jak2","blue",0.940453202671717
"Emg1","yellow",0.647546323945847
"Slc31a1","green",0.774339631441094
"Rabac1","green",0.852630031855803
"Capn3","turquoise",0.985721592394357
"Egr1","blue",0.779271892118519
"Larp4","turquoise",0.796568231580581
"Tmem68","turquoise",0.897261491617961
"Fbxw5","yellow",0.76212395299562
"Ubp1","blue",0.902927118191553
"Kbtbd2","turquoise",0.957948432432417
"Ss18","turquoise",0.91939176106361
"Zmym5","turquoise",0.850921410362799
"Fuca1","turquoise",0.921249555995363
"Impact","pink",0.946448302272332
"Tent4b","turquoise",0.467592064117322
"Mtfr1l","turquoise",0.853469414038406
"Ccl4","turquoise",0.718924866133695
"Ptprj","turquoise",0.937934497413248
"Zc3h14","blue",0.881243207954223
"Polr1d","turquoise",0.810688527550797
"Nipbl","turquoise",0.928053176659647
"Pcna","turquoise",0.987272184583119
"Hnrnpab","turquoise",0.988751579812936
"Ppp3cb","turquoise",0.76553969565659
"Bccip","turquoise",0.819450082504302
"Acox3","blue",0.822855471827921
"Cep68","turquoise",0.949481773446094
"Tnfrsf1a","turquoise",0.969246735719257
"Bub3","turquoise",0.626223843414731
"Zfp644","turquoise",0.738895267159068
"Nxf1","blue",0.479573813229118
"Polr2g","turquoise",0.9925889860376
"Higd2a","turquoise",0.912234900375571
"Ubap2l","turquoise",0.600760997103801
"Csnk2a1","turquoise",0.529854296283752
"Twf2","turquoise",0.473747220723648
"Micos13","turquoise",0.972031321889715
"Trip12","pink",0.828405192245724
"Oard1","blue",0.935818863293677
"Mex3c","turquoise",0.844117925660048
"Arf3","pink",0.770816113588599
"Chic2","pink",0.872500393975433
"Rb1cc1","turquoise",0.934178588891156
"Slc23a2","green",0.737520695317137
"Tbl1x","blue",0.791659122961432
"Pacsin2","turquoise",0.978589139900186
"Arpc3","turquoise",0.89220795173617
"Scamp5","blue",0.875789335913069
"Tmem256","brown",0.810077831103646
"Zfp518a","pink",0.89672351278921
"H2aj","turquoise",0.82849915740957
"Kras","turquoise",0.934524643742827
"Timm21","turquoise",0.928052456099745
"Wdr45b","blue",0.974997454969585
"Pgk1","turquoise",0.750774298954362
"Etfrf1","greenyellow",0.889171646649529
"Relch","blue",0.774133809995606
"Srp14","turquoise",0.967164376061532
"Anxa5","turquoise",0.796353056317192
"Klhl6","turquoise",0.904297201244919
"Tmem50b","turquoise",0.942784400789187
"Lat2","turquoise",0.818865860976666
"Cpeb4","turquoise",0.936435898390617
"Pdhb","turquoise",0.952403132416798
"Ndufs7","blue",0.780580173325183
"Clns1a","blue",0.775994317181517
"Arid2","turquoise",0.878448958706796
"Arhgef2","turquoise",0.962459873458129
"Kdm6b","turquoise",0.574663262619118
"Sf1","turquoise",0.923610483321255
"Cgrrf1","turquoise",0.653743547906583
"Rgmb","turquoise",0.957087283372225
"Polr2f","blue",0.930387516226957
"Yy1","turquoise",0.887300016046581
"1700017B05Rik","green",0.508920668225849
"Pcf11","pink",0.852915528761917
"Pkm","turquoise",0.882946971494707
"Vma21","turquoise",0.909867260071333
"Scamp1","turquoise",0.983220015740866
"Zfas1","turquoise",0.622537011818051
"Timm23","turquoise",0.858358356940787
"Ndufs6","turquoise",0.977409911021579
"Pigk","turquoise",0.895165742267787
"Smad3","turquoise",0.810977188453975
"Sumo3","turquoise",0.971189861555382
"Odr4","turquoise",0.970274317119677
"Rapgef5","pink",0.830651061847094
"St3gal5","turquoise",0.848713918815148
"Psmc1","turquoise",0.91147576889713
"Tnrc6a","turquoise",0.922028936619311
"Psmc5","turquoise",0.773819283634466
"Eps15","turquoise",0.845336838198078
"Ostm1","turquoise",0.870869316550224
"Nup88","turquoise",0.966680264371788
"Tmem223","turquoise",0.76644010605037
"Tbpl1","blue",0.892652106105619
"Il10ra","turquoise",0.966374175383384
"Dhx9","turquoise",0.903043102082984
"Cux1","purple",0.849914279851326
"Ankrd17","turquoise",0.323894584479287
"Araf","greenyellow",0.671866210282336
"Nrp2","pink",0.799757105237696
"Ndufa8","turquoise",0.942528494332866
"Zfr","turquoise",0.833391738254842
"Ndufb2","turquoise",0.796884607496925
"Sdhd","turquoise",0.971228946210502
"Arcn1","turquoise",0.626619766005387
"Osbpl11","turquoise",0.968476498146569
"Irf5","turquoise",0.943076903953504
"Cklf","red",0.954920622322978
"Tusc3","blue",0.979532260251635
"Atp11c","greenyellow",0.857137733102344
"Wbp4","turquoise",0.723915717135795
"Tnrc6b","turquoise",0.422794972431618
"Stag1","purple",0.784015707159631
"Plaa","blue",0.898503138267098
"Vkorc1","turquoise",0.925331531665084
"Nfat5","turquoise",0.719990116269437
"Snapin","turquoise",0.735286369520856
"Ech1","turquoise",0.920894793811351
"Manbal","turquoise",0.72840102830188
"Lrch1","turquoise",0.640825833919863
"Sumf1","purple",0.856275663091975
"Hck","turquoise",0.98784951225252
"Vamp3","pink",0.882835901044004
"Terf1","turquoise",0.946388345164536
"Ptbp2","pink",0.909532228402941
"Mgat5","turquoise",0.97249333330375
"Zbtb20","green",0.620098102914251
"Diaph2","purple",0.841171669753389
"Fbrsl1","turquoise",0.948302626234578
"Dapp1","turquoise",0.798431234585678
"Cxxc5","turquoise",0.892159117562066
"Eed","turquoise",0.761045340308625
"Ywhag","blue",0.873867663163559
"Apobec3","turquoise",0.874943831029976
"Wtap","turquoise",0.890554235136624
"Soat1","turquoise",0.882086160989296
"Msl2","pink",0.944816031390047
"Tmed4","turquoise",0.933438465729558
"Cib1","turquoise",0.972532220260792
"Ppp6c","turquoise",0.890662759214754
"Timm13","turquoise",0.945174474985867
"Aup1","brown",0.55734793259794
"Cct2","turquoise",0.972428797116313
"Acat1","turquoise",0.947372609626567
"Tmem273","turquoise",0.794742479353144
"Slc38a9","blue",0.933205229765784
"Tgfa","turquoise",0.976090069520603
"Gclc","blue",0.91157348072899
"U2af1","green",0.725314248017578
"Dynlt1b","turquoise",0.982196844374571
"Gnai3","turquoise",0.966079131325784
"Adam9","turquoise",0.933970837098135
"B4galt1","blue",0.802797163975985
"Czib","purple",0.842640582452612
"Krtcap2","turquoise",0.840333054991418
"Bnip2","turquoise",0.791230715898982
"Kbtbd3","pink",0.818763565499569
"Taldo1","turquoise",0.961232601719034
"Klhl7","turquoise",0.970711212640298
"Riok3","pink",0.933344045904987
"Yae1d1","turquoise",0.810143258953215
"Idh3g","turquoise",0.739230421956881
"Ppp1r11","turquoise",0.578429433339494
"Gas6","purple",0.519291476308818
"Nisch","blue",0.89582165697711
"Ppp1r2","turquoise",0.947596700476175
"Cdc123","turquoise",0.939664164087489
"Tnpo3","blue",0.341145072708421
"Gm4332","purple",0.888012056770446
"Chuk","turquoise",0.964199431854207
"Prpsap2","turquoise",0.979359801027277
"Extl3","turquoise",0.903247560749859
"Hspa1b","turquoise",0.786613004666238
"Smarce1","turquoise",0.960409056650296
"Ubn2","turquoise",0.874846880872152
"Camta1","turquoise",0.8444569056738
"Pdlim4","turquoise",0.967717892365655
"Nktr","pink",0.656672060844577
"Tmx4","yellow",0.833268350046116
"Tmem123","turquoise",0.958089362851097
"Plekhf2","turquoise",0.92688727670928
"Sppl3","blue",0.827810710931933
"Zc3h15","turquoise",0.954071642548253
"Rnf128","blue",0.842639193729395
"Fchsd2","turquoise",0.644509375258042
"Nop10","red",0.931289447783716
"Naa15","green",0.538096368152242
"Acbd5","turquoise",0.806688183594758
"Thrsp","red",0.879080549252618
"Ptpro","turquoise",0.751289741661391
"Mga","greenyellow",0.905476964338927
"Mapre2","turquoise",0.89250258525506
"Nmi","blue",0.935984118510672
"Tmem128","turquoise",0.957786765224463
"Ifi30","turquoise",0.911102456342726
"N4bp2l2","turquoise",0.663958816493132
"Senp6","green",0.45539678518587
"Med10","turquoise",0.91461635521363
"Psmd4","turquoise",0.717891581481422
"Exosc7","green",0.936427086800351
"Fam120a","pink",0.840547437050761
"Tasl","turquoise",0.795533859327113
"Ncoa3","turquoise",0.903081896456928
"Sod2","black",0.756319473066977
"Dusp3","tan",0.870561736891965
"Ccnh","turquoise",0.882032578274707
"Prkcb","turquoise",0.863209599877085
"Lmo4","turquoise",0.886780022043597
"Gbp7","pink",0.910191908628883
"Fnbp1l","blue",0.740737973137038
"Kidins220","tan",0.706213825408056
"Emc4","turquoise",0.46579553570529
"Tlr1","brown",0.827307490519093
"Clcn3","pink",0.820342946785661
"Sqor","turquoise",0.889352660167357
"Washc2","blue",0.717388802927236
"Itpripl1","blue",0.929472223113686
"Pnrc1","turquoise",0.966918844099331
"Eprs1","blue",0.288376192298525
"Il16","turquoise",0.967366245401532
"Nfu1","red",0.941719464012495
"Slc9a9","turquoise",0.975552434678227
"Med13","pink",0.305471655475511
"Atf7ip","black",0.828082289979735
"Pgam1","turquoise",0.880683503074068
"Mfsd14a","turquoise",0.783018362947465
"Aip","yellow",0.695865873052312
"Dpm1","turquoise",0.929949008218988
"Hnrnpul1","pink",0.836845659676036
"Efr3a","green",0.624988403889561
"Mark3","blue",0.910031109361184
"Lrrc8d","turquoise",0.780428940919192
"Zfp984","pink",0.944362339452336
"Top2b","turquoise",0.684005184574356
"Arap3","pink",0.81847823193689
"Zfp120","turquoise",0.633156619327355
"Vps54","turquoise",0.877820336814909
"Etf1","blue",0.755651760044712
"Agmo","turquoise",0.897967633349628
"Txnl1","turquoise",0.974340699546539
"Sbno1","turquoise",0.647111438144326
"Timm10b","turquoise",0.5815326376474
"Anp32a","blue",0.914692035291934
"Svbp","turquoise",0.962065873227324
"Smchd1","blue",0.898500595563966
"Bscl2","blue",0.823284984087732
"Heca","turquoise",0.890507557442491
"Mtpn","turquoise",0.941013897180347
"Zfp710","turquoise",0.989102645443494
"Sec23ip","pink",0.82915559621457
"Cnot4","red",0.826278809143582
"Slc35b1","turquoise",0.835690909358767
"2410006H16Rik","turquoise",0.972104431040648
"Synj1","turquoise",0.83738685526193
"Abhd17c","tan",0.827926114788721
"Kmt2d","blue",0.919651095829956
"Gpx4","red",0.866187842920676
"Cic","blue",0.800885108341393
"Rassf4","tan",0.962644808017191
"Fam221b","turquoise",0.626932525172655
"Ranbp9","turquoise",0.945699041010648
"Marchf6","yellow",0.571911968672396
"Polr2j","turquoise",0.908513595218116
"Lamtor1","turquoise",0.720204253952403
"Ccnt1","turquoise",0.876897753129367
"Xrn2","turquoise",0.982382668798656
"Ssu72","turquoise",0.870750402689522
"Ipo7","turquoise",0.727028221143307
"Tmed3","turquoise",0.721987606767981
"Nrros","turquoise",0.861367772809472
"Cog5","blue",0.784922776587028
"Ube2j1","turquoise",0.954530342526685
"Psmd12","turquoise",0.940531075831613
"Tank","green",0.731495214359472
"Dennd10","red",0.930052654072845
"Il1a","turquoise",0.894967467767154
"Myo1f","turquoise",0.83715774176886
"Snrpf","turquoise",0.908691875493411
"Mon2","turquoise",0.913850557348323
"Cdk17","blue",0.897204278521319
"Rnf103","turquoise",0.689042091767355
"Spint1","turquoise",0.903727750761344
"Emc3","turquoise",0.962737525868344
"Tmem64","turquoise",0.94249140107877
"Smndc1","greenyellow",0.754183170847995
"Hebp1","turquoise",0.952795682243976
"Hacd4","turquoise",0.759332940218844
"Map3k2","magenta",0.924303395561231
"Kdelr2","turquoise",0.932636347491012
"Pmpca","tan",0.777078832987134
"Nsd3","turquoise",0.920699435587491
"Hacd2","turquoise",0.791441900912666
"Tnpo1","yellow",0.663011260585077
"Dynll1","turquoise",0.949322786911133
"Inpp4b","red",0.843935554022015
"P2rx7","turquoise",0.655160495863815
"Romo1","turquoise",0.960416844584206
"Eif4h","turquoise",0.977055925840651
"Itch","red",0.806400841928402
"Golga7","pink",0.882250360691492
"Zfp281","turquoise",0.900927958616515
"Lipa","turquoise",0.922271439142498
"Zfp326","blue",0.71358725642227
"Nampt","pink",0.698347662131402
"Ube2k","turquoise",0.909409273928577
"Acly","turquoise",0.93298840354254
"Cspp1","blue",0.927309610953536
"Ubald2","blue",0.932641234088996
"Cited2","blue",0.726827971405269
"Anapc10","turquoise",0.975315109412008
"Tnrc6c","blue",0.585278670475371
"Tmx2","turquoise",0.592615052888046
"Pdgfb","turquoise",0.961157522394908
"Psmd6","turquoise",0.936934623794847
"Ccdc59","turquoise",0.81947116386526
"Mettl9","turquoise",0.954220610883551
"Gstp1","tan",0.819287376561338
"Med21","pink",0.923898487798538
"BC004004","brown",0.81581497239805
"Zmpste24","turquoise",0.862070373328789
"Rnf44","turquoise",0.903432118664506
"Taf4","blue",0.88821157918163
"Casp9","blue",0.911115077092208
"Rb1","blue",0.577374048958921
"Trnt1","turquoise",0.956673734774625
"Tmem87b","blue",0.859830117333884
"Ilk","red",0.820199561996219
"Kbtbd7","blue",0.871474816035612
"Ube2e1","turquoise",0.837464770535859
"Rtn1","pink",0.901596754617018
"Ehd4","turquoise",0.849416554052178
"Slc46a3","turquoise",0.798213343232721
"Rap2c","pink",0.901696358703995
"Acin1","turquoise",0.835965783498613
"Mtarc2","turquoise",0.750824369672667
"Slc35a5","turquoise",0.778928606548312
"Plekha1","blue",0.878195691523805
"Atxn10","turquoise",0.887189757274708
"Dnajb11","turquoise",0.87337481577093
"Snu13","turquoise",0.738950718696873
"Tor1aip2","magenta",0.823701271200324
"Anp32b","turquoise",0.97654678347756
"Ptms","pink",0.605299078037246
"Erap1","turquoise",0.872209555717253
"Rnf4","purple",0.824938840585234
"Atp6v1h","turquoise",0.902448068585746
"Mier1","purple",0.888508902196355
"Vps37a","turquoise",0.959205653965496
"Elk3","turquoise",0.881783743507377
"Tm9sf1","turquoise",0.938002884204124
"Dusp7","pink",0.74258719797444
"Blvra","turquoise",0.768912815932898
"Oma1","blue",0.856694330825934
"Cln5","turquoise",0.917175284024138
"Plxna4os1","turquoise",0.583065570443382
"Zfp654","turquoise",0.838832270708038
"Fip1l1","turquoise",0.705767841418032
"Smim11","turquoise",0.981078757958017
"Drap1","turquoise",0.946608174846478
"Tsc22d3","turquoise",0.866323038803104
"Grk2","blue",0.897425727898198
"Mtpap","blue",0.86121738159177
"Zbtb7a","turquoise",0.894956271899427
"Dnajb14","black",0.519048865185352
"Naa38","turquoise",0.914016447477709
"Samtor","blue",0.789613419707795
"Ebp","turquoise",0.864149888922914
"Etfa","turquoise",0.973172822818661
"Rala","turquoise",0.942678056885096
"Mia3","green",0.710410560122086
"Tcirg1","red",0.865597058909563
"Pigu","turquoise",0.894281983488611
"Secisbp2l","turquoise",0.88212148349768
"Cbx3","red",0.861199285600771
"Rhot1","blue",0.966966186845044
"Get3","blue",0.750994101404905
"Psmc3","turquoise",0.709490364368561
"H2az2","turquoise",0.94087184108052
"Lin7c","turquoise",0.902767070390862
"Lrrc8a","turquoise",0.400752546822004
"Cpsf3","pink",0.863500635650258
"Crebzf","turquoise",0.768462882729737
"Tmf1","pink",0.787220731641336
"Stx12","blue",0.843310562543678
"Dctn6","turquoise",0.907807817439054
"Brd4","turquoise",0.896054461871715
"Cop1","turquoise",0.779737113054271
"Hspa13","turquoise",0.924399638690698
"Zfp106","turquoise",0.958481756154734
"Supt20","turquoise",0.611631282492696
"Elavl1","yellow",0.941805050305898
"Elovl1","turquoise",0.72101361856012
"Rac2","turquoise",0.822493536116489
"Trappc6b","turquoise",0.935879985884198
"Sltm","turquoise",0.864632547728747
"Calm3","turquoise",0.923394603098256
"Norad","turquoise",0.647312337027431
"Fam193b","blue",0.690480853932728
"Kpna4","turquoise",0.843770327549119
"Memo1","turquoise",0.975706221006301
"Ppp1r21","turquoise",0.953667126484612
"Gramd1a","black",0.789553101637973
"Usp34","greenyellow",0.773617953229575
"Dpy19l1","turquoise",0.963121946976155
"H2-DMb1","turquoise",0.702708496499026
"9530068E07Rik","turquoise",0.95762036174786
"Kif1b","yellow",0.926740308674817
"Pigx","turquoise",0.924387703144879
"Nme1","green",0.787935422983128
"Jpt1","turquoise",0.929425451595935
"Rnf138","turquoise",0.939092028400169
"Churc1","turquoise",0.976846970199459
"Adss2","turquoise",0.850447685190448
"Zfp292","red",0.981847292854939
"Commd4","red",0.889600679477128
"Cnep1r1","turquoise",0.912897546929565
"Nfxl1","blue",0.815737532132964
"Cnot7","turquoise",0.987461303117142
"Hsd17b4","turquoise",0.928547110739771
"Ppp4r2","turquoise",0.898200064930968
"Csad","turquoise",0.992015448376303
"Ddb1","turquoise",0.748983327843209
"Rab24","turquoise",0.927506206098979
"Hacd3","turquoise",0.94524883296474
"Snrpd2","turquoise",0.883136962353482
"Ndufb9","turquoise",0.858262711075372
"Mkrn1","yellow",0.747913059197426
"Rab32","turquoise",0.904850238998423
"Hsd17b8","turquoise",0.989184460404929
"Snrpg","turquoise",0.90879769836149
"BC005624","blue",0.714973673754394
"Atf4","turquoise",0.972021259165104
"Idh3b","turquoise",0.939872552958835
"Mknk1","turquoise",0.811096860711921
"Mrps36","turquoise",0.891348826347936
"Med8","turquoise",0.947459865918782
"Naa50","turquoise",0.911017481886156
"Rnf149","red",0.936460861483741
"Uchl5","turquoise",0.944262276845768
"Eef1d","yellow",0.844044499314179
"Cebpa","turquoise",0.852725507754615
"Bicd2","turquoise",0.957298577111946
"Rpl22l1","turquoise",0.973332823501703
"Gm15500","blue",0.698949771980235
"Coro1b","turquoise",0.625657468951721
"Swi5","turquoise",0.409120025686793
"Mrpl17","turquoise",0.592364073385461
"Anks1","greenyellow",0.792029427721249
"Uqcc3","turquoise",0.951147060875563
"Heatr5a","turquoise",0.90427401017021
"Mafg","blue",0.855018802938514
"Eif3h","magenta",0.895625096867122
"Uso1","turquoise",0.928194159648011
"Dcaf8","black",0.681104783493164
"Napa","turquoise",0.832693832779373
"Mrpl53","green",0.72886500121712
"Ufl1","brown",0.823796310202973
"Tpbgl","turquoise",0.606244826819496
"Eci2","turquoise",0.689258370108082
"Pgcka1","turquoise",0.853079164639425
"Sgk3","turquoise",0.84379117586579
"Rsf1","pink",0.696726206999833
"Apc","blue",0.668800015802301
"Spop","magenta",0.786672880437159
"Cd82","brown",0.655204536059261
"Commd2","turquoise",0.942660944033137
"Stx16","turquoise",0.905336220417278
"Akirin1","turquoise",0.797276245252826
"Vcpip1","yellow",0.820195845768644
"Pdcd6","yellow",0.680042673353587
"Samhd1","turquoise",0.820640868899793
"Rab11fip5","brown",0.745808063607098
"Eif3g","turquoise",0.878258008982573
"Aplp2","red",0.574595160542004
"Cox16","turquoise",0.945487953596332
"Rsbn1l","turquoise",0.800865576552677
"Ptpmt1","turquoise",0.943260732646154
"Slc30a7","red",0.792954009072499
"Mrpl50","black",0.84512609175039
"Fam168b","purple",0.915947542228585
"9930111J21Rik2","yellow",0.932792237240178
"Abcc3","turquoise",0.956959172936242
"Pea15a","turquoise",0.927359149960545
"Fam174a","turquoise",0.963500799841016
"Lsm8","turquoise",0.814863708024379
"Zranb1","greenyellow",0.897933739006657
"Degs1","turquoise",0.582839248016133
"Colgalt1","tan",0.844063716229824
"Gpr160","turquoise",0.946841600309842
"Uba1","turquoise",0.948856416592618
"Pds5a","turquoise",0.829869252289724
"Sdf2","turquoise",0.767550230613774
"Eny2","turquoise",0.920811809738819
"Eif3k","turquoise",0.76182415491187
"Nsd1","tan",0.960803848081003
"Sar1a","turquoise",0.685787157775509
"Gpr84","turquoise",0.742185680377131
"Nek6","turquoise",0.613011549672842
"Lpin2","turquoise",0.832072715513937
"Smap1","turquoise",0.881746780413957
"Baz1a","greenyellow",0.988396847002217
"Ccdc174","yellow",0.537056691609693
"Tbl1xr1","turquoise",0.922513260688112
"Zmym2","turquoise",0.892655966874729
"Kpna3","turquoise",0.864214584517303
"Dpy30","turquoise",0.886884441275067
"Smad1","turquoise",0.935092794891732
"Usp45","turquoise",0.957681950498214
"Mcur1","turquoise",0.930848058870478
"Brwd1","turquoise",0.794765302692263
"Tle3","blue",0.754807244982023
"Ngdn","turquoise",0.933859229245162
"Cdk11b","blue",0.974842419282892
"Eif4e2","green",0.780960799786377
"Ube2a","turquoise",0.977814278917866
"Ankrd10","turquoise",0.87763086951035
"Dync1h1","turquoise",0.803326285895374
"Haus3","magenta",0.893432057731666
"Herpud2","turquoise",0.953856871969319
"Ubr3","blue",0.88506572768144
"1110059G10Rik","red",0.501896675857463
"Hmgb2","turquoise",0.895343029418731
"Snx10","turquoise",0.902227549218764
"Prrc2c","black",0.846918012168833
"Hcls1","turquoise",0.861830504821194
"Ndufb6","turquoise",0.967310652261175
"Cep192","pink",0.888563792207453
"Fbxw11","turquoise",0.880306047505662
"Siah1a","greenyellow",0.967355401392462
"Pisd","pink",0.626461418932532
"Lamtor3","turquoise",0.77888460225888
"Msi2","turquoise",0.844384099706906
"Pdcd6ip","turquoise",0.956098705702725
"Brox","turquoise",0.95945268263282
"Ccdc82","blue",0.874517914354713
"Atp5mc3","turquoise",0.991154846701877
"Tmod3","turquoise",0.917261414578777
"Dnajc13","turquoise",0.706530630274633
"Hivep3","tan",0.921179544590238
"Map2k1","turquoise",0.910876367107981
"Cdk4","turquoise",0.774893178267816
"Rnf213","grey",0.841098409261411
"Fbxo11","turquoise",0.835149691626338
"Cd180","turquoise",0.280612079498069
"Enpp2","greenyellow",0.590370448650555
"Ube2g1","red",0.930606767458529
"Rnf167","turquoise",0.537008275510946
"Abce1","turquoise",0.950241913104397
"Cyb561a3","turquoise",0.962324867768329
"Iars2","turquoise",0.965512742994279
"Snrpa1","turquoise",0.692467903715382
"Sgcb","greenyellow",0.750411614448082
"Mapk9","blue",0.82834295191304
"Nup153","turquoise",0.958052659487407
"H2-M3","turquoise",0.906667541201733
"G530011O06Rik","greenyellow",0.612049734202821
"Vasp","turquoise",0.840904450861233
"Trappc2l","turquoise",0.932612877406342
"Hipk3","turquoise",0.893544877042948
"Ormdl2","turquoise",0.903116812458598
"Cox5a","turquoise",0.893028850369258
"Sun2","blue",0.729148152192373
"Bnip3","turquoise",0.850619059886861
"Ndufaf3","yellow",0.40509744918184
"Hnmt","turquoise",0.497198305764452
"Tbp","blue",0.739414738239224
"Bcl10","greenyellow",0.896030073087027
"Clk3","blue",0.799995693863194
"Shoc2","yellow",0.861096708973826
"Rc3h2","turquoise",0.8250729843354
"Nus1","pink",0.790914764716743
"Cnot6","turquoise",0.949726480449612
"Snx4","turquoise",0.949065660969436
"Slc25a17","turquoise",0.956581385015038
"Sp110","blue",0.633525951322974
"Phax","turquoise",0.810514690017004
"Prdx4","turquoise",0.951854096139174
"Tlr2","turquoise",0.881447557580549
"Txndc17","turquoise",0.962628332869701
"Npffr1","purple",0.73040863645952
"Gm7072","turquoise",0.849971629902348
"Hsd17b12","turquoise",0.953855350779274
"Wdr82","blue",0.899898071064007
"Icam1","turquoise",0.629415271709601
"Brd8","turquoise",0.522025092351522
"Sipa1l2","turquoise",0.686681920604648
"Smarcad1","purple",0.810753057440047
"Cetn2","red",0.963427601070276
"Ppp4r3a","turquoise",0.632111920387843
"Naxd","blue",0.704580399217913
"Dctn5","turquoise",0.851564430085618
"Copz1","blue",0.914645899008833
"Fbxo3","turquoise",0.91232204610144
"Ugp2","turquoise",0.975610015511715
"Slc38a10","purple",0.612655694671027
"Asxl2","yellow",0.739671803038076
"Abcd3","turquoise",0.915983400321018
"Srp72","tan",0.962001826800134
"Rsl1d1","turquoise",0.511164055439234
"Edem2","turquoise",0.899111627673819
"Copa","turquoise",0.773285510652437
"Trim35","turquoise",0.853870133650725
"Rubcnl","purple",0.61796384945622
"Prkd3","pink",0.706271296863109
"Cat","turquoise",0.966558953789406
"Rel","turquoise",0.736747480712184
"Pfdn1","turquoise",0.959726361853704
"Btbd1","turquoise",0.882187989517281
"Map4","yellow",0.851840508033323
"Arid1b","turquoise",0.719203310320917
"Dnajb9","turquoise",0.886693301080375
"Ankrd12","red",0.70886684611235
"Khdrbs1","turquoise",0.974124702204033
"Cndp2","turquoise",0.93988764044075
"Pbdc1","brown",0.74952517000022
"Stt3b","purple",0.777255173385409
"Gmip","magenta",0.791428680577928
"Slc35a3","turquoise",0.75166463356165
"Irak1","turquoise",0.927485417592112
"Sf3b2","turquoise",0.953008223117158
"Fkbp7","turquoise",0.879857640852531
"Rtp4","turquoise",0.459723943357864
"Arid4b","pink",0.961747850862149
"Dnajc2","turquoise",0.467712215374727
"Ndufs4","turquoise",0.8280586502418
"Mtf2","green",0.802131749828017
"Stxbp5","turquoise",0.910338428164072
"Pcdhgb4","blue",0.927017766900215
"Mtr","blue",0.821135711311553
"Cpd","purple",0.732689899429145
"Polr3k","turquoise",0.720450628527029
"Usp48","turquoise",0.824246098126803
"Ppm1g","turquoise",0.959195988449847
"Adh5","magenta",0.81155033011948
"Cds1","pink",0.884652251339154
"Vps41","turquoise",0.980250836902895
"Thrap3","blue",0.957435449846199
"Commd7","turquoise",0.823251654542659
"Slc33a1","turquoise",0.937838863972055
"Acadl","turquoise",0.842708946062935
"H2-Ob","blue",0.946326956781131
"Smc1a","turquoise",0.969997286032568
"Mterf3","turquoise",0.782893549984802
"Gpbp1l1","blue",0.890573634501786
"Ccdc6","turquoise",0.977658475392648
"Igf1r","turquoise",0.371056635316713
"Ndufaf7","turquoise",0.692494990950246
"H2ac25","turquoise",0.333496874942768
"Cct7","brown",0.898012778079254
"Ifih1","turquoise",0.876242993767606
"Dock7","green",0.657518105516316
"Lsm10","turquoise",0.917697094474975
"Nxt2","red",0.988151357753995
"Med1","turquoise",0.900427979248211
"Gba1","turquoise",0.870761836383331
"As3mt","turquoise",0.944332626310407
"Ubxn4","turquoise",0.585643926898042
"Cmas","turquoise",0.930802973044323
"Gtpbp2","blue",0.884687201796207
"B4galt3","blue",0.855510119998226
"Crbn","turquoise",0.915889202827535
"Ppp3r1","turquoise",0.98523174690818
"Grpel1","yellow",0.435335011211949
"Eif3d","blue",0.843393811154377
"Renbp","turquoise",0.705849624787976
"Rmnd5a","blue",0.821736199680994
"Wdr33","yellow",0.602118312050423
"Sec22b","turquoise",0.797114285827123
"Trappc8","pink",0.808391538712076
"Zfp740","blue",0.814353226675003
"Lcorl","turquoise",0.908897880919135
"Tut4","turquoise",0.578701207704918
"Glt8d1","turquoise",0.986554356186252
"Rbm22","turquoise",0.807712020101001
"Tiprl","turquoise",0.449087722043455
"Parp2","turquoise",0.802469032860691
"Nae1","turquoise",0.793864717038395
"Dennd5a","turquoise",0.604436216815363
"Rnh1","blue",0.837032981297289
"Zfp160","turquoise",0.897405935117737
"Eif2a","turquoise",0.766780273449577
"Spast","turquoise",0.95835591270679
"Smim15","red",0.898300511623653
"Tnfrsf1b","turquoise",0.935894930036264
"Plcl1","blue",0.773152929743752
"Mcrip1","turquoise",0.890081394883968
"Nsmce4a","turquoise",0.922376255620535
"Itpripl2","turquoise",0.841711300977328
"H13","turquoise",0.918297386630034
"Iffo1","turquoise",0.976699092165241
"Ccr1","yellow",0.789398626312244
"Chmp2b","turquoise",0.966726803468477
"Il18","turquoise",0.94596044520184
"Gtf3c6","turquoise",0.980382757729472
"Uqcrc2","turquoise",0.893755358988728
"Mcts1","turquoise",0.96837159727604
"Mettl23","pink",0.923840395419093
"Efcab14","turquoise",0.937269675088824
"Igbp1","turquoise",0.899560765027214
"Crnkl1","blue",0.830417257373078
"Btg2","blue",0.662297895834249
"Setd2","turquoise",0.896847568116301
"Ndufa9","turquoise",0.493661693905033
"Fndc3b","turquoise",0.599880993841325
"Osbpl9","turquoise",0.84853945121564
"Mrpl35","turquoise",0.927517050584143
"Chordc1","turquoise",0.882619457753229
"Rgs1","blue",0.822335241995077
"B4galt6","turquoise",0.905498218463523
"Phb1","green",0.6986628910481
"Pbxip1","black",0.692804199903581
"Rab8a","turquoise",0.749696512139192
"Herc4","tan",0.898323948088137
"Dctn2","magenta",0.911202020207657
"Cpsf7","turquoise",0.958719712805921
"Dock11","turquoise",0.761575762143638
"Brcc3","red",0.970824597848963
"Hmga2-ps1","turquoise",0.868158625972252
"St6gal1","turquoise",0.817707431592339
"Cox14","turquoise",0.918309791272529
"Dtymk","turquoise",0.591467728936112
"Rcor1","blue",0.66653551511592
"Rsbn1","turquoise",0.838968774361765
"Tmem245","blue",0.935459833561814
"Sec63","turquoise",0.926945695382637
"Mrps16","turquoise",0.176166072795055
"Eif1a","turquoise",0.491120632428864
"Map4k5","turquoise",0.891361986582608
"Snrpc","turquoise",0.666735220317607
"Phactr2","blue",0.874030940073289
"Herc1","blue",0.710713855988661
"Rbm33","turquoise",0.783814361586854
"Map1lc3a","black",0.882800132679201
"Sdf2l1","turquoise",0.943790004975441
"Zfp943","turquoise",0.851750398905368
"Trim5","turquoise",0.97967581471432
"Ddx47","black",0.786783772195345
"Tbcb","turquoise",0.765481829775289
"Tet2","turquoise",0.794683878246513
"Acot13","turquoise",0.983520931676556
"Mocs2","turquoise",0.833566500895172
"Rps6kb1","pink",0.921076681164309
"Cep20","turquoise",0.699551229312834
"Psmc4","turquoise",0.780410002090024
"Rnf145","turquoise",0.945283705363293
"Pggt1b","red",0.78077914860465
"Stat6","turquoise",0.812947293366692
"Ntan1","turquoise",0.96875367853634
"Mepce","tan",0.823382039466353
"Ctnnd1","turquoise",0.897905806096003
"Gigyf2","greenyellow",0.943675962731495
"Nup58","turquoise",0.785376025436805
"I830077J02Rik","turquoise",0.953445216510893
"Zfp942","blue",0.741101286913583
"Abcg2","turquoise",0.936767744960524
"Rab21","turquoise",0.928018362696719
"Atxn2","blue",0.962153894740427
"Zfp263","pink",0.874597254842065
"Myo9a","turquoise",0.840091319929296
"Inka1","turquoise",0.843093749110598
"Dag1","yellow",0.799247969377936
"Fbxl5","turquoise",0.792727984770364
"Litaf","turquoise",0.849185986480247
"Paics","turquoise",0.919966364063253
"Tsc22d2","turquoise",0.809054768960457
"Ppp1r15b","yellow",0.520174254846927
"Dlgap4","yellow",0.704318533512375
"Tep1","turquoise",0.991597883232438
"Bet1","red",0.859481669688718
"Tent5c","red",0.956792055368885
"Tulp4","turquoise",0.771507983914962
"R3hdm1","turquoise",0.514721019351185
"Elmod2","turquoise",0.935850810267275
"4833420G17Rik","turquoise",0.986704782785216
"Wdfy2","yellow",0.895801190535748
"Psmd2","turquoise",0.909258249265851
"Rc3h1","pink",0.762101777114892
"Mrpl18","turquoise",0.903940497040657
"Sgpp1","turquoise",0.894489769339108
"Crybb1","turquoise",0.915869416828243
"Bfar","tan",0.779021484470666
"Vrk1","turquoise",0.517035693519814
"Usp15","turquoise",0.724366770197725
"Ube4b","blue",0.911678749638984
"Gpi1","magenta",0.577479111227916
"Ap3m1","turquoise",0.827377283196802
"Pigbos1","turquoise",0.96033242306107
"Hnrnph3","turquoise",0.936452940585186
"Rpp30","turquoise",0.925675864109209
"Irak2","turquoise",0.710332207875378
"Kpna2","turquoise",0.979895346584467
"Banf1","turquoise",0.890502073335088
"Ap1g1","green",0.836115961464996
"Gorasp2","turquoise",0.957865725428725
"Psmd11","turquoise",0.927848806791782
"Usp16","pink",0.759883480132065
"Evi5","turquoise",0.878438698355273
"Rab4b","turquoise",0.69943687924296
"Mplkip","turquoise",0.963532958355255
"Kcnk13","turquoise",0.874450742441215
"Insr","blue",0.722495737798782
"Rida","turquoise",0.781775064870267
"Tfg","turquoise",0.82336523644684
"Snapc1","blue",0.966103186374346
"Slc41a1","turquoise",0.913834462306455
"Prr14","blue",0.919108165741388
"Chmp4b","greenyellow",0.777783260893912
"Impdh2","turquoise",0.966162253192269
"Spopl","blue",0.251625310361038
"Sec14l1","turquoise",0.946639345388653
"Nucks1","turquoise",0.772436924832789
"Inip","turquoise",0.901401833014612
"Nipa2","red",0.989508565811251
"Qdpr","turquoise",0.985434030271476
"Fkbp5","yellow",0.879972451432216
"2010315B03Rik","turquoise",0.841051525984542
"Cnot1","magenta",0.924405365822352
"Gm53290","turquoise",0.913318367049979
"Lpcat1","yellow",0.629763634391039
"Rbpj","turquoise",0.846493807964221
"Tprg1l","red",0.855020257912715
"Tmem104","tan",0.800184114316459
"Dcun1d1","yellow",0.901790865172558
"Sike1","green",0.65032106945498
"Mrpl36","turquoise",0.96171116225061
"Otud4","turquoise",0.89969206622527
"Washc3","turquoise",0.904234559779322
"Kdm6a","pink",0.782425767662609
"Smc5","blue",0.690433344943688
"Ccz1","turquoise",0.979644208720015
"Chtop","turquoise",0.837941398946254
"Tor1a","turquoise",0.913257617075632
"Tnfaip8l2","turquoise",0.743732085989489
"Mapk3","turquoise",0.845112930560589
"Ddhd2","blue",0.888338411583971
"Lman1","magenta",0.875814739871931
"Kdm2b","magenta",0.895169281095872
"Naxe","black",0.932068644996835
"Rad23b","turquoise",0.808527646427885
"Idnk","turquoise",0.884341413426296
"Clptm1","tan",0.906729771863796
"Sirt2","turquoise",0.723115412578698
"Lyst","yellow",0.455334950097371
"Setdb1","turquoise",0.936291424895038
"Necap2","turquoise",0.814379626621866
"Trim2","turquoise",0.476803219665156
"Mettl5","turquoise",0.938236118915682
"Ctbs","yellow",0.905189966456831
"Tmem234","turquoise",0.646378547315459
"Asf1a","turquoise",0.957809085612205
"Ppm1b","turquoise",0.913249879420136
"Gcc2","turquoise",0.829762930392734
"Ppp2r2a","turquoise",0.911986017570263
"Chd2","turquoise",0.76640212926731
"Eid1","turquoise",0.959565322880541
"Tafazzin","turquoise",0.936690613404448
"Ifi35","magenta",0.879033732101136
"Fmnl3","turquoise",0.934001389890799
"Gde1","pink",0.772792345558111
"Gm12420","brown",0.979168478374152
"Mtx2","greenyellow",0.918583364403475
"Zfp598","blue",0.958580504842542
"Gsap","turquoise",0.929043950210331
"Upf2","turquoise",0.661609794692912
"Usp4","turquoise",0.950372287525756
"Dld","green",0.69094317249051
"Baz2b","turquoise",0.798901497495366
"Drg1","turquoise",0.535980752730641
"Gtf3c2","turquoise",0.761465094056151
"Arfrp1","yellow",0.802978703440489
"Bloc1s4","blue",0.917748569127559
"Pgd","turquoise",0.861548782953845
"Dhx36","turquoise",0.590781757692418
"Arhgef6","turquoise",0.891027468740066
"Trir","turquoise",0.990379827617756
"Mysm1","black",0.762149390136656
"S100a1","turquoise",0.949924211536637
"Zfc3h1","pink",0.895384361513136
"Pid1","turquoise",0.917438884737625
"Pdrg1","turquoise",0.997047596088796
"Bst2","turquoise",0.685696670798022
"Mrpl15","purple",0.847473876344088
"Kcnq1ot1","brown",0.835188399064058
"Xaf1","purple",0.752837714773164
"Nbeal1","pink",0.874529197983233
"Gabpa","turquoise",0.834685361032297
"Maea","turquoise",0.636129449863748
"Magoh","turquoise",0.622581733450112
"Uimc1","turquoise",0.732195593999904
"Ldha","turquoise",0.784772419172807
"Setd3","turquoise",0.889427631088534
"S100a13","turquoise",0.90074420809737
"Mpv17","turquoise",0.887413481566268
"Cnot6l","yellow",0.686487763449649
"Pex13","turquoise",0.392693053165091
"Tceal9","turquoise",0.925685770671461
"Etv1","pink",0.930380096827542
"Ccnq","turquoise",0.967605110062225
"Smox","blue",0.791500559706707
"Crim1","pink",0.861106626991553
"Gtpbp4","turquoise",0.919694167542661
"Lypla1","pink",0.872647966407297
"Lyset","turquoise",0.666192012751413
"Mlf2","yellow",0.481827646475549
"Hdlbp","turquoise",0.961585181324999
"Atg5","turquoise",0.91623618054207
"Atp8a2","turquoise",0.554362586921802
"Adprh","turquoise",0.724566094239912
"Acsl5","turquoise",0.850523487563619
"Phf5a","blue",0.891942736577052
"Ifi204","black",0.761433492093396
"Polr3f","blue",0.769172848620185
"Cep43","turquoise",0.92080811163329
"Trafd1","yellow",0.845383460225049
"Slamf6","green",0.56605392471132
"1600012H06Rik","turquoise",0.923707758240937
"Dcaf13","red",0.894827808735206
"Birc6","turquoise",0.370029921023535
"Xpr1","turquoise",0.669974346330926
"Gm47754","turquoise",0.944784808081109
"Cert1","blue",0.996509088137214
"Fkbp15","turquoise",0.844619240387454
"Tppp","red",0.968428580793588
"Zfp24","magenta",0.986458247720138
"Klhl5","turquoise",0.76905700845565
"Fzd7","turquoise",0.895870178232749
"Dlst","turquoise",0.835954780335244
"Angel2","turquoise",0.947065153381904
"Ubxn1","turquoise",0.901367433389523
"Phospho2","pink",0.526180419827491
"Uba2","turquoise",0.801954460164558
"Bola2","turquoise",0.857468121128533
"Ddrgk1","turquoise",0.914344505956411
"Ncf4","blue",0.526365333030621
"Calu","turquoise",0.866029389132719
"Mbtd1","turquoise",0.697594963956171
"St7l","turquoise",0.953432663681956
"Clasp2","yellow",0.736700293579024
"Plod3","red",0.916450689199354
"Bacc1","turquoise",0.75675028484348
"Tax1bp3","blue",0.704410512672533
"Ugcg","turquoise",0.958162078423754
"Ccpg1","turquoise",0.951948159620115
"Ddx39b","turquoise",0.970096780003739
"Strn3","turquoise",0.911526485640041
"Prrc1","turquoise",0.840575715813312
"Prkacb","turquoise",0.910535558418916
"Pign","purple",0.770448141373277
"Fbxl20","tan",0.78926252246653
"Tfe3","turquoise",0.779958866828499
"Pds5b","pink",0.910895357561833
"Zfand3","turquoise",0.918299735666982
"Maml2","greenyellow",0.818657034060092
"Ptp4a3","blue",0.645067405051302
"Hibadh","turquoise",0.861493980034254
"Etfb","turquoise",0.678135474718683
"Zmynd8","turquoise",0.708751794445449
"Slain2","blue",0.889505743672446
"Ldaf1","turquoise",0.863934616788742
"Arl6ip5","turquoise",0.85221565605917
"Dpf2","blue",0.63641701177562
"Arsk","turquoise",0.918445557845182
"Cybc1","turquoise",0.882052742064823
"Tasor2","pink",0.804177725655951
"Wdr37","pink",0.906134746596652
"Gprasp1","turquoise",0.86662148060811
"Fcrl1","turquoise",0.809708737545134
"Arpc1a","turquoise",0.944373959520353
"Usp21","turquoise",0.967216946365449
"Cers5","brown",0.896466492508313
"Chpt1","green",0.782357174678717
"Pfkfb3","turquoise",0.963478104467292
"Usf2","turquoise",0.810982380603806
"Tcf25","turquoise",0.93871228368291
"Bpnt2","turquoise",0.814950735148059
"Nagk","turquoise",0.943044484069798
"Ube2q2","blue",0.840293751966207
"Akap8l","blue",0.963067092433808
"Kat6a","turquoise",0.785656292191058
"Cryzl1","turquoise",0.740606044176865
"Mif","turquoise",0.886888841547314
"Tpd52l2","brown",0.755391062084415
"Tfam","tan",0.834687415789626
"Arhgef1","pink",0.873839945893796
"Zbtb4","pink",0.8962790188767
"Plpp1","turquoise",0.603017907270157
"Tcf12","turquoise",0.848426349238494
"C5ar1","magenta",0.89181188130286
"Smu1","turquoise",0.612825288842012
"Ero1b","black",0.900713650982718
"Ctnna1","red",0.895563600754142
"Pak1ip1","turquoise",0.963642901061524
"Gnpda2","turquoise",0.786454050679714
"Ino80d","brown",0.864649991030008
"Eif6","turquoise",0.898865291442888
"Nup98","blue",0.868641637279724
"Entr1","turquoise",0.969068688907289
"Eif4a3","green",0.804971803385124
"Nsmce2","turquoise",0.475425050701593
"C5ar2","turquoise",0.894458850365335
"Rsl24d1","turquoise",0.869351496380306
"Cpe","yellow",0.815171203768444
"Rnf115","turquoise",0.852651379710428
"Eif3l","turquoise",0.830294062206201
"Sdhc","green",0.731676058611278
"Bag1","turquoise",0.575304558642686
"Mdm2","turquoise",0.917170252507347
"Vps35l","turquoise",0.92427495192063
"Snw1","red",0.753999437602376
"Idh1","green",0.942866044890947
"Kdm5a","magenta",0.716141658012023
"Golph3","turquoise",0.90690940066759
"Syk","greenyellow",0.759653085309598
"Gna15","turquoise",0.81447143914759
"Osgep","red",0.974117855838735
"Hspb3","turquoise",0.945089720721356
"Pabpn1","turquoise",0.850280595899488
"Acp1","turquoise",0.586531452874093
"Tefm","blue",0.93647789958689
"Ubqln1","turquoise",0.850010284839405
"Etv6","turquoise",0.939146178762409
"Trrap","purple",0.623932744016025
"Gnl2","blue",0.818620784384115
"Ms4a4c","turquoise",0.683557683756453
"Fech","pink",0.819433228904884
"Cct3","turquoise",0.831293591125566
"Cacna1d","tan",0.840656240701036
"Gpr137b","turquoise",0.630429584667322
"Csk","blue",0.801887078155715
"Suclg1","turquoise",0.61968290148734
"Zbtb8os","turquoise",0.910585046711105
"Atxn7","blue",0.968702357761755
"Xxylt1","yellow",0.525404512315664
"Cops5","turquoise",0.807786439993966
"Thoc2l","red",0.704248432763297
"Rnf146","turquoise",0.545603787860844
"4931406C07Rik","yellow",0.706712604253652
"Nipsnap3b","turquoise",0.982663025997695
"Lta4h","turquoise",0.87818479007056
"Ecpas","turquoise",0.689117860772009
"Xrn1","turquoise",0.599011335812829
"Mzt1","turquoise",0.859806493975285
"Dnm1l","turquoise",0.950451477053681
"Ppp1r7","brown",0.818467791188222
"Swap70","blue",0.906975288238778
"Wdr13","greenyellow",0.880085798039667
"Trim23","turquoise",0.926793495299835
"Abcc5","turquoise",0.859128578070907
"Larp1","turquoise",0.976067385078928
"Usp12","pink",0.682065569304604
"Snrpe","turquoise",0.904944316662982
"Appbp2","turquoise",0.836909222293539
"Med12l","green",0.608035284655323
"Mrpl52","turquoise",0.924235999686356
"Nmd3","turquoise",0.701386647721616
"Rab35","turquoise",0.817368885686447
"Kif21b","turquoise",0.751862190259089
"Arf6","blue",0.935746477350159
"Sp1","turquoise",0.907733986421117
"Hmg20a","green",0.589742939373881
"Irgm1","turquoise",0.705635018688586
"B3galnt1","turquoise",0.944211221202488
"Flcn","turquoise",0.944164294653077
"Phf3","turquoise",0.579131474984721
"Eif3c","turquoise",0.979206217549952
"Tet3","magenta",0.820585319450493
"Prdx6","turquoise",0.621771825163001
"Dnajc10","blue",0.844549462968941
"Trim12c","turquoise",0.830291309127168
"Pikfyve","turquoise",0.453997302446785
"Slc7a7","turquoise",0.968476398114459
"Cfdp1","blue",0.774514690248116
"Cdk6","blue",0.861359613250263
"Glrx2","turquoise",0.754231259504951
"Ylpm1","turquoise",0.852990099386495
"Selenow","turquoise",0.863133972609654
"Apex1","turquoise",0.470891864159409
"Anp32e","turquoise",0.977142603082082
"Slc35b2","green",0.917696628285308
"Wfdc17","purple",0.622169065393124
"Txndc16","blue",0.956278427416116
"Pacc1","turquoise",0.868824725756159
"Rmi1","turquoise",0.872848169384317
"Rwdd4a","blue",0.753771564706714
"Tcerg1","green",0.8048157292652
"Usp33","turquoise",0.835819795965689
"Zfp217","greenyellow",0.913034461725325
"Pafah1b2","turquoise",0.92029933232102
"Stard3","pink",0.817198142704514
"Tnfrsf13b","turquoise",0.959446474897168
"Slc44a2","turquoise",0.547505922669049
"Lbr","pink",0.698133776791056
"Dr1","turquoise",0.849261514115159
"Vcf1","red",0.881243717232251
"Ncbp2as2","turquoise",0.95593708245111
"Antkmt","turquoise",0.747612455288807
"Ubtf","blue",0.836297660580347
"Csgalnact2","blue",0.869579201721839
"Cdc16","blue",0.924500661222049
"Manba","greenyellow",0.892554698072699
"Zfp26","turquoise",0.460499841050448
"Eif4ebp1","red",0.971615330361746
"Aars1","magenta",0.8630215846635
"Gm5425","turquoise",0.944031795855356
"Chkb","black",0.886448937270149
"Tnfrsf11a","turquoise",0.848220873462377
"Tmem70","turquoise",0.773781102713527
"Cdk2ap2","turquoise",0.787678488730216
"Slc25a36","yellow",0.300563117557625
"Zfyve1","blue",0.858481483223585
"Ptpn2","turquoise",0.74877175108621
"Rabggtb","turquoise",0.980727894845616
"Immp1l","turquoise",0.924295197800876
"Galnt7","red",0.966522085009139
"Spire1","turquoise",0.874692851326881
"Mfap1b","turquoise",0.958596469072532
"Eloa","turquoise",0.978769813365406
"Etv5","turquoise",0.897458743815929
"Pank2","blue",0.762592980820891
"Fam32a","turquoise",0.671105277940985
"Rap2a","turquoise",0.819971008757704
"Sec61a1","turquoise",0.936305056444296
"Galk2","turquoise",0.834961557977998
"Rhobtb1","turquoise",0.855034483930855
"Dusp22","turquoise",0.881212281491138
"Uba6","turquoise",0.810684549709332
"Btaf1","turquoise",0.871837011919614
"Tmem109","blue",0.734162490441088
"Dnm2","turquoise",0.816185728835868
"Zfp758","pink",0.90184044178122
"Pik3cd","blue",0.92537748537235
"Dkc1","blue",0.817496672793876
"Plod1","turquoise",0.886143653691691
"Zfp639","turquoise",0.813841818597671
"Rnf11","pink",0.895186645826427
"Ergic1","turquoise",0.888088773044792
"Cir1","turquoise",0.932412209085161
"Pdzd8","turquoise",0.630457280777739
"Etv3","turquoise",0.871824653007677
"Rbbp4","yellow",0.823413787111208
"Llph","turquoise",0.756047334586144
"Mrpl3","blue",0.619908290080742
"Bod1l","turquoise",0.705501519656877
"Hexim1","turquoise",0.891542287029495
"Zfp280d","pink",0.889052524428759
"Swt1","turquoise",0.862289700719023
"Dennd1b","black",0.79442352727263
"Ccdc90b","turquoise",0.803944088474508
"Hnrnph2","red",0.933685862442871
"Clstn1","green",0.785238327056552
"Ccdc107","turquoise",0.930607610690362
"Lrrc3","turquoise",0.606204454906131
"Acvr1","turquoise",0.967213814687819
"Pepd","turquoise",0.975323633814511
"Chd8","pink",0.806044646485117
"Aamp","red",0.781112496770477
"Bcor","turquoise",0.883959868553183
"Sh3kbp1","green",0.923577753100933
"Kdm2a","turquoise",0.860296909543033
"Mrpl41","turquoise",0.899613805008893
"Ufd1","turquoise",0.895660879240908
"Zfp788","blue",0.865343023372308
"Vps18","turquoise",0.706077469769479
"Anxa4","turquoise",0.762232580567654
"Lpxn","turquoise",0.945285426972613
"Rabgap1","turquoise",0.829197913920901
"Chn2","turquoise",0.829871730552855
"Stmp1","red",0.970193640836877
"Scpep1","yellow",0.792791495179965
"Rcc2","blue",0.951430207939428
"Cpne1","turquoise",0.944891288021029
"Chmp1b","red",0.93903157428585
"Kdsr","turquoise",0.848638044722675
"Psmb4","turquoise",0.943583453335116
"Kansl1","turquoise",0.720869775608576
"Hnrnpul2","yellow",0.737030809714567
"Arap1","tan",0.433508277168503
"Rcsd1","yellow",0.946287133106467
"Ptrhd1","turquoise",0.870919300670282
"Pibf1","turquoise",0.760454263741563
"Vav2","pink",0.483166404103186
"Prdx3","turquoise",0.779504398741713
"Adrm1","turquoise",0.75383970677083
"Asb13","turquoise",0.880100088766074
"Slc30a9","magenta",0.897149213336804
"Tut7","turquoise",0.571700591830278
"Acss1","turquoise",0.921252526395566
"Cwf19l2","yellow",0.812075933015361
"Ifitm3","purple",0.444309579814045
"Psmd10","turquoise",0.877081640239414
"Erf","pink",0.862723698409654
"Ankfy1","blue",0.847073402410019
"Zcchc8","turquoise",0.969393200869633
"Cdk2ap1","turquoise",0.993814033494833
"Jagn1","turquoise",0.612910928577468
"Cds2","turquoise",0.94366692920896
"Kin","turquoise",0.852997022542149
"Lsm3","turquoise",0.972099549598523
"Impa1","turquoise",0.923055519962631
"Ccdc127","turquoise",0.794571537407383
"Ola1","magenta",0.831530171522816
"Ppp6r1","blue",0.96221047961857
"Actr10","red",0.726646549702492
"Dpcd","turquoise",0.907872357390425
"Zhx1","turquoise",0.903768368276122
"Wipf2","turquoise",0.715903494132362
"Mrpl13","turquoise",0.910684481851334
"Tmem144","turquoise",0.924688893930873
"Stmn1","turquoise",0.862913541231065
"Cant1","blue",0.940311429618064
"Usp47","turquoise",0.257131830008221
"Ganc","blue",0.74008578603044
"Khdrbs3","turquoise",0.906282945383669
"Ank2","pink",0.810495319857331
"Rmnd1","turquoise",0.807224601511372
"Slc30a5","turquoise",0.84414011102734
"Gnl3","turquoise",0.905999820524404
"Gatad2b","turquoise",0.755169283326888
"Mien1","turquoise",0.869609645994523
"Zbtb38","blue",0.631306681553397
"Chst1","turquoise",0.879889429499264
"Ufm1","turquoise",0.924097475692083
"Ifit3","purple",0.4108108183172
"Psme4","turquoise",0.760561549116269
"Zc3hav1","tan",0.7661876515275
"Ube2j2","turquoise",0.84160698222463
"Sirt7","yellow",0.85172095809784
"Polr2a","blue",0.973302622916424
"Rxylt1","turquoise",0.893090402840294
"Nudt4","turquoise",0.803436794571701
"Lrrcc1","turquoise",0.970620816640177
"Slu7","turquoise",0.679996483463466
"Ptgr2","blue",0.870451216289135
"Naglu","turquoise",0.789483971418355
"Edem3","turquoise",0.959222216414879
"Ints12","pink",0.850338816718919
"Cdc42se1","turquoise",0.758763120421763
"Atr","pink",0.783868647054458
"Cse1l","yellow",0.421675919033304
"Mzt2","turquoise",0.788392931050884
"Rps18-ps5","purple",0.806575653732394
"Erg28","turquoise",0.525071490321626
"Traf3ip3","turquoise",0.972867482477847
"Tmem131","turquoise",0.937752674995535
"Zfp992","turquoise",0.808765663081308
"Prrc2a","blue",0.5341195870421
"Lats1","turquoise",0.959725484824677
"Tm9sf4","purple",0.807275897750617
"Nucb2","turquoise",0.73848618983632
"Malsu1","turquoise",0.443333772707832
"Eif4b","turquoise",0.940321999015109
"Dynll2","turquoise",0.921210642392054
"Jade1","turquoise",0.667972832561997
"Agpat5","red",0.833181127863496
"Snrpd3","turquoise",0.803283778923549
"Tmsb10","red",0.85433817255795
"Bltp2","tan",0.959869712475717
"Prkca","turquoise",0.425461040885921
"Rtf2","brown",0.7228766947861
"Zfp386","greenyellow",0.79845944050487
"Xpot","turquoise",0.945293701049597
"Eps8l1","blue",0.701512575101888
"Ncbp2","turquoise",0.960891446186624
"Pld3","purple",0.404750600857912
"Trim34a","tan",0.564064767749759
"Echs1","brown",0.699759328131432
"Anapc1","turquoise",0.566610031957586
"Luc7l","blue",0.894655547933635
"Rab6a","turquoise",0.830908945933545
"Entpd7","yellow",0.736227065509673
"Tmem165","turquoise",0.798101595942646
"Mospd2","turquoise",0.874016385703156
"B4galt4","turquoise",0.934078641420489
"Mfsd8","blue",0.746731235000519
"Trappc1","turquoise",0.63994712847674
"Gsdmd","turquoise",0.966509723977861
"Zfp131","greenyellow",0.800211158819031
"Smad2","turquoise",0.876419266202521
"Arl5a","red",0.824271033434969
"Cxcl16","yellow",0.737353381621093
"Mrpl51","turquoise",0.674092992873473
"Rfc2","red",0.857896077172317
"Gfpt1","turquoise",0.634070225811285
"Zfyve16","blue",0.815256837658164
"Cdc37l1","turquoise",0.78111671991002
"Nfatc1","turquoise",0.59595153220555
"Psmg2","blue",0.801456124288191
"Tmem126b","turquoise",0.552965055644244
"Tatdn1","blue",0.763585079319161
"Tmem199","turquoise",0.902907540372656
"Stk17b","turquoise",0.727402933910068
"Spag7","magenta",0.917176226982
"Slc8b1","blue",0.943872525635935
"Togaram1","turquoise",0.755161310177066
"Atxn7l3b","turquoise",0.796366356069663
"Stk38","turquoise",0.881670889988203
"Spg21","turquoise",0.959578627138258
"Pum3","turquoise",0.775277844008361
"Pcm1","turquoise",0.918426727199141
"Fam168a","turquoise",0.888220568653546
"Hmgcs1","turquoise",0.501716867898865
"Dcaf12","turquoise",0.825013446062169
"Fbxo33","turquoise",0.702091241551209
"A830008E24Rik","turquoise",0.362283530746851
"Isoc1","turquoise",0.931499449903372
"Zeb2os","brown",0.711030904225536
"Zfp467","turquoise",0.831442418137468
"Scfd1","black",0.964319976561609
"Mto1","blue",0.901677536333752
"D5Ertd579e","blue",0.944134927144681
"Herc6","pink",0.726231388982889
"Trmt2a","blue",0.930673649513748
"Midn","pink",0.676307964986852
"Tmem126a","turquoise",0.731440946595313
"Naaa","turquoise",0.935621298871437
"Srp54a","turquoise",0.531167632034667
"Stambpl1","turquoise",0.911819250638533
"Tln2","turquoise",0.554161006318514
"Maf1","turquoise",0.961588116487679
"Add3","turquoise",0.811151236519901
"Epn1","pink",0.887179149345247
"Arb2a","turquoise",0.927617750076585
"Zfp91","turquoise",0.796705989175726
"St8sia4","turquoise",0.78654925832015
"Pgs1","blue",0.806390745402403
"Spty2d1","pink",0.915204419369102
"Hint2","turquoise",0.953483231689973
"Surf1","turquoise",0.982167443687884
"Ppp2r5a","blue",0.840256552331033
"P2ry10b","turquoise",0.721846583410268
"Ddx21","turquoise",0.942997929710142
"Eef1g","magenta",0.778155406294494
"Ufc1","yellow",0.898488065604492
"Txndc12","turquoise",0.934283191407799
"Slc39a7","turquoise",0.867913425004177
"Cln8","turquoise",0.773458445056488
"Isca1","red",0.588795428082287
"Insig2","red",0.963955527562069
"Cebpd","turquoise",0.940018140907029
"Klhl28","turquoise",0.870403058127134
"Aasdhppt","turquoise",0.633414578934323
"Plxna4","pink",0.895308025112935
"Smpdl3a","turquoise",0.967350370767457
"Lyrm2","turquoise",0.943251379950222
"Ccndbp1","turquoise",0.965441330723011
"Rpf1","turquoise",0.951082289924453
"Phf10","turquoise",0.937699554475631
"Ctdsp2","blue",0.975000243143045
"U2af2","turquoise",0.838177473210449
"Ubr5","turquoise",0.810181762242024
"Arf2","turquoise",0.879207690250495
"Senp7","turquoise",0.851616130936731
"Cep350","blue",0.435834257185316
"Yipf6","turquoise",0.436305727579545
"Ttc13","turquoise",0.811671214692178
"Hcfc1","pink",0.905138859599253
"Sbds","brown",0.459058616438632
"Cdk13","turquoise",0.781220983932753
"Atf1","turquoise",0.892606073874009
"Arf5","turquoise",0.759067716424655
"Mrpl14","turquoise",0.962978280932221
"Zfp68","magenta",0.954454893520337
"Vps50","turquoise",0.862571264271223
"Tk2","turquoise",0.774536775867405
"Ap3d1","turquoise",0.794437529866418
"Idua","green",0.712247854560061
"Zmynd11","turquoise",0.633355886993424
"Lrpprc","blue",0.802202096574866
"Ilf2","magenta",0.541483462205767
"Dpm2","turquoise",0.750612753525863
"Trpc4ap","black",0.621526329022157
"Phyh","turquoise",0.763093504965
"Trim44","turquoise",0.939342211249923
"Nfix","turquoise",0.969906875022472
"Cops3","turquoise",0.937320647591329
"Tmem175","turquoise",0.660163229469084
"Anapc4","turquoise",0.831269557312215
"Eif1ax","turquoise",0.766970398472507
"Zfp277","red",0.410153005453341
"Rpe","blue",0.930367287280338
"Neu1","black",0.802302079641767
"Scamp3","turquoise",0.886860963775855
"Lrrk1","blue",0.849675188288646
"Znrf1","blue",0.864477542752463
"Ndufs2","turquoise",0.91272596812393
"Rpf2","turquoise",0.869230136347765
"Ulk4","turquoise",0.966670768647719
"Peds1","black",0.726566020703323
"Strap","turquoise",0.693365864000334
"Alyref","red",0.905446983159368
"Uba7","black",0.873810941569241
"Gm3488","turquoise",0.971162108288685
"St6galnac4","turquoise",0.880155064196694
"Esf1","turquoise",0.814553329503679
"Zfp451","turquoise",0.732601739009988
"Capns1","turquoise",0.742770574936713
"Rilpl1","black",0.533322934544242
"D17H6S56E-5","turquoise",0.812469332321823
"Bax","yellow",0.693254550156548
"Ncoa2","red",0.837500447469701
"Hps4","turquoise",0.9107722263945
"Cd79b","red",0.792598783093531
"4833439L19Rik","turquoise",0.969284139781948
"Hdac1","green",0.771987486144396
"Rnpep","turquoise",0.797632032302761
"Card19","turquoise",0.807075438099481
"Fxr1","red",0.831045769701617
"Ttc39b","pink",0.755143088382098
"2510009E07Rik","red",0.993095004960292
"Frs2","turquoise",0.468450670279715
"Arl6ip6","turquoise",0.916041664781076
"Cdkn2c","blue",0.911950995555948
"Zzz3","pink",0.881793663498763
"Psmd1","green",0.760668416687364
"Bend6","green",0.575100225138653
"Ctdspl2","turquoise",0.685086987216342
"Ppil4","turquoise",0.74927975602941
"Laptm4b","turquoise",0.979350126686544
"Cdkn1b","pink",0.934826313115893
"1600014C10Rik","purple",0.639712863091109
"Cryba4","turquoise",0.953918806241063
"Kat2b","turquoise",0.934836739142017
"Arhgap25","turquoise",0.953339831932495
"Il7r","turquoise",0.676376593835243
"Cops7a","blue",0.91765828458152
"Vhl","turquoise",0.953279854792171
"Rab39","turquoise",0.844448814292355
"Timm8b","turquoise",0.706039975858002
"Fem1c","turquoise",0.906726441629746
"Parp14","yellow",0.926400046091528
"Twf1","turquoise",0.731216900127695
"Dhx30","turquoise",0.878381113319028
"Aff4","turquoise",0.828003984893618
"Dennd4c","turquoise",0.819974763051138
"Dido1","turquoise",0.966028574923458
"Polr2m","turquoise",0.846519456498569
"Senp3","blue",0.967171180773801
"Vezf1","yellow",0.58578528532208
"Cdc14a","blue",0.918752818577878
"Pkn2","yellow",0.894870453915824
"Ddx18","turquoise",0.890985044574714
"Nadk2","blue",0.803665703635701
"Rela","green",0.802490193928358
"Fbxo38","turquoise",0.716259673603236
"Crot","turquoise",0.92563389919845
"Prxl2a","turquoise",0.838163181756668
"Adam15","brown",0.814926823770403
"Ttc33","turquoise",0.960028648537032
"Rif1","turquoise",0.731762270318777
"Ensa","turquoise",0.825233586890127
"Prpf38a","turquoise",0.875241477824427
"Rnf5","turquoise",0.836368360611677
"Snapc5","red",0.929946400133857
"A630001G21Rik","turquoise",0.822097888951241
"Mtmr3","purple",0.926448911169063
"Alg10b","turquoise",0.920183997966025
"Prpf19","pink",0.605108347216178
"Hnrnpll","turquoise",0.715303764512324
"Tle4","turquoise",0.866376042335521
"Mgat1","turquoise",0.752512421146019
"Stub1","brown",0.802355200161272
"Id2","turquoise",0.812107262187714
"Sec24b","turquoise",0.903484318632865
"Cdk8","turquoise",0.821312048092217
"Pum1","turquoise",0.620850904244359
"Ddx46","pink",0.812750105684565
"Lyl1","turquoise",0.947478715823833
"Ube2h","magenta",0.671084161957539
"Ndufa11","turquoise",0.525042611838258
"Psmd3","turquoise",0.5502960791518
"Tlk2","yellow",0.94095019164928
"Creb3","red",0.81031700276992
"Nin","pink",0.953419612351466
"Sec13","yellow",0.757610348212439
"Aim2","green",0.843668934907687
"Zfp175","red",0.785558633979003
"Cdc37","turquoise",0.810248412704476
"Smarcc2","turquoise",0.770805303014945
"Ggta1","turquoise",0.944450155638304
"Rnmt","turquoise",0.907568955009424
"Sec24c","blue",0.896861003490366
"Fam210a","magenta",0.887209162594519
"Ilvbl","tan",0.876643166679084
"Wdfy1","turquoise",0.842414184243776
"Clcc1","turquoise",0.853921064827061
"Rabep1","black",0.924488491589131
"Igtp","turquoise",0.913446897998112
"Polr1f","turquoise",0.842486275351327
"Ddx50","pink",0.747877356881462
"Ncbp3","magenta",0.817926065157475
"Rictor","turquoise",0.508259753992209
"Oaf","turquoise",0.831946424478661
"Tomm5","turquoise",0.691813878068205
"Zfp622","turquoise",0.817604690208786
"Topors","turquoise",0.890416498539534
"Sh3bp5","turquoise",0.983650689379366
"Fgl2","turquoise",0.754575975950322
"Slc25a11","turquoise",0.970150196232217
"Clec7a","purple",0.42300102452167
"Gm10033","blue",0.866435333721902
"Pik3c2a","turquoise",0.89233498079082
"Exosc1","turquoise",0.728021687236631
"Naa30","blue",0.71405368247938
"Cs","yellow",0.601379626370467
"AI987944","yellow",0.657299725328592
"Tagap","turquoise",0.814255099514155
"Upf3b","turquoise",0.903784764840434
"Mllt10","blue",0.521882882240237
"Rpa3","turquoise",0.992640973398532
"Lrch3","turquoise",0.970230941888197
"Ptk2b","turquoise",0.757006816597755
"Pdlim5","pink",0.855132290555169
"Mtss1","turquoise",0.595270606766277
"Ddx52","green",0.856557724905262
"Nucb1","magenta",0.694053752334794
"Ifnar1","turquoise",0.875889852470969
"Srpk2","tan",0.831754332133162
"Ndufs1","turquoise",0.905888088964874
"Milr1","turquoise",0.831507510442664
"Diablo","turquoise",0.802139436410775
"Ogdh","turquoise",0.681793323416507
"Becn1","turquoise",0.802567889014501
"Prps2","turquoise",0.940831655177332
"Abraxas2","yellow",0.865288782550821
"Eif3i","turquoise",0.948065806055121
"Samd8","turquoise",0.914189568137857
"Gpr65","yellow",0.799158661724054
"Rassf5","turquoise",0.921071840348894
"Ankrd11","black",0.905524890393098
"Bmf","turquoise",0.934116510539982
"Borcs7","turquoise",0.965862424773561
"Fam50a","turquoise",0.923262039483117
"Phpt1","turquoise",0.861938003869354
"Galnt4","turquoise",0.843231665818534
"Ipo11","turquoise",0.864373928999784
"Ube3c","green",0.58872239676578
"Dguok","red",0.993143678481245
"Zfp422","turquoise",0.64085259496493
"Srpra","red",0.924570462740116
"Tmcc1","purple",0.86077863749546
"Exosc9","turquoise",0.783037482370114
"Phykpl","pink",0.941779742798167
"Aco2","turquoise",0.492759545644736
"Naip6","turquoise",0.851354260861002
"Kif3b","turquoise",0.898544572877126
"Rasa2","turquoise",0.745296861173332
"Surf2","magenta",0.867923879656839
"Stx8","turquoise",0.640853247793449
"Rbm27","turquoise",0.776059540944311
"Fbxl14","green",0.600143101964393
"Ankrd13c","turquoise",0.668672230490751
"Cdc40","turquoise",0.797670034708829
"Cpne3","turquoise",0.929203829673216
"Ifi27l2a","purple",0.622527362704258
"Pde4dip","blue",0.85007173216424
"Trmt13","red",0.875166371284636
"Nap1l4","blue",0.403520687778188
"Dctn3","turquoise",0.812489808724437
"Gm10222","turquoise",0.722515141759445
"Pex11b","turquoise",0.896350782023616
"Ccdc88a","tan",0.814449228300533
"Babam2","turquoise",0.860817885991494
"Ankrd13a","turquoise",0.940747461393815
"Slc46a1","turquoise",0.889875566191512
"Mrpl22","turquoise",0.297377517779428
"Usp24","magenta",0.963662057818004
"Mob1b","brown",0.753534756850423
"A430005L14Rik","turquoise",0.921644263104929
"Ppip5k2","turquoise",0.57054268748371
"Nudt16l1","turquoise",0.495991000619141
"Csnk1d","turquoise",0.913592403899272
"Camk1d","red",0.913116010777647
"Slc25a46","turquoise",0.850798894515555
"Proser1","turquoise",0.873493562568683
"Snrk","pink",0.816349494459736
"Pex7","turquoise",0.381092642563812
"Brd1","turquoise",0.69536705171069
"Caml","turquoise",0.844115814948646
"Tom1l1","turquoise",0.830599457711145
"Rdh14","turquoise",0.911233007367687
"Nudt3","turquoise",0.916980859426759
"Mak16","yellow",0.780176721103197
"Aimp1","yellow",0.403475934725035
"Gpr107","red",0.853847196592242
"Uggt1","turquoise",0.567065268014746
"Hat1","turquoise",0.754483289539236
"Mrpl20","turquoise",0.655716389196775
"Bloc1s1","red",0.93300281083025
"Rab31","turquoise",0.579976525373044
"Mrpl46","turquoise",0.816719900122917
"Wdr12","red",0.911875945853562
"Neat1","turquoise",0.725015740484073
"Slc29a1","red",0.878631249676116
"Ahsa2","turquoise",0.835775677012283
"Hapstr1","turquoise",0.832697753827769
"Ccny","turquoise",0.731088247790787
"Sf3b5","turquoise",0.231884560800672
"Atf6b","turquoise",0.878026824478018
"Add1","turquoise",0.880583626397441
"Ate1","turquoise",0.580244890968368
"Nhp2","turquoise",0.962398168619686
"Pin4","turquoise",0.939565235384784
"Rchy1","turquoise",0.951301956487409
"Rab3gap2","turquoise",0.929560606022207
"Tomm22","turquoise",0.659801649331829
"Scaf8","turquoise",0.906400630057186
"Rfk","turquoise",0.933869722482243
"Gopc","red",0.944680118669283
"Ldb1","brown",0.896110334406528
"Cdc5l","turquoise",0.870677049380022
"Tmem184b","yellow",0.899570594029616
"Nsmaf","turquoise",0.796298664793182
"Erlec1","turquoise",0.720496268170232
"Mbtps2","pink",0.848331876369973
"Tnpo2","blue",0.943260586590481
"Pdap1","turquoise",0.969075368070435
"Zfp260","turquoise",0.792538710273207
"Sh3bp1","blue",0.841420813612381
"Cyb5r1","pink",0.774655583292539
"Mrps15","turquoise",0.951334589076038
"Grk3","blue",0.744733493574684
"Ppp5c","blue",0.869734870391731
"Gmcl1","pink",0.865412142820945
"Amz1","purple",0.930146681582593
"Pilra","turquoise",0.957471970498631
"Fry","blue",0.946697093936353
"Avl9","turquoise",0.600908204395434
"Dipk1a","red",0.915952972512135
"Sacm1l","turquoise",0.93708668544879
"Fam120b","turquoise",0.820500268447678
"Capn7","turquoise",0.922147697129597
"Pno1","turquoise",0.875824442994787
"Ldah","green",0.764996433700008
"Nlk","blue",0.693464592273138
"Zwint","turquoise",0.761549150325121
"Vrk2","green",0.654723360915581
"Ahcyl1","red",0.898901680276694
"Casc3","turquoise",0.389109786364347
"Gm34589","turquoise",0.855298556019275
"Vta1","magenta",0.949202512129562
"Gmpr","turquoise",0.796911823406402
"Ank","tan",0.917502669257475
"Abr","turquoise",0.896758395529163
"Mrpl43","turquoise",0.960582597450533
"Usp7","turquoise",0.895121017096791
"Man2a2","green",0.926634291041592
"Cgas","turquoise",0.936520584731515
"Rpain","turquoise",0.981899437076867
"Kcmf1","yellow",0.944804545131752
"Dnajc24","turquoise",0.943056279636557
"Katna1","turquoise",0.978189395413279
"Nrdc","turquoise",0.563826018539716
"Erlin2","turquoise",0.955753064298964
"Cnih1","turquoise",0.641736792836335
"Sipa1l1","green",0.919684405240396
"Rpl9-ps6","blue",0.560097713882315
"Ciao2b","turquoise",0.839302378404372
"Epm2aip1","turquoise",0.714839884330103
"Casp6","red",0.948103562424396
"Nhlrc3","red",0.859010727413441
"Adrb1","turquoise",0.680797078343025
"Rnf141","black",0.718856091720717
"Zfp329","turquoise",0.70183153556146
"Lpgat1","turquoise",0.664556645769763
"Prkaa1","turquoise",0.666528083532527
"Wasl","turquoise",0.92961596569301
"Parvg","turquoise",0.814301048435359
"Cul5","turquoise",0.717861132710093
"Crebrf","green",0.907472694723093
"Tes","turquoise",0.846982186240695
"Arl3","turquoise",0.757181293616708
"Cenpx","turquoise",0.51245359057698
"Pik3cb","pink",0.76637105011099
"Kif2a","turquoise",0.828893475014321
"Galc","yellow",0.896919647130963
"Sf3b4","yellow",0.302710075642325
"Ccng1","turquoise",0.905250842835138
"Nfx1","turquoise",0.96085517768449
"Klhdc2","turquoise",0.952272517976855
"Stat3","turquoise",0.653247024148081
"Stx5a","turquoise",0.852474717210333
"Gmps","yellow",0.854445533413504
"Eya4","turquoise",0.727055894282956
"Hspa1a","blue",0.52952336568412
"Fbxo8","turquoise",0.883761032010116
"Ccnd1","turquoise",0.93713995429422
"Maml3","purple",0.871163658628313
"Mdp1","turquoise",0.884857621059884
"Ice1","turquoise",0.873051727606395
"Tbc1d14","turquoise",0.926494250794576
"Nr2c2","purple",0.921231445042179
"Smurf2","blue",0.900512082002552
"Mms19","yellow",0.916080848899587
"Hgsnat","magenta",0.546428703088567
"Vps26c","turquoise",0.906056857038008
"Rnf19b","turquoise",0.982603438145239
"Virma","turquoise",0.60106361848047
"Scai","pink",0.853723426549079
"Dtnbp1","turquoise",0.675317508407765
"Rbm4b","pink",0.865993010248286
"Zbtb37","turquoise",0.411138129262307
"Idh3a","turquoise",0.819545101555636
"2410004B18Rik","turquoise",0.941713857413046
"Nkap","turquoise",0.892001668282166
"Akna","turquoise",0.941489077179117
"Pxdc1","turquoise",0.941547520776274
"Arl11","turquoise",0.667873022850364
"Sccpdh","red",0.867452371369171
"Slfn8","yellow",0.797988946722657
"Mtres1","red",0.813729261540255
"Pstk","blue",0.927350279027997
"Dlg1","turquoise",0.913305532831449
"Mgst3","turquoise",0.928162527403358
"Sfmbt1","blue",0.770749456951935
"Kansl2","turquoise",0.898301608065507
"Trp53","turquoise",0.904057981116841
"Dcaf5","turquoise",0.512167340411057
"Commd9","turquoise",0.82885937804609
"Ppm1a","red",0.842387340130758
"Zfp944","turquoise",0.807813530143922
"Rab10os","turquoise",0.905089314571017
"Lrp6","yellow",0.729085074048753
"Tsga10","turquoise",0.467403915670741
"Il21r","turquoise",0.971451421659273
"Slc38a1","tan",0.880730915787994
"Snrpd1","turquoise",0.833166439902993
"Parp9","turquoise",0.885067285787341
"Pbx2","greenyellow",0.507386962027797
"Gm3636","turquoise",0.94931545746396
"Myo1b","turquoise",0.726160463757228
"Pgls","green",0.630844268002013
"Cand1","red",0.867116552063111
"Faf2","yellow",0.786292535575859
"Mrps24","turquoise",0.948630632607388
"0610030E20Rik","turquoise",0.905036639456698
"Fam118b","magenta",0.886141634459232
"Tspyl1","turquoise",0.924925630204784
"Copb2","turquoise",0.967104749434275
"Gpatch8","turquoise",0.676918328902139
"Sfi1","blue",0.770216248338463
"Gpr137b-ps","tan",0.880023913645854
"Mmadhc","turquoise",0.942058310056571
"Wdr43","turquoise",0.785901389658857
"Elp5","blue",0.867511716901501
"Fabp5","purple",0.708341884667271
"Pdcl","turquoise",0.701251803037776
"Mrps25","turquoise",0.488505747348756
"Imp4","red",0.896691957925289
"Fundc2","turquoise",0.781193783299525
"Mrpl58","turquoise",0.849209574994784
"Dbt","turquoise",0.802832584264917
"Ddhd1","purple",0.692691413292188
"Chm","red",0.887783566176929
"Gstm5","red",0.905015182162287
"Arhgap39","blue",0.865869845260547
"Kdm3b","yellow",0.814616050276958
"Aagab","pink",0.862490960287452
"Spred2","turquoise",0.932852509184085
"Tnfaip3","turquoise",0.915081449478582
"Htatsf1","turquoise",0.904193140033042
"Nsfl1c","turquoise",0.771605547933754
"Psmb5","turquoise",0.847092039638806
"Platr25","turquoise",0.737825469762238
"Rnf38","turquoise",0.789844034578996
"Gm3739","turquoise",0.875491912952314
"Brd10","turquoise",0.666091059042768
"Myh9","purple",0.796417161303939
"Polr2e","yellow",0.868312285523849
"Gpd1l","blue",0.899631489936014
"Mgll","yellow",0.755291523077717
"Atf6","turquoise",0.783467544481337
"Lamtor3l","turquoise",0.887228417610237
"Ralb","red",0.816094219590302
"Agfg1","pink",0.804142915505929
"Ctps2","magenta",0.950419825609747
"Aktip","turquoise",0.72469718602959
"Elp2","turquoise",0.865576077993517
"Hikeshi","turquoise",0.882752956167566
"Tbc1d5","turquoise",0.937979083759268
"Carnmt1","turquoise",0.897519291868874
"Sf3a3","turquoise",0.796276764965236
"Klk8","red",0.897604325045747
"Tmem35b","turquoise",0.481789558495002
"Atp5f1d","turquoise",0.858643952144819
"Rasa4","turquoise",0.723799130537113
"Slc15a4","turquoise",0.743423561231881
"Use1","turquoise",0.578463014656034
"Foxj2","blue",0.941635394436003
"Katnip","blue",0.849599882739184
"Npnt","turquoise",0.636163244069955
"Atad2b","green",0.745489628022793
"Dnajc14","turquoise",0.821939583125293
"Mavs","turquoise",0.889719573617166
"Pqbp1","green",0.658803863861395
"Sash3","turquoise",0.927614384965811
"Cryl1","pink",0.789126105659167
"Dyrk1a","yellow",0.758708009264056
"Hax1","turquoise",0.958968204861362
"Sap25","turquoise",0.662222693534262
"Clock","turquoise",0.561126304471468
"Puf60","turquoise",0.94699067852866
"Cdc42se2","blue",0.724006992492573
"Ankib1","magenta",0.918984190546519
"Csf2ra","turquoise",0.923245589752295
"Cdipt","red",0.491776715977734
"Mef2d","turquoise",0.901844569897268
"Ip6k1","yellow",0.936086217779784
"Cstf2t","turquoise",0.81401174170786
"Tmem65","turquoise",0.663294752194166
"Slc31a2","turquoise",0.798722044325076
"Mrpl32","pink",0.715113952694121
"Dtx3l","turquoise",0.878787405683349
"Cyc1","turquoise",0.7588794097305
"Cdv3","turquoise",0.481046826140596
"Iah1","turquoise",0.650032202533075
"Otud6b","blue",0.95646545373482
"Mea1","red",0.849842178783095
"Stk4","turquoise",0.684487453026712
"Tex261","yellow",0.569938198903614
"Dcaf17","turquoise",0.434172914020156
"Dnajb1","turquoise",0.762737746076115
"Yaf2","turquoise",0.927505030586367
"Srrt","turquoise",0.68973239980094
"Sh3bgrl","yellow",0.718534930058075
"Ptn","yellow",0.817865748677062
"Prkab1","turquoise",0.909623339573296
"Hps5","pink",0.849923535885837
"Poglut1","turquoise",0.913615612472127
"Klf7","grey",-0.0151384974562222
"Ercc5","turquoise",0.766539716073989
"Rbm17","turquoise",0.388098494973719
"Steep1","turquoise",0.728550971421616
"Ube2z","purple",0.835996288276881
"Chp1","turquoise",0.959781995471598
"Zdhhc13","turquoise",0.97799877998228
"Tmem230","red",0.947364430802355
"Ap3b1","black",0.813307735606506
"Npepps","turquoise",0.920271384329107
"Bcl2a1a","turquoise",0.834407479299555
"Cep152","turquoise",0.877948025490288
"Cuta","green",0.817148600867321
"Abhd16a","turquoise",0.978124215313274
"Ppp6r3","turquoise",0.71303510396675
"Wbp11","turquoise",0.951872173667556
"Qng1","turquoise",0.802038205078459
"Eri3","blue",0.827256099465056
"Gm14430","turquoise",0.63313069120203
"Ptcd3","turquoise",0.562911713513034
"Galnt2","turquoise",0.851174133995086
"Ubfd1","pink",0.943312057189894
"Nnt","turquoise",0.771670485151395
"Brd9","magenta",0.870840100693049
"Chd6","red",0.918382152067369
"Ipo5","turquoise",0.955716235516552
"Ing4","turquoise",0.85197261366471
"E2f3","turquoise",0.86347893363171
"Mboat7","turquoise",0.817976598448139
"Dpp8","green",0.65947538149666
"Rxra","grey",0.0831724872051429
"Stam","turquoise",0.77695326165434
"Cacul1","magenta",0.790907055137193
"Max","turquoise",0.803484078546687
"Tef","tan",0.959363425602183
"Psip1","turquoise",0.882451347414005
"Mbip","turquoise",0.944928248798603
"Atl2","pink",0.919672956900395
"Ebi3","red",0.775293071525376
"Akr1b1","brown",0.834384812850701
"Sec24a","turquoise",0.774268554178655
"Ddx24","turquoise",0.113486362071053
"Slc35b3","turquoise",0.875096405012525
"Dync1li1","turquoise",0.87502892656729
"Gm45871","black",0.818413080549192
"Arrb1","pink",0.867282587313834
"Prelid1","red",0.894544654712886
"Uqcc4","turquoise",0.937312716074846
"Mesd","green",0.85077845997667
"Adgrl2","turquoise",0.633428292805021
"Ralbp1","turquoise",0.831598409354585
"Ppp4r1","blue",0.733846686984338
"Ago1","tan",0.75551282336286
"Abhd17b","turquoise",0.870643281125556
"Eno3","turquoise",0.956180727465651
"Gpr146","turquoise",0.866372654648005
"Iars1","turquoise",0.743839992797197
"Esco1","yellow",0.669681873935191
"Krr1","turquoise",0.617886861677957
"Fam204a","turquoise",0.951279785934597
"Tbc1d16","turquoise",0.882054230791759
"Pcyox1","turquoise",0.730822125628141
"Clcn7","blue",0.925374094303084
"Nop56","black",0.623912611925125
"Mrpl4","black",0.659853175174032
"Ifrd1","turquoise",0.863376022816365
"Cfap68","red",0.968795945821692
"Fam114a2","turquoise",0.887965155528532
"Dgkz","yellow",0.74863210684253
"Tada1","turquoise",0.69765481322641
"Hdgf","turquoise",0.964008930989899
"Braf","yellow",0.784731850690491
"Znfx1","tan",0.959031128448025
"Gadd45gip1","turquoise",0.815625352785144
"Slfn5","purple",0.846763983388544
"Tyk2","turquoise",0.858519995737577
"Pex3","turquoise",0.900903391616265
"Phf23","greenyellow",0.936930261733127
"Mtmr2","black",0.836322031219931
"Mrps18a","turquoise",0.793918934378645
"Rn7s1","red",0.826810563378146
"Rest","turquoise",0.774430852763049
"Sap18b","blue",0.899347640830617
"Plin2","purple",0.626765445262776
"Tars1","turquoise",0.831575133975247
"Syap1","turquoise",0.956470595358245
"Trmt10c","brown",0.795785153369664
"Abhd13","turquoise",0.769909205086168
"Mprip","yellow",0.928965643749916
"Aifm1","turquoise",0.694792887178658
"Rnf10","turquoise",0.849189083309143
"Pfdn4","turquoise",0.751194147527063
"Armc8","turquoise",0.625221449431939
"Slk","turquoise",0.87289039210566
"Phb2","red",0.815926773255528
"Aldh6a1","turquoise",0.443509358574296
"Eif3b","tan",0.959287992560527
"Mrpl47","turquoise",0.795275332145691
"Marchf5","turquoise",0.646277505642466
"Elof1","turquoise",0.7965886658937
"Tob2","turquoise",0.833524609064257
"2510039O18Rik","pink",0.370925627860968
"Zfp157","turquoise",0.592640563480364
"Snx30","red",0.821459608759418
"Kdm5c","blue",0.94093366690699
"Pank3","yellow",0.786592916858639
"Ehmt1","turquoise",0.861917689789138
"Rab40c","turquoise",0.982597436605814
"Fam136a","turquoise",0.916170972620677
"Trim33","pink",0.937191804509664
"Dok1","blue",0.679388697706941
"Taf10","turquoise",0.814917016706053
"Map7d1","turquoise",0.948070448794899
"Nudt9","turquoise",0.673428970337815
"Pacs2","turquoise",0.846055354145405
"Hectd1","red",0.963949736089556
"Bcl2l1","magenta",0.666114830150371
"Stau1","magenta",0.716521229487624
"Galnt11","blue",0.923078185822019
"Spin1","turquoise",0.854345358283563
"Bco2","turquoise",0.947698706343739
"Btk","blue",0.819731122098213
"Nck1","red",0.964248227333365
"Helz","brown",0.863415583392504
"Cbll1","turquoise",0.874025624287759
"Gm10689","purple",0.78920597125024
"Blvrb","turquoise",0.824883052890825
"Lactb2","turquoise",0.896236567603096
"Mrgbp","black",0.862944998714913
"Cpsf2","turquoise",0.920595480921805
"Cbr4","black",0.769012548141203
"Alg8","turquoise",0.950122001154236
"Fcgr4","turquoise",0.844521077516377
"Emc10","turquoise",0.948412134671507
"Dbnl","turquoise",0.908175038595424
"Gabarapl1","green",0.667653941780855
"Rwdd1","yellow",0.882055183836647
"Apip","turquoise",0.836208605319786
"Dipk2a","turquoise",0.834602573065649
"Snapc3","red",0.752333354017446
"Fut11","magenta",0.909486232520107
"Zfp384","turquoise",0.852442876253874
"Rps6ka5","pink",0.955465588944689
"Pigb","turquoise",0.900036869587239
"Msmo1","magenta",0.911274258972255
"Galnt12","turquoise",0.859759043312273
"Lemd3","turquoise",0.591486274987956
"Usp1","turquoise",0.862962286894866
"Zfp266","turquoise",0.82974842482338
"Chtf8","turquoise",0.796333782814533
"Ro60","pink",0.893115807317103
"Usp40","turquoise",0.85399435667737
"Clk2","blue",0.755645980087866
"Camkk2","turquoise",0.878065161062161
"Otud5","turquoise",0.830646135222593
"Htra2","turquoise",0.94611991772508
"Taf7","red",0.98076269426017
"Copg1","green",0.580264421857258
"Gabbr1","pink",0.789085018416887
"Nfic","turquoise",0.767119437239409
"Ppp2r5e","blue",0.812872480151226
"Mrps34","turquoise",0.975210102354064
"Zdhhc5","yellow",0.894193601648336
"Mfsd5","turquoise",0.688854656799699
"D6Wsu163e","turquoise",0.918813940553337
"Cmklr1","greenyellow",0.940885587668977
"Sorl1","blue",0.91187388439755
"Pdcd4","black",0.752085437584331
"Abcb1b","turquoise",0.893083272075852
"Cln3","turquoise",0.927238534602005
"Myo9b","greenyellow",0.903964276716773
"Trim26","turquoise",0.874522384067599
"Eef1e1","yellow",0.75853913494136
"Zfp869","magenta",0.883318561238962
"Jup","turquoise",0.470597018324623
"Dnpep","turquoise",0.84763475100767
"Golga4","turquoise",0.770884451070963
"Ccnd3","blue",0.43600475628819
"Firre","pink",0.891129384881648
"Gnpda1","turquoise",0.460184722002763
"Gars1","blue",0.780325162076236
"Golim4","pink",0.935992144030218
"Lats2","turquoise",0.827403165734213
"Lst1","turquoise",0.34769261128769
"Eif4g1","turquoise",0.92668469632594
"Smc3","magenta",0.920053655194183
"Tmem41b","magenta",0.78449383774683
"Gnpnat1","turquoise",0.927669578790019
"Sema4c","turquoise",0.72934874138455
"Mitf","pink",0.928220615240625
"Suclg2","red",0.990005532502771
"Bri3","turquoise",0.853902920878646
"Fbxl4","turquoise",0.924139176763599
"Parl","turquoise",0.508996350147513
"Jrkl","turquoise",0.90877474497713
"Stk25","turquoise",0.957362075007311
"Rpl3-ps2","turquoise",0.827216617197867
"Slc39a8","turquoise",0.875019302748861
"Ggps1","yellow",0.9139860066066
"Smim27","turquoise",0.961015446277056
"Noc2l","turquoise",0.953478466925193
"Socs5","turquoise",0.869800790636018
"Msantd2","turquoise",0.738884022487052
"Ube2d1","turquoise",0.674251383125229
"Vamp5","green",0.595162691213762
"Alas1","turquoise",0.912996938288117
"Rbmx","turquoise",0.646225014045415
"Mynn","blue",0.809128459753657
"Katnbl1","turquoise",0.668845810626679
"Tmem161b","turquoise",0.845229183669839
"Glod4","turquoise",0.792075173224063
"Lpin1","turquoise",0.674555357857673
"Nubp1","magenta",0.479425670157648
"Mrpl27","turquoise",0.873651527710832
"Pold4","turquoise",0.810824900462597
"Ctbp1","purple",0.877369801958055
"Uvssa","purple",0.80386154055139
"Tgm2","turquoise",0.971082204311142
"H1f0","turquoise",0.711693987593942
"Ubr1","yellow",0.923155096175691
"Dph3","turquoise",0.744588819504184
"Paqr7","brown",0.738922854664379
"Pak1","brown",0.748244322359657
"Zfp691","turquoise",0.771585193781706
"Gpsm3","turquoise",0.930620225867766
"Brip1os","turquoise",0.664337510776514
"Samm50","turquoise",0.512141084095391
"Lin37","blue",0.747460450121813
"Gimap9","yellow",0.708520477553693
"Snhg3","turquoise",0.978018271651588
"Bmpr1a","yellow",0.674577833402135
"Mapk1ip1l","turquoise",0.618270464134785
"Rps6ka3","turquoise",0.755026625221546
"Tsfm","blue",0.6013133096659
"Ttc3","red",0.917189227253683
"Rbms1","turquoise",0.793218877406925
"Mrpl57","turquoise",0.604005471208421
"Maged1","turquoise",0.923135228529036
"Zmat1","pink",0.875822339993637
"Pogz","pink",0.893368876756157
"Peli2","turquoise",0.861809241842571
"Tpi1","brown",0.814085662176927
"Rbm12","black",0.791754731907066
"2810403D21Rik","blue",0.904544529712538
"Tmem161a","turquoise",0.920584472121742
"Oat","turquoise",0.94295562123482
"Ints6","turquoise",0.697519277381871
"Gclm","turquoise",0.509729814047966
"Nek9","magenta",0.951537725928827
"Ndufb4b","turquoise",0.94644423830203
"Ebpl","green",0.678026031138055
"Arid5b","brown",0.888672046617609
"Meaf6","turquoise",0.855902550186436
"Plcg1","turquoise",0.77658838512994
"Hes6","yellow",0.533268350046162
"Nhlrc2","turquoise",0.888627116290024
"Acsl1","turquoise",0.411136127675749
"Evi2b","turquoise",0.49507883447777
"Zmat2","turquoise",0.807869107705814
"Glipr1","yellow",0.89899802320507
"Naga","turquoise",0.883842316555354
"Wdr77","purple",0.846078443722189
"Khdc4","turquoise",0.906404449178135
"Mosmo","turquoise",0.766227482313177
"Slc35f5","turquoise",0.930285618606005
"Lrrc25","red",0.828025445763113
"Suco","yellow",0.528567895311727
"Khnyn","blue",0.961029212986303
"Rspry1","yellow",0.797972988591133
"Ado","green",0.783241841355053
"Nfkbiz","tan",0.898299974567437
"Manea","red",0.850385765798051
"Chchd3","turquoise",0.905069447133474
"Maz","blue",0.812443267517986
"Hccs","magenta",0.940190794315426
"Wwp1","turquoise",0.8927747565385
"Stam2","turquoise",0.891139619388214
"Ankrd49","yellow",0.854149146153576
"Vps13d","blue",0.43580575666196
"Emc1","turquoise",0.501766561050944
"Rpl5-ps2","purple",0.84385693831942
"Elk4","greenyellow",0.898662748555514
"Per3","pink",0.870512833807189
"Znhit1","turquoise",0.870323818848264
"Socs4","turquoise",0.907225655563997
"Polb","pink",0.851399036541704
"Bloc1s2","turquoise",0.827986998447603
"Qser1","black",0.816525087591953
"Clu","magenta",0.972486478430426
"Cd151","turquoise",0.914560606240735
"Mbp","magenta",0.47952584786495
"Zbtb44","magenta",0.720206420413523
"Ralgapa1","turquoise",0.733753610353133
"Fbxw2","turquoise",0.508759888242919
"Rlim","red",0.878937845771312
"Alg11","yellow",0.955689657982212
"Mrps9","turquoise",0.745215714866092
"Foxp1","black",0.898375085643888
"Trappc13","turquoise",0.622934662597429
"Zfp433","turquoise",0.872934799733655
"Tmem134","turquoise",0.66872119310812
"Plekha2","turquoise",0.613591322142729
"Tsen15","green",0.702004893084783
"Mrps10","red",0.912219546707966
"Trmt11","turquoise",0.732780861528442
"Mybbp1a","purple",0.723833543970251
"Fmnl2","turquoise",0.907217403492563
"Ube2s","turquoise",0.214867829812544
"Emp3","yellow",0.852660594302362
"Ssna1","brown",0.4026331392225
"Ilf3","turquoise",0.781009414112772
"Zfp512","turquoise",0.74378398019331
"Tpm3-rs7","purple",0.809468153945614
"Phf20","turquoise",0.889016555579723
"Zdhhc6","pink",0.58228718408032
"Scyl3","turquoise",0.809285437753893
"C9orf72","turquoise",0.528633994535578
"Fbxo7","greenyellow",0.745824380148345
"Paf1","turquoise",0.900464245849145
"Armc5","blue",0.88637260926775
"Tmem204","turquoise",0.905499914186344
"Trp53inp1","turquoise",0.620601658405871
"Lsm1","yellow",0.717033917021243
"Atp6v0a1","turquoise",0.432785740200591
"Ubxn7","green",0.665513450956868
"Arnt","turquoise",0.746930036841239
"Eif4enif1","turquoise",0.855985253679204
"Usp22","turquoise",0.932091135413295
"Aldh7a1","turquoise",0.683310790389905
"Akt1","blue",0.722782798831351
"Mindy3","turquoise",0.901035165549018
"Btbd7","red",0.959522653003938
"Ccnc","red",0.956191051362215
"Cstf3","pink",0.805186540829203
"Mtch1","turquoise",0.849488020097377
"Med30","turquoise",0.558630083273703
"Aak1","blue",0.92107566734355
"Mob3c","turquoise",0.955670154639446
"Nop53","yellow",0.590728909447
"Rbm28","turquoise",0.885470743645316
"Elovl5","turquoise",0.899967316017769
"Utp3","yellow",0.822706363365149
"Ppm1m","blue",0.977845246182536
"Mrpl21","magenta",0.748424947723715
"Alkbh6","red",0.856789763035008
"Mbd2","turquoise",0.933727889931143
"Rnft1","yellow",0.909585268047316
"Pla2g7","yellow",0.817368178986918
"Hspa14","turquoise",0.905223324229154
"Rab12","red",0.92414044627147
"Mbtps1","blue",0.823030733271258
"Irf9","turquoise",0.658728209619294
"Fam217b","pink",0.875057425030168
"Polr2c","turquoise",0.865222664984736
"Rnf180","turquoise",0.858692590541853
"Rprd2","purple",0.436476672073582
"Gak","turquoise",0.889384647303944
"Slc43a2","turquoise",0.934267741594968
"Flvcr1","turquoise",0.721517184103747
"Med14","turquoise",0.790821311606874
"Zfand1","turquoise",0.81749222258065
"Triap1","turquoise",0.80292272544504
"Pole4","turquoise",0.867418256585984
"Ago3","red",0.623916212977667
"Safb","turquoise",0.614751437679492
"Rnf216","turquoise",0.910112051775918
"Man2a1","yellow",0.911296667665887
"Gt(ROSA)26Sor","turquoise",0.745288028986483
"Plekhj1","yellow",0.848381946907185
"Ing3","blue",0.730069129776916
"Tmem219","turquoise",0.908544205259109
"Snx14","turquoise",0.700234732265615
"Dicer1","greenyellow",0.559689813816502
"Mars1","turquoise",0.947577806443939
"Fam8a1","pink",0.859713586882433
"Oxa1l","turquoise",0.805205530739045
"Cep70","red",0.68149552201313
"Ptrh2","turquoise",0.92333406679632
"Snx1","yellow",0.921008480259566
"Stambp","red",0.903521530053768
"Saysd1","green",0.746260219484421
"Pja1","turquoise",0.913231069005578
"Dcp2","turquoise",0.788433111991817
"Elf2","pink",0.880710268638589
"Dcaf7","turquoise",0.931664732394516
"Naalad2","turquoise",0.906318644863462
"Phc3","red",0.397454349468864
"Rnf20","red",0.954440112042097
"Tln1","red",0.841212628355836
"D3Ertd751e","green",0.751807062016159
"Rnf34","turquoise",0.685668140599006
"Nudcd2","turquoise",0.815833139696172
"Hycc2","red",0.726695596066465
"Mfhas1","red",0.89641446812127
"Ccm2","green",0.673550278366243
"Creld2","magenta",0.905694225031012
"Khk","turquoise",0.755771264038708
"Gid8","turquoise",0.964977411636858
"Snx19","turquoise",0.793609997862961
"Il4ra","turquoise",0.911652938011607
"Actn4","red",0.868730048050045
"Gbp9","black",0.729923882778848
"Nudt21","magenta",0.950362480705004
"Ermard","turquoise",0.698728049930723
"Serpine1","turquoise",0.890866134205977
"Arhgap9","turquoise",0.927129643722891
"Atxn3","turquoise",0.959085209900088
"Phf11d","brown",0.913652169340582
"Rtcb","magenta",0.905494201521858
"Usp35","black",0.895378599785295
"Gps1","turquoise",0.541565288027185
"Cast","yellow",0.899670779682815
"Zbtb34","yellow",0.631685658201299
"Ppp1r9b","purple",0.798087364513147
"Pgrmc2","pink",0.892043135372152
"Zbtb14","turquoise",0.801951164954801
"Safb2","turquoise",0.738388090752306
"Tmem140","green",0.634264993325985
"Ric1","black",0.655636996258562
"Akap11","tan",0.801382079414134
"H1f2","red",0.850014683392948
"Rffl","turquoise",0.850667378032352
"Prpf8","red",0.930561890509048
"Sap30","turquoise",0.894847279015441
"Tmed8","turquoise",0.721496946506799
"Cyren","green",0.613129466856931
"Ptprs","pink",0.877648734579494
"Ddx42","turquoise",0.7793621523824
"Ikzf2","purple",0.839339057277019
"Rnf220","yellow",0.955313221626774
"Nt5c2","magenta",0.834519028001545
"Eml4","red",0.967723204794471
"Ep400","turquoise",0.612154881080409
"Pin1","black",0.747931687569742
"Ppp1r14b","turquoise",0.896079413043075
"Map3k8","turquoise",0.823905709790642
"Rnasel","turquoise",0.866635816446408
"Icosl","turquoise",0.766209687538097
"Ythdf1","pink",0.721642522464259
"Coa8","turquoise",0.829523800856086
"Nit2","yellow",0.450276495248559
"Cep57","magenta",0.915690071615401
"Ugdh","turquoise",0.804208908095045
"Mettl3","blue",0.887295753347337
"Pkd2","pink",0.79928184131387
"Gmpr2","green",0.871962867115111
"Nop58","red",0.807860131202348
"Blcap","pink",0.913481385124849
"Fnip2","blue",0.711273999772996
"Tmem106a","turquoise",0.840487408484838
"Rmc1","turquoise",0.889128601079358
"Mcat","blue",0.665622788577364
"Gripap1","pink",0.666092359496655
"Pmpcb","turquoise",0.87077177388386
"Gm2237","turquoise",0.944272727922441
"Dmxl2","blue",0.839997540313358
"Mapk1ip1","green",0.726449779896353
"Kpna1","red",0.971041894810837
"Slc26a2","turquoise",0.565223476150801
"Slc24a3","blue",0.780890374256562
"Uap1","turquoise",0.868678829043562
"Bsdc1","turquoise",0.726921616177638
"Anapc2","turquoise",0.912561907172948
"Mtln","turquoise",0.969544592269133
"Zfp472","turquoise",0.851522822112581
"Tmem242","turquoise",0.877203767047347
"Stip1","green",0.896475671113735
"Nfyb","turquoise",0.703207116979976
"Gaa","turquoise",0.538790841694468
"Opa1","red",0.718421141746631
"Ddx1","yellow",0.931816157080488
"Mphosph10","turquoise",0.811347360009079
"Slc25a51","purple",0.850848034372825
"Cfap97","red",0.674219875148648
"Tmem237","red",0.883171069904027
"Slc15a3","turquoise",0.881746186991754
"Pik3r5","pink",0.798720539271574
"Uckl1","turquoise",0.717541377284001
"Sec61a2","yellow",0.89266092886687
"Ascc3","turquoise",0.582544557215599
"Pcnt","black",0.80790822625164
"Ptdss1","turquoise",0.794832679285042
"Mapkapk2","turquoise",0.849163996039902
"Pphln1","tan",0.922765413738147
"Susd6","yellow",0.68996026592307
"Lsm4","turquoise",0.454998450519483
"Nasp","turquoise",0.747742714113912
"Polr2b","turquoise",0.935201441253715
"Agap3","blue",0.88698462710451
"Ss18l2","turquoise",0.922602994115497
"Zfp560","turquoise",0.685077128465993
"Mphosph8","magenta",0.933423038340517
"Car2","greenyellow",0.808398677628749
"Otud1","turquoise",0.746559020354209
"Osbp","turquoise",0.827967058543401
"Ttc9c","black",0.292623789613253
"Armcx3","pink",0.898626565513565
"Alg6","turquoise",0.718797899351927
"Aldh3a2","green",0.736745078246762
"Arhgap31","magenta",0.943633332833401
"Ltn1","turquoise",0.717498438674613
"Dap3","turquoise",0.643479897063937
"Mxi1","yellow",0.815899586039575
"Tigd2","yellow",0.810495269623033
"Ubxn8","turquoise",0.664455684604504
"Sos2","turquoise",0.866603404445911
"Crat","magenta",0.953725160196501
"Patl1","turquoise",0.86423581287107
"Alkbh5","blue",0.829665525179551
"Zfp330","red",0.822781921023255
"Ssrp1","turquoise",0.815181187199334
"Ankhd1","red",0.897946634302196
"Snx27","turquoise",0.960356359173209
"Pdzd11","turquoise",0.869209275009524
"Psmb9","magenta",0.909431922604811
"Prrc2b","turquoise",0.816038302497127
"Scap","blue",0.761570462015449
"Ahcyl2","blue",0.92586977962583
"Cpq","magenta",0.973906525465565
"Actr6","red",0.811263093949141
"Zfp318","yellow",0.86434961637856
"Rsrc1","green",0.970161304564867
"Rps3a3","turquoise",0.789849769345376
"Mbd1","turquoise",0.875913660722766
"Trim27","turquoise",0.880074073370203
"Tal1","magenta",0.769388438614084
"Zfp760","turquoise",0.843386579698536
"Zscan29","turquoise",0.646085373041901
"Lpp","tan",0.92002134390065
"Rnf166","blue",0.850285543516636
"Lage3","turquoise",0.465608545855977
"Hmbox1","blue",0.816976739371838
"Aig1","yellow",0.666120449156499
"Dop1b","turquoise",0.55560246991171
"Ebag9","turquoise",0.724075597959528
"Miga1","greenyellow",0.808344855456786
"Tnks","pink",0.89988376662653
"Rbm18","red",0.973451024922145
"Psen1","magenta",0.975493606684741
"Clgn","blue",0.412682658151127
"Kdm3a","red",0.988109321445865
"Csnk2b","turquoise",0.943848270129129
"Asnsd1","turquoise",0.885252131332283
"Smim8","turquoise",0.897670580398059
"Nudc","yellow",0.817750031063062
"Tle5","turquoise",0.688320774702229
"Crls1","turquoise",0.880888961424314
"A730008H23Rik","brown",0.830800600454906
"Gm10036","turquoise",0.894573441004408
"Cep15","green",0.500529566899067
"Rnf114","turquoise",0.623739582508088
"Ppp2r1b","turquoise",0.845886599232469
"Atg12","red",0.682727363847628
"Tfdp1","turquoise",0.931536055082789
"Wdr75","turquoise",0.870675962807138
"Igip","turquoise",0.822427139295372
"Ppil2","red",0.828621980170784
"Dzip3","turquoise",0.749798036560091
"Zfp729a","black",0.758309649254186
"Otulin","turquoise",0.840660420559677
"Kdm1b","blue",0.887009148848023
"Gabpb2","green",0.581067992438232
"Zc3h7b","blue",0.680581656742635
"Psme2b","turquoise",0.810250820577469
"Pdik1l","turquoise",0.703113093530017
"Lipo3","yellow",0.823256022007217
"Fbh1","turquoise",0.906690472023719
"Slc25a45","turquoise",0.953455295661236
"Zmym6","pink",0.933601823671936
"Dctn4","turquoise",0.542759918826933
"Pop5","turquoise",0.782905829344633
"Exoc6","turquoise",0.891815010768971
"Slc2a1","turquoise",0.837157977925801
"Cables1","turquoise",0.948783265969827
"Ccnk","turquoise",0.959321528935386
"Emc6","turquoise",0.362092671077157
"Brf1","turquoise",0.598382716213408
"Fryl","turquoise",0.398201292835863
"Liph","magenta",0.947347657641227
"Utp23","blue",0.924057164334106
"Rps13-ps1","blue",0.744317287480726
"Emsy","blue",0.907742216582511
"Iftap","turquoise",0.86810853698393
"Tmem184c","turquoise",0.851490615899348
"Exoc3","magenta",0.965534986015346
"Polr2d","turquoise",0.701170159988277
"Pfkfb4","purple",0.853159889388096
"Lgals1","turquoise",0.663374138301129
"Tsen34","greenyellow",0.900858719326356
"Slc38a7","turquoise",0.857006902267884
"Igf1","purple",0.405176423534283
"Sys1","yellow",0.796319028900144
"Dctpp1","turquoise",0.938762306849278
"Spart","green",0.863062733991794
"Tcf20","turquoise",0.352537210929319
"Nans","black",0.690802627589018
"Igfbp4","greenyellow",0.711816544032573
"Hk3","turquoise",0.858817936911231
"Crkl","turquoise",0.589005355270496
"Nup214","blue",0.706853403881719
"Epb41l3","blue",0.386389294545032
"Mcmbp","turquoise",0.616453834810032
"Mlph","turquoise",0.755663118475911
"Rps19bp1","turquoise",0.793837415496942
"Maip1","magenta",0.982786289379902
"Dazap1","turquoise",0.80250904240008
"Ethe1","turquoise",0.755289396860869
"Synrg","turquoise",0.87179930362395
"Dhx33","pink",0.76018441187434
"Ncln","pink",0.723185569305446
"Pdpk1","turquoise",0.782025252947825
"Smarcb1","purple",0.651397488203049
"Parp11","blue",0.709836282058739
"Yod1","yellow",0.721566099333682
"Dse","black",0.854019600108394
"Slc16a7","red",0.927190707771149
"Rnf6","turquoise",0.578590797695087
"Sfswap","turquoise",0.730851337512088
"Cnppd1","turquoise",0.865475789428398
"Nop16","magenta",0.896523574438274
"Sqstm1","magenta",0.686829803023567
"Pigm","purple",0.446500661133537
"Alkbh1","green",0.656777086903359
"Snrpa","yellow",0.766526291777975
"Commd10","green",0.768343132636164
"Rab9","turquoise",0.933278621908997
"Gkap1","magenta",0.929463821731482
"Prelid3b","red",0.863145683302736
"Rab6b","turquoise",0.907993089407575
"Gpkow","turquoise",0.945963309076991
"Snrnp200","turquoise",0.758615259182376
"Amd1","green",0.68643455634923
"Riok1","pink",0.919085250278687
"Gxylt1","green",0.888553635265364
"Ing2","magenta",0.973911684192221
"Cep63","turquoise",0.375410351088138
"Cnpy3","turquoise",0.890416019842719
"Blmh","yellow",0.72913556864849
"Nxt1","turquoise",0.984853043879364
"Tgfbi","green",0.629886395771143
"Anapc16","red",0.914013669174146
"Polr2i","turquoise",0.881590435270298
"Nab1","turquoise",0.954160082934344
"Ddi2","turquoise",0.903644645055388
"Ldlrad4","turquoise",0.948385106620071
"Bicral","turquoise",0.897799905376243
"Phf12","turquoise",0.945577712513875
"Timm17b","turquoise",0.604889669457452
"Enc1","turquoise",0.784578212498111
"Tma16","pink",0.739702908324878
"Syt11","magenta",0.821937601594018
"Ing1","turquoise",0.737204105519445
"Jarid2","magenta",0.966922773732873
"Ifit2","pink",0.593306498973178
"Srprb","turquoise",0.805692999108827
"Ift25","blue",0.900006345708012
"Zfp729b","pink",0.753334672999909
"Batf3","turquoise",0.685239123045107
"Iws1","yellow",0.917000850778018
"Ppp1r12c","turquoise",0.723423191024029
"Jade2","green",0.63389262751467
"Rit1","turquoise",0.626254912926927
"Smg7","turquoise",0.805431300435712
"Vps13b","turquoise",0.727144988475106
"Adsl","yellow",0.774860950450447
"Tceanc2","turquoise",0.76468853964147
"Ssbp3","turquoise",0.851947566520473
"Retreg2","pink",0.874728403119768
"Taf13","red",0.964262103872819
"Aldoc","green",0.814335166484282
"Ulk3","blue",0.627761731046386
"Cfap20","red",0.988992436135217
"Snx24","turquoise",0.924456102665425
"Ap5m1","pink",0.677076460795351
"Lrp12","turquoise",0.875812493189003
"Pkd1","yellow",0.876515299218651
"Trp53bp1","pink",0.879989646122701
"Esyt2","turquoise",0.690005837537519
"Trim28","turquoise",0.765040993506914
"Apool","turquoise",0.766652910828761
"Ap1ar","purple",0.798973255804938
"Abcb7","red",0.830899991043374
"Tlr6","red",0.957004092033596
"Smim20","red",0.9369818225858
"Styx","pink",0.756970660840992
"Taf1","turquoise",0.841633902924879
"Rfx7","yellow",0.883601209177888
"Actmap","black",0.864201406287728
"Fos","turquoise",0.7973669467106
"Fam162a","turquoise",0.938945600419036
"Gtf2b","turquoise",0.871830648831608
"Bad","red",0.860900115681278
"Yipf1","tan",0.745646803767719
"Rapgef2","turquoise",0.513001095101365
"Axl","yellow",0.868036412574366
"Ccdc115","turquoise",0.949009753319763
"Napg","grey",0.102333804031095
"Auh","turquoise",0.885876502620275
"Mtmr4","yellow",0.657757322865213
"Dnajc16","turquoise",0.918434511780885
"Eif2b3","yellow",0.606834097857318
"Rad17","black",0.800483774743249
"Taf12","yellow",0.913283428895291
"Mrps11","magenta",0.93213489183211
"Csnk2a2","yellow",0.815897448573894
"Zfp934","turquoise",0.78486376888179
"Epsti1","turquoise",0.860366181782945
"Trim36","turquoise",0.447697613291112
"Plcb2","purple",0.872724379540797
"Exoc1","purple",0.748574058557675
"Rab27a","turquoise",0.76694110612252
"Prpf18","turquoise",0.916026694518452
"Tmem160","tan",0.781670590560756
"Actn1","pink",0.798258403508642
"Slc45a4","tan",0.634073340268064
"Phkb","turquoise",0.681571105745372
"Slc36a4","blue",0.65486846769575
"Elmo2","blue",0.659804642976861
"Rtf1","red",0.960537040845431
"Zfp592","black",0.781199121768138
"Tbc1d2b","turquoise",0.58615561191728
"Polr1h","turquoise",0.709583415371028
"Fbxw4","turquoise",0.950456982186262
"Ctns","red",0.834703085825036
"Xpo7","green",0.835125843962369
"Nt5c","turquoise",0.978971143037355
"Nifk","turquoise",0.495429837727127
"Pcif1","black",0.864303869040251
"Alg2","magenta",0.852139492618491
"Ms4a7","purple",0.517876978201976
"Epb41l4aos","blue",0.756883945349201
"Plpbp","purple",0.907461631083176
"Slc39a10","green",0.633473322175723
"Slc39a6","turquoise",0.620635524967258
"Dnajc25","blue",0.74778490544341
"Ppa2","brown",0.459517748926105
"Stx4a","yellow",0.435614639846525
"4930453N24Rik","turquoise",0.444223537368029
"1110038F14Rik","turquoise",0.756857711769951
"Imp3","turquoise",0.972849903514494
"Sf3b3","red",0.952618670496934
"Timm22","turquoise",0.809218090741294
"Rab33b","magenta",0.916067128680469
"Chmp7","greenyellow",0.765864878426428
"Zfp945","red",0.916153913768203
"Commd1","turquoise",0.966555985297808
"Acot9","magenta",0.909873996577696
"Slc25a39","turquoise",0.405642871576944
"Mrps30","red",0.87622685080217
"Ticam2","yellow",0.708600981218009
"Syvn1","turquoise",0.869920860516395
"Nup54","turquoise",0.900558739064056
"Zfp608","turquoise",0.563165187565582
"Ctdnep1","turquoise",0.833774922378797
"Tmem11","turquoise",0.462740151656469
"Gnptg","red",0.952092091989366
"Ndufaf8","turquoise",0.594958099335994
"Themis2","turquoise",0.93709011424157
"B4gat1","turquoise",0.735753634894232
"Ahsa1","green",0.779517256823095
"Atp6v0d1","red",0.872266757014204
"Pde8b","turquoise",0.451936572813876
"Arfip1","turquoise",0.629985660190843
"Vps36","turquoise",0.836677806691459
"Gon7","turquoise",0.948308143526687
"Gmeb1","yellow",0.545286988831179
"Endod1","turquoise",0.591459308970189
"Rpp21","turquoise",0.919113094897216
"Tceal8","turquoise",0.825049526801809
"Rigi","brown",0.589767211033619
"Lrrc39","turquoise",0.945930379859202
"Parp1","turquoise",0.786748028729491
"Abi2","turquoise",0.338614382974751
"Hars2","turquoise",0.725643504784348
"Ptar1","yellow",0.920611705548772
"Fkbp4","turquoise",0.578307281586946
"5530601H04Rik","red",0.912679828360176
"Idh2","turquoise",0.850526194405106
"Nosip","turquoise",0.534451069972526
"Epc1","red",0.953936635585513
"Bid","turquoise",0.928034387097378
"Tmem19","yellow",0.552547146663006
"Bdp1","turquoise",0.86440020272693
"Fibp","yellow",0.842420217053078
"Eif2ak3","pink",0.894290180433361
"Dcxr","turquoise",0.905464309323142
"Washc1","turquoise",0.923931384579701
"3830403N18Rik","red",0.802251788517139
"Cpt2","blue",0.648299206812428
"Aggf1","turquoise",0.89628528996633
"Marchf8","red",0.946451636430481
"Bola1","turquoise",0.941546267184772
"Yes1","red",0.93260996845376
"Mbd6","turquoise",0.821577939284188
"Mrpl40","turquoise",0.609718775256574
"Nol8","pink",0.850264608990104
"Polr1has","turquoise",0.940744702372795
"Ebna1bp2","red",0.81794703407421
"Guf1","red",0.978487924370295
"Gabpb1","yellow",0.733503635767578
"Trim65","pink",0.742503504725399
"Sdc4","yellow",0.815306581654799
"Slc12a9","turquoise",0.0878727667507054
"Kcnj2","red",0.830710091465347
"Tdp2","turquoise",0.960371071347186
"Lyar","turquoise",0.85477813850308
"Coprs","blue",0.756392474578919
"Mxd4","turquoise",0.478075308465384
"Ccdc88b","yellow",0.619162205100084
"Golt1b","tan",0.813365324603662
"Hbb-bt","magenta",0.847393117755045
"Eea1","yellow",0.912649092326931
"Taok2","blue",0.627604093174815
"Nt5c3","brown",0.803892331392844
"Cep85l","red",0.863333232585595
"D030056L22Rik","blue",0.69568135000904
"Grsf1","turquoise",0.738440424357912
"Zfp182","pink",0.901898910715838
"Pip4k2b","turquoise",0.817283970042591
"Zbtb11","magenta",0.971555504840021
"Acox1","turquoise",0.856401322027686
"Mfng","turquoise",0.938520229091709
"Ikzf5","turquoise",0.868888250346019
"Chka","turquoise",0.681885392229648
"Ttyh3","turquoise",0.946885515036486
"Smarcc1","turquoise",0.688576162477874
"Ttc5","turquoise",0.854339007601647
"Mecp2","green",0.584150196479927
"Arhgef9","pink",0.755426528781081
"Rai1","turquoise",0.779793129272313
"Rps11-ps2","turquoise",0.853325373773816
"Mvb12b","turquoise",0.5115348348891
"Rnf187","turquoise",0.903206149679376
"Mtx3","turquoise",0.936535077039453
"Arl6ip4","turquoise",0.975412689183512
"Tmem43","turquoise",0.80167233147496
"Ttll4","pink",0.868594467706212
"Ap2s1","yellow",0.639929740929917
"Prkcsh","turquoise",0.770548569577753
"Aopep","purple",0.909449048910305
"Dpp7","magenta",0.9074077009284
"Dnajc1","brown",0.777199788071708
"Rasa3","magenta",0.940749798058229
"Pfdn6","yellow",0.581573751417202
"Hdgfl2","pink",0.798816483535331
"Gtf2e2","yellow",0.803830821300885
"Tlk1","red",0.969387354170454
"Sos1","black",0.736704466780309
"Cd80","blue",0.87660572899776
"Wwp2","turquoise",0.922925224712681
"Ier2","turquoise",0.898506706965013
"Ssbp2","green",0.683050893420955
"Smim3","green",0.576857764174559
"Irag2","turquoise",0.903226076160543
"Wdr11","pink",0.811360781265054
"Sec31a","red",0.859814660210445
"Rptor","turquoise",0.638351158886097
"Smad4","pink",0.90231135603696
"Prpsap1","yellow",0.95637071217507
"Tmem260","red",0.913384894289112
"Hdac9","grey",-0.28112302221281
"Sbno2","blue",0.755878730943263
"Gnpat","turquoise",0.989974877799358
"1700123O20Rik","black",0.692551883500531
"Acaa1a","turquoise",0.650375576040433
"Erlin1","turquoise",0.727251135942863
"Gps2","magenta",0.915972510866529
"Ppp2r1a","yellow",0.86056041783334
"Shprh","tan",0.852176161828259
"Madd","yellow",0.869326804740059
"Wbp2","red",0.910377694379008
"Rab3gap1","turquoise",0.689375133841087
"Rlig1","pink",0.880531417283396
"Polg","green",0.499620544687673
"Dbp","turquoise",0.725992140383375
"Stxbp2","turquoise",0.759944529819408
"Zfp677","turquoise",0.839739909518393
"Msantd4","turquoise",0.88903414636053
"Gdf9","turquoise",0.953550011814742
"Tor2a","yellow",0.908596318172329
"Fyco1","red",0.97719887186999
"Dqx1","blue",0.660000800362747
"Srp54b","turquoise",0.590009655892943
"Slc39a9","turquoise",0.898833623390837
"Btbd19","purple",0.7218505974196
"2700062C07Rik","turquoise",0.952493930437743
"Ccdc34","magenta",0.917194046806774
"Zfp410","turquoise",0.707222190707011
"Hbs1l","yellow",0.58362438006161
"Ppp2r3c","red",0.854672465734071
"Dhrs7b","turquoise",0.890968913935883
"Gm15427","turquoise",0.887954202722945
"Cox19","blue",0.887498767292518
"Creb3l2","yellow",0.860961203830015
"Gpm6b","green",0.617441427191163
"Tspo","turquoise",0.280939147515238
"Fes","green",0.843208123487735
"Bphl","turquoise",0.85521529415589
"Plekha3","turquoise",0.864537677585066
"N4bp1","blue",0.817561752473678
"Tgfbrap1","magenta",0.915813687693106
"Lrp10","red",0.856435880448183
"Cbfa2t3","turquoise",0.704882791090352
"Zfp617","turquoise",0.766177881448071
"Ap1b1","turquoise",0.634083638201584
"Acsl6","tan",0.958433492439033
"Sap30bp","blue",0.606727377617539
"Cdk5","turquoise",0.876673593244761
"Tango2","red",0.852322906629446
"Senp8","blue",0.707974531005462
"Yif1b","red",0.968330634633882
"Fam89b","turquoise",0.976243143703504
"Hs6st1","red",0.855531409443375
"Cnrip1","turquoise",0.806855923113969
"Baz1b","black",0.789079992123124
"Slc49a4","turquoise",0.252599467649538
"Ngly1","magenta",0.962271560028575
"Baz2a","pink",0.933582420613862
"Acvr2a","turquoise",0.879208708030164
"Lsm5","red",0.786159456316805
"Naip2","magenta",0.893839236838208
"Tm7sf3","turquoise",0.866977826283388
"Stk16","blue",0.799317931254362
"Sh3bp2","turquoise",0.909030353463974
"Actl6a","turquoise",0.91938247113087
"Cyb561d2","turquoise",0.750872699072348
"Polr1c","turquoise",0.959016658855526
"Atxn1","yellow",0.350187012995223
"Rad9b","turquoise",0.869158428720658
"Zfp931","turquoise",0.736354705696125
"Gm5093","turquoise",0.828312420953042
"Dusp12","turquoise",0.9287507058668
"Wwc2","blue",0.864793720248082
"Fbxw7","turquoise",0.791940996938592
"Mrps18b","turquoise",0.576322125739197
"Nacc2","pink",0.586785608576667
"Rnpepl1","pink",0.92660504662581
"Mier3","turquoise",0.489022273067393
"Whrn","red",0.805300799748921
"Nrbp1","black",0.777867491341015
"Jund","turquoise",0.879839130789511
"Abl2","green",0.736769383721753
"Eif4ebp2","turquoise",0.813859500760096
"Malt1","pink",0.724298757224277
"Uri1","turquoise",0.618033913143725
"Hmgn3","turquoise",0.955185821243395
"Myo5a","yellow",0.749740118860456
"Slc35a1","red",0.884578069262066
"Nipsnap2","red",0.92852599529108
"Nsun2","black",0.552657338030316
"Ndufaf4","red",0.96842184333531
"Brpf1","turquoise",0.899306011109417
"Cnot3","turquoise",0.885823264563597
"Rcbtb1","turquoise",0.822788476616251
"Slc15a2","turquoise",0.662550285755118
"Dennd4b","turquoise",0.38447916254213
"Sp140","red",0.780201832261136
"Mllt6","blue",0.912391837978177
"Lxn","red",0.943220633448817
"Tkt","blue",0.772190989052363
"Pebp1","magenta",0.907601139938352
"Zfp397","yellow",0.905689927966522
"Atg4b","pink",0.907633955590522
"Gse1","turquoise",0.764663505414674
"Nudt7","blue",0.524176140620557
"Dennd1c","yellow",0.890322784295385
"Setx","turquoise",0.720082439491666
"Afap1l1","turquoise",0.658449319380636
"Snx9","yellow",0.896868546645428
"Brd3","turquoise",0.539897898999954
"Xpo6","blue",0.911552621184218
"Dph5","yellow",0.720761856535754
"Shc1","blue",0.581676439394086
"Hmox1","yellow",0.604765264332197
"Pitpnb","red",0.796067023710935
"Ttc1","green",0.8106257893055
"Glrx","turquoise",0.82455741935592
"Zcchc17","brown",0.640199546096946
"Tubb2a","turquoise",0.837072545080257
"Fpgt","turquoise",0.737279378277078
"Garnl3","yellow",0.882340419840682
"Nudcd3","red",0.844870786288855
"Ptprz1","tan",0.921454271708284
"Plbd2","magenta",0.780316867348339
"Srpk1","turquoise",0.589437697227527
"Gtf2h1","turquoise",0.899318413580009
"Camta2","blue",0.955046893794858
"Ankra2","red",0.929150716529069
"Ythdc2","turquoise",0.693463202404009
"Trim41","blue",0.898974710981914
"Tmem141","turquoise",0.840167932199616
"Neurl1a","blue",0.748273506993656
"Tap2","blue",0.798919841915948
"Keap1","blue",0.79791236624927
"Tbc1d8","yellow",0.699686800582928
"Prr14l","yellow",0.805852912176622
"Lsm12","yellow",0.770913861745391
"Arhgap4","yellow",0.924874217144749
"Mtx1","turquoise",0.8780961828892
"Dnajc15","red",0.98553559041254
"St3gal2","black",0.907487979057375
"Bank1","yellow",0.861627952884733
"Fmnl1","turquoise",0.454030126760864
"Dclre1c","turquoise",0.366410494324995
"Pecr","turquoise",0.866779329379585
"Tmem209","red",0.947638942789994
"Med4","red",0.969784113220871
"Fbxl12","pink",0.902145147559501
"Cdip1","turquoise",0.637825590683813
"Psat1","yellow",0.859134095699556
"Pcgf3","purple",0.767736030163808
"Tgfb1","turquoise",0.769263308441093
"AI467606","turquoise",0.862693398542705
"Ankrd40","turquoise",0.780682663663042
"Asb3","magenta",0.900227641471039
"Ak2","magenta",0.917022766440747
"Stoml2","red",0.864939978886872
"Ipo9","turquoise",0.679126397096209
"Il1rl2","magenta",0.996484844461445
"Map3k7","yellow",0.753993541630676
"Exosc5","magenta",0.957338345320411
"Tomm34","yellow",0.638949089154688
"Lztfl1","red",0.898222262164989
"Slfn10","turquoise",0.935435675151136
"Tubgcp3","tan",0.851988235378904
"Sp2","blue",0.944511320252006
"Lysmd3","green",0.77723815458895
"Bbx","yellow",0.525759950286695
"Cyth2","tan",0.928516127432782
"Ckap5","brown",0.48677326336066
"Bcdin3d","red",0.893399766300902
"Fam149b","pink",0.855259222694242
"Bach2","red",0.791128256972974
"Ric8a","turquoise",0.795308928318689
"Ddah2","turquoise",0.92272326138407
"Ninj1","magenta",0.888703042536966
"Dnttip1","turquoise",0.945837487073966
"Parp12","yellow",0.837662201111501
"Cul4a","turquoise",0.66613478643875
"Med17","turquoise",0.820894195978834
"Coq2","turquoise",0.880388030758955
"Fam72a","turquoise",0.934417608041652
"Ints14","turquoise",0.895956114103649
"Kansl3","yellow",0.903648293113581
"Sp3os","blue",0.747378765045474
"Hdhd2","red",0.712443357746333
"Rprd1b","turquoise",0.873302763978006
"Rars1","turquoise",0.636898641441594
"Fxr2","turquoise",0.869657666768819
"Nf1","turquoise",0.765343672953732
"Lmbrd2","green",0.794209792151123
"Psmf1","red",0.908931584822298
"Orc3","yellow",0.653257973708563
"Akr1e1","red",0.975388355958998
"Dnajb4","red",0.839017803221834
"Csnk1g1","green",0.569788348740311
"Srp68","turquoise",0.95263721279315
"Nsd2","blue",0.496146658801447
"Itgb1bp1","red",0.971859339603243
"Ehbp1l1","tan",0.818428928848683
"Zfyve21","yellow",0.849038588488391
"Pkn1","red",0.84443014841651
"Top3b","pink",0.957330058968891
"Trpm2","black",0.83874469575665
"Ubxn2b","red",0.95536132818008
"Rbfa","brown",0.825726755236154
"Irf1","brown",0.873744630807371
"Hdac3","pink",0.641613725329559
"Cdk7","turquoise",0.558696605308873
"Pycr2","turquoise",0.928290457025956
"Smim19","turquoise",0.837856106117982
"Stx17","yellow",0.964058379796082
"Slc37a2","green",0.836084211475443
"Nvl","yellow",0.940511155347453
"Cfap74","turquoise",0.786144216544901
"Vps9d1","turquoise",0.921175408082724
"Hycc1","green",0.62323667821156
"Akap7","blue",0.690180883302518
"Synj2bp","yellow",0.921706748009777
"Gcn1","turquoise",0.484471245975342
"Atpaf1","turquoise",0.847302704696565
"Slc6a11","green",0.438324425946196
"Itgb3","yellow",0.889551395323888
"Amn1","yellow",0.846215119651973
"Med20","red",0.935341462486863
"Blzf1","turquoise",0.650347056947062
"Arhgap27","red",0.853932672523591
"Stx2","magenta",0.761962183117571
"Ipcef1","pink",0.796130991357499
"Khsrp","pink",0.916717588599041
"Camsap2","tan",0.845026887072187
"Hs2st1","black",0.579839801010085
"Pde2a","greenyellow",0.792427350885311
"Irf3","turquoise",0.727625706682649
"Atmin","turquoise",0.524790144807366
"Myc","red",0.855972510361119
"Ppp2r2d","turquoise",0.100891374508118
"Larp7","turquoise",0.621650101875903
"Aptx","turquoise",0.790937112897219
"Zcchc9","red",0.911365246336241
"Ten1","turquoise",0.65796225443462
"Obi1","turquoise",0.872199398842732
"Rbm12b2","turquoise",0.731276528090877
"Mtif2","turquoise",0.8249260643317
"Slc6a20b","turquoise",0.508558532689756
"Rprd1a","yellow",0.66774872372289
"Foxk2","turquoise",0.884588914325566
"Map2k3","pink",0.665007142921239
"Smcr8","turquoise",0.833334160219964
"Pknox1","turquoise",0.707071551328707
"Trak1","black",0.492590748543783
"Atg10","turquoise",0.924174571147009
"Large1","red",0.832511577146683
"Vps72","turquoise",0.698849339429374
"Pias2","turquoise",0.544691459279739
"Nagpa","turquoise",0.947176086375567
"Dock9","red",0.764993001635449
"Alkbh3","pink",0.797421613186305
"Rgl1","magenta",0.630114245194538
"Tsnax","yellow",0.801718542125803
"Ublcp1","red",0.955872013537211
"1300002E11Rik","turquoise",0.85455579854917
"Vps33a","yellow",0.906575294363637
"Inafm2","turquoise",0.793771872323555
"Dynlt1c","red",0.926797973595648
"Necap1","turquoise",0.675247928008082
"Gadd45g","turquoise",0.666955175566116
"Zfpl1","turquoise",0.933707487210716
"Lias","green",0.86260145505272
"Taf2","turquoise",0.639442087695769
"Lrrc57","turquoise",0.780159972294084
"Tec","turquoise",0.582771123959279
"Mex3b","pink",0.917706945426089
"Zfp770","pink",0.900078592643924
"Kitl","turquoise",0.755660454689024
"Hadha","green",0.694138482426824
"Gga1","turquoise",0.631926268093001
"5031439G07Rik","yellow",0.578300652801836
"AU040320","turquoise",0.877951486338222
"Gsto1","turquoise",0.847939371026738
"Csnk1g2","blue",0.926507657349533
"Zfp697","red",0.922403633314126
"Tbc1d9b","turquoise",0.639767169663152
"Bet1l","green",0.840276689187392
"Timm29","turquoise",0.715297973992772
"Grap","yellow",0.914040511717664
"Socs3","turquoise",0.816367178719854
"Chd1","red",0.984246664275668
"Usf3","turquoise",0.466178530488063
"Ppfia1","yellow",0.772383205420868
"Ubr4","green",0.874280330254856
"Gatad1","blue",0.858861250839379
"Zzef1","turquoise",0.317226096142859
"Usp37","yellow",0.867589808611085
"Fam199x","red",0.910342423765792
"Rsph3a","purple",0.884095027193158
"Zyg11b","turquoise",0.796555351360549
"Thap2","turquoise",0.664514084128374
"Arl14ep","magenta",0.952213567162776
"Afg3l2","blue",0.865200253490015
"Slc22a17","yellow",0.770331854041485
"Ube2m","green",0.791242195582089
"Desi2","yellow",0.922425808668646
"Chml","black",0.758304404167661
"C1galt1","pink",0.98142062335051
"Gskip","magenta",0.944365016814157
"Fhip2a","turquoise",0.818791405037285
"Zfp839","turquoise",0.694150276750862
"Npat","turquoise",0.747310996327893
"Seh1l","red",0.684381424230246
"Myd88","red",0.766391938188334
"Nedd1","turquoise",0.761122106675023
"Crlf2","purple",0.540647737126112
"Aldh9a1","turquoise",0.916420142800923
"Fbxo45","turquoise",0.57827651820993
"Ltbr","turquoise",0.94772841387826
"Cyb5b","turquoise",0.827306100357614
"H2-Oa","red",0.90509957071332
"Stard7","red",0.839532688982251
"Kat7","turquoise",0.714511729954164
"Lancl1","pink",0.899348962901156
"Zfp87","turquoise",0.805500299476236
"Ppfibp2","magenta",0.918310022264449
"Arhgef7","yellow",0.674062825795678
"Rbm42","turquoise",0.846693165384721
"Nbdy","turquoise",0.91580143391904
"Golga5","turquoise",0.96475854464251
"Zpr1","turquoise",0.877617697868229
"Ints10","green",0.8314453846818
"4930503L19Rik","pink",0.867764635663065
"Adipor2","turquoise",0.70289198791056
"Aida","turquoise",0.805116787110533
"Mrpl44","red",0.868355026868502
"Gm5617","turquoise",0.848868944224397
"Atp13a2","pink",0.591573792398831
"Aatk","blue",0.808208005468889
"Foxo3","red",0.881255017047827
"Mtcl2","red",0.810654358234423
"Dusp1","turquoise",0.818213453410465
"Pigc","brown",0.604067036443035
"1600020E01Rik","turquoise",0.474973696272655
"Galnt10","turquoise",0.576308649391795
"Tapt1","turquoise",0.964134380527311
"Nup35","pink",0.919679576387031
"Fcgrt","green",0.779853153011596
"Abhd10","yellow",0.959654994097066
"Tbc1d10a","purple",0.929023873630345
"Ltv1","turquoise",0.929277586428694
"Rbbp9","turquoise",0.859555679080133
"Riok2","turquoise",0.694807320191376
"Mtrex","green",0.923198149283093
"Agpat3","brown",0.903028220961328
"Wrn","turquoise",0.73460738147701
"Plekhb2","pink",0.670650458929918
"Arrdc3","red",0.739311257588454
"Plaur","black",0.695057268260085
"Ptgr3","green",0.9088354900326
"Prune2","yellow",0.712187751283576
"Zfp65","greenyellow",0.883486761937129
"Asxl1","red",0.869574795565775
"Ncoa6","pink",0.757292708880008
"Rnps1","magenta",0.901648241637926
"Tnrc18","red",0.936163178267369
"Mrps31","turquoise",0.853874357970573
"B3galt5","pink",0.858967693398179
"Ext2","turquoise",0.77745845334049
"Tcf3","turquoise",0.878367290495158
"Gm8797","turquoise",0.837965633675178
"Irf2bp1","turquoise",0.881934836355026
"Eef1akmt2","black",0.865292819011945
"Trappc10","turquoise",0.625371931591284
"Slc17a5","magenta",0.980228970048144
"Mrpl11","yellow",0.800812400159732
"Coa6","turquoise",0.902177860787461
"Strn","black",0.633899574417873
"Fbxo22","turquoise",0.874812748609044
"Lman2l","yellow",0.515017052745183
"Zfp664","pink",0.605900284745287
"Zfp69","turquoise",0.788701134490482
"Cpt1a","grey",0.804661106207512
"Fhod1","turquoise",0.916414990266181
"Letmd1","red",0.782069881499768
"Shfl","blue",0.649426900782682
"Nfe2l1","blue",0.589155583760229
"Ssbp4","turquoise",0.81026437492129
"Fkbp8","turquoise",0.719268256800877
"Setd7","pink",0.762631943891711
"Metap1","turquoise",0.80878703831303
"Ciz1","blue",0.93026802638359
"Nip7","yellow",0.542083921504629
"Mif4gd","turquoise",0.959051731554657
"Tecpr1","turquoise",0.553154571257129
"Cdc27","yellow",0.789705345225254
"Ptbp1","yellow",0.815405177532632
"Stk40","turquoise",0.933260907205838
"Nub1","turquoise",0.764578170332614
"Tbc1d4","yellow",0.835348417241219
"Utp6","pink",0.932132366707209
"Birc2","turquoise",0.52798208867488
"Mau2","yellow",0.937192978654017
"Hes1","red",0.981066577717419
"Mlxip","turquoise",0.704051537635933
"Trim25","pink",0.689886368481679
"Tbc1d22a","turquoise",0.437524378237396
"Egln1","turquoise",0.746363216536355
"Btg3","turquoise",0.621069242159814
"Dap","turquoise",0.964336784289868
"Zswim8","tan",0.918112286759774
"Prkar2a","green",0.821494027085132
"Mpv17l2","black",0.636786468266771
"Mrpl55","red",0.90965846739786
"Ap4s1","turquoise",0.936615100483349
"Uba52rt","turquoise",0.790960167749154
"Trip4","yellow",0.723694760191859
"Ctbp2","black",0.244818955852147
"Lsp1","yellow",0.782198394103252
"Usp32","turquoise",0.731668835013368
"Ube4a","turquoise",0.415862184425621
"Mettl14","pink",0.929968275341012
"Rbm34","magenta",0.968486716393524
"Borcs6","turquoise",0.878686262904402
"Wdr20","red",0.942690128277668
"Ceacam1","brown",0.641673262567933
"G6pdx","turquoise",0.898363125729588
"Snhg12","turquoise",0.651327496132851
"Ppm1l","tan",0.872707196348764
"Bcl2a1d","yellow",0.569961387847328
"Exoc4","red",0.867213519356615
"Smo","greenyellow",0.372244672868725
"Dhx16","turquoise",0.828889485439048
"Zfp322a","green",0.734212587596894
"Tpm4","yellow",0.83821809641562
"Nfatc2","green",0.643827239801702
"Mrpl16","magenta",0.934852316215846
"Zdhhc17","red",0.835157611302946
"Tmem248","magenta",0.974218408452006
"Ciao1","turquoise",0.835584445029385
"Mctp1","red",0.907636310626508
"Pyroxd2","turquoise",0.794777049924402
"Vdac1","red",0.874171154895045
"Crtc2","turquoise",0.837284568107879
"Zfp655","tan",0.632324000983043
"Pip4p2","magenta",0.830486468042514
"Exosc10","yellow",0.629047508961903
"Dab2","turquoise",0.502552420957121
"Accs","tan",0.968298822666588
"Zfp935","red",0.947549956002578
"Pou2f1","tan",0.977724250662112
"Ctdsp1","turquoise",0.692414441850119
"Ralgps2","green",0.697660247637728
"Arih1","red",0.895986477447843
"Sdccag8","turquoise",0.81453346264778
"Kars1","turquoise",0.73395984439121
"Sanbr","magenta",0.431144314479635
"U2af1l4","red",0.927607822277212
"Fam193a","magenta",0.907467555743004
"Ripk1","brown",0.636891308724187
"LTO1","yellow",0.880211827192633
"Ccdc71l","turquoise",0.791194510920812
"Mast3","turquoise",0.714187397414274
"Eaf1","red",0.974118806912499
"Champ1","yellow",0.966030209721786
"Tmem131l","tan",0.660031793729058
"Sord","turquoise",0.829376030479323
"Tagap1","pink",0.852676399684007
"Foxo1","grey",-0.320114165091111
"Zfp606","green",0.838874661704609
"Fam167b","turquoise",0.860906712335569
"Hagh","turquoise",0.664764772312219
"Rgs3","turquoise",0.853497293122609
"Bltp3a","turquoise",0.893794163616475
"Cyp4f13","red",0.782541442499974
"Qars1","yellow",0.797821488589678
"Cisd1","black",0.601150283962038
"Vapb","turquoise",0.740580634325833
"Hsd17b10","red",0.803202722105369
"Tiparp","pink",0.872637684597109
"Med6","turquoise",0.857009971169893
"Rad23a","turquoise",0.73691630543409
"Nectin4","yellow",0.486278764710834
"Zfp932","red",0.888199950460623
"Mogs","yellow",0.53920659826335
"Rlf","blue",0.746730452373222
"H2-T22","brown",0.454067432195447
"Gdpd3","blue",0.901133348300401
"Vti1a","blue",0.809657336260769
"Foxj3","brown",0.685319360288931
"Kxd1","magenta",0.859366277605196
"Cdca4","yellow",0.834649849925432
"Atp1b2","magenta",0.898887819687519
"Cap1","turquoise",0.649419737093206
"Fubp3","turquoise",0.623614469869697
"Flot1","turquoise",0.865484382186908
"Ppox","yellow",0.574567135656203
"Dalrd3","turquoise",0.957389267678004
"Gm7434","turquoise",0.568350231366075
"Sncaip","turquoise",0.462559025508417
"Psmd13","magenta",0.828563468998965
"Fsaf1","turquoise",0.387071707941894
"Prnp","magenta",0.868927459852228
"Zfp787","yellow",0.900589331773334
"Vps16","tan",0.843931150187568
"Yipf3","turquoise",0.893048693867283
"Olfml2b","turquoise",0.820031441072635
"Hdgfl3","blue",0.853452615245771
"R3hcc1l","turquoise",0.313906610107072
"Map3k11","blue",0.908657959376476
"Cbr1","magenta",0.977673612759394
"Exoc2","turquoise",0.74827654304864
"Depdc7","pink",0.797235577857594
"Dnajc21","turquoise",0.916122636674566
"Sdc3","purple",0.502663992823828
"Pgp","turquoise",0.794172172882175
"Tmem127","magenta",0.86144005017426
"Ankrd16","turquoise",0.802270745798185
"Stradb","red",0.935597287933637
"Arl4a","red",0.903702061833079
"Lrrc59","turquoise",0.772551138106311
"Cabin1","magenta",0.972222668507474
"AW146154","green",0.790834894807177
"Kat6b","blue",0.523469395859172
"Snf8","turquoise",0.661443890380567
"Abcc1","greenyellow",0.555366356866967
"Nanp","red",0.95700101865245
"Slc39a1","turquoise",0.759034970514993
"Cmc4","turquoise",0.963927535134483
"Pigh","red",0.961810122416387
"Alkbh8","pink",0.720085471513915
"Ccdc167","turquoise",0.654770760859088
"Nckap5l","turquoise",0.89920598238529
"Ccdc97","blue",0.786698197262126
"Coro1c","yellow",0.780486419118205
"Mpi","turquoise",0.601064743586122
"Ago2","yellow",0.863396110301227
"Ano6","red",0.875399059064401
"Crybg3","blue",0.758882965271172
"Sirt1","turquoise",0.784463858441475
"Amz2","red",0.856852824087482
"Myo18a","yellow",0.420222884502784
"Snrnp40","turquoise",0.73163399856415
"Map3k12","green",0.85971019405166
"Gnptab","turquoise",0.729874285054561
"Dbr1","turquoise",0.882052009523242
"Zfp110","magenta",0.897695360745627
"Tns1","yellow",0.453261727264313
"Eftud2","blue",0.993561357644931
"Niban1","turquoise",0.742250070324966
"Pcbd2","turquoise",0.87336446750044
"Ascc1","yellow",0.811398711865273
"Sec23b","red",0.766805749615577
"Ptpn11","pink",0.938369965853814
"Cyb5r4","yellow",0.590492181815603
"Sptbn1","greenyellow",0.948888174174024
"Armc10","turquoise",0.6927033662708
"Pik3r6","blue",0.768422803458322
"Casp7","turquoise",0.763518788829926
"Rora","pink",0.623408901362692
"Atp11b","red",0.936429612520212
"Zfp385a","green",0.537264113423571
"Abcd1","turquoise",0.846663182437265
"Cd200r1","turquoise",0.879249043260387
"Rab28","red",0.916803343277079
"Inpp4a","blue",0.762841863106328
"Birc3","turquoise",0.694353613304011
"Zfp317","pink",0.817250078216853
"Arhgap22","greenyellow",0.735538670040263
"Dync1li2","turquoise",0.438105286849748
"Nr2c2ap","yellow",0.828364648462676
"Tdrd7","turquoise",0.936380282831826
"Sema4g","yellow",0.575855741837179
"Pgm2","turquoise",0.734996865073961
"Szrd1","magenta",0.674132887645498
"Srfbp1","black",0.858222978313489
"Il11ra1","turquoise",0.65665925209747
"Letm1","turquoise",0.434980789244746
"AW112010","black",0.69777501052935
"Trim24","turquoise",0.789272291178164
"Zfp52","turquoise",0.645786496908475
"Neurl3","turquoise",0.740997359876019
"Aamdc","red",0.843824323350468
"Smpd1","magenta",0.909447363549221
"Ttc32","turquoise",0.801529009370878
"Lin9","turquoise",0.447566104805084
"Fam3a","turquoise",0.795905215609899
"Metap1d","turquoise",0.7618728101272
"Ogfod1","pink",0.873685293950243
"Tnfrsf17","green",0.601645745231712
"Rad50","yellow",0.854533922072259
"Fbxo6","yellow",0.734044101711499
"Mis12","turquoise",0.762667097856287
"Paip1","turquoise",0.665457750354833
"Golga3","blue",0.752563409825286
"Ahctf1","yellow",0.613242977592605
"Snx20","magenta",0.987478435944378
"Abhd2","greenyellow",0.924204044104216
"Snhg5","turquoise",0.343118800863655
"Gpm6a","green",0.875519783638071
"Gm9616","turquoise",0.962217065571547
"Zdhhc9","yellow",0.824276627504441
"Bag6","turquoise",0.725105026892396
"Plcb3","turquoise",0.957779270966662
"Cyria","green",0.708422379139929
"Gbp3","pink",0.921540159965779
"Gm15772","turquoise",0.971391809056394
"Slc25a30","black",0.646113404306224
"Igsf8","black",0.87750777441865
"Exd2","pink",0.880547441500808
"Bclaf3","red",0.969304364731399
"Dhrs1","turquoise",0.70205640057284
"Supt5","green",0.634215172313893
"Trmt12","turquoise",0.575833021454002
"Vkorc1l1","turquoise",0.741355170055702
"Tbce","magenta",0.924107068191841
"Akap10","black",0.841863046502311
"Raf1","yellow",0.774886885453399
"Cars1","blue",0.848443988739257
"Rbck1","turquoise",0.903595464715382
"Tpcn1","turquoise",0.843255402862281
"Cyp27a1","turquoise",0.88625915326706
"Anapc15","yellow",0.753799801494041
"Elf4","blue",0.473591134566072
"Got2","magenta",0.882363488372443
"Myo7a","yellow",0.575263576448295
"Epb41","red",0.56405345614676
"Pdha1","red",0.932545337107435
"Uqcc5","turquoise",0.597708497165275
"Gm9320","turquoise",0.739809972942499
"Rrm1","pink",0.678670924535176
"Stk3","turquoise",0.809139428548459
"Ttc7","turquoise",0.749286319258912
"Cenatac","green",0.908419174322266
"Emd","turquoise",0.759255321141717
"Gcnt2","yellow",0.935163527174022
"Bcl7b","magenta",0.933059518446943
"Mrps28","turquoise",0.829639660650544
"Hras","magenta",0.932180679887082
"Trappc3","turquoise",0.911252985304634
"Prdm1","green",0.555526153862552
"Nudt5","green",0.615802302607457
"Tubgcp4","pink",0.726060221017706
"Sap130","pink",0.908182538638572
"Nolc1","yellow",0.913367015201523
"Inpp5k","yellow",0.885549800956455
"Ube2srt","turquoise",0.867809686968473
"Zxdb","yellow",0.537053810899815
"Rrs1","turquoise",0.947656193322431
"Pxn","turquoise",0.842084363372782
"Cyp20a1","red",0.972605892504524
"E2f4","turquoise",0.955563502905885
"Smim12","turquoise",0.591500523563958
"Trappc11","red",0.705672468135479
"Sptan1","pink",0.729187881571982
"Pdgfa","turquoise",0.873900929416438
"Nadk","turquoise",0.868932782615758
"Dnlz","yellow",0.928914968206629
"Tprkb","turquoise",0.687106973411762
"Ube2g2","turquoise",0.956521321612239
"1700113A16Rik","turquoise",0.952146399404523
"Preb","red",0.872098572202386
"Sf3a1","yellow",0.674403577491119
"Zmym3","red",0.869580339707894
"Pde6d","turquoise",0.81392724111727
"Ptpn12","turquoise",0.88072908029512
"Pop4","turquoise",0.877867992967194
"Gm12411","turquoise",0.883148674682444
"Snta1","turquoise",0.918626805252225
"Acp6","turquoise",0.464284867890108
"Rnf14","magenta",0.915461608627356
"Zfp398","pink",0.959631665326105
"Dynlt2b","red",0.961127580239523
"Brms1l","turquoise",0.730246966160501
"Chfr","turquoise",0.875985073297394
"Rpp14","yellow",0.874363019493819
"Golga1","turquoise",0.786988680366768
"Mir17hg","turquoise",0.688352001061573
"Nfatc3","yellow",0.95169464043776
"Osbpl1a","turquoise",0.845970103877324
"Phf21a","turquoise",0.757950411657979
"Syce2","red",0.929305279004411
"Agl","blue",0.825622539242514
"Rcor3","pink",0.848759384219354
"Tmem39a","black",0.773580738455656
"Tmub2","yellow",0.948407949448713
"Cpox","blue",0.903761484534012
"Cdk2","yellow",0.692788200834699
"Mcoln1","yellow",0.728251582022467
"Fem1b","green",0.565104625277464
"Rnf135","turquoise",0.906358035782076
"Rnf181","turquoise",0.44110001058739
"Vcf2","green",0.8367251309307
"C87436","yellow",0.721006722504214
"Poglut3","red",0.82636507630503
"Trib1","brown",0.831373836146193
"Exoc6b","turquoise",0.774355501208516
"Pot1a","yellow",0.540342321062847
"Riox2","blue",0.931938379170403
"Cdkn2aip","red",0.844441147553278
"Exosc3","turquoise",0.758878049679886
"Cfap36","turquoise",0.832017711479697
"Ubap1","turquoise",0.799078056496667
"Kpna6","yellow",0.641467156302307
"Phkg2","turquoise",0.462817666287646
"Ino80e","green",0.891508649716551
"H2ac18","turquoise",0.71720009286061
"Mrpl28","red",0.882078239639831
"Med19","red",0.966184614208067
"Fbxo30","brown",0.791114006068541
"Slc16a10","turquoise",0.688093736454052
"Mitd1","red",0.973127122956473
"Wdcp","blue",0.840369327243572
"Cdkal1","yellow",0.681472314617195
"Satb1","pink",0.530446360178312
"Stat5b","pink",0.881803712462911
"Pirb","turquoise",0.570374440827905
"Ppme1","turquoise",0.893746696671242
"Sc5d","green",0.870140773679155
"Strn4","turquoise",0.617356932176525
"Wdr81","yellow",0.829914804684907
"Lonp2","red",0.807620069232826
"Dpagt1","red",0.845675623196347
"Clpx","red",0.839936744051117
"Mnt","turquoise",0.738195485042118
"4921524J17Rik","yellow",0.959796418324042
"Map2k4","magenta",0.936083414655082
"Atad2","purple",0.846437389780639
"Sms","pink",0.848135997512983
"Tsc1","turquoise",0.791423074647959
"Uhmk1","red",0.869038039670586
"Rassf8","turquoise",0.807332665258231
"Cdkn2aipnl","turquoise",0.93223406191746
"Pccb","turquoise",0.731854068603449
"Odf2l","yellow",0.720277091719787
"Ttyh1","brown",0.382044075128056
"Umad1","pink",0.794733173366862
"Ndufv1","black",0.598845413537926
"Tor1b","black",0.877884200701574
"Bap1","blue",0.903788077675043
"Rap1gap2","blue",0.819028374404979
"1110059E24Rik","green",0.928057854760651
"Eps8","turquoise",0.393359542127392
"Ndrg2","magenta",0.772193595367495
"Lars1","turquoise",0.601450373061996
"Akip1","red",0.818956650686882
"Ccs","turquoise",0.519531107444091
"Kcnd1","yellow",0.755478474734688
"Txndc11","magenta",0.842081108071619
"Cep120","greenyellow",0.895280053281117
"Zfp513","blue",0.858281522108711
"Timm9","turquoise",0.821369966511714
"Med29","red",0.930920695173943
"Zfp141","greenyellow",0.884873366773316
"Sart1","turquoise",0.77287778753348
"Trim56","turquoise",0.539734068513465
"Derpc","purple",0.774594816307659
"Fut8","magenta",0.92373504862414
"Smg6","turquoise",0.872243389616018
"Cfl2","red",0.787553811136909
"Ttc17","yellow",0.906601289073367
"Rpl3-ps1","turquoise",0.804786350414925
"Bcl2l13","pink",0.696558662505763
"Slc38a6","turquoise",0.371819013443667
"Tmem181a","pink",0.918131818856766
"Gm15779","purple",0.819955256840121
"Plscr3","turquoise",0.870111722006688
"Phf6","turquoise",0.578966743956986
"Smarcd2","turquoise",0.87420433467364
"Ttc28","red",0.865432662590725
"Zfp930","red",0.779245951508175
"Trnau1ap","turquoise",0.906717187362245
"Map4k2","turquoise",0.850018067494833
"5031425E22Rik","turquoise",0.876562760037846
"Dot1l","blue",0.7350132912202
"Ube2v1","red",0.744232263929131
"Fbrs","turquoise",0.835345235577026
"Eogt","turquoise",0.847465444416408
"Mr1","turquoise",0.665065398537935
"Rmdn1","turquoise",0.772703416581991
"Ermp1","pink",0.947607002732144
"Ralgps1","turquoise",0.897683394817638
"Pals1","green",0.975265629689795
"Nrf1","turquoise",0.579539234908972
"Cluap1","turquoise",0.706493510473043
"Zfp41","pink",0.874243821235226
"Minpp1","turquoise",0.839424154204029
"Rbsn","pink",0.598064791290916
"Emc8","tan",0.793286523249063
"Zfp51","magenta",0.88957034434823
"Dhx32","turquoise",0.923384361969202
"Actr8","green",0.947009341351365
"Mrpl39","turquoise",0.833190422100629
"Wdr36","yellow",0.654493667742826
"Secisbp2","pink",0.709113474477613
"Rpl10-ps3","pink",0.750450019486718
"Cd72","yellow",0.843304569333822
"Bud23","turquoise",0.792040500636188
"Marf1","turquoise",0.561279960581553
"Fktn","turquoise",0.732461266073866
"Psme3ip1","red",0.942612893249502
"Tmbim1","tan",0.836694791387784
"C330018D20Rik","green",0.680813032959669
"Gm26782","turquoise",0.63958593839209
"Csnk1g3","yellow",0.614185652594762
"Rpp38","red",0.901139694746344
"Map3k5","magenta",0.88512387243181
"Lypla2","turquoise",0.430462772727864
"Fam98b","turquoise",0.706198160476535
"Gemin6","pink",0.894399179538829
"Fdx1","pink",0.758073320182795
"Zfp704","pink",0.90112887622208
"Spats2","greenyellow",0.840313641049788
"Pus1","blue",0.548369556819077
"Ikbkg","blue",0.578095438323423
"Ak1","green",0.679294827235049
"Fbxo9","blue",0.656728982896236
"Bcl9l","black",0.672477558659435
"H2-Ab1","brown",0.85300083802263
"Mrc1","purple",0.822686111178768
"Stk24","pink",0.752417277179849
"Csmd2","blue",0.834994853619102
"Zeb1","magenta",0.933848436904577
"Wdr3","yellow",0.912791612486441
"Srm","turquoise",0.526083507551477
"Atpsckmt","turquoise",0.846951898468476
"1600010M07Rik","red",0.972174511108095
"Zfp180","pink",0.951067348139474
"Maco1","red",0.973028107131179
"Lsm2","turquoise",0.771601277252265
"Phf1","blue",0.930443605465543
"H6pd","turquoise",0.687024346999905
"Wbp1l","pink",0.830155323051691
"Pus10","black",0.701491782927683
"Map2k2","turquoise",0.794025181557482
"Nfyc","turquoise",0.942276799607329
"Vps39","yellow",0.830472342624644
"Skic2","blue",0.96976559134102
"Gatd1","turquoise",0.617380169533521
"Copg2","turquoise",0.759054906222561
"Plxdc1","turquoise",0.970739097161278
"Ptprm","turquoise",0.816378955713674
"Rfc1","yellow",0.842260133671746
"Smim1","red",0.782758105273087
"Dvl3","pink",0.937742547711482
"Kctd5","yellow",0.980362353760017
"Lfng","blue",0.876007483792362
"Otub1","magenta",0.789931783856573
"Meis3","tan",0.609082472659358
"G2e3","yellow",0.800692981602736
"Mmut","red",0.864056340941325
"Sde2","turquoise",0.801528770954254
"Ccdc117","turquoise",0.850732249759433
"Zfp696","turquoise",0.725021700573852
"Abtb1","yellow",0.955331189854747
"Ncan","magenta",0.907896235390944
"Rapgef1","turquoise",0.829358123749587
"Cul2","magenta",0.875263137030858
"C920021L13Rik","turquoise",0.785864740051974
"Man2c1","purple",0.811497539787863
"Sphk2","turquoise",0.936674918719397
"Prkx","yellow",0.55883302719981
"Dennd2b","blue",0.901758340241115
"Trpv2","turquoise",0.665839527895225
"Cbfa2t2","purple",0.862867356141949
"Gosr1","magenta",0.960236020089698
"Lars2","green",0.825389613430098
"Xrcc4","red",0.762143751595428
"Cmtm8","turquoise",0.819856083869119
"Zbtb33","magenta",0.969905773465595
"Tex10","red",0.92436361898353
"Rpl27-ps3","turquoise",0.787258669622479
"Tmem47","magenta",0.694014268426672
"Gpn1","black",0.9008360559729
"Rnase6","yellow",0.896880016191134
"Dedd","yellow",0.731092236892627
"Senp5","turquoise",0.769393606570481
"Tyw5","red",0.957618294837031
"Tmem268","magenta",0.844529550885603
"Donson","turquoise",0.719880933291282
"Gmppa","turquoise",0.735752389508129
"Slc30a4","yellow",0.779698908587987
"Stx18","turquoise",0.661931167261439
"Slc66a1","turquoise",0.674529093140062
"Gtf2f1","turquoise",0.898429906673633
"Arhgap24","yellow",0.774389456304579
"Get4","turquoise",0.831511714795102
"Nopchap1","blue",0.944550478526037
"Glrx5","green",0.810913600006441
"Gm46430","grey",-0.407230347394468
"Pcgf5","magenta",0.846099395726148
"Cirbp","yellow",0.543271618093583
"Zfp946","red",0.946753023582191
"Slc35b4","green",0.878354657554538
"Mrps12","red",0.842736470956924
"Orai3","turquoise",0.882294952752264
"Zmym4","turquoise",0.530372175519331
"Dexi","turquoise",0.880988003799689
"Eif2ak2","yellow",0.896564945170609
"Ppt2","turquoise",0.670440448048317
"Chchd5","turquoise",0.557397575173259
"Bag4","greenyellow",0.966272816231095
"Ralgapb","purple",0.926190486380433
"Usp3","turquoise",0.79889426310711
"Alg14","yellow",0.904529670366612
"Plpp3","brown",0.822985565257173
"Rnf41","green",0.787274991264721
"Mrs2","turquoise",0.811798179031309
"Odf2","turquoise",0.758292124367624
"Parp4","yellow",0.862677098313484
"Hscb","turquoise",0.307431638924686
"Camk2g","turquoise",0.896520588627596
"Pde12","turquoise",0.712061531720567
"Limd1","blue",0.978201461802747
"Mfap1a","red",0.97472079143965
"Mgme1","yellow",0.698286595679048
"Ndrg3","pink",0.763449762995683
"Wdr89","purple",0.877910175772814
"Cep290","red",0.416897136323306
"Mettl25b","turquoise",0.430571215616567
"Txn2","brown",0.832193405974944
"Gyg1","magenta",0.931401451318966
"Trappc12","turquoise",0.217960882377657
"Dgcr2","purple",0.69210269839392
"Akt2","turquoise",0.710940896294996
"Atf7","purple",0.752129536322868
"Fra10ac1","red",0.964441819377939
"Dera","grey",0.697684022172953
"Igsf10","greenyellow",0.934471804989478
"Tmem254","tan",0.880903985799948
"Cd27","turquoise",0.972183899339482
"Kmt5a","turquoise",0.405713108619677
"Rab22a","yellow",0.863327424986972
"Cab39l","red",0.832147895118636
"Pitrm1","greenyellow",0.923408607082844
"Rps12-ps10","purple",0.828874182169551
"Tnfsf13b","red",0.793885388597703
"Tnfaip1","magenta",0.921558235032439
"Ero1a","blue",0.715163813466301
"Zdhhc14","turquoise",0.795344736987064
"Pex1","blue",0.729517084085825
"Dnajb12","yellow",0.905243839151485
"Kctd20","red",0.858719798473732
"Mtmr1","turquoise",0.52851529053377
"Rnaseh1","black",0.856182538088344
"Med31","turquoise",0.723485640589804
"Coq10b","green",0.783232303123055
"Cnbd2","blue",0.727498084446846
"Dcaf11","turquoise",0.563192838238271
"Mtm1","tan",0.817581155006171
"G6pc3","yellow",0.68414501470753
"Spsb1","yellow",0.901840884928331
"R3hdm4","magenta",0.854756121526838
"Epc2","green",0.784083880830777
"Bag3","turquoise",0.873551102071664
"Mrpl10","turquoise",0.782398217746699
"Rnf150","pink",0.674396960679322
"Mttp","black",0.781445059363888
"Wdr7","red",0.935008328220697
"Ehmt2","yellow",0.63493551113726
"Siglecf","black",0.577092932040508
"Dlg4","blue",0.592478373386545
"Rybp","red",0.900404671940106
"Slfn2","green",0.653589291023294
"Mroh1","blue",0.20107012035818
"Rbpms","turquoise",0.68778559294506
"Appl1","tan",0.869615137598002
"Rbm48","magenta",0.963710171735078
"Actr1b","turquoise",0.919428650538937
"Ivd","blue",0.859120576842741
"Nrep","red",0.591383097597176
"Lgals3","purple",0.298338663570154
"Cops8","magenta",0.947503168313043
"Sclt1","turquoise",0.602210086188442
"Tubb2b","turquoise",0.758362914907374
"Pithd1","turquoise",0.570402369337411
"Tbccd1","pink",0.943192180775672
"Pigyl","green",0.863448028342364
"Cwc22","yellow",0.780417753462934
"Tstd2","yellow",0.823366407500163
"Dtx3","black",0.757840383303912
"Rdh11","turquoise",0.639462585493717
"Arid3a","pink",0.888403823653499
"AI504432","pink",0.584832106640313
"Tmem38b","green",0.590866184034384
"Abhd5","grey",0.118523269987285
"Tcof1","turquoise",0.847531321383884
"Sdhaf3","yellow",0.87558309132183
"Tmc6","turquoise",0.775403399626335
"Tbc1d20","magenta",0.97171815414349
"Hspa12a","pink",0.873056691333665
"Sfxn1","green",0.900089996877156
"Dimt1","magenta",0.745973520471379
"Pcnx3","blue",0.881897017769139
"Mtf1","yellow",0.892107081116499
"Vegfb","yellow",0.962027653703833
"Pnpt1","magenta",0.940001220028666
"Plrg1","red",0.771760411661809
"Ifitm2","turquoise",0.527878351937511
"Nt5dc1","turquoise",0.590505794786911
"Gfer","turquoise",0.622266158147166
"Camsap1","green",0.638450317491528
"Nenf","yellow",0.896811585318549
"Acad8","turquoise",0.687927023174935
"Pygb","blue",0.746000535946994
"Dmac1","yellow",0.804918901979538
"Supt16","turquoise",0.777545015800676
"Pam16","brown",0.538617155804481
"Tmem250","turquoise",0.876625516266656
"Mettl21a","yellow",0.926288822432906
"Uros","green",0.379567922643232
"Rps2-ps13","turquoise",0.787122368038152
"Ccl5","grey",0.71665872052331
"Ide","magenta",0.925889186231472
"Fam53a","turquoise",0.286687230587268
"Gm15446","yellow",0.748008997253024
"Ninl","turquoise",0.704690837573469
"Eid2","turquoise",0.797380290946876
"Orc5","green",0.793990654071065
"Tmem203","turquoise",0.845639056013874
"Ccdc22","turquoise",0.879668545251062
"Irak4","yellow",0.957242960498201
"Pi4k2a","purple",0.779140975747243
"Tmem44","turquoise",0.715529113221742
"Wdfy4","turquoise",0.716123446905474
"Guk1","green",0.832314746808691
"Tcp11l2","magenta",0.938401396497794
"Rps27a-ps2","pink",0.793197889859737
"Yeats4","yellow",0.603864270647995
"Tubgcp2","blue",0.858287073970714
"Yif1a","brown",0.76771726850407
"Septin2","green",0.976166450793822
"Crcp","magenta",0.973178867163659
"Dhx57","yellow",0.693258884050819
"Poldip3","magenta",0.854552072623933
"Usp38","yellow",0.853269131185389
"Mterf1a","red",0.962981046594532
"Zfp414","green",0.767208163225045
"Polr3e","turquoise",0.574747289982831
"Cbx4","green",0.510316600834731
"Bag5","yellow",0.832417188567063
"Zfp865","blue",0.726734897342428
"Xpo5","turquoise",0.671562887651946
"Spns1","purple",0.81021328029795
"Pde4b","greenyellow",0.951898472626623
"Phtf1os","turquoise",0.767672243903389
"Abcf1","turquoise",0.565908567551362
"Naa60","turquoise",0.557183444765075
"Tmem185b","yellow",0.861028944687765
"Pih1d1","green",0.710848678881088
"Bcl2l11","black",0.862622625078336
"Psme3","yellow",0.716568201296175
"Uvrag","red",0.702089743712295
"Dlg3","pink",0.734950204740551
"Mcee","turquoise",0.97340224250143
"Tmem222","yellow",0.637531251077219
"Rad9a","turquoise",0.885866365071813
"Otud7b","magenta",0.865605724274571
"Tmem18","turquoise",0.867924468250346
"Thap3","turquoise",0.830852790897369
"Fam135a","yellow",0.979610631828531
"Mcm3","turquoise",0.938305849782403
"Hhat","pink",0.828852110690291
"Bcl6","purple",0.785742822262097
"Nelfcd","turquoise",0.83463471933919
"Tyms","yellow",0.802315081505902
"Ranbp10","black",0.845236261726235
"Nsmce1","yellow",0.596491703413463
"Naa16","green",0.837204827439479
"Abcb4","yellow",0.742669214510665
"Kat8","turquoise",0.768544525908672
"Kifbp","red",0.856423637429311
"Gm4316","black",0.75620457734975
"Cxxc1","turquoise",0.810903312551867
"Faap20","red",0.975061702499195
"Mgst1","yellow",0.53689746152189
"Ddit4","blue",0.880679602807124
"Kiz","blue",0.707784417434787
"Wdr18","red",0.930462650232014
"Zkscan8","yellow",0.690652623945013
"Nabp2","green",0.660705546602356
"Spen","magenta",0.458191577638231
"Alg3","green",0.888264296009578
"Ptpn4","turquoise",0.645977893880241
"Mcm3ap","pink",0.824778843326706
"Pfkl","brown",0.878085666411205
"Wdr41","yellow",0.954395094126702
"Fh1","red",0.974550361168883
"P3h2","red",0.845109373762752
"Peak1","red",0.668509010193982
"Ngrn","red",0.92490355279015
"Ccdc28b","tan",0.942104177933735
"Flna","brown",0.64134864286266
"Kdm5b","blue",0.370667986909861
"Mpp1","black",0.708508939024077
"Arl2bp","turquoise",0.718987063393995
"Armc1","red",0.907704229323484
"Mapk6","pink",0.882562104210108
"Rhno1","magenta",0.914691824200651
"Xpa","turquoise",0.664616200963986
"Acyp1","turquoise",0.523111053210738
"1500011B03Rik","turquoise",0.838459226755954
"Arid3b","black",0.840142143766964
"Gm13408","turquoise",0.766704265539738
"Ccdc124","red",0.755903165811354
"Rgs7bp","yellow",0.798489967154786
"Scrn3","turquoise",0.636132569392998
"Dcun1d2","pink",0.756506326696837
"Acadsb","brown",0.887979778084708
"Gm32687","red",0.915720813151184
"Pagr1a","black",0.663863564485417
"2310033P09Rik","turquoise",0.717962753441901
"Gpr108","yellow",0.585088260746583
"Kdm4c","red",0.865726225105213
"Arfgap2","yellow",0.807250125006676
"Ints4","pink",0.774681066899689
"Acadvl","turquoise",0.564376112445948
"3110056K07Rik","red",0.937846264016915
"Ndst2","black",0.506084697290621
"1700066M21Rik","turquoise",0.690317910732857
"Traf3","green",0.706129439470024
"Jmy","pink",0.863281101621485
"Mapk8","purple",0.894524616640941
"Clcf1","pink",0.877546950186728
"St8sia6","pink",0.785199877101606
"Adnp2","turquoise",0.602994630544391
"Odc1","yellow",0.479834542823415
"Zfyve26","pink",0.4669861704139
"Serf1","turquoise",0.635130273925541
"Slc35a2","yellow",0.881953156835933
"AU022252","black",0.947280130688334
"H2-Q4","blue",0.916451863877909
"Pdcd2l","magenta",0.891251673728938
"Vps13a","pink",0.833372270219405
"Ppm1k","yellow",0.839770041813296
"Nom1","red",0.749732784688514
"Inpp5f","yellow",0.917289772264893
"Med15","turquoise",0.342492448862343
"Rnf215","tan",0.83467857704852
"Rnf168","blue",0.963777925990014
"Ddx60","purple",0.822653825216457
"Casp3","tan",0.746932453442611
"Oxsm","turquoise",0.544328259225417
"Anapc5","green",0.878743480192082
"Kdm4a","yellow",0.782595075354633
"Zmat5","red",0.816899001709392
"Asb2","turquoise",0.555413099707822
"Mdn1","purple",0.667416327830652
"Polr2l","red",0.867482355417777
"Cwc27","yellow",0.921198802923115
"Gm2026","greenyellow",0.814599246591153
"Znhit3","red",0.890613977190377
"Rex1bd","red",0.809039135469806
"Kif13b","red",0.815209971306345
"Eef1akmt1","red",0.934430549120358
"Psmd5","yellow",0.796874353930916
"Loxl3","yellow",0.813393556083099
"Prmt9","turquoise",0.359899915026813
"Ppp4r1l-ps","pink",0.719780958391573
"Ctla2b","yellow",0.792262521152483
"Gm15417","turquoise",0.77423309645128
"Utp14a","magenta",0.891161387764421
"Mrto4","green",0.858572390773426
"Gatd3a","turquoise",0.946016429400468
"Mcrs1","blue",0.554377773843703
"Cog8","red",0.881337637464696
"Mrpl54","turquoise",0.509842624773775
"Zc3h18","turquoise",0.833546799962661
"Gdap2","turquoise",0.799249896219246
"Capg","turquoise",0.271832036668805
"Ddit3","magenta",0.941824996660482
"Kdm1a","yellow",0.823504225215751
"Xab2","turquoise",0.667116003751756
"Gemin7","turquoise",0.403458334644309
"Mis18a","red",0.90085724216473
"Spsb2","turquoise",0.946309449327854
"Klhdc10","blue",0.787852055784459
"Rrp1","yellow",0.715014384226612
"Taok3","red",0.937662376383756
"Smc4","yellow",0.73038136998403
"Prpf6","green",0.782690472355317
"Flii","red",0.818538587132001
"Tomm40","turquoise",0.513940108473601
"Notch1","yellow",0.881706669327561
"Wdr48","turquoise",0.691471324762834
"Dcakd","turquoise",0.647713770815475
"Qtrt1","green",0.773329926050878
"Erhrt-ps","brown",0.807444816085593
"Vps11","yellow",0.721229230467433
"Atl3","magenta",0.937205838939923
"Ndel1","yellow",0.736975707382586
"Zc3h13","yellow",0.663749355295062
"Smc2","magenta",0.898428909686666
"Smim26","yellow",0.460684260621505
"Mideas","turquoise",0.696545730318333
"Cltb","magenta",0.783344058563866
"Abcf3","yellow",0.957939159456412
"Fbl","green",0.932504013941106
"Tmco3","magenta",0.936659391214442
"Sars1","tan",0.767057731130223
"Zfp746","yellow",0.824089128674477
"Zdhhc4","turquoise",0.675493663981021
"Gigyf1","green",0.549574514038921
"Fggy","tan",0.557079652348581
"Slc39a12","magenta",0.89816713268733
"Adar","black",0.570654326632131
"Rbm15","turquoise",0.680338066799766
"Dbndd2","yellow",0.878579922766383
"Trim11","turquoise",0.830954585668684
"Ranbp6","turquoise",0.803348448087438
"Gpat4","yellow",0.916630849824131
"Rassf3","purple",0.804572641804481
"Anapc7","turquoise",0.560837840115852
"Gm12174","turquoise",0.958825412546321
"Mtif3","green",0.895360977462844
"Tmc7","red",0.895981196473067
"Snhg17","blue",0.909124034655675
"Txlng","turquoise",0.525225994486643
"Casp8ap2","red",0.839118617911199
"Traf5","red",0.838086475893017
"Siae","yellow",0.509635637028593
"Zfp703","turquoise",0.780223798016048
"Ubac2","turquoise",0.694673085003419
"Gtf3c3","turquoise",0.838335401050509
"Rnaseh2b","yellow",0.72094785289825
"Gm8337","pink",0.862325425250534
"Ggt5","yellow",0.361264736760688
"Gm12346","turquoise",0.628367192876663
"Ilkap","red",0.847358533142693
"Yrdc","turquoise",0.786167212451888
"Fn1","purple",0.749739512544773
"Snhg6","green",0.656389271524496
"Ftx","pink",0.825535315734999
"Aldh2","purple",0.7793465753923
"Srr","turquoise",0.744732796548102
"Zfp511","yellow",0.869852656492048
"Or7d10","purple",0.767177975560137
"Dtd2","turquoise",0.663381922032026
"Adi1","green",0.763105192393693
"Rnaseh2c","turquoise",0.900772391776858
"Nkiras1","turquoise",0.868591334461368
"Fmo1","blue",0.641522970501686
"Cnpy4","red",0.806945049163623
"Aqr","yellow",0.915147461917449
"Dhx29","turquoise",0.638403174403407
"Heatr1","blue",0.755870972345422
"Npepl1","black",0.910017915046733
"Cnp","green",0.738320456263231
"Ppie","yellow",0.74397065100852
"Tmem164","red",0.951730553355981
"Rce1","yellow",0.957474979867985
"Ubn1","brown",0.608331164190544
"Ttbk2","brown",0.356640237075407
"Fam20b","black",0.825498129747958
"Rps23-ps1","purple",0.910482478585118
"Smad5","red",0.6663801360241
"Itga9","blue",0.68677476649166
"BC002059","yellow",0.806629756523808
"Ints8","greenyellow",0.887546381658244
"Atp13a1","red",0.759545924017929
"Trmt6","yellow",0.879564834762415
"Cyb5r3","yellow",0.930547920773393
"Rev3l","pink",0.696789994537587
"Cdc42ep3","tan",0.947949983893979
"Dcaf10","yellow",0.946135864751765
"Tnip2","yellow",0.928948437742183
"Mrpl45","green",0.91010608928137
"Pyroxd1","pink",0.801936907796384
"Dock1","red",0.942977515503274
"Rae1","turquoise",0.635653236882857
"Wdr53","turquoise",0.74644523522402
"Gm5148","green",0.747719358798204
"Pygo2","green",0.793072848779239
"Terf2ip","turquoise",0.567797088062268
"Dnajc18","yellow",0.841670453433472
"Myg1","brown",0.803014985142305
"Galt","yellow",0.92258064509258
"Plk3","pink",0.823257924496199
"Serpinf1","green",0.835937514036009
"Tmem106c","red",0.726884064241602
"Arhgap1","magenta",0.908234726265871
"Mast4","tan",0.878894640935382
"Ezh1","black",0.451841465632862
"Foxk1","green",0.533275486589501
"Dcps","yellow",0.584367708889517
"Rraga","blue",0.690262834564355
"Zfp866","black",0.779585032520049
"Alg1","red",0.842694706501771
"Rhbdd1","pink",0.762720966256363
"Yars1","brown",0.877169842571661
"Xpnpep1","yellow",0.831154637797755
"Zyx","brown",0.403394847035573
"Ercc6l2","pink",0.463278231757207
"Zfyve19","yellow",0.959570504028994
"Gm32031","turquoise",0.812621491850705
"Zcchc10","yellow",0.95783013698801
"Zbtb2","magenta",0.732365150633898
"N4bp2","black",0.804942909596504
"Kmt5c","black",0.685906409695649
"Nup205","red",0.653190727796355
"Trim39","black",0.7689702540149
"Gtf2f2","magenta",0.907146365785129
"Angptl7","magenta",0.457763145427811
"Hsd3b7","red",0.961061070617874
"Naa10","turquoise",0.792590283039494
"Il2rg","brown",0.607785980823077
"Hddc2","turquoise",0.811474279738308
"Dstyk","tan",0.942261686640406
"Enoph1","magenta",0.980881545273477
"Apbb2","green",0.938140045646812
"Mrpl34","green",0.80211943078225
"Pa2g4","grey",-0.297391649707138
"Ptpn9","pink",0.868534213436414
"Tbc1d31","yellow",0.932479290615905
"Zfp40","red",0.83614647064767
"Nup85","turquoise",0.923010310137604
"Lilrb4a","purple",0.763570747832336
"Ddx55","turquoise",0.696251563974109
"Trit1","red",0.815192156533342
"Mgrn1","green",0.883709723489186
"Wdr70","magenta",0.789477465970413
"Cox6a2","tan",0.896851848943752
"Zbtb41","red",0.367134754720437
"Zfp810","green",0.92955365099287
"Arsg","turquoise",0.704093412750022
"Stoml1","turquoise",0.779413819447875
"Pals2","tan",0.834392010095935
"Fam53b","turquoise",0.424764418854037
"Caap1","red",0.903167197254456
"Slc5a3","red",0.88641034137146
"Ndufaf2","red",0.946373595128743
"Timm44","magenta",0.934151796514054
"Gfm1","turquoise",0.845003321420713
"Plekhm3","yellow",0.866745233647402
"Get1","yellow",0.691387702821802
"Sh3gl1","red",0.694272353212197
"Zfp719","red",0.798582406611298
"Nrm","turquoise",0.780219494913644
"Timp3","blue",0.742973494740459
"Amdhd2","tan",0.957521754617175
"Fdps","yellow",0.293506142201052
"Nelfa","turquoise",0.556703611936409
"Selenoh","yellow",0.741581012283744
"Trp53bp2","turquoise",0.79796279588283
"D330023K18Rik","turquoise",0.657841589784201
"Ranbp3","turquoise",0.657664932933078
"Nid2","turquoise",0.771693334841911
"Trip6","blue",0.813712417781964
"Gm36738","turquoise",0.874422637851627
"Oas1a","yellow",0.805208180327543
"Nod1","blue",0.839073500597183
"Got1","turquoise",0.169761111023982
"2700097O09Rik","pink",0.886031914940578
"Mob2","green",0.887379334804654
"Cc2d1b","turquoise",0.923770416839469
"Ints13","pink",0.684812411224374
"Nelfb","turquoise",0.899960434563808
"Hmga1","turquoise",0.787864340695068
"Umps","green",0.794507562780821
"B3gnt2","black",0.739751229438653
"Dck","turquoise",0.842297268117281
"Zfp143","red",0.941561482462728
"Mrps23","magenta",0.796990996348089
"Cep295","tan",0.91043433409496
"Fkbp9","turquoise",0.727863806600771
"Pold3","red",0.532042300903006
"Pmm2","green",0.838366437952258
"Hcfc1r1","yellow",0.425029678143946
"Prkci","pink",0.968286318980845
"Ap4b1","turquoise",0.796431382665549
"Dpp3","yellow",0.636472917863664
"Esrra","turquoise",0.947676136270921
"Mphosph6","green",0.832347846347145
"Ntrk2","green",0.774710734465113
"Tex264","red",0.943662442450678
"Gosr2","yellow",0.946639458304979
"Lonp1","blue",0.854343275026426
"Zfp868","turquoise",0.754408245026829
"Gm3383","turquoise",0.895030592109381
"Pck2","yellow",0.90062534207496
"Slf1","red",0.917413343309075
"Gga3","pink",0.922001524811861
"Zfp687","turquoise",0.70884125954955
"Strbp","magenta",0.630272382600576
"Gsdme","greenyellow",0.907778296710183
"Hmga1b","turquoise",0.776937440823347
"Vcam1","black",0.743885376798412
"Arel1","yellow",0.490498628516579
"Wsb2","yellow",0.863294231362704
"Gbe1","red",0.9468500950617
"Mrps26","magenta",0.824894438720151
"Srsf4","turquoise",0.872075321131753
"Zc3h8","turquoise",0.763679648182254
"Cstf2","pink",0.632738046191738
"Gtpbp8","turquoise",0.534163988948328
"Tsr1","turquoise",0.936761830268446
"Btbd9","brown",0.803572476872532
"Hpcal1","turquoise",0.920322238349633
"Crip1","turquoise",0.399578904726169
"Gramd1b","purple",0.763455771297162
"Slc30a1","magenta",0.991348698913481
"Mios","red",0.910366600979472
"Rdh10","yellow",0.762531888140479
"Pip5k1a","yellow",0.838711647739837
"Kif1c","turquoise",0.766225460830517
"Gbf1","blue",0.610734993129615
"Ctnnbip1","turquoise",0.593937571303512
"Galnt3","yellow",0.860171761133924
"Nup62","yellow",0.929286156864842
"Rrm2b","black",0.781326863740825
"Trmt1","red",0.810368142765688
"Prkrip1","turquoise",0.712642717012192
"Extl2","magenta",0.960606237042893
"Rps27a-ps3","pink",0.919970152305483
"Rps15a-ps3","purple",0.863518599025891
"Zfp455","blue",0.8750306464629
"Sag","turquoise",0.716866436312373
"Prxl2c","magenta",0.892068033941861
"Pierce2","turquoise",0.890164087742446
"Ell2","red",0.418648739269359
"Arvcf","green",0.799435029349705
"Asb8","red",0.938543591516235
"Rufy3","purple",0.774154697176882
"Morrbid","pink",0.583306065884647
"Sin3a","green",0.731146005992803
"Gpc2","grey",-0.651739708654101
"Zfp846","red",0.918282869107651
"Dvl1","tan",0.781956322293317
"Ccdc106","red",0.98051481671743
"Adck1","pink",0.787256553741615
"Ext1","pink",0.701010114134164
"A930011G23Rik","tan",0.920274974394984
"Zfp280c","red",0.893719994683804
"Apmap","magenta",0.942403057214794
"Pex39","turquoise",0.740629608079625
"Med11","brown",0.534331614084956
"Rpap2","turquoise",0.635766587587185
"Plagl2","red",0.955645108099312
"Smpd4","red",0.825667480435294
"Rev1","turquoise",0.823621269634793
"Coro7","pink",0.762567104909407
"Hmbs","yellow",0.876881189141562
"Ppp1r13b","blue",0.943553313585454
"Grpel2","red",0.877838761659004
"Cstpp1","green",0.843019928931522
"Psen2","purple",0.693260349951019
"Tollip","grey",-0.238052254838768
"Cenpo","yellow",0.432507984735197
"Bms1","magenta",0.874881722650803
"Zrsr2","turquoise",0.412916000021456
"Sp4","magenta",0.898685181333777
"Cdyl","purple",0.827154638571701
"Tmem263","purple",0.724919168995348
"Mib2","blue",0.855084047729725
"Slc35e1","turquoise",0.494308466371203
"Septin10","yellow",0.779144791514036
"Trap1","turquoise",0.659046329400402
"Frmd8","pink",0.867667441733786
"Cfap418","magenta",0.97956458567655
"Btrc","greenyellow",0.750439126707597
"Isyna1","turquoise",0.653669190161629
"Atxn7l3","blue",0.766144667427001
"S100pbp","red",0.883500905099504
"Lrig2","brown",0.882282855843192
"Stard8","yellow",0.862181680735851
"Acsl3","magenta",0.692896798286401
"Lnpk","red",0.697892733521222
"Zbtb6","red",0.802534517630688
"Ptov1","red",0.774575687117393
"Zc3h4","purple",0.923189794460678
"Hdac5","turquoise",0.682538150149441
"Atg16l1","red",0.805847905337892
"Snx12","turquoise",0.54861778431076
"R3hdm2","black",0.841712210603632
"Txlna","tan",0.943877681836782
"Ercc1","red",0.759241581315629
"H2-Aa","greenyellow",0.662899954317515
"Ephx1","magenta",0.857844683320579
"Tor4a","turquoise",0.812713874573354
"Kctd2","yellow",0.88022630320007
"Zfp951","red",0.950109693177051
"3222401L13Rik","red",0.639060356347853
"Mbd5","black",0.86752577809938
"Hace1","purple",0.778936752047385
"Ctr9","magenta",0.942130142782555
"Cmtr1","green",0.594399025125125
"Icmt","blue",0.754882510241502
"Nova1","red",0.902610743221567
"2510002D24Rik","turquoise",0.924489248356378
"Ppil3","red",0.855441161080678
"Serpinc1","yellow",0.841673263936739
"Exosc4","red",0.940559165445647
"Zcwpw1","brown",0.63196304194006
"Rfc3","red",0.967369563419392
"Rnf40","turquoise",0.590103100427051
"Gm7336","turquoise",0.784779287886828
"Eps15l1","red",0.96438572825039
"Chmp6","turquoise",0.859968248508848
"Sh3pxd2a","magenta",0.888400962793688
"Mbd3","red",0.828939113172484
"Zfp748","brown",0.687520708693531
"Dnajc11","yellow",0.782508185729059
"5330438D12Rik","turquoise",0.83685849193044
"Tsr3","tan",0.670141872325055
"Nsun6","yellow",0.959708216689419
"Bckdk","red",0.66628694021343
"Golgb1","yellow",0.903303416110323
"Dgat1","red",0.970476689010853
"Hspe1-rs1","turquoise",0.678086832493455
"Aprt","yellow",0.917269778930279
"Slc25a40","yellow",0.551141902052705
"Mmgt1","purple",0.605226371148838
"Rras2","turquoise",0.723924109583797
"Phgdh","red",0.827471155095798
"Atxn7l1","purple",0.87384745713654
"Bex3","turquoise",0.429602897609065
"Zfp709","red",0.870854272475391
"Dtd1","turquoise",0.778375357615478
"Klhdc8b","magenta",0.785849966049797
"Mfn1","yellow",0.616927092613709
"Rpa1","turquoise",0.773197142116369
"Mmd","magenta",0.886990856494885
"Ptcd2","turquoise",0.498537609066142
"Glrp1","yellow",0.806718148920092
"Bckdhb","turquoise",0.872674500920706
"Rpl17-ps3","turquoise",0.863916123038688
"Coa4","black",0.747726169320875
"Gm16973","turquoise",0.830596104985158
"Bola3","red",0.87271932416523
"Atf3","red",0.959980143730243
"Tsc22d1","tan",0.757376149276009
"Slamf8","yellow",0.751998863264661
"Tctn1","turquoise",0.541641934156586
"Src","blue",0.839015328457098
"Pik3r4","green",0.66308169134074
"Pdp2","green",0.907372466257355
"Tmem218","magenta",0.980043495282311
"Ebf3","magenta",0.822460225889589
"Ddx3y","yellow",0.60454253406935
"Hadh","red",0.909021915670706
"Poc1b","magenta",0.956285827324632
"Pi4ka","turquoise",0.610799752926806
"Coq5","yellow",0.914695284172429
"Urod","magenta",0.793839065978444
"Jmjd6","yellow",0.82096587689969
"Mospd1","black",0.543173899831949
"Fat3","yellow",0.636396148427046
"Zfp597","turquoise",0.427995730853652
"Tmem183a","brown",0.589657565574458
"Coasy","turquoise",0.883854973725312
"Ift46","yellow",0.80097182769681
"Kmt2b","blue",0.373352410376446
"Ubald1","green",0.860136182218112
"Eif2b4","turquoise",0.688719722635653
"Sgms1","yellow",0.160990877301855
"Ptgfrn","brown",0.890795879111159
"Padi2","red",0.886218230530911
"Pbx3","magenta",0.887539915004677
"Zfp955b","yellow",0.975821377519663
"Recql","turquoise",0.715933619512651
"Gtf3c4","red",0.954577741281311
"Taf1b","magenta",0.927031131575641
"Eva1a","green",0.774320867174086
"Ift52","turquoise",0.712817808488941
"Ubl4a","green",0.804653076937038
"Cenpq","pink",0.820315754880105
"Eif2ak4","turquoise",0.65537379807994
"Tpra1","yellow",0.679942348138806
"Socs7","turquoise",0.561276525842189
"Ino80c","magenta",0.948236845115653
"Klc1","turquoise",0.872371952037404
"Samd4b","yellow",0.841715396224019
"Prr5l","purple",0.750669683902963
"Surf6","turquoise",0.669321290192998
"Arih2","yellow",0.919184053695102
"Slc44a1","green",0.69595608673101
"Polr2h","turquoise",0.360323408849861
"Slc4a2","red",0.72846905747633
"Chid1","blue",0.815044685561005
"Zkscan1","magenta",0.921135173708995
"Slc7a6os","pink",0.886536746534286
"Nde1","green",0.893947488737869
"Itpr1","turquoise",0.659466036450222
"5033421B08Rik","greenyellow",0.967425168835769
"Mief1","purple",0.845961747101996
"Hmgxb4","yellow",0.80133304162747
"Pvt1","yellow",0.430644941542397
"1810014B01Rik","turquoise",0.789643481092241
"Ddx39a","green",0.909647183422411
"Cspg5","brown",0.922706674527622
"Tspan18","black",0.959877775768137
"Eci1","magenta",0.945191210875411
"Cib2","turquoise",0.642282897854716
"Vps51","turquoise",0.572893967470975
"Cdk5rap3","yellow",0.810169604152768
"Sec24d","red",0.963280953523331
"Mta1","blue",0.605140225118416
"Fyn","turquoise",0.720931987295751
"Upf1","turquoise",0.767335554806911
"Mkks","blue",0.871224486028529
"Upf3a","magenta",0.920152027132146
"Fxyd5","brown",0.685532517551466
"Taf11","magenta",0.85039357826417
"Haus1","yellow",0.773173048239165
"Mtap","yellow",0.973895775661663
"Supt7l","yellow",0.4108571898472
"Psd4","red",0.799383531106976
"Phrf1","brown",0.831985356736144
"Carf","pink",0.545836918180945
"Bckdha","black",0.891779615299528
"Nsf","yellow",0.924168857616469
"Abhd4","red",0.821348154605664
"Mettl4","yellow",0.757263116606685
"Atg2b","purple",0.92567751442289
"Adk","yellow",0.93804452509366
"Mon1b","turquoise",0.638558698190778
"Vac14","red",0.783476079806385
"Fam110a","turquoise",0.64492837696197
"Pmvk","pink",0.790281927372879
"Nup155","yellow",0.874087051450378
"Mmgt2","red",0.902217617127666
"Slc6a1","tan",0.879251723846004
"Tbc1d17","green",0.795303352634632
"Hs1bp3","turquoise",0.543398363401141
"Mrpl12","red",0.898823519817757
"Pofut2","turquoise",0.622088635643463
"Hsdl2","red",0.918273775406315
"Csf1","purple",0.514576321357075
"Strip1","blue",0.62628033434753
"Tmem80","greenyellow",0.837225423147655
"Gpatch11","yellow",0.925269202273366
"Ankrd27","turquoise",0.742191117857841
"Micu3","greenyellow",0.912903651071285
"Mcm4","turquoise",0.810321123524468
"Nit1","brown",0.86802835480473
"Pnpla2","magenta",0.901064233412661
"Myo1c","tan",0.54630021757238
"Scyl2","pink",0.75687998698831
"Ulk1","turquoise",0.739151592009796
"Pitpnm1","tan",0.816892880511618
"Ankzf1","turquoise",0.348429587826285
"Scn1b","turquoise",0.908702977361511
"Fbxo28","yellow",0.808170091328165
"Myef2","greenyellow",0.939089395171386
"Chst11","blue",0.128105038409735
"Mrc2","red",0.553983544596887
"Nkapd1","green",0.934536212667975
"Morc2a","yellow",0.559942881213512
"Yars2","yellow",0.917188745735096
"Cbx5","green",0.789814131090971
"Cog6","tan",0.799240422561326
"Alad","turquoise",0.896964010312846
"Timm10","turquoise",0.65283744578162
"Gsr","brown",0.877356979397817
"Tceanc","pink",0.954564259240524
"Ubac1","red",0.968413103016683
"Mark2","blue",0.533128563940204
"Siva1","turquoise",0.793999343401031
"Ap2a2","magenta",0.92812498988834
"Xpo4","magenta",0.623639690542208
"Snip1","blue",0.616484438966163
"Ddx54","turquoise",0.856395923665355
"Myo6","green",0.875752006316372
"Htt","green",0.470243341003017
"Gm2387","blue",0.738226680408056
"Mta2","green",0.826223008909559
"Etaa1","pink",0.915169671121506
"Cdk12","yellow",0.885151802800079
"Pofut1","purple",0.885899565416739
"Nol12","turquoise",0.528552500062658
"Ap1m1","magenta",0.876498681390495
"Chchd7","red",0.891943844741231
"Engase","turquoise",0.875174772642777
"Rtca","red",0.830978796278908
"Topbp1","purple",0.886919073965718
"Lrp5","purple",0.761411429136658
"Bahd1","pink",0.720913495226403
"Arhgef10l","turquoise",0.821556260652597
"Matk","turquoise",0.76215787299613
"Rp9","green",0.876127654078455
"Banp","pink",0.853714344353642
"Rpl5-ps1","blue",0.795608412647312
"Mpdu1","yellow",0.712787626811986
"Zfp97","magenta",0.869313839137644
"Tbrg1","black",0.910663539664196
"Slco4a1","pink",0.877515116427555
"Lig4","black",0.706959698638293
"Rps12-ps3","tan",0.858423955948718
"Ubqln2","red",0.788580594059703
"Nfya","pink",0.904210027185532
"Ddx10","red",0.944083810859836
"Btbd10","red",0.942987841795806
"Arhgef12","brown",0.765559717644885
"Brap","purple",0.933876032157523
"Taf6","magenta",0.909659107179208
"Acaa2","red",0.851413992385464
"Tmem115","brown",0.601713976473045
"Cmtm4","magenta",0.966677730868421
"Zw10","red",0.946955695787354
"Gm11478","purple",0.657662927991732
"Ttf1","brown",0.862781287199101
"Slc7a5","turquoise",0.763095442506711
"Nceh1","brown",0.891052330774328
"Hibch","magenta",0.924444072851122
"Mnat1","green",0.698249680084871
"Itgax","purple",0.501258364741814
"Hint3","magenta",0.947649456778886
"Trappc5","green",0.831849844928834
"Fzd4","red",0.819568628052122
"Ptdss2","magenta",0.795048920393422
"Btd","turquoise",0.479701035665686
"Yeats2","red",0.862477790605537
"Osbpl2","turquoise",0.820477915766296
"Lilra5","red",0.952673581202634
"C4b","yellow",0.739008191442809
"Ttc4","yellow",0.862301738234439
"Rpia","yellow",0.626241907898372
"Eif2s3y","yellow",0.607477062653386
"Cdk10","magenta",0.953788320825906
"Mrps7","yellow",0.953219445945527
"Vim","yellow",0.472569857805872
"Tbc1d7","turquoise",0.637940581038022
"Tdrd3","yellow",0.689225109243655
"Tatdn3","red",0.878962198513585
"Mrtfb","yellow",0.656370622825414
"Mlx","yellow",0.860428564055083
"Usp5","turquoise",0.913065667806155
"Gemin2","turquoise",0.879309668624483
"Pabpc4","green",0.881327944631175
"Rbm15b","grey",-0.122305432840841
"Atp9b","black",0.776388104231578
"3110009E18Rik","blue",0.827920075831266
"Actr1a","yellow",0.924913227024606
"Espl1","pink",0.933151537669556
"Zfp646","yellow",0.851378343731948
"Nrbf2","yellow",0.876648338791316
"Aph1a","turquoise",0.653375146675614
"Itpkb","tan",0.886983733872954
"Mfge8","red",0.859991151896564
"Usp42","turquoise",0.563562742959877
"Pcyox1l","turquoise",0.766972857233305
"Rps2-ps10","grey",0.960474751097116
"Uspl1","green",0.94449594674563
"Entpd4","blue",0.777564913395304
"Cyb561d1","turquoise",0.676200465690939
"Fkrp","greenyellow",0.825386258818937
"Cramp1","red",0.976914576759435
"Dennd2c","red",0.769605515191386
"Gm12034","pink",0.646759573303618
"Eml3","turquoise",0.511760362246051
"Snd1","tan",0.818064683457519
"Tusc2","turquoise",0.822372406151858
"Pgm2l1","yellow",0.764685837450018
"Stat2","magenta",0.605464572463497
"Slfnlnc","yellow",0.923808965724303
"Klhl2","magenta",0.923633852456481
"Sephs1","yellow",0.963435200423551
"Cog3","turquoise",0.690476749587804
"Tsc2","green",0.85517918053668
"Psmd9","magenta",0.900023052225972
"Zfp938","red",0.910996241099741
"Stx6","green",0.983662637327819
"Dgcr8","pink",0.675965863764337
"Mrpl9","turquoise",0.776750912182307
"Zfp532","yellow",0.780157830120304
"Zbtb26","greenyellow",0.913591598852895
"Tlr12","turquoise",0.843071759918378
"Zfp958","red",0.910908780279062
"Atat1","tan",0.973397369280617
"Slc25a16","turquoise",0.738268822546065
"Dcp1a","pink",0.893157225381376
"Rplp0-ps1","yellow",0.680159690694809
"Sigmar1","yellow",0.963077294347511
"4930522L14Rik","turquoise",0.833481286480709
"Ppp1r10","turquoise",0.495089427501802
"Mrps35","red",0.904120962034624
"Ints11","grey",0.031656088290809
"Zfp119b","red",0.855225497020239
"Pink1","magenta",0.949280383616389
"Plpp5","red",0.924173406072276
"Pacs1","black",0.769035222017483
"Tmem192","green",0.834779214868111
"Rpl23a-ps3","turquoise",0.947807984051877
"Ppp2r3a","red",0.902921316453197
"Gm10054","turquoise",0.933466766273827
"Trpm3","greenyellow",0.964413896514892
"Clpp","red",0.92908482316394
"Hsph1","tan",0.815842533657953
"Isg20l2","yellow",0.755284568286059
"Mrpl2","yellow",0.881529466143485
"Ugt1a7c","brown",0.922940085020714
"Pigg","magenta",0.9373543755931
"Cers6","tan",0.836412985195892
"Sec16a","yellow",0.838961930716764
"Traf6","green",0.650791204653654
"Crtap","turquoise",0.9028869928274
"Bloc1s6","turquoise",0.713962219670042
"Sik3","yellow",0.846366639314651
"Sfxn4","green",0.713452655854024
"Cmc1","turquoise",0.837958605283343
"Ilrun","pink",0.891103618461406
"Mycbp","yellow",0.964400612585599
"Rbm10","turquoise",0.944816374250714
"Sufu","pink",0.942238757354012
"Ppp2cb","turquoise",0.394293478747725
"Gm4540","turquoise",0.922524805587005
"Taf15","blue",0.622993946465533
"Bpgm","yellow",0.984868558725211
"Fmc1","red",0.955377968386796
"Sidt2","yellow",0.929070751499342
"Asap3","tan",0.705159509829448
"Rab43","turquoise",0.830472005165914
"Hsf1","yellow",0.825105748336971
"Katnal1","tan",0.746089899079454
"Hectd4","pink",0.842207453222208
"Gm51425","pink",0.89635778623971
"Gatc","yellow",0.786309221165572
"Vrk3","red",0.920455086620435
"Pik3c3","turquoise",0.73701099349657
"Dnaja3","turquoise",0.571693255728647
"Mkrn2","tan",0.96576894901667
"Nrxn1","yellow",0.538236629686395
"Zcchc14","green",0.796221080647514
"Fam76a","red",0.898061329189061
"Ece1","yellow",0.949074358603096
"Mtor","purple",0.924783102385619
"Cars2","red",0.734784892745524
"Spryd7","red",0.959069058447652
"Gtpbp10","yellow",0.735935414943906
"Ube2l6","brown",0.908973459937157
"Ankrd26","turquoise",0.809363646971946
"Tap1","yellow",0.725548248493911
"5430405H02Rik","red",0.816450493208106
"B230307C23Rik","magenta",0.695210409098956
"Gm12918","turquoise",0.982089578732564
"Uxs1","green",0.835238855591023
"Pprc1","blue",0.563459069104124
"Chd3","blue",0.834278975272223
"Arfgef2","turquoise",0.773776105433796
"Rnf170","tan",0.88290508727187
"Cops7b","yellow",0.612627163318021
"Adap2","turquoise",0.573941181293042
"Zbtb43","green",0.644084362585822
"Rinl","turquoise",0.811497218221911
"Bin3","red",0.956794729345852
"Prkch","tan",0.804448949812043
"Clvs1","yellow",0.738766876246771
"Airim","turquoise",0.621944818578722
"Glg1","yellow",0.926500624840862
"Snhg7","turquoise",0.525597069798317
"2010004M13Rik","magenta",0.935853086376581
"Smarca4","magenta",0.87512008640699
"Chst12","red",0.891581164944245
"Ckap4","magenta",0.957300797130763
"Tmem71","pink",0.951363431297013
"Slc11a2","yellow",0.845716836124446
"Atosb","yellow",0.903602135673417
"Uap1l1","magenta",0.804445446798072
"H2ac24","turquoise",0.438348709836512
"Ahdc1","magenta",0.712914906298063
"Ocrl","magenta",0.702244238677761
"Hars1","magenta",0.934143714306073
"2310061I04Rik","turquoise",0.571105236458362
"Pgm1","yellow",0.844561568497666
"Rras","yellow",0.922652293556716
"Rab2b","magenta",0.601912971368366
"Rbl2","red",0.550910049791171
"Polr3c","black",0.796368245903218
"Prep","brown",0.803640292208534
"Klhl15","greenyellow",0.85549970995068
"Tbcc","yellow",0.458756295693601
"Nol4l","red",0.814761042853269
"Sharpin","brown",0.843370304729095
"Micu2","red",0.833705064439961
"Ifi209","purple",0.660572412835515
"Dapk1","magenta",0.917366033523448
"Dennd1a","purple",0.883383069572834
"Rnf121","magenta",0.916921128425539
"Nif3l1","green",0.781227473277769
"Ints2","yellow",0.776923924978385
"Pld2","red",0.748232976086578
"Phc2","red",0.916864224864526
"Zfp113","brown",0.509426920472852
"Rfesd","black",0.821922850689308
"Dhodh","pink",0.78399618647787
"Cdan1","greenyellow",0.761331876216988
"Slc30a6","magenta",0.962815053964052
"Nup93","turquoise",0.869100437144299
"Eng","magenta",0.935092459644487
"Rars2","black",0.706104394723508
"Mknk2","turquoise",0.859447467706132
"Hcst","red",0.922500077592963
"Srrd","red",0.88681051146284
"Tbc1d10b","turquoise",0.761795053676067
"Sp100","brown",0.719538845324144
"Arrdc1","magenta",0.925990981314335
"Rngtt","green",0.949912051573784
"Atn1","turquoise",0.939628668435558
"Idi1","yellow",0.907760539393852
"Rmnd5b","yellow",0.732489685962555
"Tgtp2","brown",0.723647314569125
"Cradd","yellow",0.947527325041831
"Cybb","purple",0.668430388092298
"Agtrap","yellow",0.89203840410474
"Ripk2","black",0.874801954845022
"Sirt4","blue",0.910787476910137
"Pygl","yellow",0.829926236687282
"Tlnrd1","turquoise",0.902911668317418
"Nutf2-ps1","turquoise",0.969338644452522
"Gstm1","green",0.790846221318816
"Zfp276","blue",0.740924058737465
"Sepsecs","magenta",0.799729816119577
"Gm3604","magenta",0.969143274695685
"Col15a1","blue",0.742764439974311
"Ghdc","red",0.949086743279274
"Tmem42","red",0.885357373084115
"Coro2a","turquoise",0.438664276625832
"Nf2","blue",0.56962252088547
"Ppdpf","turquoise",0.359616217793508
"Lrrfip2","black",0.680806756668732
"Rubcn","yellow",0.95127702985241
"Nfrkb","magenta",0.649691789548514
"Gin1","black",0.466868588665941
"Cep44","red",0.881533508710784
"Ccrl2","yellow",0.761464365389677
"Apoc1","purple",0.464834226156417
"Lrrc40","red",0.89689991198849
"Ap3m2","turquoise",0.198734417985071
"Mapk8ip3","black",0.914041187976918
"Ei24","yellow",0.860248103317224
"Mgat4b","yellow",0.677036092389145
"Rad1","black",0.830869829940816
"Sema6d","red",0.857997705486068
"Lipe","blue",0.847879399020427
"Slc48a1","red",0.901942795310009
"Xrcc5","turquoise",0.919086138304283
"Unk","turquoise",0.809577432361357
"Inafm1","turquoise",0.623042127660707
"Pde7a","blue",0.700354426166039
"Atg14","yellow",0.784837932007831
"Irf7","purple",0.631040936253473
"Bcl9","magenta",0.826801375244736
"Ftsj1","turquoise",0.440165476833365
"Fhip2b","pink",0.841821984058825
"D830030K20Rik","tan",0.869639069305749
"Nat2","magenta",0.973139640601168
"Dtwd1","black",0.525495660788866
"Gm6520","purple",0.962184000051143
"Dhrs4","red",0.92672238915952
"Hsdl1","red",0.770694204068297
"Arl5b","green",0.852584595193398
"Mrpl37","yellow",0.887723574541996
"Tbck","brown",0.957057479703412
"Was","red",0.829171560801105
"Def6","blue",0.78935558859738
"Vps26b","magenta",0.921279312330768
"Trim21","turquoise",0.621915054292059
"Gja1","brown",0.673449201711153
"Cherp","red",0.826059122209771
"Decr1","black",0.739912121456823
"Kantr","red",0.501561322871734
"Prkaca","turquoise",0.83621801048438
"Prex2","yellow",0.518831316669565
"Mblac2","purple",0.711138581186461
"Acads","blue",0.45118701527605
"Ly9","grey",0.889126151299949
"Rexo4","magenta",0.832439111329018
"Mthfd1","yellow",0.780418415601747
"Ncoa7","tan",0.842719183886553
"Rin3","turquoise",0.413689974209688
"Por","brown",0.709153177356111
"Phf11b","brown",0.917963093411581
"Lcmt1","turquoise",0.751086456113124
"Atp11a","green",0.963555076984289
"Mt2","turquoise",0.797551890635438
"Thyn1","turquoise",0.540061077633645
"Osgepl1","turquoise",0.754158703658976
"Zfp637","brown",0.758480855289191
"Ncbp1","turquoise",0.516016926620978
"Pdxdc1","red",0.814670422328971
"Iqsec2","turquoise",0.748754539208366
"Gm14308","turquoise",0.676277628162614
"Stk11","red",0.610456544845134
"Fbxo21","blue",0.810197927177476
"Vipas39","turquoise",0.764454270055939
"C2cd3","red",0.830692923526748
"Ncapd3","red",0.973067005577855
"Pafah1b3","green",0.738081862452283
"Mmp2","turquoise",0.837656867514478
"Txndc5","yellow",0.71825774707986
"Eif4e3","red",0.899732910931
"Rpl6l","turquoise",0.956845353980257
"Cep83","tan",0.803178702135652
"Man2b2","turquoise",0.760194231252242
"Lsg1","grey",0.248756806832678
"Stim2","yellow",0.90296783354992
"Il15ra","tan",0.881861505628104
"Dph6","green",0.676238189506309
"Cracr2b","turquoise",0.753572252342941
"Pan2","turquoise",0.736356407624669
"Patz1","yellow",0.656562005005901
"Ash2l","yellow",0.842160362796826
"Smn1","magenta",0.841957358075741
"Hlx","brown",0.637071529909622
"Cplane1","purple",0.895026497237827
"Zfp273","pink",0.865582143932749
"Osgin2","brown",0.751544589942655
"Ppip5k1","blue",0.749581307385551
"Ftsj3","turquoise",0.782590945097458
"1810030O07Rik","brown",0.585910611914969
"Nherf1","pink",0.846932646589534
"Dhx40","yellow",0.823832166441921
"Man1b1","turquoise",0.85842750416234
"Ctf2","pink",0.918500168737004
"Gm9396","blue",0.882850294277725
"Mt3","green",0.91551057770921
"Clasp1","blue",0.81846097660808
"Rnf19a","magenta",0.876954157174227
"Gab2","yellow",0.854846207759981
"Rgs5","purple",0.543808270395182
"Hipk2","yellow",0.72770689431875
"Fkbp14","yellow",0.92436720626104
"Gon4l","blue",0.850792991593104
"Nme3","turquoise",0.940453436761109
"Gm46209","turquoise",0.904152250268891
"Cenpc1","turquoise",0.569158515316609
"Rab1b","turquoise",0.62713619176613
"Cacnb2","magenta",0.899502701831201
"Zfp983","magenta",0.923031850511138
"Ankrd46","black",0.76079498959465
"Nsun3","yellow",0.586967284664763
"Marchf2","purple",0.86856424193086
"Micu1","grey",0.0479320682636397
"Myo1g","turquoise",0.754818802925335
"Tapbpl","yellow",0.867779991812278
"Zkscan4","greenyellow",0.906057728766404
"Efl1","turquoise",0.51315330463328
"Chst8","purple",0.72757674732727
"Esyt1","black",0.839575353287676
"Gprasp2","red",0.96675340949219
"Vps4a","black",0.478729360293054
"Nup50","magenta",0.93431452552774
"Zfp516","magenta",0.840234924659782
"Pank4","turquoise",0.841340584999545
"Gm9104","blue",0.892247816063731
"Enpp1","yellow",0.685578434632011
"Stat5a","blue",0.86396681552982
"Nr2c1","yellow",0.912152489477691
"Ppp1r3b","red",0.88593068923409
"Mov10","turquoise",0.813593479692113
"Pbx1","green",0.913413245008893
"Arhgap18","yellow",0.71033024534465
"Apoo","green",0.859072695477438
"Mccc1","turquoise",0.4137709732304
"Sav1","turquoise",0.548760432052977
"Chpf2","yellow",0.641617692402511
"Gimap6","green",0.866459204700966
"Zfp119a","red",0.883239616817219
"Klhl25","red",0.923718474906259
"Mrpl49","black",0.838964516094673
"Nudt14","turquoise",0.766497052111277
"Inpp5b","tan",0.894250916743869
"Phtf2","green",0.943165068286065
"Acrbp","black",0.8668621134792
"Pdcd7","turquoise",0.760238238626175
"Washc5","green",0.808512626298051
"Thap7","turquoise",0.743387445685232
"Il1rap","red",0.82296102470553
"2810002D19Rik","magenta",0.972522295328984
"Tdrkh","tan",0.818543285548674
"Cstf1","brown",0.765314242322771
"Polr3gl","brown",0.81287145501699
"Rabl6","purple",0.770718104260711
"Rhoc","turquoise",0.650746406964012
"E4f1","pink",0.934555321298725
"Srbd1","yellow",0.673103254131951
"Terf2","red",0.833166899479501
"Sdhaf2","brown",0.793400691866739
"Zfyve27","red",0.797882891236238
"Sox9","turquoise",0.256574886390985
"Papolg","yellow",0.925048513927135
"Rps12l1","turquoise",0.677335875207559
"Abca3","turquoise",0.505443962385344
"Pex12","magenta",0.726952179733164
"Mettl16","magenta",0.736105231260454
"Ncaph","yellow",0.818051810113603
"Narf","red",0.92598037640322
"Sec22a","green",0.907335329864372
"Cep95","turquoise",0.506042518211599
"Tceal1","green",0.947483004481354
"Gm35154","yellow",0.687718611576566
"Gga2","yellow",0.760470267344885
"Bicra","pink",0.738356353470688
"Ruvbl1","yellow",0.631212586590458
"AW209491","red",0.885315011809054
"Phf8","turquoise",0.723201380115092
"Gm15459","grey",0.0181548429799749
"Fbxo32","tan",0.779817160142005
"Cyth3","green",0.906439626512826
"AU041133","turquoise",0.752127433324527
"Ruvbl2","turquoise",0.764909983516981
"Rps4x-ps","turquoise",0.925367161073362
"Tpgs1","green",0.521126261176145
"Etfdh","red",0.656800921331734
"Slc25a28","turquoise",0.801383604741078
"Stard5","black",0.817511988360743
"Wdsub1","turquoise",0.561689510449435
"Ap2a1","tan",0.872444954729628
"Adprm","magenta",0.941523408458693
"Drosha","blue",0.825458180875676
"Gamt","red",0.873601350779985
"Ablim1","blue",0.524742260641519
"Pgap2","turquoise",0.553024676993233
"Farsb","red",0.834031296739996
"Inppl1","red",0.947022417260975
"Lefty1","turquoise",0.942368288180184
"Pla2g12a","green",0.837367178040498
"Babam1","red",0.909730214660974
"Cdadc1","black",0.727633973446039
"Zfp672","yellow",0.567106493227061
"Mdfi","blue",0.909104260277973
"Kctd6","yellow",0.871710260441631
"Ctdp1","magenta",0.936444955153155
"Gpatch2l","black",0.92076424428244
"Naa40","yellow",0.828942857160454
"Ppp2r3d","pink",0.961578643500167
"Vgll4","yellow",0.941078587532288
"Dmac2l","yellow",0.793795791293865
"Nup160","purple",0.83418255800201
"Agpat1","pink",0.682941223646842
"Gm53066","turquoise",0.4654477346024
"Eif3j2","turquoise",0.632606585224841
"Sh2b1","tan",0.85951259703762
"Trub1","turquoise",0.547986558628412
"Ssx2ip","pink",0.874005931925199
"Rfx3","green",0.868653766461703
"Vamp2","turquoise",0.792418010713116
"Gm9794","turquoise",0.923119997976479
"Rassf1","yellow",0.944016275623746
"Ncaph2","turquoise",0.743598257042232
"Zfp959","red",0.888224717967564
"Ryk","green",0.874381559810473
"Msl3","turquoise",0.584688017279111
"Cdk14","purple",0.834390340750033
"Tbc1d19","red",0.748217210130636
"Lin54","pink",0.913009240294123
"Map1s","brown",0.672674366480459
"Cnot9","yellow",0.899062348544987
"Fbxo25","turquoise",0.614814436196383
"Ehbp1","pink",0.859328321529994
"Slc18b1","turquoise",0.904080221804066
"Zfp763","black",0.952518296972896
"Stk11ip","yellow",0.844784937147844
"Stimate","black",0.89471444196119
"Smg8","red",0.681624556303515
"Casp4","brown",0.875068402823285
"Entpd4b","blue",0.629172622437831
"Usf1","magenta",0.891146491912235
"Wrnip1","red",0.958978819316388
"Rps6kc1","black",0.853869889226349
"Pdcd11","turquoise",0.546522316560464
"Faf1","tan",0.821580406317658
"Cul9","pink",0.796441081882353
"Sec23a","red",0.790315024194139
"Daxx","turquoise",0.886120427991148
"Sptlc1","yellow",0.915334503405207
"Psmg4","yellow",0.448216761407002
"Gm10335","turquoise",0.896388309107389
"Rbl1","red",0.905030181055078
"Mlycd","turquoise",0.703437008914696
"Gm13864","turquoise",0.925901500279462
"Magohb","yellow",0.823339015744816
"Ecd","turquoise",0.626286311963582
"Prepl","yellow",0.629589250118339
"Prag1","black",0.836969050176107
"Slc7a6","turquoise",0.784582221715054
"Tubgcp6","pink",0.711119750529185
"Fance","blue",0.791195391110425
"Aco1","green",0.764577557106961
"Cox11","pink",0.930764471678551
"Rpl7-ps7","turquoise",0.92381947890293
"Slf2","tan",0.867474907094761
"Elavl4","green",0.754585620286443
"Eif1ad","yellow",0.749566166260499
"Emc9","magenta",0.90810145975844
"Fam234b","magenta",0.923036530506823
"Gm2956","yellow",0.719563282983371
"Cnnm3","green",0.748678976593435
"Trex1","red",0.779221068659388
"Anks3","pink",0.817127298746167
"Nckipsd","turquoise",0.693863223555227
"B3gat3","turquoise",0.830014496175553
"Nr1h2","red",0.836315007672604
"Abca7","pink",0.680118632351097
"Ccdc25","green",0.858010787138137
"Gm43305","black",0.880983493502571
"Nmt2","blue",0.669018657096773
"Tssc4","pink",0.506229003079582
"Msh2","turquoise",0.47830474154796
"Fig4","turquoise",0.842471841121277
"Tmtc3","green",0.911042969867388
"Zbtb22","turquoise",0.895802941595824
"Usp18","red",0.595665323803053
"Tmem120a","magenta",0.819137411996672
"Noc3l","black",0.716943230767417
"Nlrp3","pink",0.855359010138351
"Lrch4","magenta",0.92961786622976
"Parp6","yellow",0.392176091594642
"Nbea","blue",0.702470465082524
"Prkdc","black",0.773150291709351
"Atg101","brown",0.587301607700071
"Uqcc6","turquoise",0.891619910649059
"Mvb12a","magenta",0.745885029351292
"Trim59","yellow",0.965241324171958
"Nbn","turquoise",0.468418651150947
"Ciao3","magenta",0.839160957129997
"Phactr4","turquoise",0.572797618041479
"Mcu","pink",0.776681020029437
"Rcl1","turquoise",0.829614657661565
"Sugp1","red",0.92222918576247
"Tab3","red",0.781798854980211
"Agtpbp1","red",0.889828007753607
"Pigv","tan",0.78020878221538
"6330418K02Rik","magenta",0.949978734691108
"Dglucy","pink",0.850609239120573
"Chmp1a","grey",0.76292742195189
"Gatad2a","green",0.827578929949448
"Arl2","brown",0.793165671827212
"Zfp229","green",0.815262040481152
"A130010J15Rik","yellow",0.305995648015193
"Copz2","black",0.802480886931394
"Gm14305","purple",0.621734639378769
"Cass4","yellow",0.817992249168932
"Nop2","turquoise",0.502930858722914
"Zfp81","green",0.828943550509399
"Ascc2","turquoise",0.626165382177737
"Cluh","turquoise",0.607118782472026
"Unkl","black",0.821367366857369
"Pgap1","yellow",0.790804266254176
"Oxsr1","pink",0.589838068721777
"Strada","green",0.843708291951761
"Afg3l1","magenta",0.785913725415299
"Mad2l2","yellow",0.813447123875444
"Armc3","red",0.937676122024275
"Cog1","turquoise",0.437399892311478
"Dmac2","purple",0.747680947525153
"Pigs","red",0.895475803446894
"Gpatch2","purple",0.839877090670029
"Gm6905","purple",0.655244110171838
"Parg","yellow",0.718127562497618
"Chek2","turquoise",0.574053788119806
"Eola1","yellow",0.936824016431731
"Zfp994","brown",0.884369769825164
"2210016L21Rik","brown",0.810516692222114
"Pcnx1","yellow",0.694491386005096
"Rfx5","magenta",0.966370277127428
"Pola2","turquoise",0.743517261947476
"Lima1","black",0.778335198056447
"Atp10d","turquoise",0.415079453047776
"Il1rl1","pink",0.836051950744317
"Fosl2","pink",0.88135827834413
"C030006K11Rik","blue",0.823079802707253
"Rufy2","yellow",0.731444479109579
"Sgta","black",0.605589361018816
"Acvrl1","turquoise",0.824445934289494
"Acbd6","green",0.832971381990469
"Pxmp4","red",0.854169474336216
"Utp4","red",0.952336857908485
"Wars1","turquoise",0.774086488044338
"Isy1","black",0.901839792579464
"Exoc7","red",0.755314209868438
"Uqcc1","brown",0.728769858470874
"Gtpbp3","pink",0.94575195377345
"Nup133","red",0.960702883538863
"Pctp","tan",0.952561148004834
"Atrn","magenta",0.823579469857289
"Fbxo42","pink",0.625742860905524
"Rbm12b1","turquoise",0.508909150985734
"Cnn3","blue",0.587450868777594
"Txnrd1","green",0.959029602700439
"Nln","green",0.908603045455223
"Usp39","turquoise",0.780064763168508
"Maged2","turquoise",0.876299300132912
"Tubb4b","magenta",0.920588756584828
"Eif2b5","turquoise",0.628385324270488
"Utp15","red",0.827117972733002
"Fer","black",0.730604281846028
"Mx2","black",0.676078165970512
"Nfatc2ip","black",0.841170820626682
"Elac1","turquoise",0.577287534802971
"Adarb1","turquoise",0.523905236234514
"Trappc6a","yellow",0.522373037680582
"Kctd18","brown",0.743588070810834
"B3galnt2","turquoise",0.49382410681989
"Adpgk","yellow",0.752813647162648
"Itgb3bp","greenyellow",0.859130449187182
"Trmt2b","magenta",0.881242103177257
"Ermardl2","yellow",0.689171982261908
"Supt6","yellow",0.963706411974365
"Med22","brown",0.552295005258616
"Slc27a1","yellow",0.938688968834516
"Ube3b","turquoise",0.896727763882453
"Slc35c2","yellow",0.692894801103894
"Ctnnal1","turquoise",0.267818269874824
"Hivep1","yellow",0.320470960007413
"Tdg","pink",0.839237736958183
"Suds3","purple",0.653052629394858
"Ark2n","greenyellow",0.95236319138178
"Rbmx2","magenta",0.951124564634845
"Ccdc122","turquoise",0.811162276412823
"Iqcb1","blue",0.18139589947322
"Mettl6","yellow",0.771594488831951
"Eif2b1","red",0.653788575545951
"Rab3ip","red",0.921031565877487
"Sgip1","greenyellow",0.748929622193632
"Spg7","turquoise",0.872436069574617
"Gtf3a","brown",0.553029305801201
"Zc3hc1","green",0.79660654131569
"Gins1","magenta",0.900311027792867
"H1f4","turquoise",0.878814556384994
"Cdk1","turquoise",0.69835462204166
"Cog7","blue",0.811175647273977
"Srebf2","yellow",0.500156672416095
"Clcn5","black",0.93219936771786
"Bpnt1","turquoise",0.482214671408307
"Ppard","blue",0.770661078727394
"Poglut2","green",0.873297275425765
"Smpd5","turquoise",0.796440776122889
"Ccdc43","red",0.939236073755243
"Epas1","grey",0.370886437201145
"Rpusd4","turquoise",0.484995245575989
"Pinx1","pink",0.689924140356588
"Thada","magenta",0.925317448664843
"Tmem185a","red",0.911123874685898
"Gsg1","red",0.901970453380551
"Atg4a","red",0.97397221273334
"Ints9","yellow",0.878565324383632
"Dnajc30","brown",0.953563654903705
"Scaf4","red",0.901205061962905
"Prr12","blue",0.71226177965452
"Rabgap1l","green",0.807001082019236
"Mul1","yellow",0.346969335611467
"Lrrc45","turquoise",0.734127566911793
"Upp2","tan",0.780086361789329
"Pde1b","turquoise",0.558967720789017
"Tspan32","green",0.85974865846611
"Pacrgl","brown",0.645792785588869
"Abhd3","turquoise",0.710406847369826
"Zfp830","magenta",0.9436758936314
"Sh3tc1","yellow",0.479596291993134
"Coq9","turquoise",0.917965455976186
"2610008E11Rik","yellow",0.837952856786122
"Slc10a3","red",0.874348752220614
"Ppp1r35","yellow",0.910432218218991
"Cul4b","green",0.961006613816092
"Mcts2","turquoise",0.493339132925648
"Sart3","turquoise",0.875850876153056
"Klhl17","turquoise",0.892896763800181
"Rrp8","pink",0.879983387032377
"Zdhhc21","green",0.806170420680911
"Cryzl2","yellow",0.851262318241547
"Gm5451","yellow",0.759732900262284
"Pop7","black",0.645325554258083
"Nsun5","red",0.930858543767993
"Zdhhc16","yellow",0.809187048515962
"Gtf2e1","red",0.87533944135918
"Tuba1c","brown",0.787882447353028
"Tmem39b","black",0.763131207494679
"Bltp3b","yellow",0.782995941709469
"Zdhhc12","black",0.280901244398922
"Tmem87a","red",0.875300642277384
"Nudt18","yellow",0.801609834612142
"Dip2a","black",0.705660632388418
"5830444B04Rik","magenta",0.821270253274796
"Arhgap11a","magenta",0.946596338177725
"Ipo4","turquoise",0.624658853140535
"Hcfc2","red",0.862294379549274
"Hmgn5","magenta",0.936969710661085
"Enpp4","magenta",0.808725753154154
"Phlpp1","pink",0.816827943052888
"Pspc1","magenta",0.706796012601595
"Orc2","green",0.939841682122848
"Gtdc1","yellow",0.850239869294621
"Scaper","red",0.478304854375474
"Dctn1","red",0.583061517186615
"Cnot10","red",0.909673218970118
"Ccdc86","yellow",0.840146405344882
"Ybx3","red",0.95338383304396
"Fam107b","red",0.884259750835585
"Apoc4","purple",0.690773348887298
"Pcgf6","red",0.912106088111368
"Ovca2","red",0.839368827080763
"Vezt","magenta",0.654991761558269
"Eif2ak1","green",0.840478634587284
"Ppa1","yellow",0.650342656870632
"Plaat3","brown",0.808358408002226
"Eid2b","red",0.912517344736908
"Sumf2","pink",0.821396615546898
"Ncoa1","tan",0.925397577910996
"Septin9","pink",0.805894516360633
"Zbtb7b","pink",0.912142914642704
"Chst2","yellow",0.70238178860126
"Trmt10b","yellow",0.974587582792867
"Cwc25","turquoise",0.507413080395706
"F9","yellow",0.712016133000839
"Garre1","tan",0.856833214054667
"Hemk1","turquoise",0.820210707875438
"Zdhhc3","yellow",0.913460797708807
"Mvp","black",0.813663257336042
"Clybl","red",0.918566429310087
"Bach2os","turquoise",0.800098108141643
"Ly6a","turquoise",0.37993843933843
"Atp8b2","turquoise",0.623318264289978
"Cd2bp2","yellow",0.853903537251991
"Snx25","grey",0.392361166870287
"Prkra","red",0.69626542005599
"Plpp6","red",0.872691619008993
"Utp25","yellow",0.832061592036983
"Tfdp2","magenta",0.732739881993858
"Nab2","turquoise",0.785189124125927
"BC024063","red",0.835739973781655
"Zfp738","yellow",0.763086867051824
"Git1","turquoise",0.697131498839392
"Ciapin1","red",0.874165672877232
"Dop1a","tan",0.94916571124621
"Cmc2","yellow",0.982602168041489
"Kifap3","black",0.780850277728108
"Gle1","yellow",0.935263422145339
"Slc4a1ap","turquoise",0.525807498982839
"Mrps22","magenta",0.814911898573157
"Rrp1b","brown",0.636434337939284
"Pkp4","red",0.860517420180788
"Fmo5","pink",0.679670134611469
"Rint1","green",0.631106135866739
"Apaf1","tan",0.849455304301817
"Eif2b2","magenta",0.961358871402282
"Zfp809","turquoise",0.748435002975625
"Nt5c3b","turquoise",0.882049212062659
"Srebf1","yellow",0.787495289241826
"Il15","turquoise",0.729249040850551
"Cyb5d2","red",0.782101146910193
"Tagln2","brown",0.601184025642137
"Sdhaf1","yellow",0.708585644948042
"Rrad","turquoise",0.914410283876502
"Vps13c","purple",0.568405781950783
"Nop9","magenta",0.961055122648098
"Thoc3","turquoise",0.763613829846942
"Atl1","pink",0.829459754115416
"Gm5165","red",0.82450459393197
"Klhl21","turquoise",0.853828218847223
"Iigp1c","yellow",0.906844588801022
"Ttpal","turquoise",0.372521640517752
"Ccser2","yellow",0.552653219905533
"Kif3a","turquoise",0.495228717792802
"Wtip","turquoise",0.778464472227817
"Amotl1","pink",0.923927377075162
"Ifi207","purple",0.594709200830972
"Slc35d2","tan",0.803179534266691
"Rfwd3","brown",0.921029020142535
"Zfp236","green",0.981208474446953
"Mink1","black",0.686996145928836
"Slc35e2","red",0.768572534829277
"4933439C10Rik","black",0.899302363404267
"Edc4","yellow",0.764013742925622
"Dhdh","greenyellow",0.689571236516435
"Fuz","blue",0.783558289014933
"Mycl","turquoise",0.543943586179631
"Tmem150a","yellow",0.785325113111754
"Tinf2","magenta",0.923026993594478
"Scand1","turquoise",0.907879567392988
"Insig1","pink",0.840667165276832
"Gtpbp1","yellow",0.830020262247695
"Lrrc75a","turquoise",0.786111410400515
"Edrf1","turquoise",0.731452334053971
"Ppm1f","greenyellow",0.926759847296961
"Mcm6","magenta",0.911720447337464
"Rpl18-ps1","turquoise",0.823426189825674
"Rab11fip2","yellow",0.390703092218883
"2810013P06Rik","yellow",0.928170363647519
"Cyth1","turquoise",0.89593764919531
"Mccc2","magenta",0.900349892071074
"Mpg","turquoise",0.82255924087765
"Tex30","red",0.889942906370001
"A430018G15Rik","turquoise",0.675568709087438
"Cinp","red",0.89654185789012
"Slc16a1","black",0.839655104216695
"Gm2534","yellow",0.585398265674805
"Twsg1","purple",0.818270868803007
"Nectin2","turquoise",0.724679903235859
"Sertad2","tan",0.889884458832055
"Pwp1","red",0.947377706867989
"Gm4833","turquoise",0.881113640216423
"Per1","yellow",0.657037179862712
"Relb","red",0.906945176309891
"Rmdn3","turquoise",0.36201845847042
"Bace1","magenta",0.572516828647923
"Zbtb10","yellow",0.720485099005994
"Tmem259","green",0.685242407698691
"Wdr5b","brown",0.845152778973953
"Gart","green",0.810482697706575
"Simc1","turquoise",0.586687297409245
"Coq7","tan",0.778050998865877
"Timm50","black",0.77415467744439
"Oaz2","red",0.663884517687738
"Zfp275","yellow",0.663955918767644
"Mfn2","brown",0.760388562186411
"Tfpt","brown",0.574053260193344
"Ift74","magenta",0.904092453154461
"Ccdc112","greenyellow",0.878209617684392
"Ankmy2","red",0.92154210202267
"Mdc1","pink",0.893454455845865
"Tfap4","pink",0.853342572735773
"Agk","black",0.9803300015298
"Arl15","yellow",0.984147200487903
"Zc3h12c","black",0.804797637410036
"Rnf8","yellow",0.892688294242255
"9330133O14Rik","tan",0.832429254134187
"Gpnmb","purple",0.601771233299039
"Rab5b","red",0.642141987942156
"Rps10-ps1","turquoise",0.975142940754865
"Card6","black",0.702716238267202
"Slc20a1","yellow",0.875526737424361
"Rab29","magenta",0.883583617816392
"Tnfaip2","green",0.643076199066014
"Zfp74","greenyellow",0.861681168441738
"Map3k3","magenta",0.920962709279155
"Ggnbp1","blue",0.705912043076117
"Luzp2","green",0.909282722390768
"Fto","green",0.754659568966547
"Alg13","purple",0.884887533714348
"Zfp874a","tan",0.672159133796263
"Ptpa","brown",0.503214781483337
"Gpaa1","brown",0.870095088484197
"Gid4","turquoise",0.349033157158151
"Ttc19","turquoise",0.662411265673208
"Rpph1","turquoise",0.960260584570826
"Mre11a","red",0.868377839250492
"Gp9","turquoise",0.789254894804105
"Furin","black",0.853572264417803
"Tbc1d12","black",0.922687892352665
"Bcl7a","yellow",0.928332462187066
"Rnf144b","black",0.932237094585761
"Gm6533","blue",0.748922934605773
"Ccnj","pink",0.715033967335381
"Vps33b","turquoise",0.737892458371246
"Nol11","green",0.784272643821953
"Foxn2","magenta",0.762493403493356
"Gm7536","turquoise",0.964665393401504
"D030028A08Rik","brown",0.850435788448815
"Lztr1","yellow",0.915546905235188
"Mettl15","turquoise",0.618464190459538
"Gm9493","purple",0.80439710312765
"N6amt1","magenta",0.933242760429249
"Gm11263","turquoise",0.927293784080525
"Rpl19-ps1","turquoise",0.950597700372617
"Naa25","yellow",0.840325491840583
"Mthfr","yellow",0.830079235905126
"Pex14","turquoise",0.629599234595104
"Carmil1","red",0.951429027818132
"Sap30l","turquoise",0.875586070445544
"Wdr45","magenta",0.96907752908545
"Tepsin","pink",0.67756644314563
"Ammecr1","turquoise",0.626272543071485
"Ice2","brown",0.838112679570609
"Tshz1","green",0.806531706511569
"Neurl4","pink",0.942167475272212
"Fxyd1","green",0.867413785018282
"Slc35a4","green",0.806095396372287
"Zfand2b","brown",0.885091140109045
"Daam1","green",0.683409422459665
"Zfp58","yellow",0.689265239019736
"Rps19-ps6","purple",0.619458701345746
"Snrnp25","red",0.909776484858059
"Gpr180","red",0.834405918122102
"Inpp5e","red",0.797698394325182
"Svil","blue",0.670806264058032
"Mppe1","turquoise",0.332891894346299
"Pias3","turquoise",0.645419663821352
"Septin11","yellow",0.855644849330999
"Nbeal2","turquoise",0.848127365780221
"Dhps","green",0.779230731279234
"Rgp1","turquoise",0.83032047393396
"Txnl4b","yellow",0.551567976422551
"Fbxl17","tan",0.858644260433005
"Zfp105","turquoise",0.814000926182525
"Arfgap1","red",0.95259635943042
"Elp1","magenta",0.848709890120304
"Rps8-ps5","turquoise",0.921367766559181
"Nipal3","brown",0.886357722849021
"Trmt61b","turquoise",0.758851649334745
"Arfip2","turquoise",0.367407002667644
"Gzf1","red",0.915447323704194
"Ptch1","brown",0.951514067604936
"Tmem276","yellow",0.638087589467471
"Vps52","yellow",0.957306263711083
"Scmh1","green",0.694678294709081
"Zmiz2","tan",0.879913480016311
"Mrps5","yellow",0.738802510989491
"Klf4","turquoise",0.636160849358898
"Snx22","yellow",0.362345428793217
"2900076A07Rik","yellow",0.838270678504637
"Klhl23","brown",0.91384917392398
"Slc25a44","purple",0.873987765578327
"Smarcd1","magenta",0.955231976052364
"Spns2","turquoise",0.596923278157983
"Prim2","brown",0.831550770540841
"Procr","turquoise",0.831483831614815
"Polg2","black",0.811890035319898
"Zbtb24","brown",0.679669827899714
"Ints7","purple",0.867900535911881
"Ddx27","yellow",0.715886702732935
"1700037C18Rik","green",0.680451097987251
"Plppr4","green",0.506280600962449
"Ap3s2","green",0.883043360441489
"Zfp383","turquoise",0.432689449656028
"Pcca","green",0.921964505362674
"Tspan33","green",0.844054089105059
"Dnaaf5","blue",0.863463725125775
"B230354K17Rik","green",0.953252049047283
"Usp28","tan",0.8193221466438
"Pigq","yellow",0.499766964275271
"Mrpl38","magenta",0.895300306851803
"Gmppb","purple",0.74178836939889
"Piezo1","black",0.517543090005575
"Selenoi","green",0.831340392076769
"Iqgap1","purple",0.85285744503467
"Cdc34","magenta",0.921562544688856
"Ogfr","turquoise",0.434533469126161
"Pes1","magenta",0.922561764938746
"Tmem167b","turquoise",0.294009489429972
"Gm20257","turquoise",0.803216949933411
"Raph1","tan",0.805335703768496
"Lcor","black",0.932440953150229
"Mthfd2l","green",0.978151900156892
"Axin1","magenta",0.872773363550289
"Inpp1","green",0.785813051163557
"Clp1","green",0.849784839300898
"Mob3a","turquoise",0.65305616491577
"Apeh","magenta",0.897041470869371
"D730003I15Rik","yellow",0.900116545173163
"Ptgr1","turquoise",0.662913999893834
"Reps1","magenta",0.894162778692714
"Tchp","blue",0.799038046958386
"Zfp60","black",0.511703133798523
"Nek1","yellow",0.750127835211078
"Gpam","green",0.859304149309133
"Pom121","brown",0.668503966737856
"Cryab","red",0.795653206174181
"Tmem41a","yellow",0.395140186810566
"Zfp825","green",0.912273501050222
"Usp10","green",0.814015078421543
"Rnf214","greenyellow",0.677307078717591
"Klhdc3","green",0.790424185301176
"Ikbip","green",0.910985010596408
"Hsf2","pink",0.554820211020174
"Mxd1","red",0.698077023610128
"Nek4","magenta",0.850044701279927
"Mtfmt","green",0.949732524362746
"Zbed5-ps","red",0.976447858024092
"Jam3","turquoise",0.497936517901995
"Nelfe","black",0.653404560938376
"Pgpep1","green",0.82695923881115
"Eri1","brown",0.802395727332589
"Glcci1","yellow",0.870759620727369
"Gm8130","turquoise",0.91141134089004
"Mtrfr","green",0.946618937927089
"Pigt","pink",0.680153124785258
"Phka1","magenta",0.906815436807968
"Ptcd1","blue",0.785116636037216
"Anxa6","yellow",0.825099032448602
"Pms2","yellow",0.746768887329352
"Pcyt1a","magenta",0.872551439104384
"Ets2","red",0.852387132254637
"Map2k7","magenta",0.838345870474097
"Psmg1","red",0.973100979196573
"Cep250","pink",0.643137747530904
"Ccdc163","blue",0.905517617751874
"Dda1","red",0.793089488100379
"Slc13a3","green",0.873316286298751
"Ddx59","turquoise",0.858048396774135
"Rab20","yellow",0.865355371270579
"Bloc1s5","brown",0.671026758706856
"Tmem9","tan",0.818858450213723
"Fgd3","red",0.874569288464369
"Mapkapk5","magenta",0.981860998677481
"D330041H03Rik","red",0.684019109885875
"Gcsh","yellow",0.485684412352815
"Klhl42","red",0.839053386245483
"Wiz","purple",0.854416179477736
"Ubxn6","magenta",0.961773179209
"Srpk3","turquoise",0.906490151931832
"Senp1","tan",0.879885712074992
"Rrp7a","red",0.897173502370589
"Ino80","green",0.761897584727316
"Mrpl1","turquoise",0.416888829976172
"Ch25h","purple",0.71002520951247
"Rrn3","black",0.332122074932224
"Slc39a13","red",0.881254255720415
"Primpol","brown",0.8822944787793
"Glce","pink",0.719816584001768
"Pdhx","red",0.850015021971624
"Zfp212","yellow",0.739218293974097
"Trim3","yellow",0.785816611579346
"Abcb10","red",0.78001773831064
"Epm2a","red",0.811992817289524
"Gm5431","yellow",0.943031835087206
"Slc16a3","pink",0.786739987139942
"Tufm","turquoise",0.716852335488449
"Thap12","brown",0.84924483409184
"Aldh16a1","turquoise",0.6450564109723
"Prox1","yellow",0.943113768852978
"Ipmk","brown",0.764780934527498
"Smagp","red",0.795085859527837
"Heatr6","green",0.882618614763354
"Sfxn2","turquoise",0.704886815437463
"Cog4","red",0.586975062493108
"Xist","greenyellow",0.756483254462107
"Rcn3","yellow",0.852647037850619
"Rsl1","magenta",0.833067162939978
"Gm4524","green",0.820586261420693
"Zfp85","turquoise",0.657199893825994
"Ankrd28","red",0.770255073407314
"Sertad1","pink",0.814268995506615
"Zfp960","greenyellow",0.567332191448208
"Snx16","magenta",0.813986401171352
"Tmem101","magenta",0.918521840953371
"Tmed1","green",0.862825158124866
"Magi3","pink",0.835320348550295
"Lemd2","black",0.626466788592213
"Shld2","magenta",0.94960218614345
"Cbx7","turquoise",0.55720824057573
"Raly","magenta",0.625315104073038
"Postn","red",0.917880135385568
"E2f5","red",0.934292807185826
"Gm15247","turquoise",0.516368421252182
"Casp2","green",0.935344187130197
"Prmt5","red",0.799986539010763
"Mettl18","magenta",0.931918734747031
"Prkag1","brown",0.519559996473095
"Lrrc47","turquoise",0.658624815234857
"Golph3l","turquoise",0.780782515185738
"Adgra3","greenyellow",0.883499579301751
"Cdpf1","black",0.377258278677441
"Ppih","red",0.966630625641168
"Tbl2","brown",0.739497976680099
"Pomk","red",0.899622176750045
"Zfp780b","yellow",0.821675217993045
"Tfeb","green",0.548240847501588
"Rabggta","turquoise",0.736539342722135
"Comtd1","green",0.838642551600114
"Rhot2","turquoise",0.501047358564382
"Whamm","turquoise",0.637799609728048
"Orai2","brown",0.69793113241389
"Sbf1","black",0.601704421352225
"Thumpd2","yellow",0.875500236017485
"Slc27a4","red",0.971132821913525
"Cables2","green",0.724704695798468
"Slc35e3","brown",0.719065007960776
"Dnajc4","red",0.828175948937067
"Dus3l","brown",0.811586253224254
"Dusp16","purple",0.642163589231222
"Mrpl19","yellow",0.771689648011535
"Lyrm9","pink",0.660969749753409
"Vps45","green",0.869593102915569
"4933412E12Rik","magenta",0.894637671459184
"Zc3h6","yellow",0.825431492860208
"Zfp975","yellow",0.839507370928024
"2310057M21Rik","yellow",0.703410806882935
"Mfsd10","turquoise",0.479400029236327
"Usp36","turquoise",0.337332690138261
"Tex2","yellow",0.851993482164262
"Kctd21","red",0.916313939067831
"Slc41a3","red",0.941211010627657
"Ing5","magenta",0.811233814918805
"Cdkn1a","grey",0.78603445089153
"Ednrb","black",0.898442465564665
"Zbtb21","turquoise",0.361828116370621
"Rspo1","blue",0.692230861559186
"Bnip1","magenta",0.85384570472885
"Rap2b","yellow",0.605904081424776
"Zfp426","yellow",0.947110584542602
"Tecpr2","yellow",0.510570268859849
"Gpn3","black",0.531418110895683
"C2cd5","yellow",0.888936472434399
"Eva1b","brown",0.853530470684693
"Nprl2","turquoise",0.659630442241587
"Kif13a","brown",0.863625865867022
"Tom1","red",0.934810388540759
"Nudt13","yellow",0.614807616283256
"Ube2d-ps","black",0.507728233173743
"Alyref2","yellow",0.624385758597839
"Adamts16","red",0.914359880990476
"Gphn","yellow",0.772096660269975
"Phtf1","green",0.856840975377995
"Myo1e","black",0.850784406784048
"Bcl2","turquoise",0.450397847366385
"Prxl2b","brown",0.702967168033527
"Zfyve9","black",0.796981450834396
"Mapkapk3","yellow",0.320187373053288
"Piga","green",0.943607697428173
"Gstcd","pink",0.916824620455339
"Gm9354","turquoise",0.870491863799145
"Nabp1","green",0.898463784780035
"Med23","yellow",0.874630444562546
"Atic","pink",0.845698802588305
"BC064078","greenyellow",0.88723551085034
"Aste1","turquoise",0.472636284716379
"Utrn","greenyellow",0.777627114321663
"Kctd3","blue",0.3818209325536
"Cep162","green",0.942170710565148
"Exosc2","turquoise",0.653258322152888
"Zfp781b","tan",0.839453118974341
"Rbbp5","green",0.81898268613719
"Snap47","magenta",0.883047875240645
"L3mbtl3","purple",0.831437045698542
"Invs","green",0.767443053486613
"Desi1","yellow",0.774885520304233
"Pramel12","yellow",0.867471953998849
"Klhl20","brown",0.82461029342435
"Prdm4","red",0.812297740485769
"3110040N11Rik","yellow",0.938075129409629
"Smg9","turquoise",0.731757867313559
"Zbed3","green",0.440791418415752
"Abhd17a","red",0.964392246256547
"Calhm2","yellow",0.924673026096745
"Slc4a4","brown",0.900168572288759
"Rpl19-ps11","black",0.534390920775912
"Cpsf4","red",0.926470264516671
"Hlf","green",0.865627448088189
"Acvr1b","turquoise",0.765797492367615
"Csrp1","turquoise",0.626678126274941
"Kat14","red",0.758119294764268
"Kbtbd4","magenta",0.89977527982211
"Slc9a8","yellow",0.672758150482108
"Rabgef1","magenta",0.906276401618114
"Dlat","green",0.914420444398243
"Med25","yellow",0.791383351303805
"Nsdhl","turquoise",0.332446297331834
"6030458C11Rik","brown",0.423749848617433
"Cep135","yellow",0.536361240649505
"Tbkbp1","magenta",0.476306133378272
"Nat9","green",0.786815760368249
"Arhgap29","green",0.520047555886947
"Ndufaf1","green",0.772127886121896
"Slc7a11","green",0.873890185993203
"Tomm40l","tan",0.92746802340398
"Slc25a38","turquoise",0.445917588183494
"Htatip2","yellow",0.739190963599376
"Spry1","turquoise",0.840150108421762
"Ddx43","magenta",0.961846477853986
"Dnajb2","yellow",0.444546541349156
"Mad2l1","yellow",0.885171412299716
"Zfp420","turquoise",0.349555252648649
"Tfip11","black",0.374639270684226
"Zfp12","green",0.86820757142
"Fbxl18","blue",0.910978470052631
"Stim1","green",0.8095834954195
"Afg2a","yellow",0.986024749255472
"Sfxn3","yellow",0.912976108164537
"Thap11","magenta",0.910236009875788
"Mx1","purple",0.724288984994422
"Cenpv","yellow",0.711589373465119
"Rps6kb2","tan",0.918771763648742
"Bbs7","turquoise",0.604841424006828
"Ift140","green",0.608116833811033
"Slc22a5","yellow",0.903077978467822
"Pip5k1c","yellow",0.857586957762757
"Nuak2","magenta",0.951073762025684
"Mix23","black",0.522359372333183
"Dus1l","yellow",0.663408818793167
"Scaf1","yellow",0.734461901851462
"Trak2","yellow",0.750269475046593
"Oasl2","brown",0.559213635016616
"Tspan9","blue",0.921588990461283
"Ccdc32","black",0.918467286880982
"Pex5","magenta",0.91249934840051
"Rabif","tan",0.820935542627411
"Mir22hg","pink",0.919968432026402
"Zfp268","magenta",0.546631986958243
"Ccdc66","red",0.768745177521273
"Cacna1a","purple",0.963079099141154
"Ralgapa2","blue",0.805221863483997
"Gatb","green",0.95523431572934
"Acad9","brown",0.823251898554066
"Ldlrap1","blue",0.362560998541492
"Dbf4","green",0.902242181280442
"Gk","red",0.917328564161277
"Abcg3","pink",0.468924648848104
"Thumpd1","yellow",0.887221868262692
"Cep97","magenta",0.90438917443477
"Kcnj10","brown",0.799929472000799
"Palb2","blue",0.705405938260214
"Dclk1","green",0.789857800263762
"Thap1","green",0.923101151862232
"Tut1","yellow",0.744374795927285
"Vps37b","turquoise",0.451348696342309
"Heatr3","yellow",0.713765414574286
"Ddx19b","greenyellow",0.768872100121564
"Zxdc","greenyellow",0.874965589176263
"Ypel2","black",0.898667345913228
"Ormdl3","turquoise",0.916766602890871
"Pus3","tan",0.758125986089952
"Ttc8","turquoise",0.381205376855323
"Mapkap1","brown",0.745718102564818
"Polr3a","turquoise",0.53477386098799
"Bbc3","yellow",0.991760221251385
"Nudt6","red",0.869449935586101
"Zfp952","tan",0.853423298021202
"Sdad1","magenta",0.836992947522496
"Acad11","magenta",0.877269108829877
"Nmral1","turquoise",0.689394443117205
"Ctla2a","purple",0.64837909931252
"Psph","yellow",0.880458614272167
"Them4","green",0.875979195488552
"Slc25a32","red",0.892135053222579
"Pogk","brown",0.938915256005883
"Sall2","magenta",0.899966720915594
"Zbed6","green",0.827216331878321
"Gorab","red",0.751348753705633
"Calcrl","turquoise",0.357967764976891
"AI597479","yellow",0.856301607638304
"Snx15","red",0.970964228712772
"Nomo1","yellow",0.898419561439712
"Ercc6","blue",0.769846699671378
"Ppfibp1","purple",0.75999243253454
"Zfp712","magenta",0.750852648335591
"Vps53","magenta",0.916488329114528
"Fem1a","black",0.704150557110649
"Rhobtb2","greenyellow",0.848577723581393
"Rps6-ps1","turquoise",0.67818944287991
"Tirap","tan",0.766361421657792
"Zfp629","turquoise",0.305432356246757
"Tcta","red",0.952407219497467
"Supv3l1","yellow",0.795410405246868
"Traf2","green",0.914875813936945
"Txnrd2","tan",0.813835935319509
"Gpn2","turquoise",0.868276587028841
"Eya3","turquoise",0.83402841659145
"Gpatch4","yellow",0.73431836498798
"Abt1","yellow",0.758401715486645
"Col6a3","red",0.765285717357512
"Rsad1","purple",0.921134210328945
"B4galnt1","yellow",0.860273952017843
"Ppp1r3d","magenta",0.832954083240452
"Xlr4b","magenta",0.773612180393589
"Tmem229b","red",0.90027103791945
"Rpl34-ps1","purple",0.858060058198803
"Utp18","tan",0.720736490475919
"Ndst1","tan",0.804236557850834
"Tmem241","magenta",0.96619877401319
"Rrp15","brown",0.793912412968626
"Cenpl","green",0.547298835354553
"G430095P16Rik","turquoise",0.887589743003956
"Bcl2l12","yellow",0.834026188759025
"Paxip1","magenta",0.654858986881555
"Nars2","purple",0.760216757948121
"Tipin","yellow",0.815662420619358
"Klhl3","magenta",0.935249386843256
"Aasdh","purple",0.941569146723635
"Dis3","red",0.626427581887467
"Tbl3","turquoise",0.469477420388896
"Saal1","black",0.828742031165116
"Ddx20","yellow",0.732387686595397
"Snrpn","greenyellow",0.929552670786711
"Tbc1d1","magenta",0.860244094184816
"Mmp24os1","yellow",0.884833339816218
"Selenon","black",0.837457463335022
"Zfp64","yellow",0.506751082743553
"Bri3bp","yellow",0.764738549705131
"Spg11","magenta",0.922431754268121
"Klhdc4","turquoise",0.885726446699916
"Ehhadh","blue",0.721124636679993
"Slc37a4","turquoise",0.710966469194021
"Retsat","green",0.742219029407067
"Med27","magenta",0.930613154107495
"Cry1","turquoise",0.83574082323711
"Rfxap","green",0.890108545482284
"Cpap","blue",0.773342669899059
"St3gal4","turquoise",0.490113590255154
"Siglece","green",0.713661342477709
"Ppp6r2","turquoise",0.312709046185797
"Mtg1","red",0.851575134642186
"Lmf1","brown",0.892356370943219
"Chchd10","green",0.923599625525986
"Prkd2","turquoise",0.791814702261696
"Cutc","yellow",0.848945829206107
"Snap29","magenta",0.857421743178782
"Poli","magenta",0.932645733819248
"Sugp2","black",0.85743676316552
"Ints3","yellow",0.938689330152377
"Arrdc4","red",0.763161276264592
"Gm8326","turquoise",0.868307742414156
"Dhx58","turquoise",0.41204264199312
"Dffa","yellow",0.842582778472378
"Slc10a7","black",0.880485517261094
"Gm4013","turquoise",0.664804837846071
"Tnni2","red",0.762737273644681
"4930581F22Rik","magenta",0.521669870610632
"Hmgn2-ps","tan",0.744117300650111
"Galm","green",0.716296449464318
"Tbcel","red",0.602342143700511
"4930481A15Rik","green",0.877455826512401
"Crem","magenta",0.853257878835275
"Septin8","green",0.917590184526371
"Pdcd2","yellow",0.686387020830173
"Znhit2","red",0.87031553008145
"Commd5","turquoise",0.488294761967666
"Alox5","red",0.910779847423118
"Polr1g","green",0.948970546654827
"Abraxas1","brown",0.745849025860705
"Sv2a","magenta",0.844323477240719
"Dhx8","tan",0.796365520084029
"Id3","green",0.792354964997113
"Traf7","red",0.727544814814052
"Gna11","turquoise",0.611011937167293
"Ccr2","yellow",0.800954807619434
"Rnf169","brown",0.922770667454318
"Gpt2","greenyellow",0.917332349465804
"Emb","greenyellow",0.730290321602027
"Tsr2","turquoise",0.344880023528309
"Lrrc41","red",0.960618677984272
"Tyw3","yellow",0.719306494656706
"Gm5869","turquoise",0.619686813064689
"1110065P20Rik","turquoise",0.609171776937936
"Smyd3","brown",0.893801871032758
"Zfp84","red",0.756538581878298
"Homer1","black",0.852694909912576
"Hmgcr","green",0.933016225278261
"Abcd4","green",0.943263118021696
"Mtfr1","purple",0.849048496344381
"Smim10l3","magenta",0.889654583394126
"Serinc5","red",0.769875433981672
"St7","red",0.777107460072898
"Cd1d1","green",0.723746034255725
"Dhdds","yellow",0.751839510551509
"Exoc8","magenta",0.851713872629865
"Dgkh","black",0.900900427549514
"Gfus","brown",0.924323888329549
"Brwd3","brown",0.786008834331373
"Dnajc9","red",0.563065160690341
"Rnf31","red",0.86043359032195
"Trabd","pink",0.622479249487502
"Amy1","pink",0.877910506858293
"Skic3","green",0.819401714035943
"Dgcr6","brown",0.774113795387441
"Hinfp","grey",0.286205277139508
"Pdxk","red",0.801572820439715
"Gpsm1","turquoise",0.829010192552771
"Ildr2","yellow",0.773006424011585
"Bbs4","yellow",0.821006289170314
"Polk","black",0.892025431836942
"Vangl2","turquoise",0.759178853118852
"Ap2b1","brown",0.781934344730309
"Adamts1","turquoise",0.478709348641256
"Mmaa","red",0.716983344777374
"Nploc4","magenta",0.920452444580047
"Zcchc24","black",0.903590029354345
"Miip","black",0.70829146548295
"Zfp609","tan",0.895122206316363
"B3glct","green",0.935531624515879
"Zfp963","tan",0.892961087247571
"Apba1","green",0.824928795816722
"Ctu2","turquoise",0.772077989483406
"Ercc3","red",0.895851194651678
"Rnf113a2","brown",0.757987760337152
"Clcn6","yellow",0.732499786101872
"Lig3","red",0.725721574997565
"Smarcal1","green",0.870866882869079
"Reep4","black",0.758879392744977
"Slc39a11","yellow",0.73759069994295
"Grk6","turquoise",0.487044242032263
"Speg","brown",0.802383162513417
"Atp1b1","greenyellow",0.739659428404543
"Osm","turquoise",0.637477700967571
"Ogfod3","green",0.808007851370227
"Fmn1","green",0.86616287513457
"Pex19","brown",0.915891869410732
"Mphosph9","yellow",0.541913490880637
"Gins2","turquoise",0.160028378680864
"Tyw1","green",0.864425430516922
"Prpf31","brown",0.923132331409568
"F3","black",0.888570585097189
"Haus6","yellow",0.906450803462033
"Usp30","brown",0.413656285977811
"Ambra1","yellow",0.765918145813133
"Slc9a1","yellow",0.787953009809709
"Dnmt1","magenta",0.875863657475895
"B4galt5","turquoise",0.499526472659599
"Gm11599","brown",0.638494581306918
"5730455P16Rik","green",0.919047210306492
"Atg4c","magenta",0.915901295935689
"Eepd1","yellow",0.722868751943099
"Abitram","red",0.829897129384238
"Dok3","turquoise",0.812836294986748
"Mfsd12","yellow",0.63630547131343
"Gpr89","tan",0.870979308155468
"Golga2","green",0.853402505028898
"Las1l","magenta",0.827405226346086
"Phf2","magenta",0.915635155247136
"Wipi1","yellow",0.870361057028318
"Brpf3","red",0.738121043723143
"Pnpo","green",0.832748583085305
"Ammecr1l","yellow",0.867904253534037
"Cryz","purple",0.678841950049695
"Slc25a20","greenyellow",0.82462767718459
"H2-Q7","brown",0.330118405930666
"Nos1ap","yellow",0.765542146525126
"Poldip2","yellow",0.888966760524809
"Bod1","turquoise",0.882742349147319
"Ptgds","green",0.534933040242864
"Ncor2","brown",0.843137292758176
"Sh2b2","red",0.765018405647101
"Chmp1b2","blue",0.428357889265984
"Xpc","yellow",0.514737869929106
"Marcksl1","red",0.885748566002553
"Smim13","green",0.621375468690539
"Zfp429","yellow",0.599958466150594
"Fhip1b","brown",0.791322241680877
"Uxt","magenta",0.948582676604335
"Ccp110","magenta",0.911319472914352
"Trim47","green",0.733360016785853
"Serpinb9","red",0.850209298868033
"Dclre1b","greenyellow",0.917998503416538
"Map1b","blue",0.748893142715238
"Dagla","brown",0.412533914913423
"Mettl26","green",0.787687716703127
"Mrps2","green",0.900668553892167
"AI837181","turquoise",0.762493236235602
"Zfp354a","green",0.866500544227278
"Cfap410","green",0.952737586840741
"Tbc1d24","grey",-0.332395249144328
"5430416N02Rik","green",0.742098439808188
"Jpx","brown",0.793162994107144
"Fen1","pink",0.835417518575944
"Trmt10a","brown",0.890703944972326
"Paip2b","black",0.834487791447015
"Glmn","yellow",0.7941732506233
"Ipo13","turquoise",0.729844054616476
"Gm16118","turquoise",0.725175614362635
"Unc13d","turquoise",0.668416033246006
"Tmco6","black",0.840253187331456
"Tpgs2","brown",0.900201758896972
"Zfp961","purple",0.715162029558425
"Gm10384","red",0.891859451565592
"Thoc5","yellow",0.642644035358368
"Pvr","turquoise",0.273318197100411
"AW554918","tan",0.808340318609036
"Mtrr","greenyellow",0.778868707965013
"Prkce","tan",0.873839546974965
"Adal","yellow",0.710075162335873
"Fastk","red",0.915441924169181
"Mcm9","brown",0.886572719223062
"Mcm7","brown",0.706974648575907
"Trem6l","pink",0.724395462355587
"1110038B12Rik","yellow",0.516408308555552
"Atpaf2","red",0.962386429023614
"Aspscr1","yellow",0.572417658577288
"Nt5m","yellow",0.794178176447834
"Cibar1","black",0.783170470220873
"Atosa","brown",0.939333699182262
"Rrp36","magenta",0.896644378418423
"Gm6218","turquoise",0.978274195496899
"Slc9a6","red",0.599249231167498
"Prkab2","turquoise",0.735840602887496
"Tmem63b","turquoise",0.885634599368014
"Msr1","black",0.784460269679054
"Ap1s1","brown",0.921688775095623
"Nsun4","black",0.928148434685489
"Znhit6","blue",0.836976221091049
"Cenpb","tan",0.893646293065525
"Edc3","black",0.663366486607511
"Btbd3","brown",0.61010372466938
"Adck2","turquoise",0.510139977958009
"Lzic","red",0.928063701105015
"Eef2kmt","yellow",0.720143338201166
"Rpl32l","blue",0.490936865257391
"Tmem201","greenyellow",0.977647023923082
"Ccdc186","green",0.876358453307857
"Ric8b","green",0.892051678241274
"Fmr1nb","turquoise",0.603277789742488
"Smpd2","black",0.84777804590151
"Ighd","red",0.559324253288187
"Gria2","green",0.828962975392175
"Vps8","grey",0.391758344159529
"Leo1","yellow",0.879148576517463
"Sgsh","pink",0.927096926496208
"Gm33887","brown",0.845328397418879
"Parn","yellow",0.93974387030082
"Dolpp1","brown",0.488212259328896
"Tgds","tan",0.789745450026696
"Nup43","red",0.90656122329439
"Nudt16","tan",0.833869260024837
"Zfp1006","black",0.962325808654259
"Gpalpp1","black",0.922385266505489
"Cdc23","brown",0.808144499343062
"Utp20","green",0.940434812503369
"Fzr1","green",0.80950859945021
"Oscp1","black",0.901764728722054
"Fancl","yellow",0.885466759191333
"Apbb3","turquoise",0.708792950399988
"Zfp142","greenyellow",0.900909965399769
"Ofd1","red",0.905464682173446
"Harbi1","yellow",0.736078392400407
"Nubpl","green",0.938900512094351
"Dnajc12","yellow",0.644730510956269
"Hyi","black",0.559291670698551
"Disp1","tan",0.941353134845422
"Pecam1","red",0.851383090758115
"Zfp974","black",0.897676465379421
"Med18","yellow",0.758812835973299
"Gm11423","green",0.919332618048227
"Chst15","red",0.82255293519434
"Calhm6","yellow",0.671523787111545
"Zfp933","greenyellow",0.856119827184019
"Ccdc134","purple",0.896620627595632
"Ptpn23","turquoise",0.587333573735546
"Zfp579","turquoise",0.830529692160482
"Gm5141","black",0.930370464670236
"Mir100hg","blue",0.791310408177923
"Limk1","yellow",0.888344615399171
"Zfp536","yellow",0.755229377175321
"Gm6712","green",0.874579772875182
"Zbed4","yellow",0.810900167381453
"Ift81","greenyellow",0.919441143560477
"Pced1a","green",0.925004065419913
"Zfp407","greenyellow",0.866243642522598
"Nob1","green",0.937456044774072
"Zfp563","green",0.853313980779006
"Slc12a7","tan",0.463278130222052
"Alkbh2","turquoise",0.738997250634247
"2310022B05Rik","tan",0.859919337728402
"Mad2l1bp","yellow",0.747865051749437
"Cnot11","red",0.777991838133623
"Cdc25a","green",0.523674237689742
"Gm14434","turquoise",0.944759574182828
"Ksr1","magenta",0.859281309104797
"Ier3","green",0.148764725336472
"2610005L07Rik","brown",0.969704873468172
"Abhd11","red",0.867173678581582
"Hspa4l","green",0.628745668752579
"Hs3st3b1","red",0.86826286491119
"Ubtd1","turquoise",0.883169551437393
"B4galt7","turquoise",0.574516175780441
"Mthfd2","green",0.922783522908956
"Dnaja4","blue",0.898966840180046
"Dnaaf10","magenta",0.875413781870073
"Rps6-ps4","turquoise",0.971997065470651
"Iigp1","purple",0.666292446654264
"Chchd4","brown",0.945519878111501
"Sft2d3","pink",0.770114715137529
"Clic4","black",0.760190635330247
"Gm3005","turquoise",0.734152037132137
"Gstz1","green",0.907816727359473
"Mrpl23-ps1","turquoise",0.877933649071325
"Il18bp","brown",0.842800674979962
"Phc1","greenyellow",0.74170508792111
"Wdpcp","pink",0.580133291473858
"Prpf4","green",0.832502751085747
"Rnf122","yellow",0.582182376553539
"Ppil1","yellow",0.795967306294555
"Deptor","black",0.88185432759334
"Id4","greenyellow",0.910660921014643
"Fam53c","blue",0.381049788384768
"D2hgdh","green",0.701614000622897
"Nup188","purple",0.764708091436219
"Zfp790","greenyellow",0.845048589494132
"Nr2f6","pink",0.766014247705209
"Rpl18-ps2","turquoise",0.950209535853664
"Gpr157","red",0.699659038879115
"Hectd3","blue",0.778181166918561
"Setd1a","magenta",0.866425606321298
"Hyou1","pink",0.696546542256648
"Ccdc9","purple",0.843489102878706
"2410002F23Rik","brown",0.738764821226208
"Prmt7","yellow",0.831948752187345
"Timm8a1","green",0.928035492745388
"Phka2","black",0.677647408638213
"Golm2","brown",0.935299798484226
"Plekhm2","turquoise",0.403100091539179
"Spata1","green",0.860072289025256
"Acd","brown",0.756839451489828
"Wipi2","brown",0.933674839567436
"6330403L08Rik","turquoise",0.386564817565694
"Yy2","greenyellow",0.832984567555011
"Fam98c","black",0.911128854415336
"Gimap1","green",0.749074083386236
"Ptprd","yellow",0.912955628647271
"Scrib","yellow",0.654506199368779
"Ift27","red",0.866965526417392
"Ap5z1","green",0.808218050830519
"Dcaf1","yellow",0.704428339447299
"2310011J03Rik","green",0.769800387483691
"Zc3h10","yellow",0.733057349448456
"Treml2","purple",0.750606488881057
"Pltp","purple",0.358195059702612
"Vamp1","yellow",0.916460327722136
"Ltb","turquoise",0.664474305185538
"Tfb2m","green",0.84789795409754
"Glis3","greenyellow",0.876220311905563
"Rpl27a-ps1","turquoise",0.723652669156821
"Yju2b","brown",0.881833177437685
"Cnksr3","magenta",0.926265976978565
"Fastkd2","brown",0.880666362372038
"Gm10778","green",0.459785810559633
"Unc119b","yellow",0.351359186967304
"Dgka","red",0.792234138485882
"Bak1","green",0.676474624512875
"Praf2","black",0.784561232870452
"Asl","green",0.784112461807035
"Ampd3","magenta",0.907226432901214
"Lrrc14","yellow",0.612848389975852
"Lonrf1","yellow",0.929868036163341
"Xkr8","tan",0.8862171264153
"Gpr37l1","brown",0.872162857379495
"Zfp362","black",0.734483748561321
"Ifitm10","green",0.844543153727305
"Gm20939","yellow",0.963585909859524
"Plcd1","turquoise",0.881988401575241
"Jpt2","tan",0.855998013892406
"Men1","pink",0.938692001234605
"Clpb","yellow",0.88330628192709
"Ppcs","magenta",0.970544615142056
"Aimp2","yellow",0.731156695997961
"Echdc1","brown",0.770006609023084
"Nudt22","yellow",0.607431346826415
"Dhcr7","turquoise",0.731377402665626
"Hcar2","purple",0.439132792927933
"Fam98a","brown",0.925698982295998
"Farsa","red",0.812012948000411
"Nufip1","brown",0.549951082900391
"Ifit1","brown",0.373196285223916
"Arhgef11","purple",0.940199578276441
"Hmces","magenta",0.986013532993565
"Tmem177","yellow",0.894733077489853
"Zfp101","brown",0.773745923505443
"Bhlhb9","black",0.758407994896182
"Immp2l","pink",0.740328092922176
"Scg3","brown",0.769948251984458
"Mras","brown",0.851081601100323
"D17H6S53E","magenta",0.918187110217202
"Rhbdd2","brown",0.943952857172735
"Entpd6","brown",0.539430372675078
"Zfp219","green",0.716475985434085
"Brat1","yellow",0.925560784983161
"Rxrb","magenta",0.910896846662234
"Nol9","turquoise",0.556675864233893
"Atxn1l","green",0.705802875951128
"Ubap2","red",0.909481448239966
"Arl16","green",0.949512016552273
"Rfng","black",0.651543037928167
"Naf1","yellow",0.897546732126825
"Mars2","green",0.776275220554714
"Armt1","brown",0.935588650907911
"Taf8","tan",0.796115283766862
"Trmu","black",0.853503401086185
"Pfas","green",0.812619186356533
"Incenp","pink",0.915537924026102
"Plekho2","yellow",0.724499406396619
"Lrsam1","green",0.614448865809911
"Ddx41","yellow",0.745219963737224
"Mettl17","red",0.875186308350115
"Ccdc62","blue",0.753315188552015
"Lsamp","brown",0.564466467990979
"Selenom","green",0.586586916086059
"Pde4a","yellow",0.728957399199422
"Gm3667","turquoise",0.769103658810148
"Mllt11","red",0.812020135959345
"1110019D14Rik","green",0.875975630725691
"Asah2","black",0.909660312340147
"Kctd13","brown",0.893476658629047
"Cdk16","greenyellow",0.826600418369762
"Yju2","yellow",0.955010392053624
"Stau2","black",0.744085723719027
"Hgs","green",0.803120643755555
"Cdc42bpa","green",0.744382938819646
"Zkscan14","red",0.823067536876597
"Iqcc","turquoise",0.550071399140753
"Krba1","green",0.647311722315304
"Pter","red",0.55220681624481
"Gmnn","turquoise",0.846758517960884
"Rpl19-ps6","blue",0.852069781221904
"Zfhx2","blue",0.783113985386566
"Fbxo34","black",0.695404295898986
"Cep41","purple",0.815426552386902
"Ntsr2","brown",0.793773067722335
"Gm12258","greenyellow",0.85404169305998
"Rfc5","yellow",0.522703954669848
"Hdac4","green",0.877516865755708
"Gas2l1","turquoise",0.228226101063824
"Dcun1d4","green",0.877891903510582
"Fam210b","greenyellow",0.863467929806115
"Tmsb15b1","yellow",0.78480487175102
"4833411C07Rik","yellow",0.703095407726586
"Pef1","magenta",0.758053506671237
"Ankrd50","green",0.81574632725688
"Gtf3c1","pink",0.671468438710933
"Zfand2a","yellow",0.858521467955535
"Cox15","black",0.886164584755688
"Eif4ebp3","blue",0.321803842561619
"Rft1","brown",0.831520192875038
"Pls3","brown",0.804709720341466
"Zmym1","turquoise",0.796841399306201
"Sesn3","black",0.955399373342274
"Mtg2","green",0.558797142417538
"Ern1","greenyellow",0.809537616247823
"Gm6710","brown",0.933873566020556
"Urgcp","brown",0.785811789729831
"Fam219b","green",0.756413979590964
"Map2k5","red",0.835072882330015
"Kat5","turquoise",0.596093032375477
"Gm7380","blue",0.804543382663504
"Znrf3","black",0.745374071530662
"Epha2","black",0.561867354911099
"Isg15","purple",0.359463820596062
"Sephs2","green",0.637494711124658
"Qsox1","black",0.85032208000553
"Josd1","yellow",0.478079701595549
"Errfi1","yellow",0.592691985314568
"Zscan12","yellow",0.876951255095823
"Tmem129","magenta",0.975478878292215
"Nudcd1","green",0.640549433533967
"Ssh1","brown",0.947030154314736
"Nedd4","green",0.891004209125951
"Polr3h","black",0.939723279284542
"Pmaip1","magenta",0.855365395986013
"Tada3","magenta",0.708696213094907
"C2cd2","yellow",0.816411787405545
"Anxa2","brown",0.730102154163467
"Mospd3","black",0.724324316823966
"Borcs5","yellow",0.755263088730176
"Rsad2","brown",0.371557908332716
"Phf7","red",0.883974599961933
"Tha1","yellow",0.766196790360503
"Tmem214","green",0.807285629603454
"Fxn","yellow",0.909131336982012
"Arhgap35","green",0.846236327092767
"Gm5805","turquoise",0.731073060053678
"Nfs1","magenta",0.842561272850082
"2300009A05Rik","blue",0.682438792784018
"Psmg3","brown",0.749895560687348
"Med26","turquoise",0.688054859797981
"Adcy9","yellow",0.799053094082789
"Prps1l3","brown",0.581039492242316
"Zfp33b","yellow",0.877103840280599
"Zhx3","green",0.74634304676439
"Uck1","magenta",0.837029772234749
"Gpank1","magenta",0.90260507066628
"Abhd18","green",0.951857126198969
"Dync2i1","greenyellow",0.886124069795104
"Ntmt1","brown",0.935486042957725
"Gstt3","turquoise",0.58115682245189
"Gm11353","turquoise",0.912329079387294
"Slc2a8","turquoise",0.710949505829765
"Ppp1r8","red",0.935731501158623
"Ctnnd2","yellow",0.801552407540009
"Slc25a19","yellow",0.732330504823631
"Rpl7a-ps10","turquoise",0.902369099156759
"Zfp286","red",0.906141850336903
"Taf3","green",0.710627335136204
"Pnkp","red",0.745368334045799
"Gan","green",0.826461356115474
"Zfp661","pink",0.871561001355798
"Sun1","green",0.885524428490625
"Cyp51","red",0.783921286850465
"Jmjd8","brown",0.957714560077436
"Gm9333","turquoise",0.755364353385169
"Klf9","blue",0.624709393942799
"Mmp14","black",0.859198891061883
"Asb1","purple",0.840502997314379
"Lime1","turquoise",0.729255693519359
"Adgrl1","grey",-0.809367741039582
"Ubqln4","magenta",0.942948999632293
"Parp3","purple",0.872395692330754
"Pycr3","yellow",0.843467694379874
"Gucd1","green",0.838234608293338
"Klhl18","yellow",0.745015732019832
"Zfp512b","pink",0.525404489749084
"Nrxn2","blue",0.377226893588442
"Micall1","red",0.82818612559101
"Gm20300","brown",0.919252385281618
"P3h3","black",0.770091241264975
"Slc25a12","magenta",0.868151750066266
"Med12","green",0.9089768700657
"C1ra","turquoise",0.740347288875271
"Lix1","red",0.6476540478232
"Ric3","blue",0.498398048884836
"Dnah14","blue",0.807665302180405
"Vars1","yellow",0.941842627919608
"Fbxl6","red",0.697162386605629
"E130307A14Rik","greenyellow",0.841490763826744
"Msh6","black",0.720629413182934
"A930005H10Rik","black",0.778033959942124
"9430038I01Rik","black",0.940196351054039
"Rbm38","pink",0.802524655168167
"Nme7","brown",0.915458996176745
"B3galt6","green",0.848134093440179
"Thbs1","purple",0.843681527370548
"Cdh23","tan",0.776127228942985
"Tob1","purple",0.877696208696317
"Me2","brown",0.957446974318778
"Tesk1","black",0.534296612586214
"Decr2","greenyellow",0.844732881222142
"Zfp768","turquoise",0.447337695356178
"Zfp692","turquoise",0.864093742581581
"Trpm4","black",0.904430856030524
"Klf12","green",0.783581811696057
"Lcmt2","tan",0.778544199796799
"Cnst","green",0.881547209613755
"Eefsec","black",0.755417520064795
"Taf5l","red",0.859659113667833
"Ddx51","magenta",0.67813608503347
"Hopx","green",0.890607482608701
"Pcdhgc4","yellow",0.69954169064977
"Rasal2","tan",0.887983771884833
"Rcan3","black",0.923622266081291
"Slc39a14","tan",0.923222759667948
"S1pr2","purple",0.86731068225361
"Arhgap21","yellow",0.770190230747442
"Btbd2","turquoise",0.793164768577868
"Ccl7","black",0.681019529165084
"Orc6","green",0.90506363823105
"Rbbp8","green",0.982542259960777
"Unc13b","blue",0.585948786814165
"Rab7b","purple",0.665386883036609
"Gm3716","red",0.887349667052437
"Samd1","yellow",0.730348077698918
"Ippk","greenyellow",0.877136500995502
"Zfp35","yellow",0.670181887047591
"Aldh5a1","turquoise",0.40662537039032
"Sh3glb2","red",0.946552194122924
"Nop14","brown",0.508168881606857
"Scyl1","yellow",0.766368561364307
"Aarsd1","green",0.765252562683391
"Lrwd1","brown",0.85162779786324
"Ibtk","yellow",0.78379431154687
"Bcan","yellow",0.818238884252451
"Zfp953","yellow",0.899470276915891
"Itpk1","turquoise",0.529060145579936
"Pnpla6","yellow",0.798638666812786
"Nubp2","brown",0.789684258037979
"Rabep2","yellow",0.858227237250163
"Flnb","brown",0.482473350846592
"Ubr7","magenta",0.882032825824926
"Zfp37","greenyellow",0.883669227652041
"Zfta","yellow",0.740661867475148
"Noa1","yellow",0.521036094249325
"Fut9","blue",0.690731054238954
"Sass6","yellow",0.763968320177686
"Dnajc17","red",0.891599356091624
"Lrfn1","green",0.923094495722115
"Hk1","magenta",0.64952119219161
"Magi1","tan",0.719803648325229
"Ess2","turquoise",0.605059407380399
"Megf8","purple",0.883693755768428
"Haghl","yellow",0.72783725153702
"Mettl8","green",0.902085052801426
"Slc25a53","yellow",0.659127761793966
"Map3k14","brown",0.973584040363687
"Slx9","magenta",0.977332941309162
"Fbxo4","brown",0.742593356580075
"Coil","pink",0.895992502053205
"Sik2","tan",0.89411449223945
"Scamp4","black",0.92807845502182
"Lsm14b","turquoise",0.810605116959456
"Nup42","green",0.945909446511227
"Bcat2","blue",0.279193544095578
"Gm6392","turquoise",0.878951416120857
"Mrm2","turquoise",0.893790612761568
"Zfp282","turquoise",0.535438450342047
"Knop1","yellow",0.856590537216974
"Tysnd1","red",0.700112975340702
"Cnn2","magenta",0.950862628470621
"Prpf40b","turquoise",0.534881975025561
"Pml","tan",0.862889392728301
"Arap2","brown",0.930862690302939
"H2-Eb1","brown",0.490239991306061
"Zftraf1","red",0.807632792979675
"Magee1","black",0.880972509140019
"Iffo2","blue",0.537676273808314
"Zfp202","turquoise",0.348959237695412
"Naa80","brown",0.879928508803393
"Il6","black",0.975693428426537
"Adcy6","blue",0.876879951550871
"Zng1","pink",0.826320091478558
"Gne","black",0.741162721193224
"Klhl22","brown",0.652819153043669
"Mfsd4a","brown",0.873750284142851
"Tspyl2","brown",0.496161568759569
"Trp53inp2","turquoise",0.688864707615032
"Tnfsf10","turquoise",0.321068139263969
"Ift88","yellow",0.704412032606434
"Dph1","red",0.600572377783212
"Rab34","yellow",0.680285678027876
"Isoc2a","blue",0.614846172673841
"Rad54l2","yellow",0.613995804774929
"Tmem156","green",0.893288592922229
"Mex3d","pink",0.591360994914107
"Tada2a","black",0.898336721295162
"Cdk20","green",0.603940057436598
"Wdr47","red",0.783196563970671
"Serpinb6a","brown",0.627005906079255
"Zkscan17","green",0.532239496886327
"Gm23849","turquoise",0.691850331626258
"Bcas3","red",0.886994626418615
"Dnaaf9","green",0.807513558547878
"Pelp1","red",0.912451252749897
"Gbp2","green",0.865268530637464
"Aatf","black",0.917046463524414
"Cenpt","yellow",0.79232853357197
"Qrsl1","green",0.855685844700672
"Cpped1","blue",0.613983075487324
"Plau","black",0.243069240497417
"Mtmr10","brown",0.978328458712486
"Cd99l2","black",0.6678061989532
"Aldh4a1","red",0.769217659831489
"Vcl","pink",0.738691864485337
"Polh","yellow",0.723169200486164
"E130308A19Rik","black",0.806991739438641
"Zfp771","turquoise",0.488211446831222
"Fiz1","green",0.843243303611973
"Aldh18a1","yellow",0.850894802542918
"Kbtbd8","yellow",0.745106136878729
"Iqsec1","blue",0.469845116365783
"Zfp626","yellow",0.8400877465433
"Nme6","brown",0.64311491330214
"Retreg3","pink",0.717146397901241
"Specc1l","black",0.871214831262157
"Bbs5","magenta",0.761694238613496
"Zfp1007","blue",0.521087712384553
"Htra1","brown",0.926484296428164
"Plekha8","tan",0.866973947854647
"Sulf2","grey",0.871500823192205
"Hlcs","yellow",0.733814142987125
"Helb","yellow",0.699096935594064
"Smurf1","brown",0.874629580206804
"Pmm1","brown",0.90723157565975
"Stxbp1","magenta",0.731122574798806
"Zfp456","red",0.85971223304849
"Scarb1","black",0.921656380478163
"Tmem138","black",0.83013664903685
"Nipa1","greenyellow",0.838270256439188
"Spidr","yellow",0.72151533611258
"Gm6252","green",0.577560743594728
"Rpl13-ps6","turquoise",0.940608651865464
"Abhd15","tan",0.800578985966736
"Zfp607a","yellow",0.664724252260554
"Tle1","grey",-0.632474497065689
"Fam114a1","turquoise",0.470281606256047
"Cblb","yellow",0.726483386856906
"Ubl7","yellow",0.920223772851112
"Dph7","red",0.904970502696591
"B9d2","red",0.451495186255158
"Ccdc71","yellow",0.819058936716029
"Pomgnt1","green",0.828859432784296
"Faap24","green",0.94214312159648
"Zfp1","green",0.892865164657665
"Dennd5b","blue",0.757927651215051
"Unc13a","brown",0.884078912816043
"Ddx31","yellow",0.761042519326814
"Calcoco1","purple",0.825061055265004
"Gm14295","red",0.832466319714396
"Xlr3b","black",0.556338148000414
"Flad1","black",0.748549753719862
"Slc25a1","red",0.886719510529977
"4833438C02Rik","red",0.931239277753757
"Pwwp3a","green",0.970006753373988
"Septin6","greenyellow",0.946406795865262
"Akap5","yellow",0.654910539543751
"Ddt","red",0.908419482532441
"Rnf126","magenta",0.855336393376274
"Gipc1","red",0.821666225339595
"A330069E16Rik","turquoise",0.671774551960717
"Lgr4","green",0.764448963598434
"Fignl2","magenta",0.839358569976586
"Pcsk7","magenta",0.871587875383075
"Efemp2","magenta",0.721001359823119
"Tlr5","blue",0.465851434986636
"Rbak","yellow",0.857835590729256
"Serhl","green",0.875325827971367
"Cep164","green",0.760772691837585
"Rpl7a-ps11","turquoise",0.97334434335181
"Herc3","green",0.912612261083475
"Napb","blue",0.664553861591187
"Agpat2","red",0.729616535436092
"Zfp964","green",0.88753036840163
"Elac2","purple",0.88538060094445
"Mterf1b","green",0.944718129201099
"Gas2l3","purple",0.86655315587606
"Mrtfa","yellow",0.715054611645909
"Rufy1","tan",0.741238677152482
"Prmt1","turquoise",0.425782819038971
"Dhx35","turquoise",0.621604000991281
"St6galnac6","turquoise",0.73312218031673
"Zfp781a","yellow",0.89277677525205
"Tsen2","green",0.848305530446643
"Fdft1","brown",0.738705820053415
"Rpap3","magenta",0.949072587926238
"Ak3","brown",0.654045927571538
"Pigf","magenta",0.880994076295076
"Sash1","black",0.952785524169561
"2810021J22Rik","red",0.923984570448331
"Gins4","brown",0.723914390049002
"Fam107a","brown",0.855524018172664
"Bivm","green",0.920123824791197
"Fbxl2","purple",0.755901009625762
"Pgam5","red",0.817304349640086
"Snx29","green",0.739041175612938
"R74862","yellow",0.764981822803337
"Akt1s1","green",0.465521118284849
"Dus2","blue",0.0376994566669003
"Tfcp2","yellow",0.800893865048313
"Rad51d","yellow",0.943004842156204
"Nprl3","green",0.92187709613724
"Hrh2","magenta",0.841019070974996
"Phlpp2","yellow",0.870592758227065
"Mtrf1","black",0.476030784737787
"Prrg2","red",0.846220548278162
"Prdm15","blue",0.748904651867104
"Lysmd4","turquoise",0.649024317419849
"Fuom","black",0.876604121741516
"Cdc42ep4","turquoise",0.627965763318012
"Arl13b","yellow",0.84194977434367
"Pyurf","tan",0.853320209429381
"Gm16580","black",0.311179000320561
"Ccar2","yellow",0.901753691879792
"Dxo","tan",0.879375506958924
"Ift22","brown",0.913351530669314
"Atrip","brown",0.920748550158356
"Ppm1e","yellow",0.810974311771508
"Lilrb4b","yellow",0.850364467945308
"Atad5","turquoise",0.786376902099739
"Pdp1","green",0.863250149922673
"Acot2","turquoise",0.764449878767733
"2610507I01Rik","tan",0.802314960326489
"Ttn","blue",0.76653204036847
"D16Ertd472e","yellow",0.869926072044097
"Cog2","black",0.957543178132094
"Crebl2","green",0.765034551488593
"Comp","pink",0.679846027927001
"Slx4ip","red",0.542650293924737
"Cilk1","brown",0.938040303402851
"Slc66a2","yellow",0.835123064303219
"4930447M23Rik","pink",0.848287558400441
"Atg16l2","blue",0.905163681869243
"Szt2","red",0.868669198232529
"Prps1","brown",0.873191893088116
"Rapsn","brown",0.851630243029593
"Dolk","green",0.883875560941601
"Mtnap1","green",0.910335395007351
"Rpl10a-ps1","yellow",0.800150830958583
"Med24","turquoise",0.540236817913477
"Tbc1d13","red",0.95660454450671
"Nedd4l","brown",0.903449719747892
"Bend5","turquoise",0.444776182414434
"Sh3bgrl2","turquoise",0.40669308208155
"Slc7a1","blue",0.734401551619672
"Tmsb10b","turquoise",0.900209114611505
"Dis3l2","yellow",0.797957124088623
"Tpmt","green",0.926132927769604
"Hmgxb3","black",0.935753331867238
"Rai14","turquoise",0.563066075826683
"Dnal4","black",0.835215267442873
"Itih3","magenta",0.924213621222226
"Nudt19","brown",0.922812474974164
"Sgf29","brown",0.817538810951513
"Rbm43","brown",0.862107269847217
"Cyp4f16","magenta",0.867350359913515
"Nlrx1","black",0.830431820993507
"Dnajc28","brown",0.770115767805749
"Mtrnr2l7","turquoise",0.669538855485895
"Wdr83","brown",0.746667406301193
"Slc25a26","green",0.935210733264912
"Zc4h2","pink",0.761054761332542
"Prkn","black",0.689955776609298
"Gm33370","red",0.909029483178008
"Nfkbie","yellow",0.756030425998613
"Pcyt2","red",0.696531001551987
"Cadm2","green",0.804867819672745
"Aar2","green",0.874570733470204
"Atp7a","brown",0.878679683134673
"Spata7","greenyellow",0.934641192409262
"Dip2c","magenta",0.789155848625156
"Mboat1","yellow",0.810669995766819
"Spr","green",0.808413413214193
"Nfkbib","yellow",0.83674597358707
"Luzp1","black",0.885813586157211
"Pabir2","brown",0.869279759196635
"Gm7384","turquoise",0.761594255996444
"1700030K09Rik","red",0.632872340874139
"Mterf4","green",0.949562477377465
"Xdh","purple",0.810225362061082
"Gnl3l","green",0.690873389290365
"Folr2","grey",0.944478975896055
"Lmln","magenta",0.719563055230637
"Ntm","brown",0.780236901890365
"Tulp3","pink",0.812383044356278
"Pdk3","black",0.669872799113359
"Megf9","greenyellow",0.793815583584736
"Ptk2","green",0.906057501372488
"Lix1l","magenta",0.883495486362086
"Gm9267","blue",0.898983659114724
"Slx1b","yellow",0.581516917333961
"Tmem94","blue",0.75436011458607
"Lag3","blue",0.691509855496812
"Haus7","yellow",0.594474962156892
"Lnx2","turquoise",0.432148154336235
"Tcstv4","purple",0.927448017053064
"Yipf2","turquoise",0.550245508326163
"Lca5l","red",0.900851836530855
"Pou6f1","green",0.512208857719994
"Nfib","green",0.871092649353022
"Xrcc6","brown",0.675303475234142
"Nt5dc2","black",0.844986948403883
"Cmtr2","yellow",0.532831882306198
"Dffb","red",0.916242988901894
"Nat8l","tan",0.947680200252741
"Iqce","purple",0.751064780638802
"Zfp956","blue",0.804973393133107
"Nradd","yellow",0.738335873058023
"Zfp61","purple",0.832253582419241
"Afp","grey",0.711378467125431
"Crtc3","blue",0.789115583634108
"Mrps6","magenta",0.867457592371658
"Arhgef18","brown",0.828656556437635
"Pfkfb2","yellow",0.830490536372191
"Pias4","magenta",0.83088824814326
"Ano10","brown",0.863399966332973
"Rps2-ps5","yellow",0.886945916508136
"Ccnd2","pink",0.696664338600312
"Nup107","yellow",0.860779820412727
"Parvb","yellow",0.67394420291307
"Fgf13","black",0.93741154661783
"Cks2","black",0.808753788249277
"Triobp","black",0.832239590683983
"Maml1","green",0.899789171139114
"Rusc2","yellow",0.591537925572005
"Gm10288","turquoise",0.846602473032875
"Fastkd1","black",0.918595374676942
"Gtf2h3","red",0.835560606406419
"Rangap1","green",0.777551716507575
"Ccdc181","green",0.886836764038293
"Pfn2","green",0.876594650959721
"Cyp2r1","green",0.860864527507827
"Eif5a2","green",0.78026164040401
"Cnnm4","green",0.944876032516882
"Gm24950","turquoise",0.513119704534626
"Il4i1","yellow",0.657855550597033
"Mta3","tan",0.889407873562682
"Ccdc191","brown",0.939080530022023
"Pusl1","pink",0.595439866136502
"Kdm5d","yellow",0.664427110874382
"Kcnip3","yellow",0.937390192386889
"Bcl7c","yellow",0.81838728705696
"Plec","blue",0.815590330837665
"Zfp267","blue",0.792877162609094
"Traf3ip1","greenyellow",0.88002919556118
"Mal","brown",0.370555430168696
"Adss1","red",0.899359288097414
"Egr2","green",0.730146771684001
"Drg2","green",0.706305931434481
"Usp31","green",0.889359436489254
"Prdm2","red",0.829197959357789
"Rpl14-ps1","turquoise",0.93341092180641
"Arfgap3","yellow",0.788031973691737
"Rbm14","green",0.864934987174802
"Teddm2","pink",0.794181365748465
"Ntaq1","green",0.811827595818756
"Sh2d3c","brown",0.803426355247233
"Rpp25l","red",0.763888663394021
"Ptprcap","blue",0.606587356165123
"Ercc2","blue",0.69314629468584
"Zfp444","yellow",0.889400637643995
"Abcc4","brown",0.848967393300739
"Snx32","brown",0.779765058597531
"Eef1akmt4","black",0.730424059401793
"Klf2","red",0.840806868086875
"Rnf227","green",0.735762962472286
"Trp53rka","yellow",0.771701543471643
"Pdss2","red",0.916686017380173
"2210418O10Rik","yellow",0.76364822144743
"Tdp1","tan",0.897364430853181
"Adck5","yellow",0.754499794928791
"Tcim","yellow",0.800071419710624
"Dmap1","yellow",0.946554647932968
"Sco1","red",0.724607442826373
"Lyrm4","greenyellow",0.922095534555097
"Kti12","yellow",0.812103809099227
"Sh3bp5l","black",0.916900810921115
"Tiam1","black",0.851538755434735
"Ccdc157","blue",0.949409511843574
"Mtmr14","yellow",0.779153542304154
"Pomt2","greenyellow",0.831898300883741
"Fam13b","brown",0.955721472575504
"Prmt3","brown",0.926126059517596
"Siah2","turquoise",0.409429017108125
"Ncam1","brown",0.813879236973293
"Zkscan6","yellow",0.974899375556649
"Tmem205","brown",0.714230156385771
"Fbxl19","turquoise",0.499763133119795
"Gm15501","turquoise",0.683765152132876
"Olfm4","brown",0.536561720210178
"Als2","tan",0.869581679552538
"Pex11a","yellow",0.72009916172447
"Or5v1","yellow",0.731459375163663
"Zfp955a","brown",0.909866362163478
"Selenoo","brown",0.925558631669755
"Apobr","yellow",0.669178019854524
"Exo5","yellow",0.67110031563489
"Gsk3a","yellow",0.695002115214345
"Arrdc2","yellow",0.869816880715682
"Zfp867","red",0.911295468318679
"Sipa1l3","green",0.588908951772511
"Svip","green",0.913548425508789
"Spice1","magenta",0.823981593852018
"Cnnm2","red",0.532952898295925
"Plin3","brown",0.860505457158104
"Isg20","yellow",0.890619464900308
"Flot2","pink",0.807883205098896
"Tmem67","green",0.916341567229658
"Gm6450","turquoise",0.654281402714721
"Dele1","pink",0.727784468885811
"Gm3055","brown",0.804308597616213
"Zscan21","black",0.914276039931568
"Hmg20b","yellow",0.839755288104818
"Cdca7","black",0.79358112482305
"Cdk5rap1","green",0.450343818465597
"Adnp","turquoise",0.670463033980112
"Ripor2","purple",0.823194382109196
"Haus2","brown",0.879647483693161
"Pick1","magenta",0.727724746371629
"Pcgf1","green",0.794933224952972
"Sec16b","pink",0.733733663412419
"Rdm1","green",0.733368756003241
"Msra","green",0.957753130869592
"Bzw2","brown",0.904494440301775
"Stx3","greenyellow",0.893770545215966
"Rpl19-ps7","black",0.754172063254338
"Atg2a","red",0.95621487263592
"Cipc","green",0.887839105525103
"Pim2","yellow",0.963871100637883
"Agfg2","turquoise",0.465634888547001
"Rtl8a","magenta",0.908195427463301
"Sympk","blue",0.499715514081146
"Gm36529","red",0.692042666083766
"Pank1","brown",0.897452371128919
"Chac2","green",0.863451572811793
"Leng1","green",0.719494878855465
"Gabrb1","green",0.684822103147743
"S100a10","magenta",0.922508398505383
"Cntln","yellow",0.923481997446885
"Tamm41","brown",0.949979988230696
"Slc2a12","blue",0.852128850339685
"Gar1","purple",0.890585187779174
"Isoc2b","brown",0.762948503079923
"Pip4k2c","yellow",0.522032464803974
"Myl2","magenta",0.960503446001204
"C2cd2l","brown",0.820148563072255
"Dcbld2","brown",0.798958149149381
"Josd2","brown",0.751412954847654
"Gm7232","turquoise",0.936161951511253
"Itpa","green",0.92413028141814
"Ift172","black",0.640891746158447
"Iho1","blue",0.608313549357958
"Mark4","yellow",0.6542943281812
"Bora","yellow",0.854865217111757
"Cd320","black",0.942604509633211
"Gnao1","brown",0.917733320765697
"Cbx8","black",0.944277317676118
"Trub2","yellow",0.782020979156119
"Tmem186","green",0.969652099055064
"Itm2a","brown",0.440355331119311
"Ss18l1","purple",0.679071978043308
"Ptges2","black",0.898947644504436
"Jdp2","pink",0.783095855117026
"Prmt6","yellow",0.804101354795749
"Dhrs13os","pink",0.918442381416454
"Eeig1","brown",0.850867837712402
"Tpm1","brown",0.829638667630348
"Fbxo36","yellow",0.955137533550869
"Efnb1","yellow",0.582452839625477
"Cdkn1c","black",0.824129489794291
"Mlc1","green",0.791001491985768
"Tstd3","green",0.935835460762725
"Cfap210","purple",0.865562306899945
"Tcaim","magenta",0.869843340536117
"Izumo4","red",0.575343371832722
"Rpl13-ps1","turquoise",0.841846739450099
"Ap4m1","blue",0.889547669115615
"Fbxo10","blue",0.900127327830717
"Paox","brown",0.842091681163193
"Gba2","red",0.838601426154893
"Plk4","pink",0.775947335230713
"2610042L04Rik","pink",0.870691670534913
"Dcaf15","green",0.543101907869444
"Pgm3","brown",0.878911024756802
"Gjb6","brown",0.930643788208664
"Snap25","greenyellow",0.820030668970138
"Ampd2","pink",0.775147093549772
"Qpct","green",0.864176658004175
"Llgl1","yellow",0.38886993989244
"Fdxacb1","brown",0.779995461227458
"Hilpda","greenyellow",0.847067241266501
"Ncoa5","greenyellow",0.816100763199878
"H2bc6","blue",0.646546150512271
"Parp16","green",0.756251059274214
"Slc25a23","turquoise",0.312758353675077
"Parp10","yellow",0.741355408835253
"Cxcl10","brown",0.753473859414591
"Dtna","blue",0.609359033168574
"Rwdd3","red",0.754886864505647
"Cep104","tan",0.779349626831318
"Cav2","brown",0.702939888224706
"Cldn10","brown",0.835916685350651
"Zmat3","greenyellow",0.834180327781976
"Fpgs","greenyellow",0.917796490113671
"Alkbh7","green",0.727373656132095
"Mlh1","brown",0.756526878837062
"Ppat","red",0.796348747864141
"Nkiras2","yellow",0.801849398111434
"Rfxank","black",0.804194231231211
"Zfp53","brown",0.967504540760718
"Kat2a","yellow",0.472382458874789
"Zcchc4","brown",0.902782300341769
"2210408I21Rik","green",0.937956180248762
"Csrnp2","red",0.793597968421237
"Rexo1","green",0.889588732561795
"Gm14648","turquoise",0.836514250930712
"Zbed5","blue",0.576119066317499
"Sirt3","yellow",0.801490018994986
"Stk26","black",0.879936838823392
"Spata2","black",0.744015176101842
"Nfkb2","red",0.980714340252811
"Peli3","pink",0.894384764210063
"Ift57","green",0.70620430356254
"Hif1an","brown",0.755143525149237
"Rnf185","green",0.910018015572472
"Gys1","turquoise",0.736679798454197
"Zfp688","green",0.686571416049977
"AI429214","red",0.80398930806402
"Polr1a","brown",0.889250622144914
"Lrmda","red",0.899331453784001
"Pdss1","black",0.905029790794051
"Dynlt1a","magenta",0.828238551694436
"Trp53rkb","brown",0.854657484653301
"H2-Q6","brown",0.596441940957085
"Gm5786","turquoise",0.642095340240497
"Fdx2","magenta",0.971014660484609
"Mical3","yellow",0.613665499183418
"Gnl1","magenta",0.691023888201554
"Tmem198b","brown",0.891531099746583
"Pabir1","green",0.889601015497131
"Myo10","green",0.762138159060016
"Hps1","yellow",0.835994652355891
"Rpl10-ps5","blue",0.742832440163512
"Hivep2","blue",0.463516502641441
"Rell1","yellow",0.511639947718812
"Ppp1r16a","purple",0.823118236246356
"Prpf3","green",0.905029988287677
"Tti1","yellow",0.934810887404941
"Ggcx","tan",0.758589767513233
"Diaph1","black",0.879942531096213
"Amd2","turquoise",0.784144991976789
"Atp23","black",0.946862936802651
"Gbp5","purple",0.848077750557412
"Mpv17l","green",0.890701193441473
"Ints15","tan",0.811471131418534
"Grtp1","greenyellow",0.648132328753267
"Exog","brown",0.811985081620224
"Fgfr1","black",0.759785972926705
"Phaf1","black",0.819572338051318
"Mir223hg","pink",0.898773609456755
"Creld1","magenta",0.684582106875995
"Zbp1","purple",0.671886121035078
"Rps18-ps6","turquoise",0.448437179449835
"Focad","purple",0.899177310534634
"Ahi1","purple",0.853687595584919
"Carm1","yellow",0.694503700405339
"Stk19","black",0.95589789026794
"Cit","yellow",0.766760651583789
"Mipep","red",0.941391756556596
"Synj2","brown",0.923184518372219
"Gtf2ird2","brown",0.879041313041924
"Tjp2","red",0.39768247746986
"Nudt2","magenta",0.798186744750028
"Fam234a","green",0.827337103366823
"Bcs1l","yellow",0.896389676788916
"Smyd4","red",0.886223980043497
"Atg7","red",0.81943198678244
"Egln2","yellow",0.801183147954921
"Sil1","green",0.700906657417389
"Cd36","black",0.66086992759986
"Hus1","red",0.537366181693982
"Prmt2","green",0.897086427950555
"Tnfsf12","pink",0.524268052677167
"Fgf2","yellow",0.743720726134648
"Agrn","brown",0.634820157232219
"Spring1","yellow",0.66113032057073
"Gorasp1","yellow",0.790608275158887
"Cntn1","green",0.520416092292824
"Adcy3","yellow",0.749742821528222
"Foxred1","green",0.926203870470721
"Klhl36","red",0.961669274512074
"Rpgrip1l","green",0.831264018758505
"Slc35c1","brown",0.93239475778404
"Fam222b","yellow",0.899163433957155
"Tcea2","brown",0.406993464722999
"Nemp2","black",0.899794028921126
"Cbx6","green",0.764990625666874
"Polr1e","red",0.876662758446304
"Nmrk1","black",0.682001912942544
"A930007I19Rik","brown",0.85566274739814
"Jrk","pink",0.763868292134279
"2310010J17Rik","blue",0.591492736960555
"Lin52","brown",0.880958980169042
"Trp53i13","brown",0.691625328402481
"Gm6937","black",0.879484323292406
"Ank3","blue",0.813559761949175
"Cdkn2d","yellow",0.916137775267029
"4732496C06Rik","red",0.774986424698112
"Dnmbp","green",0.947138371014061
"Tubg1","yellow",0.858338504240238
"Creb5","green",0.677162219332764
"Cbr3","green",0.865956442953788
"Ddx49","black",0.705933817740222
"Zbtb25","black",0.889284819175599
"Med16","yellow",0.83830949167456
"Heatr5b","brown",0.804309463923729
"Rpl36-ps12","green",0.317745277990174
"Septin1","red",0.849927986527928
"Dvl2","yellow",0.905213784759737
"Cystm1","red",0.812452397536688
"Acvr2b","green",0.8340660353628
"Fahd2a","yellow",0.89264650165668
"Gm4221","green",0.81485577321185
"Irs2","brown",0.924523588344433
"Wwox","yellow",0.848655493272794
"Agap1","green",0.654318662254378
"Tlcd1","green",0.918614495048875
"Fgfr3","green",0.7993061713718
"Gm4924","brown",0.881887181733136
"Mthfsd","tan",0.879266044581926
"Ppp1r15a","yellow",0.937301220601892
"Ifit3b","yellow",0.602107355521281
"Oplah","turquoise",0.223500473548616
"Bud13","brown",0.835493421929184
"Prdm10","green",0.868501724871347
"Sema4b","greenyellow",0.774682563158025
"Chst14","brown",0.821109358810012
"Mid1","blue",0.793091201594866
"E130102H24Rik","black",0.871808758330359
"Gm15539","red",0.884935388381794
"Alg9","green",0.869713918930275
"Mpp7","green",0.728052585335981
"Zfp808","green",0.801310502473948
"Urb2","magenta",0.899870032343691
"Mrps27","green",0.758335377548754
"Ston2","green",0.534959416513926
"Nsmf","yellow",0.653301664908163
"Dym","brown",0.930075864549789
"Arv1","red",0.805995503664845
"Polr3b","brown",0.634788543552634
"Pik3ip1","green",0.743488607628127
"Sdk1","green",0.865328583179405
"Slc39a4","green",0.764338497661699
"Fam177a2","turquoise",0.148957745693426
"Cd274","brown",0.562217912626595
"Gm46546","turquoise",0.793719348394339
"Ccnyl1","yellow",0.825307000010708
"Tmem216","green",0.809794863138102
"Ncapg2","black",0.851854259558993
"Mki67","yellow",0.824376783301501
"Gm6598","yellow",0.943557031142457
"Tnip1","purple",0.902397697069225
"Tacc2","green",0.749522887819809
"Letm2","brown",0.910086740123361
"Styxl2","yellow",0.982676323945632
"Mfsd4b4","green",0.712058662189006
"Dennd2a","magenta",0.728358565452022
"Dclre1a","green",0.771925812573111
"2610035D17Rik","green",0.915234716799809
"Wdr74","yellow",0.829723917484532
"Hdac11","blue",0.382900278133722
"Hddc3","yellow",0.66706865573293
"Nr4a1","blue",0.936848732965944
"Lbh","green",0.831127775480899
"Slc16a9","turquoise",0.587851202401518
"Cul7","magenta",0.53918723864416
"Sae1","green",0.857444570795523
"Ankrd24","blue",0.574239937117664
"Tmem267","tan",0.896402267861072
"Acat2","turquoise",0.177445591063924
"Abcf2","brown",0.842499341550651
"Plekha5","pink",0.617236067321742
"Dcaf4","black",0.947081896948581
"Lyrm1","magenta",0.756436131603893
"Zfp523","black",0.684187793165503
"6430548M08Rik","blue",0.726983081569617
"Polr3d","yellow",0.646157733483841
"Apex2","magenta",0.724574780571146
"Fads2","green",0.799085935556576
"Repin1","blue",0.338434226436363
"Klf11","yellow",0.649080635720439
"Bbs2","black",0.680092443539666
"Gm14138","pink",0.932494582322526
"Gm13981","turquoise",0.867185173152403
"Kri1","turquoise",0.477000657989933
"Pkdcc","turquoise",0.650596248225798
"Ybey","green",0.871760712970403
"Nat8f1","green",0.881665145591772
"Map3k4","brown",0.889406560379076
"Ifi213","yellow",0.720141989876913
"Zdhhc24","green",0.886697558919113
"Tcaf1","green",0.796184976154434
"Borcs8","black",0.879714658775497
"Gm6028","yellow",0.844201466177233
"Atad3a","green",0.738537477273754
"Rusf1","green",0.904730573094047
"E130311K13Rik","green",0.959760470488776
"Klc4","black",0.674615714020179
"Fbxw8","yellow",0.634140132835796
"Lekr1","green",0.898659851903202
"Map2","brown",0.889031223222325
"2810454H06Rik","yellow",0.895776975614281
"Vps37c","turquoise",0.323571949055922
"Cxcl13","purple",0.647816604235639
"Prr3","greenyellow",0.887400278969799
"Ccl27a","red",0.922357023933423
"Znrd2","red",0.916251165032092
"Bloc1s3","red",0.83078833769678
"Akt3","red",0.843738384311031
"Cox10","yellow",0.670603117056274
"Slc25a33","yellow",0.830669915189649
"Gm3764","brown",0.908364821093769
"Fahd1","black",0.741676032969246
"Zfp595","yellow",0.867519948833779
"Ctnnbl1","brown",0.870868507908581
"Aqp4","brown",0.909475862296866
"Celf4","green",0.764556526287841
"Prelid2","brown",0.833176476441686
"Ifi211","yellow",0.751304796053892
"Rttn","green",0.712405632325584
"Arhgef3","black",0.900269522616592
"Itgb8","green",0.730206374994194
"Wdr5","yellow",0.925088672769274
"Adrm1b","turquoise",0.971302930805505
"Nmnat1","red",0.76745107218188
"Actr3-ps","pink",0.848106822522829
"H2-DMb2","green",0.705790648281509
"Ttyh2","tan",0.771627188906546
"Ip6k2","red",0.466083402006772
"Scn2b","blue",0.886061845915992
"2310009B15Rik","yellow",0.866513601604968
"Gm3752","red",0.775046517037732
"Glb1l","magenta",0.451884557674458
"Toe1","red",0.658674589296075
"Rfc4","yellow",0.820633946731287
"Flt1","tan",0.77497806075093
"Nr3c2","red",0.666770530407797
"Tmem97","brown",0.886115401799971
"Fam13a","green",0.804847458854142
"Wars2","black",0.810867767298367
"Tmem132a","red",0.62601992147198
"Mcrip2","green",0.709102789861719
"Dmd","black",0.763742555568657
"Sirt6","red",0.918880060537479
"Zfp747","turquoise",0.593797306055568
"Ccdc77","yellow",0.688867064561865
"Abca2","green",0.912802612492483
"4930506C21Rik","yellow",0.350430461067385
"Tab1","turquoise",0.801120332509838
"1700023D09Rik","yellow",0.843033707719603
"Slc2a9","yellow",0.807366651075465
"Tbc1d32","yellow",0.836485025920925
"Myo18b","green",0.781775439894778
"Dcp1b","green",0.699923959904703
"Ddb2","red",0.810075330929989
"Zdhhc8","blue",0.608004686347379
"Gm21992","tan",0.764589750525074
"Dohh","yellow",0.666265903277973
"Mus81","magenta",0.882011009695056
"Sf3a2","yellow",0.904059061065021
"Apoc2","grey",0.960118095216062
"Adprs","red",0.763942282517668
"Lclat1","brown",0.84834259356467
"Mthfd1l","magenta",0.97253396830782
"Gab3","brown",0.466034314218075
"Wbp1","green",0.933097744968364
"Tpcn2","black",0.807590085473437
"Zfp235","greenyellow",0.492980014882717
"Zfp580","yellow",0.878984414415067
"Inpp5a","pink",0.78493697440193
"Dhx38","black",0.743824906067834
"Igfbp2","turquoise",0.414969271213155
"Plekhm1","magenta",0.854959161671602
"Nbas","green",0.897218935018271
"Mindy1","black",0.930907318698224
"Castor2","brown",0.770899567827266
"Fam185a","yellow",0.854741042325795
"Xylb","green",0.724322596870237
"Zfp827","greenyellow",0.957460672394045
"Aven","brown",0.905274569538254
"Camk2a","brown",0.277465593005226
"Zfp111","green",0.886773590671474
"Rcc1","purple",0.891757921121329
"Vwa8","brown",0.950487688628655
"Dlc1","yellow",0.658493812170651
"Tom1l2","brown",0.931658046562893
"Tjap1","black",0.916059292423083
"Zfp619","brown",0.779055206940263
"Zfp369","brown",0.916679891957291
"Zer1","black",0.903950122942574
"Gpr137","yellow",0.89666179035596
"Itsn1","yellow",0.706292707237122
"Erich1","yellow",0.725770201881763
"Eri2","blue",0.883676943005885
"A230072C01Rik","magenta",0.806292518388729
"Zbtb17","yellow",0.87347383521753
"Zik1","magenta",0.848066276141272
"Tspyl3","black",0.974564640441319
"Lmnb1","pink",0.87208350081236
"Jade3","green",0.9274209765425
"Dhx34","grey",0.868078577160754
"Gstt2","brown",0.962951581634013
"Zgpat","black",0.875018284179991
"Wdr76","brown",0.713392354767014
"Lbx2","red",0.959417122606151
"Zdhhc7","yellow",0.801809801012345
"Nicol1","yellow",0.760239764177495
"Sprtn","green",0.930552333187738
"B430010I23Rik","red",0.715509599462335
"Olfm1","magenta",0.681841801411284
"Tmem52","magenta",0.718593806606134
"2210408F21Rik","black",0.932426600707265
"Oxnad1","green",0.768431155016279
"Zfp783","black",0.833404971271975
"Taf1a","green",0.882177161319452
"Slc43a3","yellow",0.552222405467071
"Ddx56","brown",0.877562276572339
"Agbl3","green",0.781551066828154
"Stom","black",0.879859751431453
"Zkscan5","brown",0.874159304833919
"Prickle1","green",0.954599923365212
"Ctdspl","pink",0.680809471768925
"Bop1","red",0.858747144420131
"Zfp623","brown",0.854131404561291
"Ripor1","blue",0.530564783550708
"Mri1","brown",0.555990526984653
"Snx7","brown",0.953412277406597
"Acaca","yellow",0.773973375142635
"Ttf2","brown",0.831151244682299
"Cln6","turquoise",0.4839131864099
"Mbd4","green",0.814131947231411
"Ipw","blue",0.786203136084716
"Hectd2","purple",0.872925685526876
"Ptpn21","green",0.722110947969638
"Cnr2","green",0.876166194737552
"Slco1c1","green",0.839768416733412
"Rnf24","yellow",0.620339587540852
"Ezh2","yellow",0.77600965134276
"Ppm1d","brown",0.887675359343261
"Myom1","black",0.977839110988431
"Pim1","yellow",0.711154608145852
"Dut","black",0.958887783254097
"Trip10","turquoise",0.568275231021349
"Zfp873","brown",0.926258985148988
"Mymk","brown",0.797180142915565
"Trp53i11","green",0.917202146307065
"Stk39","green",0.652998158686016
"Rsph3b","brown",0.897320842425513
"Rab3a","magenta",0.910343921012794
"Fgfbp3","red",0.718369336276667
"Trps1","tan",0.752215929336505
"Aaas","grey",-0.375336293489351
"Gm5055","pink",0.844533788019712
"Phf13","green",0.954316975108103
"Gm12543","red",0.783194496900028
"Psmc3ip","black",0.888056861810919
"Polm","yellow",0.607829421830522
"Adamts10","green",0.866353783173105
"Tmod1","yellow",0.831574229299543
"Wdr55","red",0.788040054056818
"Fzd5","yellow",0.849339108469929
"Map10","yellow",0.820355341708002
"Vegfa","black",0.672682945361008
"Hdhd5","yellow",0.837554759839847
"Cd276","brown",0.696820593421528
"Cxcl14","green",0.913950011734967
"Stk38l","brown",0.912759795853414
"Pex16","yellow",0.744830547637584
"Guca1a","yellow",0.881026865186356
"Uty","brown",0.380839626646835
"Ccdc14","greenyellow",0.836886198845602
"5730409E04Rik","red",0.774402285649243
"Zkscan7","green",0.976767013747757
"Tarbp2","green",0.867996573657186
"Shld3","black",0.790630617308005
"1700012D01Rik","green",0.971058910847055
"Thap4","greenyellow",0.859832305167836
"C920006O11Rik","yellow",0.513227301752234
"Usp11","brown",0.935692493947438
"Gm4419","turquoise",0.859367600711697
"Ndufaf6","brown",0.741055017802442
"Tram2","brown",0.919253008255672
"Paxx","brown",0.933809204148319
"Ecsit","yellow",0.750380209212672
"Snupn","brown",0.848101122649607
"Pacsin1","turquoise",0.802440475870112
"Gramd4","brown",0.852606660353766
"Slc17a9","brown",0.596877656405481
"Enah","blue",0.541467771678091
"Pcp4l1","green",0.622571557410596
"Coq10a","green",0.899328927690302
"Adap2os","magenta",0.609298173735345
"Gm6109","pink",0.972610231393731
"Sfxn5","brown",0.79490903000028
"Gm3029","red",0.797390291589496
"Cetn4","green",0.837218640426257
"Tsix","pink",0.533320865992323
"Dsel","black",0.764207423473951
"Mettl1","green",0.719154738394045
"Ccdc85b","blue",0.632238671259828
"Gpr15lg","brown",0.746170900400699
"Npas3","brown",0.581921884638601
"Map3k20","black",0.872252060410911
"Spsb3","green",0.897275893391052
"Gcdh","yellow",0.767362767109434
"Tex9","yellow",0.907367428548687
"Tcp11l1","brown",0.910113021555509
"Kcnk1","brown",0.887376881731505
"Hexd","greenyellow",0.959345145889364
"Mdm1","yellow",0.69344311134993
"Mrrf","brown",0.849795779908642
"Slc25a15","black",0.96889846635569
"Haspin","brown",0.909191726183909
"Tbcd","black",0.795297384145577
"Rpl19-ps12","blue",0.747254658062944
"Fancc","tan",0.83559938658387
"2900089D17Rik","yellow",0.861790572716697
"1700028E10Rik","red",0.735185111269997
"Rpa2","black",0.850305168877608
"Rilpl2","brown",0.690482390687491
"Mfsd3","yellow",0.800293443893559
"Mtmr9","green",0.789245424959673
"2810414N06Rik","magenta",0.825583162589732
"Mettl25","black",0.767983156986487
"Gm4767","turquoise",0.632607883331851
"Sinhcaf","brown",0.501526896604198
"Snx8","purple",0.932468291908382
"Ccdc51","magenta",0.861227804904588
"Ddx28","yellow",0.969305018207803
"Trim13","brown",0.928432268891937
"Dcaf6","blue",0.434678056208679
"Ticam1","brown",0.618578239731955
"Ccdc28a","brown",0.885721737339954
"Slc12a4","yellow",0.776641779583432
"Coq3","brown",0.88828025916809
"Shmt1","yellow",0.853517389602157
"9930012K11Rik","pink",0.89999268011337
"Zfp566","yellow",0.821465577789772
"Tes3-ps","tan",0.942517322840556
"Birc5","yellow",0.847988004905283
"Rasgrf2","green",0.924363418444607
"Zfp764","yellow",0.899863259551107
"Rnf25","yellow",0.719034045247014
"Pomt1","yellow",0.817326433070225
"Tada2b","green",0.801467142639139
"Stxbp4","green",0.819486124487282
"Xndc1","blue",0.563101721536181
"Amacr","green",0.809510655142281
"Eif2d","tan",0.847849734012334
"Adam3","green",0.854188862603046
"Tmem265","black",0.806376921697741
"Lppos","red",0.719832714815679
"Fars2","green",0.74467957845904
"Asrgl1","brown",0.83193295179676
"Pou3f3","blue",0.757466897492233
"Dynlt2a2","green",0.942925909621746
"Def8","yellow",0.715321795451814
"Nme4","greenyellow",0.730594393178041
"B130034C11Rik","turquoise",0.229454982407452
"Slc18a2","brown",0.888569187987401
"Fblim1","brown",0.921598168048804
"Angptl3","red",0.697635202934868
"Amer2","green",0.794064325524182
"Rxfp1","green",0.577845823574657
"Iqcg","brown",0.855788916543683
"Slc25a22","blue",0.429530096511489
"Zbtb45","blue",0.746398477433146
"Fbxw9","black",0.937234388436619
"Rusc1","brown",0.884562332683863
"Zfp493","black",0.905003874348201
"4833417C18Rik","yellow",0.825876753574895
"Limch1","greenyellow",0.814225988240725
"Asb7","brown",0.961896298659064
"Gm15542","red",0.756319407444145
"Rad51b","purple",0.801764903904302
"Igsf11","greenyellow",0.74348984711824
"Pole3","black",0.683191644016882
"Sh2d1b1","black",0.788335287451328
"Frat1","turquoise",0.393694384020653
"Cd44","black",0.913055128352516
"Nicn1","green",0.882948412082006
"Kctd11","green",0.578160328966664
"Ift80","brown",0.949731287885667
"Ncs1","brown",0.915951246156152
"Shld1","brown",0.855535455495486
"Samd9l","yellow",0.566255978997125
"Saa3","yellow",0.465410942289961
"Pex6","yellow",0.826426221805992
"Camk2b","greenyellow",0.846775315019559
"Gm9625","turquoise",0.836234753742144
"Rpl7-ps9","turquoise",0.685464149298244
"Brms1","brown",0.615651997946931
"Ap5s1","green",0.734424829365948
"Chdh","blue",0.42742569017362
"Nwd1","grey",-0.69981345601921
"Fam149a","turquoise",0.53611746967265
"Sugct","pink",0.870464764976603
"Amer1","brown",0.79667153945172
"Cmss1","brown",0.796183653468332
"Lmf2","brown",0.726029586914986
"Trmo","green",0.875994333131432
"Cp","black",0.812365415498089
"Xkr6","blue",0.875207766590029
"Tmem255a","yellow",0.498408000495539
"Mag","brown",0.936109713756228
"Tmtc4","green",0.891370423728196
"Gm29257","turquoise",0.607201903105804
"A530088E08Rik","yellow",0.659185881466204
"Limk2","green",0.736698052007495
"Wdr35","yellow",0.896636524540851
"Dnase1l1","yellow",0.875415168774115
"Gm7694","brown",0.853349292640602
"Pcdh10","brown",0.859087824194448
"Dtx2","yellow",0.716818131538541
"Zfp553","greenyellow",0.961368693721942
"Phactr1","brown",0.600191228791879
"Cdkl3","blue",0.80826425392755
"Gm11539","turquoise",0.871854861234078
"Gm10524","black",0.788950092731018
"Cep83os","black",0.907979509502679
"Ddx19a","red",0.817783958765483
"2310001H17Rik","brown",0.586295582988683
"Plpp2","magenta",0.83992519750975
"Lamc1","yellow",0.906021017431436
"Gm6794","turquoise",0.889680041757642
"Ttc21b","green",0.946299068204377
"Btf3l4b","pink",0.92429792704077
"Mtmr12","brown",0.958786988516312
"Megf10","brown",0.619098422103945
"Gtpbp6","yellow",0.871947022979461
"Atg4d","magenta",0.574306277352436
"Tacc3","red",0.742087375637594
"Iqgap3","green",0.598773768955389
"2810429I04Rik","green",0.843204308761403
"Meis1","yellow",0.848225205080587
"Polr1b","green",0.856595155865058
"Cox18","black",0.971378575295117
"Pik3r2","green",0.810253404677673
"Arhgap32","green",0.746951344508023
"Cracr2a","purple",0.391424643555866
"Mfap3l","brown",0.935562198527558
"1110002L01Rik","green",0.822831915588335
"Clasrp","tan",0.922090060733066
"Mobp","brown",0.573615975991331
"Taf5","brown",0.91260011113669
"Klf10","black",0.867133473890941
"E230016M11Rik","yellow",0.775629280925017
"Ino80b","red",0.822397098339501
"Paqr8","brown",0.927997868627821
"Zfp319","green",0.704224397932912
"Zfp799","greenyellow",0.864239191348049
"Ap1g2","turquoise",0.258999739920896
"Hacl1","black",0.904408702266175
"Opa3","turquoise",0.528813749463484
"Mir703","pink",0.923200894843314
"Afap1","brown",0.822964352714196
"Gpr35","brown",0.934700451168089
"Pcgf2","purple",0.794909972804961
"Cd22","brown",0.769295603626616
"Fbf1","pink",0.84724242053818
"Kpna2rt","turquoise",0.777673408867202
"Igf2bp2","brown",0.943671704362806
"Atg13","brown",0.784794511881332
"Zbtb40","magenta",0.464977225353101
"Rhbdf2","blue",0.771026355527274
"Usb1","blue",0.793919540912067
"Tpst1","black",0.839347763902739
"Paqr4","black",0.871713686259043
"Armcx2","black",0.934539508394465
"Zfp458","yellow",0.834839912788038
"Cmpk2","purple",0.881915387722583
"Pcid2","tan",0.802667822418631
"Cux2","yellow",0.731992228171387
"1500015A07Rik","green",0.291311269352749
"Dusp19","brown",0.869753970295694
"Mks1","yellow",0.624055131992656
"Brca2","green",0.865353751433122
"Tgif2","black",0.885025226379295
"Kremen1","yellow",0.702949970764121
"Ska2","green",0.869079606382416
"Slc19a1","brown",0.808612344530661
"Urm1","pink",0.736656642208517
"Jcad","yellow",0.757228344389181
"Mmd2","brown",0.957161868639531
"Pcnx4","brown",0.952881240577407
"Afdn","black",0.924443467511259
"Pclaf","brown",0.945956329649436
"Hacd1","black",0.821869713455865
"Dyrk4","blue",0.189827740400756
"Akap1","green",0.800744610917
"Fads3","green",0.944697435324461
"Gm36266","green",0.768590521821545
"Cald1","green",0.501993156946896
"Endov","red",0.868731656396449
"Cacfd1","magenta",0.799529625951026
"Zfp30","brown",0.920303172278721
"Noct","black",0.748148083242135
"Gm14288","turquoise",0.364597232633702
"Ust","green",0.954007686560962
"Smyd5","green",0.756300484606299
"Tmsb15l","black",0.449101008669602
"Pdzd9","turquoise",0.686771298408904
"Rcan1","green",0.720060473456392
"Adcy8","brown",0.843227467467507
"Ppp1r12b","yellow",0.743320638683105
"Arhgap19","brown",0.807390759544866
"Trp53cor1","green",0.821791369970598
"Ccna2","greenyellow",0.862816783505718
"Lrp4","blue",0.857967988445165
"P3h4","magenta",0.645376812537746
"Gemin8","yellow",0.91992003726088
"Hspbap1","green",0.733281297487012
"Zfp954","yellow",0.798376168917164
"Cmtm5","brown",0.612132646751533
"Perp","red",0.747221977192804
"Tubb6","green",0.713627255510375
"Rnf123","black",0.930687486933306
"Gcc1","green",0.689698979786618
"Pf4","black",0.67924985562008
"Tnfsf13","red",0.832662482875594
"Asb6","yellow",0.817921276722315
"Rftn1","green",0.495981960279302
"Per2","purple",0.709645452718321
"Slc35d1","green",0.570796513273314
"2310022A10Rik","green",0.715661011235219
"Nlrp1b","black",0.953600589858162
"Dock6","yellow",0.87572778782843
"Prg4","turquoise",0.686850591412852
"Actr5","tan",0.898919933135047
"Pskh1","red",0.383088515939227
"Aplp1","brown",0.870900953084975
"Tradd","yellow",0.777975983211945
"Snhg16","green",0.970397183261263
"Klhdc1","red",0.708726623203873
"Nhsl2","brown",0.936320990734063
"Rps15-ps3","black",0.938137900487848
"Smug1","yellow",0.868808125271726
"Dact3","pink",0.625494947994163
"Plekhg5","yellow",0.749623534851562
"Slco1a4","red",0.776051823112602
"S2bpcox16","turquoise",0.638190248222397
"Zfp773","blue",0.661385334958897
"Nqo2","brown",0.928226710598289
"Kif16b","brown",0.766320361213876
"Atp1a3","brown",0.838836033289784
"Trappc9","brown",0.941303130111632
"Lratd2","brown",0.951860474491067
"Avpr2","yellow",0.882157667244272
"Actg-ps1","magenta",0.389984100717355
"Intu","yellow",0.862578776419943
"Hirip3","red",0.819561400671778
"Riox1","brown",0.82665174502794
"Gm9920","red",0.918556653367791
"Tnik","brown",0.836901584058997
"Zfp367","green",0.809148172956527
"Fasn","black",0.849761291909039
"Usp46","brown",0.913907958013697
"Ercc8","yellow",0.852598523857971
"Carhsp1","red",0.718055179209821
"Ube2o","green",0.769467139391256
"Fastkd3","black",0.928934350136297
"Cmip","black",0.887117726726332
"Sgsm3","blue",0.476872269754435
"Tars2","brown",0.956839471524578
"Proser3","black",0.61487433033763
"Fam171b","brown",0.85697581135473
"Slc25a25","red",0.459210939303308
"Ndc1","yellow",0.842176954644009
"Lrig3","magenta",0.533216235698266
"Gm4204","turquoise",0.537326216340161
"Far2","tan",0.74980128200529
"Pfkp","blue",0.786008907562351
"Ccl8","purple",0.727773728087195
"Lrrc8b","green",0.807130602636717
"Rac3","turquoise",0.508867826476591
"Epn2","brown",0.691268382491913
"Brf2","greenyellow",0.904481638395888
"Habp4","blue",0.612731671296149
"C1rl","green",0.899414413702545
"Gm6136","turquoise",0.894479097741796
"Zfp965","greenyellow",0.854090235017726
"Cmya5","brown",0.81178620981455
"Rtn4ip1","yellow",0.751687671770024
"9130401M01Rik","yellow",0.725757414650853
"Gpi-ps","turquoise",0.780479172628985
"Ccdc126","brown",0.855035410648894
"Xrcc1","black",0.95542637072529
"Arid5a","brown",0.718189495641261
"Slfn9","brown",0.613036767110911
"Ints1","brown",0.796366720897167
"A430046D13Rik","black",0.912066975708511
"Cep57l1","brown",0.916673196568507
"Cd5l","grey",0.817871978287964
"Slc19a2","yellow",0.80437382682785
"Arhgef25","black",0.927235996718068
"Mical1","black",0.932319372313748
"Aen","black",0.801593563259931
"Rpl22-ps1","magenta",0.810544087095013
"Ctps1","green",0.847861168711736
"Gla","brown",0.608520144105104
"Chchd6","black",0.636665864261617
"Lonrf3","black",0.86948021372946
"Rbm4","greenyellow",0.950602926428478
"Pik3r3","green",0.850494561438825
"Cep112","brown",0.931810293651984
"Sco2","black",0.700227556941481
"Haus8","brown",0.932746177952906
"Skp2","green",0.962735993503394
"Tet1","brown",0.838463869617085
"Gm16740","red",0.728437001133685
"Zswim7","green",0.796931764324295
"Dna2","brown",0.545277857629221
"Fhit","green",0.57882815637884
"Homez","brown",0.919177119375543
"Tatdn2","pink",0.888256235724209
"Tspan2","brown",0.584295987224831
"Pdzd2","greenyellow",0.756305586551552
"Zfp59","red",0.868782817564366
"Cdc14b","yellow",0.696530002892181
"Eml5","red",0.58040189913252
"Zfp358","red",0.785233718682373
"Layn","brown",0.814668956928661
"Kl","greenyellow",0.750099669367682
"Plxnb3","brown",0.912569608200523
"Ppwd1","brown",0.877929562581932
"Zfp937","purple",0.874915734836656
"Gm14296","brown",0.732772657500594
"Ift122","brown",0.963860074921279
"Trim30b","green",0.820414047100195
"Coq8b","tan",0.911556186276489
"Ggct","yellow",0.792584381880464
"Cwf19l1","black",0.936177341178816
"Nkain4","brown",0.78478063296372
"Armcx5","green",0.751822379910559
"Klhl8","blue",0.326409989702483
"Wdr6","green",0.915825921327544
"Frs3","green",0.554322692256396
"Shkbp1","brown",0.862181608286218
"Fkbpl","green",0.797249813840023
"Rbks","green",0.828089905746409
"Lrrc51","red",0.929584971807296
"Spata6","brown",0.784345066755065
"Hyal2","green",0.952904016228794
"Cela1","yellow",0.676205398708471
"Ezr","green",0.923759670565116
"Top2a","black",0.643959394796206
"Pcdh7","green",0.81047810624844
"Apod","brown",0.421283936978487
"Usp6nl","brown",0.812982536380583
"Mier2","turquoise",0.530482585670796
"Nup37","brown",0.852145060964473
"Esco2","purple",0.712823794044774
"Osbpl3","brown",0.866270378888777
"Adissp","black",0.716801991044225
"Spout1","brown",0.652270162496531
"Psd3","blue",0.799204241736792
"Rcn1","black",0.801700370409657
"Cldn5","blue",0.664320000071732
"Fam219a","turquoise",0.656819660423232
"Abcc10","greenyellow",0.889149691981879
"Hook2","green",0.804504147423069
"Ift70a1","black",0.698684627145758
"4632404H12Rik","black",0.861087191798259
"Il1b","purple",0.732178180837172
"Il33","green",0.684519473396634
"Smim33","black",0.881051409159209
"Msh3","brown",0.854966337504164
"Snhg15","black",0.928287831267909
"Peg13","brown",0.911694604749271
"Prodh","green",0.832008143531832
"Ttc7b","greenyellow",0.822554186180129
"Pcp4","magenta",0.805243870045593
"Epha5","blue",0.677100312123241
"Cep78","red",0.48141863057519
"Gm41611","brown",0.769829923199036
"Ttl","grey",-0.0842846190673092
"Dnajb5","turquoise",0.533791435073516
"Dtwd2","green",0.930595928755509
"Med9","brown",0.768412379519822
"Shank1","brown",0.562427870056776
"Vtn","black",0.892887666784616
"Epg5","brown",0.94271338203771
"Zfp973","red",0.634336465182725
"Pdlim2","green",0.812173385969291
"Zfp280b","black",0.835350771634201
"Zswim1","red",0.763097407365541
"Rep15","pink",0.779932009839928
"AK157302","turquoise",0.746345614896888
"Fermt2","brown",0.467481895987324
"Atp6v1g2","red",0.719370822076065
"Pus7","brown",0.873729638826087
"Sntb2","brown",0.814226608855418
"Trim9","brown",0.802319152025479
"Rwdd2a","green",0.720663785841054
"Tmub1","magenta",0.847769915965911
"Slc25a14","green",0.796858267353801
"Acy1","yellow",0.898865603922706
"Clec16a","blue",0.740392832967775
"Zfp850","black",0.908550519611818
"Ocel1","black",0.524743389134442
"Shmt2","brown",0.830091512302552
"Wdr91","black",0.782853155617033
"Nfasc","green",0.691008797083326
"Jag2","yellow",0.81138381569526
"Cd59a","green",0.770696889176297
"Slc39a3","brown",0.866964907966614
"Gm4841","black",0.916939677298402
"Acot8","yellow",0.842821797325474
"Fam78a","greenyellow",0.857090537060619
"Tti2","brown",0.790003646143343
"Ipp","turquoise",0.713102042127486
"Plekhg2","turquoise",0.552927631312381
"Slc52a2","brown",0.832332696765011
"B3galt4","yellow",0.754276167581723
"Bbs12","green",0.939095492671346
"Insl3","pink",0.807596800193087
"Gm6204","turquoise",0.856539837842994
"Akr7a5","tan",0.82698021981886
"Elp3","yellow",0.761480414691939
"Oas1g","purple",0.866445643708316
"Msto1","black",0.91890935520846
"Uevld","brown",0.930290057248156
"Grhpr","brown",0.696145937463818
"Efcab2","red",0.742588193972602
"Fam171a1","blue",0.591396798894891
"Zfp874b","brown",0.878387013877177
"Dpy19l3","brown",0.807785701110953
"Ankrd39","black",0.848042673017164
"Ugt1a1","black",0.653684159899768
"Xylt1","brown",0.883554413431356
"Gm12416","turquoise",0.606548118054995
"Tril","brown",0.865758711570903
"Htra3","red",0.689261331322902
"Gm14325","brown",0.778978998640976
"Gm2546","brown",0.803503487944851
"Zc3h12a","turquoise",0.514556989898199
"Mmab","pink",0.791395483855374
"Gm6278","turquoise",0.663822234341618
"Klhl12","brown",0.803032151323784
"Mir8114","turquoise",0.894706096579792
"Eml6","yellow",0.835364091811552
"2700049A03Rik","brown",0.890564235545073
"Itpkc","green",0.730548894485613
"Fam151b","brown",0.79508739765722
"Smg5","green",0.801943277602819
"Sertad3","magenta",0.956546152950784
"Gm6177","turquoise",0.778847912924111
"Gm10263","turquoise",0.950687310093891
"Thnsl1","brown",0.937858071796092
"Fam117a","magenta",0.658552631192995
"Syne1","blue",0.801531228987973
"Armh3","black",0.799210411253686
"Nkrf","green",0.854267185974225
"Pear1","blue",0.512594905682482
"Enpp5","brown",0.816868908659981
"Haus4","red",0.86974067472018
"Gm13421","yellow",0.879373381758705
"Jak3","green",0.883136794493672
"H1f3","magenta",0.504857841550901
"Trmt61a","blue",0.584696645442381
"Zfp976","brown",0.949121445795349
"Timp4","brown",0.888015933126356
"Cdk5rap2","brown",0.887492827429474
"Slc6a8","tan",0.775612028684608
"Gpr162","yellow",0.874131024251454
"Zfp870","brown",0.89172516290331
"Wdhd1","purple",0.640901936020613
"Gm8730","yellow",0.782819784866156
"Oas2","purple",0.784576479819209
"Qpctl","black",0.741658894567685
"Xpnpep3","brown",0.915546206060509
"Mief2","yellow",0.411388949108044
"Qtrt2","yellow",0.915571175880896
"Rpl31-ps15","yellow",0.807896766359319
"Pms1","green",0.789967285684819
"Kif3c","green",0.85496272010075
"Spryd4","tan",0.779172135468375
"Leng9","brown",0.541599202638797
"Zfp668","yellow",0.866075387485957
"Ttll3","green",0.854396311836931
"Dhrs11","yellow",0.681961155050037
"Gm3650","green",0.748481774844381
"Septin4","yellow",0.769861804150578
"Smim36","yellow",0.662416729211014
"Ddx11","pink",0.810899766767501
"Dync2h1","black",0.870230200193133
"Rtl8b","tan",0.894453543221024
"Gm11100","greenyellow",0.861560658191896
"Srsf3-ps","turquoise",0.68683932068953
"Gtf2h4","turquoise",0.832733907356844
"Ago4","green",0.784041338987202
"Slc24a5","blue",0.742046974767788
"Fgf11","black",0.832194401700093
"Fam118a","red",0.778255622479642
"Tubd1","red",0.852744477830126
"Ly6g6e","green",0.733647472801671
"Cc2d2a","black",0.726474717927782
"Chlsn","brown",0.924855920469068
"Scimp","brown",0.712194834310598
"Hmgb1-ps5","turquoise",0.778996361975867
"Celsr2","blue",0.706906491128451
"Rpl31-ps16","pink",0.879444353726081
"Gm10250","yellow",0.574843617981058
"Fzd8","greenyellow",0.838811008322132
"Aph1c","brown",0.89446603978114
"Thoc6","brown",0.870686360867527
"Homer3","yellow",0.855174352154431
"Shb","red",0.477915031849271
"Cfap298","green",0.834477092755459
"Vat1","yellow",0.781735739470111
"Uggt2","black",0.86318995475338
"Fam241a","yellow",0.831347973468132
"Celsr3","blue",0.790834480625967
"Gm15730","turquoise",0.569752200532143
"Twnk","black",0.930103097775612
"Dlgap1","blue",0.623076382887291
"Zfp653","green",0.871855238495401
"Mrm1","red",0.960641451325349
"Gm30329","yellow",0.741162644311087
"Styx-ps","yellow",0.617364982297906
"Snrnp35","magenta",0.812948692242696
"Mllt3","brown",0.620884715695699
"Gm34220","green",0.714208812081686
"Ermap","yellow",0.599985292522941
"Gfod2","green",0.911746213337653
"Itfg2","brown",0.766918856879773
"Igf2","green",0.805684587409391
"Ache","magenta",0.755006438657382
"Smad6","red",0.820931958965156
"Fbxo31","black",0.823192751328536
"Gm5312","turquoise",0.684972268186269
"Fhad1","greenyellow",0.870519463286053
"Mtcp1","brown",0.615099221615446
"Rpgrip1","blue",0.850031147810946
"Eipr1","brown",0.951850025147973
"Rpl21-ps7","turquoise",0.67162499561056
"Psma8","brown",0.610620940751734
"Mdfic","brown",0.888521626769609
"Nckap1","green",0.697574479689448
"Kyat3","brown",0.944473711794793
"9130221H12Rik","red",0.650878650820355
"Lrguk","yellow",0.600886178195746
"Rnaseh2a","brown",0.893820460020604
"Nnat","brown",0.656593732129273
"Fam177a","brown",0.888492010185017
"Slc7a10","green",0.849374699525977
"Rnls","black",0.727183071160656
"Lrrc1","blue",0.749769066287831
"9430015G10Rik","yellow",0.832163580256059
"Trmt5","brown",0.876939203286215
"Map2k6","black",0.830035600035588
"Trdmt1","brown",0.933527344088959
"Gm6988","black",0.605414606940129
"Gm7816","pink",0.642930043765197
"Lypd6","green",0.857994625114139
"Miga2","greenyellow",0.867379891352216
"Gdpd1","brown",0.906619601805719
"Taf9b","brown",0.772824384039771
"Natd1","brown",0.931512280677976
"Poc5","brown",0.926472692226112
"Pbk","yellow",0.783200037036545
"Ephb3","yellow",0.592257753299622
"Pim3","black",0.952255944505088
"Coa7","brown",0.759110417570401
"Prlr","greenyellow",0.907292946055939
"Nfkbid","brown",0.632457744642595
"Pot1b","brown",0.881921831807034
"1700003F12Rik","brown",0.695284988499506
"Wdr73","brown",0.957973932158082
"Gabrg1","brown",0.849907042062385
"Mettl2","brown",0.873618913159127
"Ripk3","magenta",0.876747746873752
"Kdm4b","yellow",0.9640391919295
"Crip2","green",0.813046899833944
"Tprn","yellow",0.866770889401579
"Masp1","brown",0.45800035331217
"Cc2d1a","red",0.930717013296562
"Fcsk","brown",0.795507257756835
"H4c8","red",0.912964160199999
"Snapc4","green",0.851423875026216
"Zbtb49","greenyellow",0.922952937445298
"Pik3c2b","yellow",0.809626911070256
"1810024B03Rik","brown",0.978118695154357
"Ccdc162","greenyellow",0.828694101975229
"Faap100","yellow",0.803705540043392
"Plce1","green",0.871793621169689
"Fancg","blue",0.881991250326184
"Osbpl7","black",0.904843660596687
"Cdt1","red",0.57541334288108
"Psma5-ps","turquoise",0.819483187440125
"1700096K18Rik","brown",0.900607250922383
"Rabepk","brown",0.881942454553453
"Gm12183","turquoise",0.257193271603402
"Gnb5","green",0.938227437842646
"Ring1","brown",0.977787967262208
"Btbd8","brown",0.980201692229854
"Fads6","yellow",0.726782093940908
"Prim1","purple",0.892859833933698
"A330023F24Rik","green",0.871101307199797
"Amigo1","black",0.863100428535738
"Neo1","black",0.907991765741082
"Cad","red",0.827505935092866
"Etnppl","brown",0.731629311448066
"Nrde2","grey",0.379928860201242
"Rpl36a-ps2","turquoise",0.823519669419621
"Aldh3b1","brown",0.578965659776745
"Telo2","blue",0.842613324718228
"Zfp28","black",0.813396978075089
"Kics2","yellow",0.749324911436564
"Cand2","brown",0.787572338955793
"Atp8b1","green",0.744165989964512
"Btbd6","yellow",0.761778018051333
"Cenpa","brown",0.928625653032853
"Smim10l2a","brown",0.809206299667276
"Nrcam","brown",0.977043857993591
"Nanos1","red",0.651531140224246
"Wdr46","green",0.802803801402413
"Gca","black",0.906131366057998
"Prdm9","pink",0.57928285334762
"Nacc1","pink",0.475143489525463
"Hyal1","brown",0.708579345957665
"Smim24","yellow",0.551519719306962
"Nlrp1c-ps","magenta",0.825840267101466
"Cdh2","brown",0.755921210704257
"Hira","magenta",0.496374825025159
"6030442K20Rik","black",0.828698612884261
"Eme2","green",0.976726353515107
"Kif1a","green",0.912891206766002
"Kif15","greenyellow",0.766321444609664
"Usp20","grey",0.256465697316667
"Gpatch1","brown",0.879475747525655
"Fam43a","blue",0.707006644525074
"Zfp54","yellow",0.828726180625318
"Ino80dos","brown",0.900748878453535
"A930024E05Rik","red",0.777997103690356
"Kcnj9","greenyellow",0.829024739682349
"Dpp9","brown",0.97173031913015
"Coq6","green",0.670201630973322
"Nr6a1","blue",0.86245812475723
"Gm12758","brown",0.891884408311578
"Ccne2","brown",0.550105723112082
"Lipt2","greenyellow",0.676963217338575
"Ankrd54","blue",0.591489864546975
"Palld","green",0.594024254027929
"Endog","yellow",0.653052612201867
"Ralgds","blue",0.611520291453554
"B3gntl1","magenta",0.684701563967636
"Ccdc85c","black",0.901316499336656
"Mtrf1l","brown",0.922918479203423
"Galns","yellow",0.771483765535193
"Snord3b2","red",0.83078578011852
"Wdr59","blue",0.836442096742555
"Kcnj13","greenyellow",0.671629779473244
"Klrd1","turquoise",0.576635213271207
"Tfec","yellow",0.774074724309887
"Fam222a","yellow",0.686504518865903
"Armc7","brown",0.886647034523365
"Zfp995","brown",0.884044896938708
"Fut4","black",0.849451611836046
"Ppp1r26","brown",0.832190770806342
"Dct","blue",0.708829330516104
"Tbc1d22b","yellow",0.666815872907487
"Fam169a","green",0.862059460980583
"Bysl","green",0.688456808042643
"Pola1","black",0.753321642984424
"Plekhh2","black",0.824458617247666
"Gadl1","greenyellow",0.975696285844423
"Ogfod2","yellow",0.785939926290964
"Ankrd37","red",0.857647776532164
"Colec12","black",0.808153734755256
"Eral1","brown",0.853764283224447
"Etl4","greenyellow",0.802137814422958
"Nebl","blue",0.866580027575825
"Ttc27","yellow",0.851715332040657
"Fastkd5","brown",0.897165095315473
"Baiap2","black",0.601518435346774
"Gm21926","turquoise",0.575018209398787
"Pard6a","yellow",0.816549013942704
"Bhlhe40","yellow",0.657935594072567
"Fbxo5","brown",0.876180980132208
"Icos","green",0.919008108801247
"Rabl2","green",0.805539473130815
"Swsap1","turquoise",0.634173915916581
"Camkk1","greenyellow",0.833576143667284
"Ermardl1","yellow",0.82804660639126
"Slc66a3","brown",0.906151584784415
"Scp2-ps2","turquoise",0.804740177660107
"Cdk2ap1rt","turquoise",0.977170595335407
"Recql5","brown",0.920211851857044
"Batf","black",0.839786644471784
"Rgl3","tan",0.874167880725087
"Gm32591","brown",0.590938707171743
"Deaf1","green",0.900728491066178
"Kif5a","black",0.762386037360632
"Ndufaf5","turquoise",0.714167363892954
"Snx11","yellow",0.92360503884804
"Cip2a","purple",0.858252266954358
"Bmal1","green",0.784133834685921
"Supt3","brown",0.928700901543476
"Rfx1","green",0.855683318820646
"Tpk1","purple",0.889480826483217
"Cry2","green",0.737322212684613
"Rtl6","blue",0.699253099249503
"Rnu2-10","red",0.845574665845458
"Xylt2","yellow",0.794910292568031
"Lmbr1l","yellow",0.495524031858645
"Depdc5","brown",0.85658781492112
"Setdb2","green",0.895328878969043
"Dmtn","blue",0.84640867617558
"Mapk7","black",0.909944779377676
"5830432E09Rik","blue",0.614134544469098
"Wdr4","brown",0.791626605363335
"Zmynd19","yellow",0.855321557212638
"Gm15850","red",0.830112915883957
"L2hgdh","black",0.844254024798677
"Arhgap15","brown",0.808527099101611
"Nat10","brown",0.979403990409945
"Ltbp1","blue",0.647120469990462
"Gcfc2","black",0.83366289417951
"Radx","brown",0.878001551513516
"Gm36161","black",0.759592918022822
"Gm14391","tan",0.902858848618207
"Apba3","yellow",0.811009350779908
"Rundc1","yellow",0.736357057303642
"Elp4","brown",0.741816909604445
"Gm17383","pink",0.769605180912876
"Prickle3","purple",0.870675141799422
"Tm7sf2","green",0.798492318099998
"Pdia5","green",0.813392650804604
"Mcm2","purple",0.660780007892426
"Pcx","blue",0.859404443992512
"Zfp2","brown",0.911951086683676
"P2ry14","blue",0.551705014776462
"Nr2f1","blue",0.423272157864041
"Cd200r4","black",0.654493060873026
"Ube2t","yellow",0.604511935656881
"Cldn11","green",0.474087464187149
"Gm10382","turquoise",0.141629904700853
"Jmjd7","green",0.84697125948185
"Gpx3","purple",0.3371207731961
"Gm4754","purple",0.726230009827368
"Acsbg1","brown",0.898804647935221
"Zfp574","black",0.797266436698469
"Wrap73","green",0.677837800542074
"Selenbp1","brown",0.880384282127999
"Tmem220","red",0.791543498876019
"Ctu1","green",0.698279058638747
"Cby1","yellow",0.744014735391932
"S100a16","green",0.789240648084996
"Galk1","red",0.93009916518016
"Smpdl3b","brown",0.823194006482701
"Lig1","yellow",0.560328119091451
"Irgq","green",0.6191248925188
"Itpr3","green",0.934090984686063
"Ell","yellow",0.686704472578535
"Zfp251","yellow",0.727180109822192
"Zbtb39","yellow",0.870894530653774
"Atg9a","tan",0.719264598620505
"Zscan22","brown",0.876020833199863
"Mocs3","yellow",0.941319472067118
"Ercc4","black",0.873216020588893
"Abcb8","brown",0.747721678607965
"Zfp72","brown",0.970017515906708
"Atm","brown",0.902862966750517
"Zfp949","brown",0.851951130303641
"Tasp1","green",0.874410758184185
"Fut10","brown",0.913033509834301
"Plekhn1","purple",0.776194925351481
"Kcna2","greenyellow",0.62815031036784
"Zbtb5","brown",0.808429038977002
"4933406I18Rik","green",0.813608003982196
"Degs2","black",0.829820115931187
"Gm28874","greenyellow",0.680799869163562
"Zfp449","brown",0.932780190396137
"Gm20604","black",0.813244039806425
"Gpc5","yellow",0.713453002247277
"Esr1","blue",0.746161627859964
"Firrm","pink",0.734652303660373
"Cks1b","green",0.739478182827176
"Gm5464","blue",0.89070915705038
"Aoah","black",0.700838848427347
"Usp50","green",0.765165604415343
"Cers4","green",0.782990898239022
"Gpr137c","green",0.639345330378587
"Hspa2","greenyellow",0.800465562376915
"Chd1l","brown",0.648861914814141
"Fam131a","yellow",0.772859959319452
"Cisd3","brown",0.817932408106994
"Dancr","magenta",0.758645960574826
"Rab26os","red",0.924678847719929
"Alcam","brown",0.946342202941839
"Siglecg","yellow",0.714438916654236
"Farp1","green",0.82813094852935
"Zfp169","green",0.84103082995357
"0610009L18Rik","black",0.896011308286421
"Sh3pxd2b","yellow",0.75097348416632
"Crtc1","yellow",0.88987208906724
"Zfp593","black",0.876239341905199
"Syn3","blue",0.672679591059117
"Tspan5","brown",0.773341668492004
"1110006O24Rik","black",0.751706383164948
"Xlr4a","black",0.909264133066571
"St14","greenyellow",0.688830791335297
"Usp53","black",0.737466598587368
"Coq4","brown",0.792333495335329
"Dars2","brown",0.827463474303487
"Vstm4","yellow",0.827463768119838
"Gm8355","grey",0.2033755824628
"Rab23","yellow",0.752009360175982
"Nlgn3","blue",0.736651082938043
"Pradc1","black",0.912312162501182
"Dhfr","brown",0.884548504829382
"Rdh13","black",0.920485026004943
"Rpl13-ps3","turquoise",0.49186875946555
"Fgr","yellow",0.766486661969331
"Gm14023","blue",0.572390021003407
"Snapc2","brown",0.892218513999375
"Katnb1","yellow",0.823407310147728
"Zfp82","greenyellow",0.84973149871566
"Junos","turquoise",0.60577794824815
"Cdc42bpb","pink",0.606037599233311
"Sdc2","green",0.810805406850336
"2500004C02Rik","brown",0.555181450127262
"Cd38","brown",0.800523234508016
"Gm14586","blue",0.715281576215606
"S100b","brown",0.877470086285364
"Kctd12b","brown",0.931114262096432
"Rhbdf1","yellow",0.770716306977929
"Gm14165","purple",0.694101821779896
"Lamb2","brown",0.963976321825598
"Scfd2","tan",0.824619216262735
"Sirt5","green",0.868196232533204
"Marveld2","brown",0.788336159124458
"Flywch1","black",0.649043217146335
"Rgs12","blue",0.925038666751668
"Ulbp1","yellow",0.784903119621927
"Gm4285","yellow",0.892787368206868
"Gm6863","turquoise",0.96993568460186
"Gm5817","purple",0.8261248304448
"Pold2","magenta",0.804853118548332
"Nxpe3","black",0.710294407315859
"Adgrf5","black",0.711285469409991
"Rpp40","brown",0.912511924309043
"Usp49","green",0.7929593706566
"Anxa11","turquoise",0.402436263842637
"Zan","blue",0.748035865871576
"Slc37a3","brown",0.721233014788294
"Dgkq","purple",0.894221058807774
"Zfp354c","green",0.783568256397149
"Ubxn2a","brown",0.906048051737874
"Chic1","blue",0.839682135925594
"Gm9776","brown",0.826753744127041
"Prkag2","blue",0.876505532615231
"Mafk","brown",0.920082718645599
"Trim32","brown",0.929206429083234
"Zfp189","brown",0.774715730093453
"Pi4kb","turquoise",0.330702055977776
"0610039K10Rik","yellow",0.629818612520329
"Itga5","green",0.821345254278848
"Zfp524","green",0.749498215391075
"Cptp","yellow",0.714268034562621
"Mob3b","green",0.72619106004315
"Gm5845","purple",0.84766423087888
"Hpn","yellow",0.839329818594257
"Ogg1","red",0.793407194164762
"Wdtc1","greenyellow",0.840651649667698
"Wdr24","brown",0.576454897262733
"Gpr37","yellow",0.731819095170732
"Scd1","green",0.788672230328527
"Zfp324","yellow",0.92386526249528
"Fam174c","brown",0.737372291547454
"Gm5905","black",0.791266834741801
"Nol6","brown",0.886587341176512
"Clec12a","purple",0.645489099632384
"Ccdc137","brown",0.868863627701979
"Pak4","brown",0.641111723190707
"Mipol1","black",0.786955972081115
"Nsl1","brown",0.970143323087183
"1700025G04Rik","brown",0.804103249015514
"Zc2hc1a","black",0.799483617542964
"Fgd6","black",0.828639561854381
"Zbtb9","brown",0.758013475484263
"Fam20c","brown",0.762159586293094
"Cd300lf","black",0.752031846590202
"Gm7691","greenyellow",0.805074478266377
"Cd46","blue",0.63677642838979
"Atrnl1","red",0.690867034332948
"Bahcc1","green",0.871033228092625
"Pkd2l2","black",0.821257435049421
"Gm15710","magenta",0.660804267289294
"Hic2","brown",0.879345472394867
"Unc79","brown",0.814365683101345
"Dapk3","yellow",0.827671452897778
"5031434O11Rik","green",0.573610261088112
"Pnp2","green",0.732153310904291
"H2ax","yellow",0.701874407684545
"Prkar1b","black",0.928961639462656
"Tmem143","blue",0.459021747496994
"Tnfsfm13","blue",0.245672923811949
"Alpk1","black",0.901403318591466
"Rpsa-ps9","yellow",0.691645403792341
"Lrrn1","turquoise",0.33188319781785
"Pcdh17","blue",0.751830578093178
"Gm11696","brown",0.877521045924913
"Ccl25","green",0.831275824050014
"Rasl2-9","brown",0.751547101544039
"Cfb","yellow",0.6638038589988
"Tfrc","brown",0.782494031371353
"Rad52","brown",0.939129710032834
"Gm8451","turquoise",0.803207628721335
"Hdac10","green",0.828731277696281
"Mdk","brown",0.827534203348381
"Prrx1","blue",0.736164604173466
"Bbs10","yellow",0.658180135715267
"Asb10","yellow",0.927022971521037
"Plxnb1","yellow",0.478815539035848
"Zscan18","green",0.580564834641756
"Fadd","brown",0.595999926820651
"Gemin5","green",0.726460712107449
"Mlh3","green",0.813652756131774
"Pard3b","brown",0.830288193280505
"Cfhr2","turquoise",0.375930197424437
"Slc20a2","brown",0.897514732513242
"Slc25a35","brown",0.843276046928382
"Sac3d1","brown",0.844120967300431
"Insyn2a","black",0.826408130721956
"Enox2","brown",0.84975415045349
"Afmid","blue",0.758288574233284
"Aars2","red",0.823762881768556
"Zfp708","brown",0.450184136828218
"Gbp6","blue",0.633703729776909
"Mms22l","green",0.664003283161457
"Capns2","brown",0.768444284325487
"Nek3","black",0.652555853682956
"Iqck","green",0.957862476899144
"Kank3","brown",0.682353907031406
"AW011738","black",0.867225409911265
"Rpgr","yellow",0.826866121333301
"Zfp213","magenta",0.747453425444933
"Serpini1","blue",0.559065677165014
"Gm10269","yellow",0.788689709316121
"Spryd3","black",0.493011514358356
"Ears2","green",0.963233292036723
"Gm12778","turquoise",0.951300450880874
"Ecrg4","green",0.422627863294347
"Phyhipl","tan",0.812427677918362
"Tmem229a","brown",0.921816536390167
"Pmf1","brown",0.931888496902172
"Zbtb47","blue",0.896455682284972
"Gm6145","black",0.854520002512744
"Mcc","greenyellow",0.818975582034764
"Slc1a5","tan",0.706916250584232
"Alms1","yellow",0.565016618397572
"B3galt2","blue",0.795247309658209
"Dnhd1","green",0.404162171594175
"Ap4e1","black",0.899501076800842
"Prorp","brown",0.869786459262955
"Gm4799","turquoise",0.44235633383242
"Rhbdd3","yellow",0.931477915027467
"Trim37","brown",0.578334097809705
"L3mbtl2","brown",0.734691244101867
"Trpv4","yellow",0.656281330194068
"Mylk","tan",0.453467168882566
"Rgs14","brown",0.352437584146739
"Haao","yellow",0.935048100901614
"Bicd1","blue",0.735565254077561
"Map1a","black",0.747797946097268
"9330159M07Rik","black",0.885936969612199
"St8sia1","yellow",0.774731362375258
"Slx4","black",0.820785211178037
"Emp2","blue",0.705387927208624
"Tbx6","pink",0.489959588685478
"Fbxo46","brown",0.851398046495205
"Nt5dc3","magenta",0.52066036727367
"Rcan2","brown",0.37651945438675
"Abat","green",0.845461046769352
"Gsn","green",0.818964347357744
"Gm2245","yellow",0.773382098460134
"Gdpgp1","green",0.92379219290538
"Kdr","blue",0.681713391104808
"Rarres2","brown",0.773523027961808
"Gm2606","green",0.618579346745452
"Sppl2b","green",0.933171233253103
"Nphp3","green",0.886807015580328
"Tns4","tan",0.910855038196772
"Tbrg4","black",0.90747748859614
"Cd101","black",0.876419356570201
"Tmem231","red",0.693323008505772
"Dcun1d3","brown",0.856671620697998
"Zfp335","turquoise",0.463434526161105
"Wdr38","black",0.473003193394914
"Gm10291","purple",0.8280735632086
"Slc37a1","green",0.471493501642035
"Shq1","brown",0.967503847250135
"Hectd2os","purple",0.909138623976649
"Slc5a12","blue",0.819147608286378
"Slc16a13","brown",0.910289679925283
"Tmem86b","yellow",0.90246781596548
"Omg","brown",0.867543872117221
"Lzts2","brown",0.700510530134164
"Lhx2","black",0.92780887136208
"Cxcl12","green",0.62810047630447
"Ficd","brown",0.750505127264333
"Slc1a4","yellow",0.60383114535676
"Slc25a42","pink",0.851358890616922
"Bcr","brown",0.7957360656772
"Elavl3","blue",0.790569152906941
"Zfp707","greenyellow",0.646730600465
"Socs2","green",0.710208148883459
"Mcph1","brown",0.952541848299453
"Capn10","brown",0.830814662274325
"Rpl7-ps8","turquoise",0.833959547697108
"Gm4294","blue",0.828362329294997
"Ppp1r16b","black",0.64242472021547
"St3gal3","yellow",0.577079921880684
"Tuba4a","brown",0.828527327245124
"Tmem69","black",0.746124678441391
"Gpr165","brown",0.902907767677842
"B3gat2","blue",0.534916949530229
"Psd2","green",0.874833766542628
"Lrrc28","brown",0.912888642967793
"Slc25a13","black",0.821596764557355
"Scly","green",0.926232635712194
"Rpap1","brown",0.89416232631296
"Zswim3","green",0.864089706555052
"Mmachc","magenta",0.67074627041014
"Aplf","brown",0.882774587965202
"Optn","brown",0.709399791840421
"Zfp605","black",0.691158001620892
"Rccd1","blue",0.78572115504155
"Entpd5","green",0.581810288026577
"Tesk2","yellow",0.892419121897867
"Rabl3","yellow",0.555344600637068
"Fabp3","brown",0.50368669226126
"Cdr1os","brown",0.626110088319703
"Gm29642","brown",0.864735370363888
"Alg12","yellow",0.915225087568814
"Arxes2","brown",0.901850206386002
"Slamf1","brown",0.666236168230331
"Elmod3","brown",0.920826072628084
"Gm9083","turquoise",0.580150571615623
"Gm33251","brown",0.814120898427534
"Fbxl22","purple",0.865469939393557
"Rpl36a-ps1","pink",0.633181210442099
"Tmem17","green",0.884338073918745
"Mvd","blue",0.843698260392158
"Mblac1","red",0.628811672137994
"Or8b53","brown",0.900821428482149
"H2-T24","yellow",0.671798059643066
"Ptger3","blue",0.708289941559039
"Rab4a","green",0.824379493213299
"Slc35e4","turquoise",0.186750209238832
"Kalrn","greenyellow",0.797478622993024
"Trip13","turquoise",0.323713712752526
"Zfp821","yellow",0.777434491754154
"Cep89","yellow",0.868526365433292
"Auts2","blue",0.906137333580723
"Rpusd2","brown",0.546487009785572
"Vars2","yellow",0.766958496895609
"C130050O18Rik","green",0.915195006487896
"Nfkbil1","magenta",0.780143758521228
"Glns-ps1","green",0.7617162295964
"Kcnj16","green",0.819015055331231
"Gm26520","black",0.600434152306928
"L3hypdh","blue",0.631438502665944
"Cfap126","black",0.590166610447763
"Dixdc1","yellow",0.838226690075326
"Atad3aos","green",0.905955290886043
"Hbegf","brown",0.846382156074831
"Meg3","brown",0.774706603804359
"Tarbp1","purple",0.883218132893435
"Chst10","green",0.717361926827174
"Hdac8","green",0.84300893383541
"Lins1","brown",0.926088984398809
"Ppif","brown",0.897313986879287
"Kif20b","greenyellow",0.589101194560819
"Arhgef4","brown",0.776512073214772
"Stn1","black",0.794874673722989
"Gm8141","pink",0.852931471883094
"Hsd11b1","brown",0.813484097706236
"Caprin2","blue",0.633731460123035
"Mast2","brown",0.784196579744494
"Msl3l2","brown",0.881493654960155
"Ttc38","brown",0.910432376801516
"Nexn","brown",0.701412627830119
"Prune1","green",0.770599725165203
"Zc3h12b","brown",0.875775771296262
"Ebf1","blue",0.555257330140495
"Cachd1","green",0.693357168240122
"Top3a","brown",0.889118175396473
"9930111J21Rik1","brown",0.945690696350411
"F8a","green",0.783213009487866
"Dis3l","brown",0.875575680431398
"Zfp287","blue",0.627192339593165
"A930006K02Rik","yellow",0.926296246787634
"Gmds","brown",0.869733770847334
"Dand5","green",0.734105147286628
"Ttc9","brown",0.89694642211415
"Lgi1","blue",0.737456238901259
"Casz1","yellow",0.68350271490661
"Cfap96","brown",0.930963480752694
"Nr1d1","yellow",0.742434118293273
"Rnf26","green",0.915852722074206
"Metrnl","red",0.590170421017673
"Zc3h3","black",0.690904714367619
"Xk","green",0.843858145338795
"Mecr","green",0.860943793533614
"Rbm41","brown",0.867573027796016
"AI480526","black",0.876575768048573
"Stk35","brown",0.936955090907024
"Astn1","brown",0.672079899147514
"Zfp11","brown",0.838034546053926
"Cacnb4","blue",0.745105647362123
"Nlgn1","blue",0.761391758144119
"Gm13135","blue",0.704681834403251
"Phkg1","blue",0.688345925403711
"Wscd1","brown",0.949159810163999
"Or5v1b","brown",0.885490413810954
"Sema4a","black",0.948849800600759
"Vmn2r29","yellow",0.606771831731457
"Gm5113","brown",0.724768782432503
"Spag1","green",0.726580435919612
"Scarf2","black",0.830629125091041
"Lsm11","brown",0.927230587084223
"Spock2","blue",0.544992360353433
"Gm11225","pink",0.706739428247903
"Ugt1a6a","brown",0.696919367616223
"Gm12992","yellow",0.862504838322062
"Or8b40","greenyellow",0.857358974663372
"Agt","yellow",0.661335963161109
"Ccdc17","yellow",0.666687986997935
"Iqgap2","purple",0.768116585637057
"Rorb","brown",0.722581609233892
"Spef2","turquoise",0.748927030408622
"Hdac6","brown",0.872856021426776
"Ahnak","blue",0.737657611896773
"Sh3bgr","yellow",0.798034006253103
"H2bc21","black",0.880890700666831
"Ly6c1","brown",0.396909467859024
"Jph3","blue",0.698281540833801
"Gins3","blue",0.722198121671643
"Rnd2","red",0.741919615958334
"Gm7027","grey",0.76725792967286
"Nox1","red",0.771438452684666
"Ttll1","green",0.675205922330397
"Atp2b2","brown",0.879542338664255
"Klhl26","yellow",0.354331410680589
"Lrrc61","greenyellow",0.78421182942014
"Gm6740","purple",0.859933480364074
"Arl4d","green",0.547673874009637
"Noxo1","brown",0.651017680265311
"Cactin","brown",0.743510959870844
"Gm26787","purple",0.697966169311067
"Fabp7","brown",0.776082926000294
"Slc14a1","yellow",0.862802925628947
"Grk5","black",0.744364748095293
"Coq8a","black",0.913612178770503
"Dtnb","blue",0.624730404942233
"Kcnh7","blue",0.836797029602699
"Prdm16","blue",0.686608522512107
"Mpnd","green",0.541048811247144
"Rexo5","black",0.817582997662957
"Afg2b","brown",0.798915461011015
"Clmn","brown",0.8742734555737
"Arhgap26","brown",0.929856588250983
"Gm35315","yellow",0.819597240880075
"AB124611","brown",0.740605093205366
"Hip1","yellow",0.421208963080912
"Zfp882","black",0.878541490972658
"Traip","blue",0.605029783612003
"Pdf","brown",0.834241869915657
"Bmp1","brown",0.88308706185541
"Timmdc1","red",0.690529054835512
"Gm3375","red",0.775416951603234
"Zfp652os","black",0.782349227302461
"9630028I04Rik","green",0.722377743711312
"Bcar3","blue",0.627722312833486
"Gm6023","turquoise",0.862376090463085
"Cd300ld","yellow",0.721817287724137
"C230037L18Rik","magenta",0.735110406161177
"Spata24","brown",0.507727631802808
"Gtf2ird1","brown",0.642084414286412
"1500004A13Rik","brown",0.8225991484623
"Aldh1l2","brown",0.931452473266123
"Suv39h2","black",0.786139055831245
"Shpk","yellow",0.761981110441415
"Sorbs2","blue",0.789540996858605
"Gm12466","yellow",0.775930302064142
"Notch3","yellow",0.766610123966651
"Zfp248","yellow",0.742496022024017
"Dbx2","brown",0.846172628901556
"Mon1a","green",0.765534727634728
"Cntrob","green",0.675538405258588
"Thtpa","brown",0.321211388644326
"Cep72","yellow",0.64136237107913
"Tctn2","purple",0.866492168622652
"Gm8618","pink",0.947591574937577
"Gm22513","yellow",0.532371703607387
"Sacs","green",0.560905863238815
"Urb1","brown",0.877510887406095
"Card9","black",0.84961410628098
"Gm15766","blue",0.874043652921245
"Notch4","black",0.646839252892899
"Ddah1","brown",0.979424958281708
"Spindoc","greenyellow",0.893371892592073
"Lysmd1","brown",0.772488978868828
"Unc45a","brown",0.776446371877903
"Zfp438","black",0.927638155695392
"Stbd1","black",0.879910558871821
"Anln","brown",0.810196594942148
"Rps23-ps2","pink",0.954775476433872
"Zfp408","brown",0.942887939874966
"Naprt","yellow",0.37347739433625
"Gm7868","red",0.791026419133917
"Pam16l","turquoise",0.737823339406043
"Fam216a","red",0.506247761682464
"Polrmt","black",0.735492622010389
"Mapt","tan",0.649248711393885
"Ccdc80","brown",0.546600228894226
"Gm7290","pink",0.932650082122002
"Neil1","brown",0.756575146570672
"Trim68","brown",0.687480137814298
"Poc1a","magenta",0.763528733231352
"Gldc","blue",0.62553011489536
"Ano7","green",0.790390686249458
"Rmi2","red",0.827494063975566
"Tmem154","blue",0.616145559675389
"Acss2","brown",0.888872392839728
"Epb41l5","blue",0.689096950593188
"Etfbkmt","yellow",0.79916420359318
"Tsacc","green",0.715554105462741
"Pus7l","greenyellow",0.79058794922626
"Pdk2","brown",0.708914357907582
"Kifc2","turquoise",0.560983468971626
"Ccdc38","turquoise",0.177497590408981
"H4c9","red",0.779577971229866
"Tfb1m","brown",0.871833448121078
"Myadml2","brown",0.874534433159093
"Rpsa-ps1","turquoise",0.857217123723349
"Cpeb3","brown",0.944383185468728
"Zfp39","brown",0.843067762743955
"Jag1","blue",0.389943073660112
"Hepacam","brown",0.836062929036816
"Elp6","brown",0.728216265433889
"Fez1","green",0.820334718702865
"Ppp2r5b","green",0.729953898253418
"D5Ertd605e","brown",0.880609223567196
"Mir124-2hg","blue",0.7078386673969
"Map3k15","purple",0.765514176387441
"Slc26a11","blue",0.761227841815216
"Det1","brown",0.969338722102828
"Slc5a6","green",0.847233040805718
"Gm32856","brown",0.950247298134192
"Syne2","blue",0.719108643655013
"4933407K13Rik","brown",0.897040371562232
"Myl9","black",0.430637979529206
"Pex10","green",0.745606642969495
"Bcorl1","brown",0.83119725997185
"Bbln","brown",0.897846945936226
"Btbd17","blue",0.135616842456423
"Capn2","black",0.727713502177865
"Wwc1","brown",0.625354215559602
"Sesn2","green",0.646215328947185
"Setd4","blue",0.573739358335388
"Ldlr","blue",0.597390752994624
"Thnsl2","turquoise",0.742233646036992
"Bcl3","yellow",0.718767185447427
"Ppp2r5d","brown",0.666171178444061
"Snord3b4","yellow",0.701571611652714
"Rny3","turquoise",0.75930434559886
"Zfp27","green",0.838404292342373
"Rpsa-ps5","magenta",0.881172805061406
"Gm12726","yellow",0.67893461153626
"Adcyap1r1","brown",0.810185777410991
"2410022M11Rik","green",0.769856965591817
"Rgcc","brown",0.765471084061282
"Zfp395","red",0.57805074042106
"Thra","tan",0.769940251216096
"Gm32256","turquoise",0.839365032258631
"Map3k10","yellow",0.755422941647998
"Hgh1","brown",0.863914263316008
"4930523C07Rik","brown",0.715194304228358
"Fat1","greenyellow",0.677581967765255
"Tnfrsf23","brown",0.871048756961523
"Ocln","brown",0.832899433938569
"2010001A14Rik","black",0.677889900351256
"Trmt44","yellow",0.747687419926832
"Gm26760","black",0.858056534294951
"Ptprf","green",0.748602473906433
"Adam8","blue",0.574125956118687
"Cemip2","brown",0.823968765095894
"H3c14","turquoise",0.493270219411785
"Wdr97","black",0.789243559782569
"Alkbh4","brown",0.820259524933147
"Ccdc61","green",0.695322669100956
"Neurl2","green",0.656424287075506
"Agbl5","grey",0.117417833962777
"Hmgb3","brown",0.85537139632211
"Clec1b","greenyellow",0.872485643759569
"Gpd1","green",0.895662392451775
"Spc25","blue",0.601640067881807
"Pold1","yellow",0.782804270009003
"Gstk1","brown",0.718273603233929
"Dctd","green",0.816917535001879
"Ncdn","brown",0.909118013884042
"Fndc4","black",0.937875520151372
"Ubiad1","brown",0.922001181242107
"Ccl24","brown",0.85192466001442
"Foxm1","yellow",0.503154091838232
"Nphs1","yellow",0.886854046203262
"Cerox1","black",0.910086494344637
"Dhtkd1","brown",0.936224859839957
"H4c4","black",0.612007443484671
"Gm3558","purple",0.588766896345321
"Plcd4","green",0.694864852222924
"Zdhhc18","brown",0.950637206424071
"Pnck","magenta",0.762530208176283
"Odad4","yellow",0.655319897768527
"Gadd45a","blue",0.409974047584537
"Zfp568","brown",0.892528380456453
"Igsf9","greenyellow",0.904253166272736
"Phf11a","black",0.717686470276088
"Abhd14b","red",0.755012068708732
"D630045J12Rik","blue",0.777279039582227
"Capn15","brown",0.889276957087503
"Tead1","blue",0.523897452423256
"Panx1","brown",0.779533818431305
"Gm41806","brown",0.896490782445575
"Prdm11","brown",0.76567544248257
"Rcc1l","turquoise",0.227461592947736
"Slc38a3","brown",0.75465823793401
"Noc4l","brown",0.78332425700103
"Gm36750","blue",0.704795915151171
"Gm21284","green",0.89709677601873
"Purg","brown",0.760087486634529
"Atp13a4","brown",0.909018133928751
"2900026A02Rik","yellow",0.675240915611704
"Kcnk12","blue",0.759740063419663
"Hspbp1","green",0.877897506965896
"Nim1k","brown",0.921757606128835
"Zfp772","green",0.799379523035625
"Wrap53","yellow",0.685562119103929
"4732491K20Rik","yellow",0.698301629853867
"Tmem62","brown",0.857388019344544
"Fam89a","green",0.924546892187743
"Tmem91","blue",0.767321237897411
"Zfp628","green",0.721271682508997
"Nadsyn1","yellow",0.658047823934698
"Spc24","blue",0.462187228368702
"Pop1","yellow",0.878955517511112
"Vangl1","brown",0.935865603080427
"Gnb1l","yellow",0.507093872055559
"A630089N07Rik","tan",0.67462063922763
"Rrp9","black",0.626360353647496
"Ajuba","black",0.808650477108776
"Dclk2","yellow",0.784875952102068
"Gm53455","green",0.790128472191584
"Kctd10","blue",0.597546085151267
"Cd244a","black",0.767045005769405
"Peg10","green",0.708841964520633
"Ptprb","blue",0.404307310890928
"Phldb1","brown",0.816448842457981
"Cyp4f18","yellow",0.708710473263114
"Ddx23","blue",0.716355275474854
"Mapkbp1","brown",0.973246949551549
"Fstl1","brown",0.780743600398926
"4933424M12Rik","brown",0.803717108052096
"Ankrd13d","green",0.76327220410457
"F13a1","black",0.75454842225535
"Kif18a","blue",0.842301295905119
"P2rx1","brown",0.853909118885382
"Ccdc166","green",0.731034436390654
"Tmod2","brown",0.906996891931894
"Gucy1a1","greenyellow",0.809852647750036
"Sgms1os1","brown",0.861946750707898
"Acot7","brown",0.881156407000131
"Plxnc1","brown",0.793491411184566
"Myof","greenyellow",0.791931520698458
"Mis18bp1","yellow",0.732891986360534
"Gm9856","brown",0.890728606366026
"Gdpd5","purple",0.566788153708735
"2810049E08Rik","brown",0.829728069268388
"Plk2","green",0.566620351630137
"Sqle","brown",0.690101683382039
"Qsox2","blue",0.489867992878225
"Cracdl","black",0.893805271865718
"Fosb","yellow",0.776238022691878
"2610306M01Rik","brown",0.891764517718811
"Tlcd2","brown",0.90100042301651
"Dedd2","green",0.813897282053048
"1700109H08Rik","yellow",0.871920011069018
"Gm7392","turquoise",0.855018585402108
"Fancm","black",0.798817009954318
"Pigl","blue",0.520915926541798
"Agpat4","black",0.709552307890365
"Thrb","green",0.770429806082419
"R3hcc1","green",0.707930547702217
"Itga4","brown",0.774225990353126
"Abhd14a","brown",0.713863834757831
"Bcl2l2","green",0.778618271116255
"H2-T10","purple",0.880744991441275
"Gm8894","red",0.867598689037558
"Tanc1","blue",0.56776283406925
"Igfbp7","brown",0.289923366966901
"Col9a3","turquoise",0.352730173781276
"Zswim4","greenyellow",0.714092630986709
"Efnb2","brown",0.663460534737125
"Tmem14a","blue",0.804294672605205
"Zfpm1","magenta",0.816387158223056
"Hsd17b7","green",0.774237493268247
"Rps3a2","turquoise",0.966434919177662
"Ociad2","red",0.81522572331943
"Spink10","green",0.858941576353646
"1700086O06Rik","yellow",0.743876664927429
"Snord3b3","green",0.585595482898446
"3110045C21Rik","greenyellow",0.84478324050094
"Gm6285","red",0.834425918192553
"Sez6","blue",0.457285901689391
"Srcap","blue",0.583619381080244
"Camkmt","brown",0.952813065415504
"Suox","green",0.743026842707047
"Rangrf","black",0.314206546963405
"Nlrc5","brown",0.749316757931752
"E2f6","brown",0.84876840284163
"Rad54l","red",0.569561573631701
"Suv39h1","brown",0.907115001178553
"Spdya","purple",0.700480446449953
"Acad12","blue",0.674356358383779
"Dnai4","green",0.74787377268546
"1810013D15Rik","blue",0.851933664115024
"Armc9","black",0.757677233465097
"Kif9","red",0.785372586636226
"Dennd6b","brown",0.888985461081892
"Phxr4","brown",0.777417895988368
"Pi4k2b","black",0.734168833535745
"8030442B05Rik","brown",0.800948811473011
"Maoa","green",0.811910315034183
"Mocs1","brown",0.911346548758579
"Pde4d","green",0.76446759493154
"2310058D17Rik","brown",0.885583068396816
"Mmp15","green",0.856952820525373
"Exosc6","pink",0.559446175891697
"Zfp607b","green",0.879551388226996
"Gm41071","black",0.698505934735106
"1500002C15Rik","red",0.627305914924903
"Wdr31","blue",0.756440889817845
"Tigar","brown",0.836940289102979
"Gm20544","brown",0.748020543556718
"Gm5422","green",0.7604241758253
"Ctnna3","purple",0.722648204798277
"Sox2","brown",0.823028977713099
"Zfyve28","tan",0.857923420384623
"Lncpint","green",0.826817599618273
"Ranbp3l","greenyellow",0.743900396228705
"Car14","green",0.753053682402186
"Rpl28-ps1","turquoise",0.903424356483251
"Kcnma1","brown",0.733983851798817
"Cdc7","magenta",0.444015881187805
"Hip1r","greenyellow",0.571517589913278
"Gm14326","brown",0.874397051524243
"Enho","brown",0.750096732906188
"Steap2","blue",0.812106004040969
"Cldn34c1","brown",0.791063793234817
"Shcbp1","yellow",0.878758199640442
"Slc36a2","brown",0.916516787711056
"Anks6","brown",0.943592357245052
"Zfp346","brown",0.929034700183849
"Lockd","brown",0.620578203843275
"Calml4","greenyellow",0.775916158198515
"E130317F20Rik","green",0.795178256279797
"Ccr3","green",0.729425691353003
"Adgrb3","blue",0.784229657460973
"C530005A16Rik","blue",0.530841347177428
"Zhx2","blue",0.614254908084931
"Nudt8","brown",0.81360311979562
"Tars3","blue",0.762157079951719
"Ccnb2","yellow",0.839065845534622
"Tk1","black",0.888934214405693
"Slc22a21","blue",0.494007435142317
"Ccdc141","brown",0.896856305781104
"Tnks1bp1","black",0.699920335679106
"Cenpf","brown",0.729515770525433
"Thsd1","green",0.726264408552136
"Phlda3","purple",0.861246147363584
"Prcc","green",0.769304334705024
"Gm31728","magenta",0.580171628417016
"A630072M18Rik","brown",0.865989012069287
"Ccdc121rt3","black",0.964897261807339
"Gm16023","brown",0.972054047326863
"Cspg4","brown",0.65193828557784
"Adtrp","yellow",0.479268588231595
"A930033H14Rik","green",0.80021515426067
"Gm18913","grey",0.11809811754038
"Slc25a10","brown",0.793499490350438
"Nudt12","greenyellow",0.66972441041546
"Hoxb4","green",0.779294244878821
"H2-K2","brown",0.779658637713141
"Rps13-ps2","purple",0.827800843339646
"Msrb1","yellow",0.641665022488491
"Snhg4","brown",0.920746671692744
"Mettl22","brown",0.899629079109227
"Sergef","purple",0.701872072225921
"Myorg","brown",0.785441588008676
"Tmem120b","black",0.84279760964128
"Slc2a3","green",0.635921596835041
"Gm10051","red",0.901117584078242
"Kctd9","black",0.814615042935682
"Rps11-ps1","magenta",0.756590387849377
"F730043M19Rik","brown",0.892013128021829
"Rnu12","turquoise",0.808485681733046
"Sat2","brown",0.854197836047689
"Zfp128","brown",0.834249246239408
"Ermn","brown",0.774022629890848
"Mrm3","brown",0.91195282824295
"Magi2","blue",0.535424718747791
"Tgfb2","green",0.679588822693508
"Spon1","blue",0.659880728595002
"Fhl3","red",0.734829313500091
"Bcas1","brown",0.720463810780849
"Vipr1","brown",0.897446601037549
"Ano8","black",0.843698616215173
"Spint2","greenyellow",0.808253473543667
"Ifi206","brown",0.656063080436335
"Rps15a-ps7","pink",0.711294231349839
"D130020L05Rik","brown",0.92424146846471
"Ankrd29","brown",0.367014233774521
"Ccdc73","black",0.875654807289984
"Zranb3","yellow",0.797868625975099
"Fbxl12os","green",0.712730024817647
"Gm10343","turquoise",0.845284078728995
"Ndufa12-ps","turquoise",0.926049142862742
"Ttc12","brown",0.905275219474924
"Tmem191","brown",0.771030051519048
"Dner","green",0.683962634028364
"Lgi4","red",0.610744436115634
"Rasgrp2","brown",0.794321797187876
"Gprc5b","green",0.664101545934039
"Ttll12","brown",0.903226303532176
"Gbp4","green",0.550999240067119
"Mlst8","green",0.623126432908863
"Gm38882","green",0.710859302702356
"Tnni3","yellow",0.948452636993612
"C3","brown",0.620442563407908
"Adgrl3","blue",0.785687593975666
"Rps18-ps3","blue",0.834292284114593
"Clec2d","green",0.478747783371501
"Zfp777","brown",0.815389031362113
"Fam220a","brown",0.726711776252174
"Gmeb2","brown",0.955175443942764
"Dync2i2","yellow",0.768916105876589
"Bsn","brown",0.850493279693924
"Tmc8","turquoise",0.610477816358283
"Marveld1","yellow",0.58024299867437
"Rnf113a1","brown",0.39169079478302
"Siglec1","blue",0.575429455380437
"Lss","green",0.739962416249782
"Gm19243","turquoise",0.735966083521665
"Trerf1","greenyellow",0.766736425497708
"Dusp8","greenyellow",0.791362493883528
"Lrig1","brown",0.825162709250079
"Angptl4","purple",0.863986320671267
"Rpl17-ps10","yellow",0.537577839732005
"Pafah2","pink",0.420436701093135
"5830454E08Rik","green",0.674969679570251
"Tmem107","green",0.773978447109934
"Rps6ka2","tan",0.840838933737692
"Socs1","brown",0.728439706048666
"Zfp759","green",0.628622926020264
"Lhfpl6","brown",0.741388650025168
"Pla2g6","yellow",0.798730485760175
"Smyd2","turquoise",0.198405022489002
"Porcn","brown",0.856603081044682
"Plekhb1","brown",0.802207892921097
"Gm8292","turquoise",0.874429185779421
"Cdkl5","greenyellow",0.679760969452939
"Gch1","black",0.880306438370603
"Gas1","green",0.713952187628858
"Gss","brown",0.878173674881064
"Cep19","brown",0.819965098993556
"Dnm3","blue",0.767684125354021
"Gm16124","yellow",0.890006989694247
"1700110C19Rik","black",0.838027608972435
"Gm13889","green",0.690611154803792
"Cavin2","brown",0.454572058235563
"Gm11604","pink",0.915660559601648
"Pigw","green",0.757574448897783
"Fgfr2","brown",0.665378110950987
"Nmnat3","greenyellow",0.856223953893711
"Ttll7","blue",0.328973033061611
"Cfap141","turquoise",0.71886666996126
"Tnfrsf12a","brown",0.795276649837365
"Lyzl4","black",0.700428345319912
"Ramp2","brown",0.866493449632512
"Crocc","blue",0.722466714896951
"Ciart","yellow",0.929896210512152
"Tubb4a","brown",0.72163682102538
"Gm5835","red",0.721079683378774
"Gm15708","black",0.850897875655448
"Gm1976","brown",0.887769596526486
"Gm46015","blue",0.827838433167974
"Nrarp","brown",0.768556570157222
"Cyp4f15","blue",0.617708952800092
"Lmbr1","blue",0.561028499358662
"Amotl2","green",0.726088208719091
"Irak3","red",0.586381637111806
"2900005J15Rik","yellow",0.87779602339875
"Abhd8","green",0.742418945217201
"Gnal","blue",0.859470167784818
"Mboat2","brown",0.909734455656989
"Nol10","brown",0.772588543256253
"Cdkn3","brown",0.892922339656988
"Adap1","brown",0.775560985308719
"A430033K04Rik","brown",0.844785690213455
"Megf11","yellow",0.658504140797042
"Gm16470","pink",0.702835584393193
"Or5m11b","black",0.721155732295495
"Slc30a10","blue",0.935942848382761
"Pelo","brown",0.64253676179314
"Fn3krp","yellow",0.849267088197894
"Dph2","brown",0.868945197043617
"Gm4724","grey",0.48598481654669
"Nfil3","yellow",0.752684685216156
"Wfs1","blue",0.364270100023467
"Gm3222","green",0.774568934334961
"Als2cl","yellow",0.817317203349148
"Plxnd1","yellow",0.833770512771059
"Foxo4","yellow",0.791818575047442
"Spns3","brown",0.620568975633016
"Blm","brown",0.910960888413707
"Cdiptos","brown",0.948281975787175
"Mageh1","green",0.786065562482987
"Zfp316","brown",0.916789051564938
"Ifi47","brown",0.896310945969753
"Vopp1","blue",0.505549949317217
"Rdh5","black",0.653735860113917
"Rmdn2","brown",0.7928912353543
"Adamtsl2","blue",0.843044334063443
"Acap3","brown",0.737737365906461
"Castor1","brown",0.78836162114858
"Plekhh3","turquoise",0.758701458280606
"Prc1","brown",0.716252964484201
"Itga1","brown",0.463134890591869
"Racgap1","yellow",0.718550107690394
"Gm5687","purple",0.817222385798704
"Zfp14","green",0.592120000905353
"Ift70b","brown",0.952863226257371
"Rab30","blue",0.802925454117672
"Cecr2","blue",0.84372023861646
"Pgap6","black",0.38550190161608
"Gm11531","pink",0.974558129927726
"Loxl2","blue",0.535082831895489
"Zfp442","brown",0.819329585069088
"Sh3d19","green",0.804097383646464
"Gm14410","brown",0.882680806711307
"Arhgap27os3","brown",0.550473916354684
"Dgke","blue",0.762180788227867
"Asf1b","brown",0.885053239547972
"Cdin1","grey",0.308435506012217
"Ms4a4a","purple",0.891712492355825
"Rpl7a-ps7","magenta",0.746536559380932
"Tent4a","blue",0.796802732643603
"Il2","purple",0.785675836686935
"Slc26a6","brown",0.923177646422558
"Efr3b","blue",0.774235420856567
"Pou3f2","brown",0.818591944354251
"Srl","blue",0.809361233038249
"Cfp","pink",0.579404164844437
"A530072M11Rik","brown",0.436791000358676
"Mturn","yellow",0.819979681002825
"Ndor1","brown",0.812865042525492
"Egfl8","yellow",0.583459862385111
"Tnfsf8","blue",0.677275776895804
"Zbtb46","green",0.856225350110272
"Mtfp1","brown",0.865298250268889
"Mdga2","tan",0.723816437550373
"Prdm5","yellow",0.678363608123383
"Stox2","blue",0.866606466245958
"Gm13680","turquoise",0.629508585456973
"Gm9958","magenta",0.513199978539771
"Hells","brown",0.855208201886106
"Slc22a4","blue",0.668879944205993
"Cyp2j9","brown",0.84300873616702
"Gm2614","yellow",0.476657488151145
"Nthl1","brown",0.758099155661356
"Cd200","black",0.762904391332242
"Zgrf1","brown",0.841166809775556
"Srgap3","green",0.49490764767572
"Egfr","brown",0.687536828696507
"BC065397","green",0.863341848146296
"Kif23","brown",0.440247848793123
"Rbpms2","blue",0.829319811327085
"Tagln","grey",0.24285043140705
"Zfp939","yellow",0.935682567189145
"Rps18-ps4","brown",0.57311812932135
"Atp2a3","blue",0.708620585930458
"Plac9","black",0.662674400158961
"Vldlr","blue",0.346175055118205
"Gm22068","turquoise",0.779063337505141
"Slc9a7","yellow",0.80164734420554
"Stag3","yellow",0.776789052837163
"Entrep3","green",0.898256156617848
"Kifc3","green",0.923857698161476
"Zfp968","blue",0.273548408797871
"Rnf17","yellow",0.686897351177254
"Gm12669","red",0.825878664483828
"Fas","green",0.583625032931625
"1700007L15Rik","brown",0.91702054888013
"Il1rn","brown",0.360470361381315
"Gem","brown",0.453800457567049
"Tsen54","brown",0.577556592198907
"Cyp2j6","brown",0.609965270946409
"Pcdhga12","brown",0.777241575583031
"Wasf3","brown",0.888350863560598
"Gpatch3","brown",0.708378779423467
"Gm13370","yellow",0.847563888205276
"Mapre3","black",0.80782544228944
"Tango6","blue",0.497431122521648
"Schip1","green",0.638002998093655
"Arl6","green",0.707792478184884
"Adam22","brown",0.775553738501951
"Zfp46","brown",0.768963955992348
"Gm11221","red",0.779554157189536
"Spata2l","brown",0.883892786559188
"Spata17","blue",0.560541705630289
"Tmco4","yellow",0.72568082459617
"Mtus2","brown",0.654825521803531
"Ntrk3","blue",0.805737434082595
"Nhsl1","brown",0.918331136870217
"Catip","brown",0.903349364631549
"Brd3os","brown",0.710754688443844
"Kcnn4","green",0.784133214344959
"Myb","brown",0.720516028738843
"Raver1","red",0.675320698390665
"Ramacl","green",0.819057715380357
"Slc49a3","green",0.793180034035759
"Gm6807","turquoise",0.761808448907995
"Ccdc102a","yellow",0.749975787199254
"Snhg11","blue",0.843892971732453
"Lrrc56","brown",0.870795916679281
"Zfp948","yellow",0.727683937762601
"Niban2","brown",0.767645682593965
"Ube2e2","black",0.789881610625906
"Ankrd55","green",0.692165801450286
"Elovl7","greenyellow",0.719507231620739
"Flt3l","greenyellow",0.918555002948887
"Dll1","yellow",0.767541675904229
"Caskin1","brown",0.721424352725331
"Hpse","yellow",0.61582910770352
"Gm4575","black",0.896042650630071
"Cbarp","green",0.792982828746042
"Oxld1","brown",0.82334789100747
"Gm9917","brown",0.817981566051984
"1700120C14Rik","black",0.696816175561672
"Frrs1l","blue",0.77358748877946
"Angel1","black",0.904344448282615
"Wdr27","yellow",0.7083006746549
"Nup210","blue",0.406292633577604
"4833418N02Rik","green",0.829776007246681
"Zfp78","brown",0.878511682227319
"Adhfe1","blue",0.582082296274403
"Ttll5","blue",0.594647175342475
"Atxn7l2","yellow",0.828974738148328
"Myh10","brown",0.779581076423365
"Ajm1","brown",0.941528022429956
"Rnf157","blue",0.746071190887264
"Fchsd1","yellow",0.778673080723131
"Fbxl8","green",0.911996721709116
"Tceal3","turquoise",0.410587174754535
"Frat2","brown",0.867207007756163
"Clip3","brown",0.521029594777746
"Tnfrsf26","yellow",0.759764083117121
"Mmp11","yellow",0.744196253333417
"Dio2","blue",0.925335918204835
"Mgmt","brown",0.868328652328397
"Pwp2","brown",0.440254416992332
"Spata6l","red",0.758752013534986
"Dsn1","brown",0.806024920210355
"Gm12185","green",0.591573210318316
"H4c3","grey",0.553967076977156
"Fanca","purple",0.88549707519227
"Gm11249","yellow",0.741565053596288
"Nlgn2","green",0.721884286733585
"Nepro","brown",0.793311180652902
"Lmtk2","blue",0.856007029540378
"Csrnp1","green",0.732251660280399
"Lncppara","green",0.700654833607288
"9330151L19Rik","brown",0.902875192734006
"Gabra2","brown",0.697385829278291
"Tbc1d25","brown",0.777463324614245
"Sorbs1","blue",0.731081357726953
"Gm3411","blue",0.920079361281888
"Fmn2","brown",0.634192791985967
"Rpl39l","green",0.812145006453684
"Tmem88b","yellow",0.765530939369337
"Rasgrp4","green",0.617162485955142
"Mog","brown",0.700745251620899
"Ropn1l","yellow",0.90363175798866
"Snord3b1","turquoise",0.477498938111092
"Slc6a9","yellow",0.895566934535515
"Duoxa1","green",0.850423965652443
"Srxn1","brown",0.897027731985016
"Ildr1","green",0.900528719264919
"Gm11675","turquoise",0.793531811318745
"Car12","green",0.481681155587319
"Plscr1","brown",0.84719522658726
"Mtss2","black",0.824320723299623
"Col8a1","greenyellow",0.704138503013002
"Rbm45","turquoise",0.220855033959046
"Pfkm","brown",0.808529282049542
"Nhlrc1","tan",0.513652374099526
"Hunk","yellow",0.513540994664209
"Tslp","brown",0.710158388391624
"Rrm2","brown",0.781049702019268
"Abhd1","yellow",0.943520268436558
"Rps27a-ps1","turquoise",0.906615301349291
"Mamld1","blue",0.947238081104461
"Zswim9","blue",0.755840092821784
"Patj","brown",0.67710962402886
"Col1a2","blue",0.754507453600245
"Krtcap3","purple",0.896646458489463
"Casp12","brown",0.894422355067266
"8430429K09Rik","green",0.627409397994612
"Nudt1","brown",0.734023493595822
"Clip2","magenta",0.523897598167003
"Fancb","brown",0.811119776061379
"Sdr39u1","grey",0.35928635325364
"Gm5406","pink",0.941946863213931
"Rbm19","brown",0.910075084518425
"Taf6l","red",0.481152907178064
"Fancf","brown",0.699895215594898
"Aacs","brown",0.709278119706002
"Prkcq","blue",0.735548926575809
"Ly6g6d","black",0.824074322180466
"Usp54","blue",0.759300550011741
"Gmfg-ps","turquoise",0.792259103129748
"Arhgef10","blue",0.67976637205797
"Peg3","blue",0.702127183538935
"Gm1848","green",0.928594706890327
"Gm10045","yellow",0.568789156015925
"Ptger4","brown",0.780918495019653
"Sox11","blue",0.798484173698107
"Gm45351","brown",0.930476446649488
"Zfp446","blue",0.759317386752811
"Sox2ot","brown",0.695896279185475
"Dnajc27","brown",0.950477805439505
"Mfsd9","green",0.846439677195607
"Unc5a","yellow",0.811539786920786
"Gm10240","turquoise",0.30601547755429
"A630066F11Rik","brown",0.818044947712313
"Tbc1d30","blue",0.658868039959474
"Gm12901","yellow",0.824118715006563
"Tfr2","pink",0.82591637829488
"Cenpp","green",0.707792667765473
"Kank2","yellow",0.614487636481119
"Hykk","brown",0.793151228506657
"Pomgnt2","brown",0.852104575454751
"Ddr2","green",0.420894856240712
"Nrn1","green",0.851008923761219
"Rims2","blue",0.442875158069206
"Krt10","blue",0.66001893340242
"Gm21814","brown",0.546990659072161
"Lurap1","greenyellow",0.878173968260159
"Gm28659","grey",0.871369494421332
"Pou5f2","brown",0.630254216422741
"Abcb6","brown",0.804207142761557
"Gm8885","turquoise",0.43637790043521
"Grm3","brown",0.751538985476756
"Gm20900","turquoise",0.58878567021609
"Ptpn22","brown",0.73439678962734
"Plcb4","brown",0.763603935015923
"Zfp1008","brown",0.8015451898661
"Edil3","brown",0.572770503397318
"Pheta1","brown",0.823746693988874
"Ints5","brown",0.898762675471063
"Rpl7a-ps5","pink",0.826768251075449
"Ypel1","brown",0.440986091713276
"Art3","black",0.744815252337623
"Id1","red",0.730984768290828
"Pnpla1","black",0.61098878135505
"Pced1b","green",0.769948175682859
"Adgb","brown",0.706806038700307
"Vasn","green",0.620934964655616
"Pin4-ps","turquoise",0.597245646429811
"Gm6543","red",0.814430568262091
"Zfp667","brown",0.876505134054678
"Rps23rg1","black",0.847081238690276
"Phlda1","yellow",0.840492621090759
"Tstd1","green",0.855319849007958
"Ptprg","blue",0.797598197347981
"Shtn1","green",0.735038683943997
"Gm17823","black",0.803546022795032
"Vmn2r110","greenyellow",0.948224561980275
"Sec22c","brown",0.888596594950966
"Uchl4","yellow",0.482349374030661
"Polr3g","green",0.826102351175922
"Cep128","blue",0.705312712124993
"Haus5","brown",0.6840728940303
"Grin2b","blue",0.909639902012236
"Dnmt3b","blue",0.591739164089703
"Siah1b","brown",0.887222778244335
"A130014A01Rik","yellow",0.915469652689678
"Pgbd1","yellow",0.747076062225509
"Rn7s2","green",0.812232130121745
"Snph","brown",0.724807765128261
"Mutyh","yellow",0.767007006573354
"Cfap45","green",0.776548437825528
"Ankrd52","brown",0.263695418231649
"Crnde","brown",0.773548773616673
"Tmem38a","brown",0.754067344484728
"Ppp1r1b","greenyellow",0.776949026263858
"2210416O15Rik","blue",0.848955000214358
"Diaph3","green",0.69550630299181
"Ehd1","brown",0.858547729860253
"Setbp1","brown",0.767768810221304
"Fdxr","brown",0.649984907721073
"Sardh","brown",0.757433853028754
"Clic6","greenyellow",0.874505504333823
"Zdhhc1","blue",0.645608292419765
"Acot6","red",0.874487039280924
"Espn","yellow",0.852132830295775
"1700008J07Rik","green",0.785578012281165
"Nr2f2","brown",0.531761420066699
"Zswim5","brown",0.786539561871207
"Anks1b","blue",0.755764469105248
"H2bc3","pink",0.834538333031331
"Metrn","blue",0.309311305137796
"Naif1","brown",0.929360210436941
"Bard1","brown",0.914296986214206
"Rbfox1","blue",0.661163850988118
"Neurl1b","tan",0.914975474079558
"Gm8108","turquoise",0.769391763645721
"Ect2","blue",0.616899940087281
"Tpx2","green",0.81964507691064
"Rab11fip3","brown",0.798991194214163
"Usp27x","brown",0.859492411097149
"Lgals4","black",0.773280871768634
"Mapk8ip1","brown",0.897937594154563
"Dennd11","brown",0.926463219876178
"Galnt6","brown",0.672314089144344
"Efcab7","green",0.647182217262379
"Or5m3b","brown",0.798809662354016
"Gpd2","brown",0.945617008971541
"Jmjd4","blue",0.504910071246197
"Zfp518b","brown",0.699425102207757
"Ackr3","brown",0.700945183502277
"Cfhr4","turquoise",0.414735278441999
"Cadm4","green",0.897588466749959
"H2ac8","brown",0.832623016585512
"Serpinh1","yellow",0.436429491730406
"Tnfrsf19","brown",0.464299571670827
"Srf","black",0.76407623532064
"Scrg1","brown",0.695868976540996
"Tagln3","brown",0.725306023546307
"Ndc80","blue",0.547108643902337
"H2bc8","yellow",0.923074664720092
"Npm3","brown",0.741711844520213
"Dhx37","green",0.851478198491776
"Cyb5rl","green",0.581496886795379
"Adgre4","blue",0.803681198675908
"Gm15460","yellow",0.978722086109429
"Gm14418","red",0.724368946285028
"E330032C10Rik","blue",0.807496896102728
"Gm11598","turquoise",0.766046539894572
"Pigo","brown",0.95357136266427
"Gdf11","grey",-0.330403509322645
"Slc39a2","blue",0.435512460333721
"Fjx1","blue",0.427034150344048
"Cyp2d22","blue",0.411110161508285
"Armc6","yellow",0.479010139026219
"Etv4","pink",0.631120406243226
"Sla2","brown",0.659090487700406
"Dnaaf3","pink",0.911242187183477
"Ufsp1","green",0.729215207451966
"Lyz1","grey",0.86410427860135
"Tgfbr3","blue",0.896608460995626
"Mrgpre","brown",0.805788218685641
"Spaca6","brown",0.906348979656772
"Ift43","brown",0.801912876665912
"Zfp334","blue",0.744396683474934
"Ndrg1","blue",0.493756076587491
"Cntd1","turquoise",0.744585637560437
"Clec4a1","brown",0.904109806193385
"Cdh10","blue",0.66034012040847
"Igdcc4","yellow",0.692447901476343
"Fbxw17","brown",0.784773365730999
"Gm12708","green",0.832003493286395
"Gm7600","purple",0.856725316054565
"9130004C02Rik","brown",0.820472319766569
"Aurkb","yellow",0.792250967866077
"Lrrc27","yellow",0.837436866516917
"Itih5","blue",0.463811731139066
"Kif2c","yellow",0.815464365208264
"Fgf1","brown",0.763682938456008
"Pp2d1","purple",0.770233724091574
"4921531C22Rik","brown",0.719115578442729
"Impdh2-ps","turquoise",0.962682149597906
"Bambi","brown",0.804490657843963
"Gm8986","magenta",0.536870852882082
"Helz2","brown",0.613586277126682
"Fam161b","green",0.502430415052398
"Gm15464","turquoise",0.816257808051731
"Thbs2","brown",0.669755249167131
"Zfp146","brown",0.874621324929331
"Rps6kl1","blue",0.475522820427223
"Adamts6","brown",0.887620595030754
"Lmnb2","yellow",0.860417574320717
"Olig1","black",0.792625829265453
"Pitpnm2","blue",0.835219424033342
"Gm4859","pink",0.825676651269243
"Ccdc18","green",0.701170673534036
"Fkbp11","brown",0.963826537232865
"Ccdc8","greenyellow",0.895002365530286
"Gadd45b","yellow",0.308030785980465
"Sars2","green",0.67454396756118
"Igflr1","black",0.648615579807863
"Zfp174","brown",0.910359485348438
"Myo19","brown",0.86807524663575
"Tnf","brown",0.713961510285212
"Meak7","brown",0.814239535505904
"LOC118568041","green",0.74525567515685
"Zc3hav1l","brown",0.72040010889167
"Cytip","brown",0.797299543188553
"Or8b48","blue",0.859987967030325
"Pde8a","green",0.82822048367053
"Gnb4","brown",0.617155217690878
"Larp1b","yellow",0.67520362166423
"Pdcd1","brown",0.670516527543509
"Gm17484","purple",0.662368031206052
"Dgkb","brown",0.672905250090364
"Lox","brown",0.676329005360154
"Hsf2bp","black",0.748895726189418
"Pex26","black",0.730733533718821
"Sox1","blue",0.707622320018048
"4732471J01Rik","green",0.767622755090642
"H3c13","grey",0.839708469725213
"Mllt1","brown",0.941602097140377
"Gm14399","yellow",0.785271314944229
"Kif11","brown",0.684435750660638
"Cavin1","grey",-0.00678339103663489
"2500002B13Rik","brown",0.740703443068282
"Zpbp","black",0.791731989285546
"Nedd9","red",0.756422117346104
"Ankrd23","brown",0.862896045469197
"Eif3s6-ps3","pink",0.966165081522653
"Slc25a18","brown",0.884025389556095
"Bend3","brown",0.917298774578381
"Gm5512","black",0.743239941985311
"4933431E20Rik","blue",0.884918187099963
"Lbp","blue",0.88005332342937
"Jakmip2","blue",0.863014036379083
"Mapk4","blue",0.883049602915711
"Gjc3","brown",0.635361751723415
"Gm11878","turquoise",0.594103249583929
"Numbl","green",0.645656231862795
"Gm14150","brown",0.88679798013197
"Pam","blue",0.78671066127221
"Msantd7","yellow",0.90943677500229
"Sdr42e1","blue",0.45617253894486
"Cplx2","blue",0.613255479245524
"Reps2","tan",0.766508009388743
"Zfp94","brown",0.853981406438086
"Ifi214","brown",0.669349760630257
"Pym1","red",0.841028819216999
"Gm8959","blue",0.445954863138918
"Impa2","brown",0.491710877528695
"Top1mt","black",0.730006824614872
"Fignl1","brown",0.943372364271488
"Ticrr","blue",0.946643394173034
"Stamos","brown",0.879013806417393
"Hapln1","blue",0.581131888887916
"4930515G01Rik","black",0.837171597615408
"Cbr2","black",0.713006698572732
"Gm26316","red",0.778202052206523
"Daam2","brown",0.739859408435902
"Mettl13","brown",0.689125371076865
"Sh3rf1","black",0.717246498491529
"Syngap1","yellow",0.793579800408681
"Gm1604a","brown",0.898721350564337
"Ccdc30","blue",0.960656205146378
"Zcchc3","brown",0.635438804503922
"Helq","brown",0.691055911298036
"Bcl11a","greenyellow",0.575148281508435
"Zfp583","brown",0.682336975079468
"Srcin1","blue",0.782706986394557
"Pex11g","blue",0.325685518565804
"Gpt","yellow",0.829261371590119
"Morn2","brown",0.709748286476921
"Slit2","greenyellow",0.852055169119536
"Creb3l1","brown",0.772778654944706
"Cdca8","brown",0.905226799988003
"Frmd6","brown",0.810133981521228
"Igfbp5","blue",0.703543579704587
"Grik5","black",0.858306892302497
"Gm47112","blue",0.475618045211344
"Pars2","green",0.710356226896885
"Gm8276","brown",0.83755559763959
"1700055D18Rik","green",0.517092169382745
"Cdc5lrt4","blue",0.622652189314011
"Gm13710","brown",0.755226311385464
"Kcnn2","blue",0.589825151407549
"Rbms3","blue",0.584565855261862
"Fam229b","blue",0.658178987987634
"H4c16","tan",0.923649217267261
"Pygm","brown",0.888898949026243
"Smarcd3","brown",0.856084855835307
"Adat2","brown",0.845017726045508
"Gm14608","pink",0.866670216984042
"Rapgef4","brown",0.585624031791542
"Gfap","brown",0.677098454694792
"Ptpdc1","black",0.798974400945447
"Zbtb48","brown",0.692557207380026
"Sned1","blue",0.762765029996919
"LOC118568354","turquoise",0.697566723193927
"4933427D14Rik","green",0.543612215356792
"Sgms2","green",0.569709279789966
"Zfp970","brown",0.897860004205486
"Antxr2","blue",0.334947003722283
"Nsg1","blue",0.492470921887352
"Nrbp2","brown",0.771244403956127
"Adra2a","brown",0.779314820734239
"Tctn3","brown",0.822691667856009
"Snx21","tan",0.764684091108587
"Marchf9","blue",0.819532772534312
"Atp2b4","black",0.801263467887218
"Dtl","blue",0.782358353811512
"Ncapd2","brown",0.766089712067117
"Arhgef26","blue",0.52540167668536
"S100a11","magenta",0.574196064104267
"Epb41l1","blue",0.926142919437711
"Kank1","blue",0.869099438771423
"Gm46142","purple",0.843980944590446
"Kptn","red",0.693392470959938
"Lhfpl4","blue",0.75879115935801
"Disc1","magenta",0.629802455583722
"Taf1c","blue",0.419304701743635
"Tle2","brown",0.222978462066072
"Fzd2","blue",0.622719373209341
"Mical2","blue",0.759837780755758
"Fbxo48","tan",0.823133914165977
"F730311O21Rik","blue",0.814781319439411
"Bst1","brown",0.783399873129865
"Mylpf","red",0.820009681495616
"Gm5121","turquoise",0.762760839523522
"Gng11","brown",0.665650000262496
"St3gal1","blue",0.522144915632785
"Emilin1","yellow",0.640750296232118
"Tsg101-ps","brown",0.673543578155672
"Saxo2","green",0.782176305437877
"Zfp747l1","brown",0.887658567458201
"Rpl17-ps9","yellow",0.492176355672946
"4931414P19Rik","green",0.885453472384516
"Kif5c","brown",0.674812111369199
"Grid2","blue",0.670208642200151
"Ccdc9b","blue",0.603110462138617
"Satb2","yellow",0.647419741611749
"Mrnip","brown",0.853400767155765
"Myt1l","greenyellow",0.840824932629255
"Acat3","blue",0.714031013054709
"Glrb","brown",0.759524145674836
"Gm6192","yellow",0.741054989156198
"Chrna1","blue",0.745019617244353
"Zfp418","brown",0.699499272766071
"Zscan30","blue",0.718391449718695
"Hgf","tan",0.628795535383927
"Gm18959","greenyellow",0.776820384025038
"C130046K22Rik","green",0.830500437484756
"Rgs18","black",0.710934633145753
"Gm28042","yellow",0.678661204118549
"Vmac","brown",0.852704567893682
"Gm16585","turquoise",0.363135009182968
"Zic1","green",0.570083532544655
"Igf2r","blue",0.707737144619428
"Mvk","green",0.688968129452397
"Gm11824","yellow",0.821893284202062
"Ddr1","brown",0.913750791784187
"Kctd1","green",0.550184017882378
"Rgma","blue",0.64148281304421
"Hmga2","brown",0.857154398357179
"Zfp3","brown",0.895971164894748
"Lbhd1","brown",0.949547650534713
"Dnal1","blue",0.868729975133178
"Gm4973","green",0.899284420511491
"Gxylt2","black",0.726912973840427
"Ppp3cc","brown",0.862513926752875
"Fam13c","brown",0.705967683838717
"Smim35","yellow",0.907887124865429
"Aph1b","yellow",0.621444118831542
"Mcam","turquoise",0.43781408444307
"Cyfip2","brown",0.684402876302924
"Ighmbp2","brown",0.701737422656954
"Gm8401","greenyellow",0.906726461301792
"Phf11c","blue",0.481537220850725
"Rasgrf1","blue",0.803580125502521
"Reck","blue",0.727794447893146
"Clmp","blue",0.586159410803354
"BC051226","blue",0.660293255742744
"Ugt8a","brown",0.789478268517704
"Lrrc20","brown",0.856272879503323
"Gm10420","black",0.766908750490052
"Chn1","blue",0.641584287991582
"Bicdl1","green",0.749742675331972
"Knl1","blue",0.410982622587113
"Cap2","brown",0.64803373178635
"Pxmp2","blue",0.560143831933912
"Cxcl9","brown",0.585299708690095
"Scn3a","blue",0.954596264611105
"Ifi44","brown",0.598279981361957
"Fgfrl1","blue",0.749214172620194
"Ckap2","brown",0.648136601750404
"Clcn2","blue",0.611934903553032
"Zfat","brown",0.609279064889753
"Aldh1l1","brown",0.783530645919133
"Neu3","brown",0.677047006235692
"Cox7a1","turquoise",0.635345627067136
"Arnt2","green",0.789805820445001
"Oas1b","green",0.508221147886449
"Nhs","brown",0.789487933289302
"Gpld1","yellow",0.624257939164385
"Hyls1","brown",0.794571541631853
"Gm15880","blue",0.655322454157134
"Vsig10","purple",0.959910416827412
"Acsf2","yellow",0.798214684733911
"Tmem8b","blue",0.64617676152115
"Mlf1","blue",0.853614456693844
"Gm9828","green",0.754105614426874
"Mpp4","yellow",0.777177747164259
"Dusp18","green",0.646289137975826
"1700010I14Rik","brown",0.814523163318826
"1810021B22Rik","brown",0.723572810037284
"Rps6-ps2","turquoise",0.707918805856858
"Gm12655","green",0.771143376065471
"Shisa4","brown",0.640376696798287
"Cdca2","yellow",0.787763031744529
"Zfp764l1","green",0.872838049572636
"Mpzl1","blue",0.587046905009219
"Pcdh9","brown",0.836095766276903
"Crry-ps","black",0.867408263708964
"Col4a4","greenyellow",0.649619595417973
"Sspn","black",0.859428488835039
"Nek5","black",0.654621000963774
"Gm5576","green",0.637073967712842
"Kctd7","blue",0.700065809996979
"Apba2","blue",0.588078639693738
"Zfp1001","brown",0.681862486728182
"Lrrc4b","yellow",0.689369058490653
"Gata3","blue",0.769550209562746
"Ccdc125","brown",0.620071693226805
"Zcchc18","grey",-0.723286375952287
"Cfap119","yellow",0.567521281989808
"2010109A12Rik","blue",0.804258411621638
"Nav1","brown",0.643770044688866
"A930007A09Rik","blue",0.927925981304956
"A530064D06Rik","blue",0.834221848753434
"Rbfaos","blue",0.86115240177785
"Tm4sf1","brown",0.275401543041109
"Slc51a","green",0.89687898662555
"Shank3","yellow",0.765764530392087
"Gm11998","brown",0.914898271062886
"Gm16712","green",0.696267528641006
"Dzip1l","brown",0.61695536134947
"Rab11fip4","blue",0.749849223118081
"Fgf22","blue",0.628435160719126
"Tnfrsf22","brown",0.932915968658259
"Gria1","brown",0.907549211470604
"Atp10a","black",0.808848928361284
"A930037H05Rik","brown",0.682130338665181
"Gm15912","brown",0.846680894560276
"Pidd1","black",0.920513336039746
"Particl","yellow",0.842861431012329
"Cacna1c","blue",0.868932383108823
"Foxg1","brown",0.638514316034854
"Gm17344","brown",0.8280152050617
"Gm2451","purple",0.704275116676223
"Ift56","purple",0.82919627014329
"Kcne2","greenyellow",0.720675314157072
"Aspm","blue",0.686768348148406
"Gm3571","pink",0.95305328292144
"Gtf3c5","brown",0.532483088105979
"Zfp462","green",0.553167110426706
"Rpsa-ps10","grey",0.592872429328092
"Wdr19","brown",0.809066469124561
"4930579G24Rik","red",0.791646617447513
"Pnma2","blue",0.452537308015936
"Gas8","brown",0.810821976771852
"Pole2","black",0.789132170440087
"Gm11653","brown",0.784384475189528
"Col4a3","blue",0.772484236816269
"Cenpk","brown",0.692211135142897
"Vsig10l","blue",0.74362100629596
"Map2k3os","green",0.814120347274934
"Sp140l2","blue",0.672527788424331
"Gm17415","yellow",0.734988111664941
"Prkcz","brown",0.915090574424339
"Plpp7","brown",0.866673341805827
"Col4a5","green",0.665663931566845
"Nat1","brown",0.839787224269827
"Gm32633","brown",0.587531838939072
"Lyrm7","blue",0.679011953225567
"Fam20a","blue",0.560342559326995
"Gna14","brown",0.8373664247272
"Mcm5","brown",0.69544997837864
"Asmt","brown",0.886437070820893
"Gm9347","greenyellow",0.821147497809397
"Anxa2r1","blue",0.799693907641402
"Cttn","green",0.377741296873598
"Ppp1r14a","brown",0.489519500708058
"Zfp791","brown",0.832940079292033
"Fbxl16","yellow",0.878849574636584
"Rrp12","black",0.727551757918195
"Gm7857","turquoise",0.532550488333459
"Xrcc2","brown",0.680275133186204
"Sgtb","black",0.737681317480764
"Pgap4","brown",0.789269684342687
"Evi5l","brown",0.821477052434209
"Pomc","green",0.793172264184591
"Lrrc71","black",0.603031074999434
"Tmprss11a","greenyellow",0.911909206898339
"Nlrc3","brown",0.43366503917935
"Map3k9","blue",0.94903440486047
"Grm8","blue",0.82802215848471
"Timeless","red",0.49496729344322
"Lef1","green",0.523785716277349
"E2f1","brown",0.524632718864401
"Taco1","brown",0.832178021312319
"Gm17039","red",0.632298532557613
"Cdh5","blue",0.692037867982431
"Chrnb2","blue",0.939105211667396
"Galntl6","blue",0.858958557432031
"Pax6","blue",0.806041981069258
"Foxc1","brown",0.62306149791665
"Zfp354b","green",0.682313966647652
"Cenpw","blue",0.414349880016298
"Samd11","pink",0.848671958893336
"Ahcy","brown",0.691247048921596
"Xlr4c","blue",0.70803224230392
"Npff","yellow",0.447365275028354
"Klf16","brown",0.87584962195852
"Adam23","blue",0.73802705262568
"Gm47403","blue",0.365450132087188
"Plcb1","blue",0.628839076164133
"Trim71","blue",0.956757138168766
"Actr3b","brown",0.884792508299085
"Cbs","blue",0.636289612904882
"Thbd","blue",0.659679068258393
"Tuft1","green",0.758843463391607
"Plekhh1","blue",0.627862479114206
"Arpp21","blue",0.727782855900822
"Dnai1","blue",0.781026183587131
"Slc16a2","blue",0.871270550758278
"Mzf1","blue",0.819700678014856
"Gm12643","yellow",0.8383595074573
"Irak1bp1","brown",0.865612263054424
"Thg1l","blue",0.657840902257568
"Cyp2u1","greenyellow",0.722267850451711
"Grk4","blue",0.298693578288886
"Arhgef17","blue",0.721500082368048
"Lrrc9","blue",0.790345763033364
"Rhobtb3","brown",0.883284072354145
"Sox8","yellow",0.752334892356849
"Col25a1","brown",0.710935218987041
"9230114K14Rik","brown",0.693661844460308
"C730014E05Rik","brown",0.756922777249271
"Ppp2r2c","brown",0.6767757109071
"Gm16576","blue",0.553421556481102
"Tspan6","green",0.66594350318928
"Trim16","black",0.849126933037992
"Lrrc17","blue",0.673862154662152
"Tspan15","blue",0.810964846368538
"Ptpn14","blue",0.891893289356356
"Dnase1l2","brown",0.88367257288758
"Slc16a4","grey",-0.210184703426792
"Sh2d6","black",0.871873888245132
"Pard3","blue",0.802461568993617
"Pwwp2b","brown",0.820236830481299
"Amt","brown",0.602376485526214
"Ghr","brown",0.640105544594627
"Gm5112","black",0.717801661574131
"Stard6","yellow",0.752691531664189
"Rnase10","brown",0.561845114959493
"Gsta4","brown",0.773049319304607
"Bcar1","green",0.776513272201095
"Akap17b","blue",0.604662378957035
"Gm14419","brown",0.724992059322892
"Prss36","brown",0.848161543927231
"Ccdc69","black",0.748294570628641
"Gm4796","turquoise",0.712276047382474
"Dab1","blue",0.710083801673535
"Slc2a6","brown",0.519499101012268
"Cpne8","black",0.785491403912431
"Ctif","brown",0.908237571005654
"Bdh1","blue",0.794479759326411
"Rsph9","brown",0.785526337478521
"Runx1t1","blue",0.622904949783445
"Gm6368","green",0.844089339255449
"Gm11715","red",0.839268110740657
"Zfp1009","blue",0.658574827583851
"Chmp4c","yellow",0.778040646150922
"Myrf","blue",0.764619331755044
"Lyplal1","brown",0.801189757011271
"Heg1","blue",0.669868157905249
"Gm10163","turquoise",0.366060445305818
"Gm8185","red",0.688366269030106
"Nupr2","green",0.901450142861885
"Gm7658","purple",0.716988231688876
"Cpne9","blue",0.928210603989361
"Rgs6","blue",0.795921191366192
"Irs1","black",0.816504507482699
"Ryr2","blue",0.968809734875073
"Cenps","brown",0.873577542939126
"Acot1","brown",0.828507544167095
"Efnb3","brown",0.844387601073523
"Rab13","brown",0.930600486641999
"Fam81a","blue",0.780419160447165
"F830016B08Rik","brown",0.632712589109496
"Gm8494","yellow",0.716864015629097
"Elovl6","black",0.779015263301552
"1110020A21Rik","black",0.727873449325254
"Dkk3","brown",0.61793831995145
"Cacna1e","blue",0.857706013679614
"Fbxl15","green",0.831899290038117
"Rpl31-ps21","turquoise",0.758884166385619
"2900052N01Rik","brown",0.680033008998489
"Gm5469","yellow",0.872280206047531
"Treml1","black",0.640554887220692
"A430093F15Rik","blue",0.682579638463184
"0610009E02Rik","brown",0.910500471027909
"Tgtp1","blue",0.730535296767657
"Ckap2l","brown",0.83222084138149
"C2","blue",0.668889145649821
"Cavin3","brown",0.786298641669469
"Spats1","black",0.836950668252617
"Kcnn3","blue",0.861084273161879
"Smarca5-ps","brown",0.79540527692551
"Gm26885","blue",0.798238766042462
"1700020N01Rik","brown",0.844744363640419
"BC037704","brown",0.955499330991421
"Relt","green",0.795460849233519
"Gm22003","turquoise",0.451068632971013
"Cpne7","blue",0.965727574511692
"Tmem81","brown",0.857182468284421
"Mad1l1","brown",0.870924249868813
"Arl10","brown",0.88035000083697
"Cacna2d3","blue",0.74514055754238
"Car7","green",0.709357390851264
"Apln","brown",0.789110707710674
"Lmna","brown",0.548430939445906
"Nbl1","black",0.79048774438286
"Sez6l2","brown",0.926495401055705
"Gm3618","pink",0.607383944882238
"Tiam2","brown",0.780139230908934
"Niban3","blue",0.389786739731441
"Angptl1","green",0.903699663756067
"Cntfr","blue",0.499768627405826
"Adcy2","brown",0.867657312069259
"Nol3","black",0.756299774700223
"Dnaaf2","brown",0.578799348805782
"Fbxw10","brown",0.658898449398805
"Ggact","blue",0.826995996232192
"Tbc1d10c","brown",0.88107026183981
"4930486L24Rik","turquoise",0.33964440571529
"Or10ak16","blue",0.591993259044674
"Tbc1d8b","brown",0.617503832180957
"Zfp341","turquoise",0.292724483790832
"Nes","brown",0.790183044158438
"Pclo","blue",0.786680757563254
"Dnase1l3","brown",0.728960395883243
"B230312C02Rik","pink",0.689110186632261
"Nap1l5","brown",0.891936791211168
"Ecm1","brown",0.464207545724799
"Cacna1s","brown",0.957717563016254
"Atf5","brown",0.720048798048176
"Rpl31-ps14","turquoise",0.581548261916046
"Rftn2","blue",0.736571415631779
"Rad51","blue",0.764852500990745
"Tmem202","brown",0.792616293831768
"Qprt","black",0.960310563002012
"Gm4853","pink",0.762763546393673
"Unc80","blue",0.324817894266913
"Zfp971","tan",0.728733132147665
"Slc7a2","blue",0.735793962018486
"Mpdz","green",0.629434131258371
"Hrh1","brown",0.833382719365384
"Triqk","brown",0.754459274637193
"Grin2c","brown",0.968191199573212
"Trim62","blue",0.590900999383553
"Gm15843","purple",0.929202447896051
"Hap1","brown",0.871104803372444
"Gm13436","turquoise",0.898602625426664
"Fam227a","black",0.801351136019325
"Snord3a","brown",0.55376037864667
"A130051J06Rik","brown",0.818938709009897
"Gm14230","brown",0.70580361010437
"Mxra7","green",0.868006112095351
"Tmem72","blue",0.859103882133366
"Osmr","black",0.719975615388319
"Zeb1os1","blue",0.71986986701436
"AI463229","brown",0.919591031906391
"Gm4959","yellow",0.926129733636627
"Napepld","brown",0.775242574955599
"Gm13935","turquoise",0.642223949111932
"Ncf2-rs","yellow",0.738079422015375
"Mtmr7","green",0.6288354512205
"Chi3l1","brown",0.896788504008695
"Gm16223","greenyellow",0.938094560383665
"Gm3800","brown",0.601440673305294
"Myo1d","blue",0.800383245973361
"Nhej1","brown",0.871128180867112
"Bcas3os1","blue",0.894154744808611
"Avpi1","brown",0.779865705517033
"Rpusd1","brown",0.842609764049494
"Rab3c","greenyellow",0.785410735285352
"Brip1","yellow",0.697479089191841
"Fxyd2","blue",0.411559790685905
"6030468B19Rik","yellow",0.885348781682561
"Gm5134","blue",0.560769635556949
"Gm10409","grey",-0.107767140770931
"Abca5","blue",0.485180765438468
"E030042O20Rik","brown",0.733697168228088
"Ccdc63","blue",0.694986131913641
"1700123M08Rik","brown",0.816116142604153
"Cercam","black",0.744138699111923
"Grwd1","brown",0.89115374037777
"Iba57","blue",0.368585891513888
"Robo1","blue",0.852770498043418
"Ppp1r37","blue",0.607282599348666
"Gm9276","brown",0.941375267150018
"Pask","blue",0.696825095154963
"Tnfrsf14","brown",0.749851869356284
"Rhoj","brown",0.642832338391216
"Atp6v0d2","red",0.612067611309441
"Gm6451","turquoise",0.613071523643138
"Gm21811","brown",0.921532406202769
"Gm5511","turquoise",0.553133054044761
"Pdgfrb","brown",0.752496325537396
"Msx1","green",0.671241416033394
"Lrrk2","green",0.510524850238827
"Poll","brown",0.952260270887328
"Lrp1b","blue",0.798309004529736
"Gpr19","yellow",0.657314327897023
"Gm3526","greenyellow",0.873607134906258
"Epor","brown",0.638913117804194
"Mmp12","brown",0.64704537784646
"Plxna1","green",0.683261541405066
"Mia","greenyellow",0.751424551845301
"Vmn1r88","blue",0.976385244136154
"Myo1h","greenyellow",0.894085746086137
"Ccdc138","blue",0.34910993249272
"Nle1","magenta",0.422915425006248
"A430035B10Rik","brown",0.754926719403771
"Adcy1","blue",0.7221429475009
"Mindy4","blue",0.799336027501139
"Pcdhb22","brown",0.707006976546918
"Ttbk1","blue",0.873224011737246
"Aox1","blue",0.798046525489423
"Msi1","blue",0.525798257317806
"Samd15","blue",0.686284676017395
"Mtcl1","blue",0.692376716411901
"Gm7424","turquoise",0.333333047470872
"E2f2","brown",0.739599412417295
"Fam161a","green",0.571042665148475
"B230217O12Rik","brown",0.846212737940114
"H2ac23","turquoise",0.609256986508278
"Gm10069","black",0.789139413558732
"Sestd1","brown",0.606000482919795
"Bmp7","green",0.6990180866072
"Minar1","brown",0.727309641480912
"Ifrd2","greenyellow",0.917465449525097
"Zfp7","blue",0.561256342585317
"B230311B06Rik","brown",0.813584743298231
"Prkaa2","green",0.590058065863951
"Nrip2","yellow",0.751600652383058
"Dyrk1b","green",0.914824458067257
"Tmppe","brown",0.735126146053379
"Rpl21-ps14","greenyellow",0.845324144297233
"Gpx8","green",0.624908606711586
"Nphp1","brown",0.562788405199828
"Ubox5","brown",0.933007403832803
"Rps19-ps4","turquoise",0.550836774031518
"Olr1","brown",0.70839268132103
"Hdac7","brown",0.558993784726686
"Meis2","blue",0.790230609625682
"Gm9968","brown",0.874352864910222
"Rbfox2","blue",0.704831042419153
"Ltbp3","brown",0.651844861118652
"Cdr2l","blue",0.621059658242505
"Eldr","blue",0.572539938538072
"Cd93","blue",0.465084086291115
"Lipt1","brown",0.698612428987914
"Angptl6","brown",0.703957577359855
"Hps6","green",0.730392218805885
"Gm20302","turquoise",0.835091237460356
"Gm4462","greenyellow",0.806682993895076
"Dact1","yellow",0.695486605069447
"Cdc20","yellow",0.865349156503158
"5930430L01Rik","brown",0.737295208092353
"Man2c1os","black",0.7996835706716
"Rap1gap","blue",0.773405738453566
"Gm46411","brown",0.948921387705388
"Lrp8","greenyellow",0.84306891866985
"Klhl13","blue",0.391059098927298
"Sod3","blue",0.518361623932852
"Gm20008","brown",0.917991615445025
"Mtbp","brown",0.720685759916351
"Rbp1","green",0.656132820968629
"Nuf2","brown",0.579814456924704
"Prox2","brown",0.704013219718016
"Plxna3","blue",0.570504714329098
"Pdgfd","green",0.523987107922432
"Tedc2","blue",0.427355768488269
"Gramd2b","brown",0.838186447449867
"Phf21b","brown",0.854823773229105
"Dzank1","green",0.578442453013437
"2700038G22Rik","brown",0.535673393750817
"Tex12","green",0.641062692759488
"Prr11","tan",0.744025087025092
"Rps19-ps1","pink",0.712709722778974
"Sgsm2","brown",0.731844370833001
"Gm11964","red",0.80173005144331
"Kif20a","brown",0.878534781777765
"B3gnt8","blue",0.811108839835668
"Dus4l","brown",0.508616728128426
"Or5p58","blue",0.688722857618889
"Trib2","blue",0.590225723289805
"Slc43a1","brown",0.674144420615624
"Ncam2","brown",0.585376935449352
"Gm25432","black",0.766201837538682
"Skint3","blue",0.387824835680637
"Itgae","brown",0.727964900344514
"Slc35g1","blue",0.622112402082555
"Chek1","brown",0.692122897381066
"Ikbke","blue",0.5546234461677
"Gm3264","yellow",0.874590500076302
"Slc22a23","brown",0.788721947331892
"Mfsd2a","brown",0.904695970276788
"Ap5b1","brown",0.904774606626331
"Fitm2","brown",0.809006343202759
"Gvin-ps2","brown",0.782051508676044
"Tmtc2","brown",0.885158432442293
"Tox","blue",0.680492812910787
"Fam181b","brown",0.488035871529328
"Palmd","blue",0.584291771320486
"Tlr9","brown",0.757005228745316
"A830082K12Rik","blue",0.731550228687563
"Samd10","brown",0.913221461480299
"Kif21a","brown",0.681283344081635
"Lzts3","green",0.827174206036214
"Nusap1","brown",0.673811052975744
"Setd6","brown",0.754880079387273
"Cpeb1","brown",0.699986757928941
"Cdc5lrt3-ps","tan",0.87090768636662
"Frg2f1","blue",0.469354215364596
"Nrxn3","blue",0.61729579166357
"Lancl2","green",0.718541728186688
"Mfsd13a","brown",0.933903008838905
"Ssh3","blue",0.380408845101698
"Nmb","brown",0.758300071313824
"Zfp385c","brown",0.735029175035664
"Slitrk2","brown",0.600262310318577
"Tonsl","green",0.839423173422269
"Tcf19","brown",0.871512746513197
"Arhgef39","yellow",0.675305246057648
"Klf15","green",0.794334968087607
"A2m","green",0.617601703467217
"Cdca3","yellow",0.703442529015445
"Dusp23","brown",0.934725892304263
"Fbxo44","black",0.667746121422341
"Zfp940","blue",0.579314113441242
"Akap6","blue",0.772300392536548
"Stxbp6","blue",0.807428015525504
"Gm16897","yellow",0.804907966980795
"Adamtsl3","blue",0.738319370824712
"Gm14322","brown",0.79053725232999
"Zfand4","yellow",0.718518459906924
"Il1r1","black",0.830135409969029
"Gm6225","brown",0.655344570490378
"Map7d2","brown",0.669687051501043
"Lrrc8c","blue",0.724509663277713
"Rhou","brown",0.900916171383705
"9530082P21Rik","brown",0.852013153272076
"Asap2","brown",0.858313068735274
"Gm2810","brown",0.850807895927618
"Neb","brown",0.650378746081163
"Fzd1","brown",0.512307173498579
"Prr18","brown",0.530081451308186
"Fzd3","blue",0.855603239341962
"Sostdc1","blue",0.833220966199993
"Onecut2","blue",0.922722276647638
"Fan1","brown",0.664418077520342
"Slc4a10","green",0.617239107179433
"Gm6983","green",0.627661308570482
"Pla2g4b","yellow",0.80177722063719
"Cacng4","blue",0.700521971680053
"Prelp","green",0.613682846047157
"Prrg1","black",0.820830381733378
"Rps19-ps2","turquoise",0.779090987265873
"Map9","blue",0.51503536777829
"Pir","blue",0.572470368015174
"Gm6210","green",0.69291006217247
"Mmp23","blue",0.461257827686949
"Htr2b","brown",0.489188266744244
"Foxd2","yellow",0.831203566178826
"Zic5","green",0.61093398549396
"Ugt1a5","grey",-0.170964590241086
"P3h1","brown",0.845429249572221
"Trim14","brown",0.774106955452856
"Tsbp1","brown",0.706631723544408
"Mmp19","brown",0.88363112996701
"Agap2","blue",0.602494764630251
"2010204K13Rik","brown",0.882015234535402
"Baiap2l1","brown",0.827237090761789
"Rimklb","blue",0.758988969602667
"Pkia","yellow",0.796311671330377
"Plod2","blue",0.63509474440073
"Zfp775","green",0.611285905728865
"Cox6b2","green",0.703079713518133
"Gm18147","pink",0.851173932790617
"Lypd1","blue",0.8609710860238
"Rhpn2","blue",0.926839763977142
"Spdl1","brown",0.855268473256316
"Chl1","brown",0.577500054436565
"Gm9214","green",0.763476089656924
"Zscan20","brown",0.698974948643066
"Cyp4x1","blue",0.897361592465637
"Mastl","brown",0.535018097021935
"Gm5820","yellow",0.682478070358198
"Apcdd1","blue",0.616725776337625
"Slc4a8","black",0.865594233254361
"Slc24a2","blue",0.752861462259994
"Parva","green",0.550633614383523
"Pbld1","purple",0.644940358674081
"Gm4366","brown",0.767151894672083
"Prom1","blue",0.695946043014406
"Cpt1c","blue",0.810807695405204
"Hand2os1","blue",0.980458909691353
"Rnu1a1","turquoise",0.625420002841157
"D630023F18Rik","black",0.657108739500154
"Gm6352","black",0.874258437260159
"Bgn","green",0.685552362245609
"Plekhg1","blue",0.745513632727798
"Cdc45","blue",0.784939715778687
"Tnfsf9","green",0.814613629821901
"S100a6","brown",0.666776122512455
"Stmn2","brown",0.672510233411128
"Cttnbp2","blue",0.756762329002008
"Ncapg","tan",0.733888008556158
"Gm42067","brown",0.828414183746545
"Cd69","brown",0.371445051461579
"Capn1","black",0.801426212415715
"Sorcs2","blue",0.771595757575938
"Mipepos","blue",0.851974523428775
"Lca5","brown",0.804462007153025
"Tgm1","greenyellow",0.734149767356721
"Tmem221","brown",0.688719205522153
"Me3","blue",0.866970404220078
"Scn2a","blue",0.871118956403245
"Sox6","blue",0.8015178476177
"Sema6a","brown",0.731131672698122
"Gm29228","pink",0.883407216068305
"Slain1","brown",0.644420198156355
"Phactr3","brown",0.613465034226298
"Ubxn11","blue",0.537778440260905
"1810044D09Rik","brown",0.866763230189265
"Kbtbd11","blue",0.717282506450311
"Slc22a8","blue",0.647230167158444
"Sytl2","brown",0.633007621871792
"Plekha7","blue",0.816434654250798
"Cimip3","green",0.674854430978169
"Bub1b","brown",0.947036350106993
"Mcub","brown",0.536403049549354
"LOC105244755","blue",0.351035770240187
"Slc35g2","brown",0.766898754169512
"Egf","green",0.547453770004198
"Fam184b","blue",0.837869112306423
"Sox5","blue",0.82549935016146
"Stmn4","green",0.508044757988251
"Gm8050","brown",0.68201130295878
"Kcna6","brown",0.823932611274263
"Tmem240","purple",0.806991156297216
"Erc1","blue",0.862511199036074
"Atp13a5","blue",0.723994026102718
"Neil3","yellow",0.758369067895861
"Col11a2","green",0.664724271298282
"Adgrl4","blue",0.629882445032207
"Kbtbd12","blue",0.858748751161415
"Gm14056","turquoise",0.498011833748271
"Ptger1","brown",0.670697218102496
"Cav1","blue",0.180230689575653
"Gm19605","brown",0.688483813307485
"Obscn","blue",0.931630223804362
"Afg1l","brown",0.500238710718465
"1700088E04Rik","green",0.813584951231687
"Kng2","tan",0.917183778557373
"Fam135b","blue",0.970135501625433
"Ascl2","brown",0.486806805763726
"Zmynd15","brown",0.93402631693295
"Rps12-ps1","red",0.776803296897342
"Gm5321","turquoise",0.843671198466336
"Ndrg4","brown",0.445044987287706
"Ptrh1","green",0.704630737822946
"Prickle2","blue",0.64465781645515
"Gm10634","blue",0.639510319959895
"Kcnb1","black",0.562218170820631
"Gm6883","black",0.891224742087461
"AA387883","pink",0.8288938457852
"Gm12289","yellow",0.721592860051781
"Vmn2r76","blue",0.976026408983554
"Acbd4","blue",0.735520154619954
"Cenpe","blue",0.564087716333093
"Kdm8","brown",0.740034535206269
"Gm30794","brown",0.753308470220022
"Slc5a10","green",0.816512190304473
"Lrrc4","blue",0.595582451496088
"Gstp2","magenta",0.627312011123979
"Ptprk","blue",0.657029586996637
"Gm21103","blue",0.713769116882207
"Rbms2","brown",0.682650170692046
"Nsg2","grey",-0.710409035135475
"Hook1","blue",0.877663773049347
"Samd12","blue",0.804110571338528
"Zfp503","brown",0.540708771522289
"Pnma8c","blue",0.891023814730164
"Syt1","blue",0.820371324514761
"Tinagl1","brown",0.643052402563663
"Sema6c","tan",0.777438029495978
"Cldn1","blue",0.817527630296432
"D930028M14Rik","red",0.750024574543744
"Hes7","blue",0.417457738128166
"Adgrb1","brown",0.802385148453771
"Eva1c","blue",0.684133303698868
"Gm13413","purple",0.856400951792578
"Tst","blue",0.865870466567047
"P4htm","yellow",0.708463515677122
"Cep76","brown",0.783189655893165
"Fndc10","brown",0.742563906638922
"Cdyl2","green",0.728198965512027
"St6galnac2","green",0.487892263432883
"Stard4","brown",0.64000431856817
"Ccdc88c","brown",0.804838610861297
"Gm4202","green",0.708810220501046
"Rtel1","brown",0.876301771719821
"Plekhg3","blue",0.74532755834883
"Otof","blue",0.986983605100952
"Prr32","turquoise",0.255541284144133
"Selenok-ps1","black",0.828542443325305
"Sros1","blue",0.711454462585792
"Gm15133","yellow",0.864456570547616
"Igf2bp3","blue",0.741749898886781
"Gm25360","black",0.541082210611453
"Gm4335","black",0.961862480535017
"Podxl","brown",0.411256427929798
"Fhl1","brown",0.334642970324604
"Stx1a","blue",0.737653001573554
"Cxadr","blue",0.904132445282134
"Il27","magenta",0.436516562816736
"Gm9294","yellow",0.39055437005349
"Mtmr11","yellow",0.752058479561013
"Pigz","blue",0.619489537260558
"H2-Q10","blue",0.902472066941516
"Rtl5","blue",0.554366024345425
"Arhgap23","brown",0.785124927310956
"Hoga1","brown",0.843066306787302
"Ccdc171","black",0.810462030949343
"Scube1","blue",0.702329956674971
"Or10aa3","blue",0.854381980897078
"Gm10136","turquoise",0.723719007214078
"Tmc4","blue",0.492648077966909
"Irf4","brown",0.776253400131872
"Raver2","blue",0.746470173159666
"Unc5b","greenyellow",0.929780855597666
"Rps6ka4","brown",0.934466389994745
"Ppargc1a","blue",0.739604567245729
"D7Ertd443e","blue",0.712833802594096
"Shank2","greenyellow",0.633829811426253
"Folr1","green",0.673911255146245
"Or13c7b","brown",0.902445685604965
"Zfp593os","brown",0.830931949793561
"Ttc41","brown",0.71641873602634
"Gas2","yellow",0.887172885320364
"Tspoap1","blue",0.718488330968662
"9230116N13Rik","brown",0.646191277876254
"Zfp526","green",0.856033880355468
"Gm16279","green",0.594423336500403
"Shroom3","blue",0.814688512139485
"Gm13665","red",0.644884530492452
"Ctxnd1","green",0.60341294877391
"Zkscan2","black",0.890391213522868
"Gm15706","brown",0.709469802405694
"Chrdl1","blue",0.695429060750241
"H2bc14","brown",0.791995800749455
"Tmem117","greenyellow",0.636178695399503
"Wwtr1","blue",0.430929738490737
"Acyp2","blue",0.728672671340002
"Sfrp5","brown",0.766383697099115
"Acot11","black",0.912379008053351
"Tubb4b-ps1","magenta",0.74289417512812
"Mybph","blue",0.620538705628453
"Kcnd2","blue",0.706599945893442
"Gm5937","red",0.74445402163683
"Adcy5","blue",0.593915295699825
"1500026H17Rik","brown",0.887400060036814
"Lamb1","green",0.551068459064428
"Nynrin","blue",0.670900399570115
"B3gnt7","brown",0.848739242120619
"Gpsm2","brown",0.586440764196372
"Cdc42ep1","blue",0.485324679812383
"Llgl2","blue",0.788534026587646
"Pcbp4","brown",0.712887103000009
"Frem1","green",0.449186104241648
"Bbs1","blue",0.735175970200149
"Dhcr24","brown",0.719836541174808
"Eml1","brown",0.494520233758698
"Iqch","brown",0.568140279406229
"Tpm2","brown",0.536709693271466
"Gm3629","greenyellow",0.944857616875651
"Zfp521","green",0.510235154911168
"Trim6","tan",0.632482436221801
"Robo2","blue",0.79332787320349
"Elovl2","blue",0.602318104213862
"Gm2897","brown",0.463033080091975
"Trim7","brown",0.796384337766909
"Ly6k","blue",0.401349964177954
"Spry2","blue",0.531133288350163
"Gm32046","turquoise",0.370628519906133
"Rad51ap1","brown",0.624501940068473
"Lrriq3","brown",0.704119285115755
"Rwdd2b","brown",0.699280220391595
"Pde1c","blue",0.783713326998838
"Cxcr5","greenyellow",0.937918323914663
"Unc5c","blue",0.880849128335355
"Cfap251","blue",0.814356710302904
"Celsr1","blue",0.880195671192364
"Pdlim7","yellow",0.706496218300455
"Faim2","blue",0.801343747633275
"Zfp660","brown",0.665329832765284
"Aldh1a1","blue",0.470544764812254
"4930578M01Rik","black",0.643245035982752
"Dlx5","blue",0.793355077404673
"Dynlt4","brown",0.762382751679347
"Rps6-ps3","brown",0.753246817457908
"Lgalsl","blue",0.712494839219724
"Gm16861","brown",0.822958546112052
"Samd4","blue",0.803028233797818
"Chaf1a","brown",0.71553582278108
"H2bc27","green",0.647525988528977
"BC049715","black",0.830948722525527
"Mex3a","brown",0.824114927170383
"Pde5a","blue",0.603147733618287
"Pdpr","brown",0.751269224392362
"Prr15","brown",0.583275550110257
"Gm32655","black",0.704093320452536
"Nrgn","brown",0.603254300297803
"Akap12","greenyellow",0.831153221627058
"Gli1","blue",0.778290371184577
"Gm16867","brown",0.888649679799983
"Sox21","blue",0.504539785574604
"Csdc2","green",0.710985973333756
"Gm24265","yellow",0.631441110822866
"Dzip1","blue",0.855540686009934
"Gm2011","blue",0.613885114490791
"Dnah17","black",0.792302559931271
"Tomm6os","blue",0.683031585762715
"Paqr6","brown",0.876051876382405
"Catsper2","brown",0.803842551470091
"Gm29773","blue",0.577429646551045
"Gm16409","turquoise",0.299453644999636
"Utp14b","blue",0.669085337164823
"Eif4a3l1","greenyellow",0.867453884547005
"Lepr","blue",0.772092375983755
"Doc2a","greenyellow",0.727140841041988
"Ankrd13b","brown",0.792758393918627
"Or10ag58","greenyellow",0.87433432290768
"Catsperg1","brown",0.852694980900725
"Gm13140","tan",0.868869102417622
"Creg2","blue",0.698654604374766
"Rimkla","tan",0.826390786182301
"Epha7","blue",0.600989455019596
"Tbx3","grey",0.268865331580587
"Mapk10","blue",0.826610347493946
"Rhebl1","green",0.820728181216166
"Ddo","blue",0.70744697389472
"Gm10154","pink",0.705143180433575
"Vmn2r53","blue",0.957022462887493
"Spef1","black",0.776974572712317
"Kcnt1","blue",0.713990585215439
"Gli3","blue",0.751117319193846
"Ms4a4b","blue",0.892754564214752
"Rpl15-ps3","turquoise",-0.0306611388349192
"Atp7b","blue",0.921593693845555
"Rps12-ps24","blue",0.926880426842866
"Uck2","blue",0.818458769840932
"Itprip","brown",0.742699272805188
"Rpl19-ps4","yellow",0.561083113324656
"Tenm3","greenyellow",0.563411346234467
"Plat","brown",0.767187225596755
"Gm13391","brown",0.584332992218335
"Htr2c","green",0.596549990746874
"Gm5620","brown",0.94374019343517
"C030037D09Rik","blue",0.577306557210174
"Gm7160","green",0.85373936358121
"Cep131","brown",0.883679910842419
"Wnt7a","brown",0.738398552184549
"Plbd1","black",0.60911716189588
"Lmo7","blue",0.679388864341069
"Nat14","green",0.778753855711141
"Cideb","brown",0.74064476771326
"A830021F12Rik","blue",0.74398611381123
"Myh11","grey",0.217068861424639
"Gm8206","green",0.603518638506877
"9330159F19Rik","blue",0.598757994679223
"Gm31410","brown",0.75325188508947
"LOC108167922","turquoise",0.84446585560106
"Atp9a","tan",0.7528495768518
"Ube2c","blue",0.251071026475807
"Gm25939","black",0.464750711942735
"Prss23","blue",0.407773908329666
"Cldn12","green",0.63827231059654
"Ccnb1","brown",0.521135924427916
"Gm13498","brown",0.909845524375124
"Acsf3","brown",0.714553613642357
"Prkg1","blue",0.751283034927552
"Gm10406","pink",0.615480927616057
"Matcap1","black",0.763144238347067
"Mdga1","brown",0.601962491527352
"Cchcr1","blue",0.600986014313788
"Grip2","blue",0.84165048621503
"Eif3s6-ps2","greenyellow",0.910872028553558
"Spock1","blue",0.671383064800721
"Mcf2l","blue",0.816115290935448
"BC106179","brown",0.884119869847658
"Pkn3","black",0.619130645560935
"Rpl26-ps5","turquoise",0.745336376765668
"Marchf10","red",0.662765397458044
"Dmwd","blue",0.885163852958202
"3830408C21Rik","brown",0.671384897715796
"Mmp25","blue",0.614417792796505
"1700030C10Rik","grey",0.539139668247057
"9330104G04Rik","green",0.571667838400575
"Cdca7l","yellow",0.793193004051785
"5830416I19Rik","blue",0.731499036235859
"Aurka","brown",0.891431315644211
"Slc29a2","brown",0.941525348758248
"Apold1","blue",0.289051206415637
"Car5b","blue",0.764669628805086
"Ager","brown",0.905223641947523
"B130055M24Rik","blue",0.515785834535311
"Rps15a-ps5","turquoise",0.482592550159201
"Star","tan",0.736580300947702
"Dnph1","brown",0.694794590053015
"4833422M21Rik","brown",0.646982673845489
"Ahnak2","brown",0.71372439118857
"Myom2","blue",0.624996132949075
"Trpc1","green",0.587230150044813
"Tmem53","brown",0.839917321628844
"Zfp647","brown",0.705859349829816
"Cdh19","brown",0.704105831709894
"Gm12251","black",0.885940361629264
"Adamts13","blue",0.471072636287108
"Atp6v0e2","blue",0.452952468929084
"Zfp558","brown",0.863696171513351
"Rad18","brown",0.821556552874332
"Zfp108","brown",0.767375159846267
"Tmem98","brown",0.357683485180267
"Gm7299","black",0.480973496313204
"Slamf7","blue",0.614780364112107
"Gnaz","greenyellow",0.887665232731806
"Gm36856","black",0.294889047123049
"Nipsnap1","brown",0.727990541608035
"Tmcc2","brown",0.764321345863669
"Rgs4","brown",0.430094647966821
"A830018L16Rik","blue",0.844549751407235
"Or1j15","blue",0.984957989633335
"C330018A13Rik","brown",0.872049976687534
"Phf20-ps","tan",0.945248808905963
"Gm43247","turquoise",0.754784894368558
"Pcnx2","black",0.880113976733046
"Gm6576","turquoise",0.638424066339713
"Fbxo17","blue",0.351855862224146
"Tmem170","blue",0.767855770723802
"Pgghg","brown",0.844039187858116
"Dpyd","green",0.534213124482294
"Apbb1","brown",0.723455379229598
"Sgo2a","brown",0.695758337268558
"Fam221a","brown",0.580067742746739
"Tdg-ps","blue",0.409045860724245
"Gm10293","brown",0.835060642028662
"Rpl17-ps5","turquoise",0.790533744168056
"Lhpp","brown",0.932055139676075
"Opalin","brown",0.765470852065783
"Gm16201","green",0.656483936847547
"BC051077","blue",0.753066205268006
"Rell2","yellow",0.77212339157238
"H2-M5","blue",0.75960617970349
"Scrn2","grey",-0.111496953174086
"Frmpd4","tan",0.622591816065356
"Gm7666","green",0.781291241720073
"Zfp184","brown",0.357607850191466
"Dync2li1","brown",0.932879050641581
"Mgp","brown",0.285828857984187
"Frem2","blue",0.890349457943874
"Pdpn","blue",0.801542676784724
"Lrrc49","blue",0.570467954268793
"1810010H24Rik","brown",0.502366158268283
"Gdf15","brown",0.82134632093354
"Sspo","blue",0.799625236089622
"Tspan12","brown",0.586203220797415
"Gm3534","brown",0.810611207621025
"Gm9975","brown",0.907118354277465
"Lzts1","blue",0.768801410384663
"Epdr1","brown",0.90326469734845
"Ffar1","blue",0.793977634152877
"Dusp28","yellow",0.848816219774064
"8030423J24Rik","brown",0.927436772976375
"Fxyd3","brown",0.900360569207741
"Lenep","blue",0.743179722529381
"Gm13007","turquoise",0.816858005467681
"Baiap3","blue",0.603968156454881
"Hmmr","brown",0.718959225509143
"Snord17","purple",0.896784847505917
"Kctd17","black",0.802002670723051
"Gm44502","brown",0.660708079440511
"Rps11-ps3","turquoise",0.492837539283347
"Cd28","brown",0.680744965523013
"Bloc1s6os","brown",0.750796824912514
"Slc26a10","brown",0.91391283095224
"Fam228a","blue",0.737669881301313
"Or4d11","blue",0.748897279399516
"Cgref1","green",0.747120687545796
"Adamtsl1","yellow",0.525642338669987
"H2bc24","yellow",0.559498228840547
"Rpl31-ps17","purple",0.595496839700369
"Ccdc168","blue",0.973791277519002
"1700109G14Rik","purple",0.892930502447154
"Fat4","blue",0.876294062320801
"Sema3c","blue",0.56620179640765
"Snca","brown",0.559060621307687
"Or4b12","blue",0.744174718875535
"Cdk18","brown",0.631475798363455
"Gpr82","yellow",0.699045184835857
"Gm7908","green",0.713315847087746
"Psrc1","brown",0.704111484511085
"Gm14633","purple",0.76273044370093
"Cpne2","red",0.630079558291219
"Zfp966","blue",0.648189010515874
"Ly6m","black",0.803695447288616
"A530040E14Rik","brown",0.624192180054581
"Tube1","tan",0.711460102003993
"Tcf7l1","blue",0.650413458342553
"Ccdc91","brown",0.676147416742811
"Dusp2","brown",0.500520085749013
"Kcp","brown",0.898718900142947
"Dnah8","blue",0.97495215678074
"Pet117","purple",0.740894105518473
"Nr4a2","blue",0.622565227017484
"C630043F03Rik","tan",0.792005943305923
"Fanci","blue",0.712917725161513
"Dgkg","blue",0.784826488886155
"Hdhd3","brown",0.678277029757094
"Gm5559","turquoise",0.144780231030686
"Itgal","blue",0.383778244901732
"Gm16759","tan",0.692115976892026
"Slc4a3","blue",0.688948477346273
"Dock3","blue",0.93389580724106
"Abcb1a","brown",0.619884027100991
"Col4a1","blue",0.604103364395483
"Matn2","blue",0.701973271298336
"4930426L09Rik","brown",0.73339611985024
"Baalc","brown",0.630032104547549
"Trim30c","brown",0.822585915896588
"Gm17907","brown",0.690974780353377
"Shisa7","blue",0.688090506038301
"Aldh1a3","black",0.785999877501492
"Gstm4","brown",0.561870356985738
"Acta2","grey",0.269478428651909
"Wnt4","blue",0.927712215199981
"Sybu","brown",0.707795626685371
"Sycp2","brown",0.583663248933372
"Rapgef3","brown",0.858508053578979
"Gm12366","brown",0.680665801725908
"Gm6658","brown",0.747231087045977
"Cmah","blue",0.873171915396827
"Kif19a","brown",0.735310824673206
"Gm8971","turquoise",0.604062751267189
"Gap43","brown",0.510861614505642
"Il1bos","red",0.7437089096542
"Rpusd3","brown",0.751775640904706
"Opcml","blue",0.870773997352189
"Tigd5","brown",0.67700485891464
"Gsto2","blue",0.353114848396395
"Kyat1","brown",0.891578715671186
"Adora1","brown",0.687288533168194
"Rbfox3","brown",0.704337102256536
"Slc25a27","brown",0.638911869505064
"Gm13422","black",0.682564054134213
"H2bc11","red",0.731499681840436
"Trim45","brown",0.822694570545947
"Gm7575","blue",0.542341703310501
"Zfp93","brown",0.794826574742161
"Cped1","brown",0.602123570607367
"Rtl8c","brown",0.78461390759174
"Rnf217","blue",0.863480624478581
"Gm34121","blue",0.455006632875667
"Dusp10","blue",0.484432943986454
"Alas2","brown",0.776673804169876
"Thop1","brown",0.575650335178037
"Igsf1","brown",0.733878469419402
"Arhgef19","brown",0.838732383855777
"Rpl13a-ps1","turquoise",0.493085603467688
"Gm6123","greenyellow",0.892345323744943
"Tnfrsf10b","blue",0.78785977323032
"Zfp9","blue",0.678700130678872
"Or51v14","blue",0.957113619752136
"Lama2","blue",0.711474756278425
"LOC115487808","green",0.681242422003958
"Muc6","blue",0.977500835374008
"Rpl27-ps2","turquoise",0.475177135713483
"Gm7589","purple",0.901971563232147
"Gm4521","black",0.8118038859602
"Grik4","blue",0.911699206274115
"B930025P03Rik","green",0.719538896657072
"Klhl35","brown",0.784401114470264
"Ryr1","blue",0.880687018640104
"Mn1","blue",0.685858453537173
"Gm5605","green",0.849528606568133
"Gm47324","green",0.540292591584932
"Pdk4","green",0.572675002939489
"Tfcp2l1","blue",0.812468292220153
"Entpd2","brown",0.826748194784996
"Kirrel3","blue",0.727052364257027
"Zfp689","blue",0.519713703217373
"2700099C18Rik","yellow",0.603591085874988
"Gm10644","blue",0.470090734919686
"A230028O05Rik","blue",0.796668840049475
"Klc2","blue",0.734759289765484
"Acad10","black",0.945434452289477
"S100a9","grey",-0.702218481627287
"1700006J14Rik","tan",0.885386512360666
"Gm3362","brown",0.670919332143994
"Fn3k","blue",0.461251465335938
"Garem2","brown",0.634792873698438
"Lrp11","brown",0.610260209057944
"BC051537","green",0.783854861046549
"Pakap","blue",0.568708371684504
"1810062O18Rik","yellow",0.789656233285878
"Gm527","brown",0.785427449061649
"Slc25a29","brown",0.873760976818791
"Gstm7","brown",0.662879812465443
"Plekha6","black",0.749077976702667
"Grap2","blue",0.75840678403793
"Fam83g","brown",0.762387864361382
"Fbln5","blue",0.458303261980016
"St6galnac5","blue",0.632074991378324
"Cdr2","brown",0.460064262722945
"Adgrb2","tan",0.862820591694373
"Scg5","blue",0.297860779453005
"Rfx4","blue",0.59618810233044
"Hspb6","brown",0.826520077177715
"Gm21092","brown",0.868779633369577
"Rarg","brown",0.652122285637052
"Cdc25b","brown",0.808974772327044
"Chadl","blue",0.784585084511581
"Abcb9","brown",0.821849997454629
"4933439K11Rik","blue",0.632659092662388
"Baiap2l2","brown",0.657705658939149
"4632428C04Rik","brown",0.826489614758506
"Col8a2","pink",0.784458423193391
"Gm22063","pink",0.897853708772348
"Kazn","blue",0.864990257698693
"Zbtb8a","brown",0.743675995073575
"Slc16a12","blue",0.625699476598733
"Cerkl","grey",-0.442026044321301
"Gpr153","brown",0.780699211175978
"Aspa","brown",0.481276084405385
"Gm6029","greenyellow",0.773827856060422
"Cacnb1","brown",0.673545634968074
"Tlcd3a","brown",0.753867522202564
"Adra1a","blue",0.864102253295321
"Psd","blue",0.844369435192968
"Egr3","brown",0.61749271875519
"Gm8543","red",0.801130483191213
"Tkfc","green",0.706024709056876
"Setmar","brown",0.671479563196365
"Ada","brown",0.630081741611244
"Inf2","brown",0.490197614201115
"Dennd2d","brown",0.629616470232764
"Gm13270","brown",0.589058792296866
"Gm23444","brown",0.464623817640759
"Enkd1","brown",0.59731816340427
"Uhrf1","brown",0.590737767137755
"Rgs11","blue",0.57035340109733
"Gm6377","brown",0.632450407454066
"Alpl","brown",0.612022078511395
"Dlx1as","blue",0.643448745746707
"Guca1b","green",0.661025502944814
"Lpar1","blue",0.707372091681979
"Garem1","blue",0.659666554386598
"Clip4","blue",0.82480052518244
"Vwf","black",0.789279122361287
"Arfgef3","blue",0.976933468177699
"Ace","green",0.607224149650056
"Phldb2","brown",0.664987305610274
"Pde3a","brown",0.412907164937341
"Pdzph1","blue",0.589478306445812
"Reep1","green",0.602737375840853
"Marchf3","blue",0.687726419180058
"Kntc1","brown",0.675778387327029
"Sec14l2","brown",0.726936155793054
"Ier5l","tan",0.739400289726372
"Gk5","brown",0.713993681267981
"Hepacam2","blue",0.732517083769526
"Mgl2","turquoise",0.118023971686844
"Rps8-ps4","blue",0.495334026667894
"Mustn1","brown",0.587955701080831
"Kcnk9","blue",0.869420912028482
"Stard13","blue",0.829385515743643
"Or5k1","blue",0.905009008936754
"Gm11496","blue",0.80309441718773
"Card11","brown",0.735430684587051
"Pllp","brown",0.850391090071307
"Cd55","green",0.551807262579059
"AI661453","brown",0.649763453920709
"Rnf152","blue",0.842711017315186
"Cdhr4","green",0.535083652575125
"Aif1l","yellow",0.498505859028014
"Gm8934","blue",0.44982291937245
"Kif14","blue",0.74174259903094
"Ccdc148","blue",0.654134313636834
"Ntn4","green",0.544384229880619
"Vwa7","brown",0.573661891861907
"Maob","brown",0.5798096214768
"Nlrp1a","brown",0.804161402726687
"Ttc23","brown",0.536303903041211
"Galnt17","blue",0.900098953742527
"Ovgp1","brown",0.833161263245682
"Pih1d2","blue",0.601017641543211
"Aass","blue",0.539482464168268
"Ppp1r13l","blue",0.483962853348992
"Cdh11","blue",0.649315164626436
"Syt6","blue",0.527461633422852
"Tbr1","brown",0.861894461620375
"Gabbr2","blue",0.678864268449203
"Arhgef28","green",0.846177717838095
"Cd5","blue",0.828068949898743
"Cacna1f","brown",0.804325083871976
"Gm6440","pink",0.913167981890323
"Ercc6l","blue",0.528853898326638
"Grip1","blue",0.846136309859242
"Dlg5","blue",0.633168106762499
"Snx33","blue",0.781708963041129
"Gale","brown",0.919345904175585
"Mmp28","brown",0.885769698349071
"Gfra1","blue",0.759077667601338
"A330048O09Rik","green",0.624005787125174
"Hpcal4","brown",0.736508291575428
"Amph","blue",0.506101035025782
"Lysmd2","brown",0.638450312600922
"Lrch2","blue",0.605708495487539
"Ptprt","blue",0.826925632547402
"Gm13181","brown",0.916675727948678
"4931431C16Rik","green",0.707793022832981
"Krbox5","green",0.688266882613627
"Moap1","black",0.79994452306286
"Foxl2","yellow",0.711592542260508
"Ptpn13","blue",0.834163841220392
"Gm24407","red",0.70682990385233
"Npr2","blue",0.633200050860297
"Hsd17b1","blue",0.666149817545272
"Rpl21-ps8","turquoise",0.543244949976172
"Ska1","purple",0.880815741977105
"Celrr","brown",0.543603879294769
"Rapgefl1","blue",0.618533276082091
"Adat1","blue",0.423047298823309
"Bbof1","brown",0.530561556533885
"Aldh1b1","brown",0.864634276113191
"Csgalnact1","brown",0.55042675928706
"Dcn","blue",0.514043595600695
"Plp2","brown",0.804475422464899
"Gda","blue",0.505768105474168
"Brca1","yellow",0.650540466990791
"Mamdc4","brown",0.825143636649713
"Tmem51","brown",0.668475691478415
"Dab2ip","blue",0.718232669178605
"Pglyrp1","brown",0.522661084481843
"Cox5b-ps","turquoise",0.860212171086247
"Efhd1","brown",0.930225516168879
"Gm13611","turquoise",0.875540775776266
"B9d1","green",0.607487523409959
"Ldhd","blue",0.658044107859515
"Zfp382","brown",0.609711100376325
"Kif24","brown",0.736399913813804
"Bcl11b","blue",0.700310715404915
"H2ac6","yellow",0.852690683161352
"Tspan17","brown",0.766708608686933
"Negr1","blue",0.792701479988943
"Tmem82","brown",0.711718090865829
"Gm12791","red",0.734415032386954
"Dennd3","green",0.689672346281319
"Abcc9","blue",0.727550738040153
"Tmie","blue",0.55819823945943
"Ccnf","blue",0.566467145745635
"Epop","blue",0.466075845318514
"Gli2","brown",0.791308015095249
"Nid1","blue",0.758512627421539
"Ahcyl","blue",0.557630577469219
"Rab3d","brown",0.501703300115463
"Epha4","blue",0.570185987907179
"E230032D23Rik","brown",0.844859931703844
"Gm4707","blue",0.490789027066467
"Apc2","brown",0.648178776452814
"Pacsin3","brown",0.618130224073848
"Kif22","brown",0.824307256853382
"Gm36459","yellow",0.822528745241407
"Lrrc42","brown",0.922690194959051
"Pram1","brown",0.574685044608665
"Exoc3l2","brown",0.732202832889067
"Gm9701","pink",0.922755385794183
"Npdc1","brown",0.728352611869833
"Col1a1","blue",0.892965101908968
"Nat8f4","blue",0.435350021877894
"Elk1","blue",0.76369011765833
"9330136K24Rik","brown",0.615747287916484
"Opn3","brown",0.7727919606023
"Tgfb1i1","blue",0.653541837545713
"Grb10","brown",0.680521436866319
"4921507G05Rik","blue",0.609977529992623
"Dlg2","blue",0.861666215068629
"Sptbn2","blue",0.708097713274634
"Mgat3","blue",0.551879748284599
"Ephx2","brown",0.494046770384154
"Cntn2","blue",0.630515940493763
"Cyp7b1","brown",0.697045088630494
"1700102H20Rik","yellow",0.744514706206757
"C1qtnf5","turquoise",0.344680796996888
"Lpar4","blue",0.597891964492939
"Lrfn3","blue",0.485982200437192
"S100a4","yellow",0.712614117732119
"Tmem132b","blue",0.906426885286122
"Cdh20","tan",0.663087428282223
"Scara3","brown",0.714770517843945
"B3galt1","blue",0.722405467347693
"Carns1","brown",0.791233288164398
"Efna5","blue",0.584297329585441
"Tgfbr3l","brown",0.836098588105294
"Calr3","grey",-0.277576909583235
"Tedc1","black",0.868823350043142
"Batf2","yellow",0.794938376559781
"Cobll1","blue",0.331616910716761
"Slc8a2","brown",0.674515073356291
"Pcdh1","blue",0.867729533247728
"Tead3","brown",0.81681975624678
"Ifi205","blue",0.515348618339176
"Gm8804","brown",0.986453887785943
"Map6","blue",0.721883580348463
"Brdt","blue",0.591324804737557
"Abca13","blue",0.80477967052772
"Flrt2","brown",0.635208403346247
"Gm5904","brown",0.950790965222809
"Reln","blue",0.932345299442907
"Vmn2r63","blue",0.839466058478094
"4930539J05Rik","brown",0.902298633235211
"Irag1","blue",0.71403361846707
"Fkbp1b","brown",0.654740387704147
"Nek8","brown",0.677009082218617
"Kcnip4","turquoise",0.298992572280242
"Macrod2","blue",0.887675476975041
"Map3k19","blue",0.356604437059783
"Syn2","blue",0.611106949200065
"Tmem150c","brown",0.844211493387884
"Foxp2","blue",0.958106860915994
"Heph","greenyellow",0.794580234024344
"Gm6394","brown",0.813569128390658
"Pln","brown",0.477773466751262
"6330415G19Rik","brown",0.808966513613753
"Gm15545","black",0.85864144937316
"P4ha2","blue",0.771429227025673
"Smoc1","yellow",0.598118521413878
"Soat2","brown",0.538545398175819
"Galnt16","brown",0.619881012901972
"Syt3","blue",0.497969029392585
"Gm7059","pink",0.962356643521176
"Ahrr","brown",0.482955540648795
"Proser2","blue",0.898858244024887
"Gm14398","black",0.867540700478694
"Zbtb3","yellow",0.872342618773706
"Ehd3","blue",0.828271716439839
"Kcnd3","blue",0.696060134292672
"Ptges3l","purple",0.725129980228625
"Gm49940","black",0.867407263461498
"Kcnk2","blue",0.596667094699565
"Gm19353","pink",0.706934161194026
"Cpn1","brown",0.779110073422761
"Gm26533","brown",0.782157552087196
"Il3ra","blue",0.713821833360372
"Pstpip1","tan",0.787765015436316
"Stx19","brown",0.3774673353674
"Cage1","black",0.800406821304587
"Rab19","brown",0.720618082337161
"6030440G07Rik","magenta",0.510305814225778
"Gm5628","magenta",0.665726987392673
"Slc35f1","greenyellow",0.732192184280946
"Pacrg","brown",0.866792925847316
"Zfp967","blue",0.725125140816704
"Pak3","blue",0.579087020554611
"Higd1b","black",0.54961238154942
"Zfp454","blue",0.38534486623775
"2310034O05Rik","yellow",0.77694661913489
"9430060I03Rik","brown",0.662387155228712
"Cenpn","brown",0.688399533758065
"Rgs17","blue",0.934479635622482
"Cish","blue",0.794414568254285
"Lrp3","brown",0.769590502522284
"Gm11451","black",0.9070280674972
"Col11a1","blue",0.89300758894165
"Vav3","yellow",0.671220225718285
"Plcxd2","blue",0.630918298361267
"Akr1c13","brown",0.693990603298544
"Grb14","blue",0.642378826398738
"Cd40","brown",0.675902668108721
"Nckap5","black",0.635325964096149
"Rdh12","blue",0.798386346242585
"Adgre5","brown",0.350697687913544
"Elapor2","blue",0.822482864750421
"Crispld2","tan",0.43440266252436
"Mgst2","brown",0.703889032623911
"F8","greenyellow",0.731147052476757
"Steap3","brown",0.682267020990686
"Eme1","pink",0.568295154423711
"Grhl2","black",0.784924546418137
"Emcn","blue",0.606019521838783
"Gm20379","black",0.686869803269029
"Dtx1","blue",0.929169655577161
"H3c4","blue",0.57725054890253
"Gm7318","red",0.387968110967781
"Stra6","blue",0.840812875116623
"Fntb","brown",0.769995199500426
"Ap3b2","brown",0.658906282563428
"4930577N17Rik","brown",0.86723544243611
"Ccdc85a","blue",0.709216023994094
"Oprm1","yellow",0.810395069949295
"Gm15834","black",0.903782834549449
"Gm8279","brown",0.820912996421484
"Tmigd3","brown",0.512001754178389
"Gm6438","turquoise",0.683252649499338
"Lrrc2","blue",0.559408668238797
"Synpo2","blue",0.896042709706702
"Ldlrad3","brown",0.623911582757171
"Gm4742","greenyellow",0.953159637430665
"Egfl7","brown",0.668026448821828
"4833419F23Rik","yellow",0.901673710874294
"Gen1","brown",0.55078298961403
"Ctse","brown",0.57434014855501
"Kynu","brown",0.735971933181047
"Lgi3","brown",0.738097771024996
"C030034L19Rik","brown",0.664944934407722
"P2ry2","brown",0.73191776657764
"Macrod1","brown",0.681057832954364
"Brsk2","brown",0.758243908890873
"Aifm3","brown",0.711606004695548
"Rpl23a-ps1","red",0.6650209192858
"4930556M19Rik","blue",0.706744948900552
"1190005I06Rik","green",0.589178313265969
"1700019D03Rik","brown",0.598726324685392
"Gucy1b1","brown",0.72573421768495
"6430573P05Rik","green",0.746530107421579
"Arhgap6","blue",0.851236926768587
"Sema6b","brown",0.718309711576854
"Adam1a","blue",0.72119430089622
"Knstrn","brown",0.820953633120369
"Gm22634","green",0.553249745091047
"Zfp365","brown",0.54998355847431
"Gpr26","blue",0.948327874603676
"Rslcan18","blue",0.666596097633688
"Prps1l1","brown",0.692529804235643
"Mb21d2","blue",0.610846927763687
"Emp1","brown",0.736182650483408
"Osgin1","brown",0.740179547475125
"Oip5","brown",0.587070730233262
"Drp2","brown",0.743708180697112
"Tmem150b","yellow",0.805079356628259
"5430402O13Rik","blue",0.613908311821058
"Gm16578","green",0.841108075426687
"Gm7459","greenyellow",0.897111397198262
"Tmeff2","brown",0.67311298920163
"Sycp3","brown",0.525024519180029
"Jph4","brown",0.703113955831605
"Sbk1","brown",0.784535942143756
"Spata31d1e","brown",0.751526148956733
"Rhof","yellow",0.785154510002199
"3300002I08Rik","brown",0.632810070975586
"Amot","blue",0.643243699833433
"Tpbg","blue",0.55860548486413
"Mecom","blue",0.733317880151169
"Gzmm","red",0.786836760981247
"Glipr1l3","green",0.797860076403035
"Ankrd42","blue",0.684730655570269
"Msh5","brown",0.601195296761212
"Prrt1","brown",0.709526682867824
"Gm10284","brown",0.886050845295408
"Kctd4","blue",0.607088811104805
"Gm23547","turquoise",0.570580146441346
"C4a","green",0.553093073484635
"Gimap5","brown",0.709634103878752
"Gata2","blue",0.529137555063552
"Gm3940","turquoise",0.833258420484806
"Sel1l3","blue",0.847846977807613
"Sh3bp4","blue",0.735337200530184
"Cgnl1","blue",0.733899672486109
"Ntn1","blue",0.769955816027886
"Ppp1r3f","blue",0.688673690757565
"Myrip","blue",0.663242054897382
"Fzd10","black",0.838416440575173
"Kndc1","blue",0.756915795504228
"Rxrg","brown",0.554234780604346
"Gm26788","blue",0.748369238110417
"Zfhx4","blue",0.904329777246815
"Slc6a20a","brown",0.435013789381746
"Tcf24","blue",0.649700750369168
"Rnase12","brown",0.838412812873636
"Gm12755","pink",0.877158198274751
"Cyp46a1","blue",0.692921102120884
"Sfrp1","blue",0.659329356060616
"Clec1a","brown",0.603347540830364
"Or8b44","blue",0.751521957430907
"Cmbl","brown",0.928134834555168
"Cabyr","yellow",0.779220406182216
"Slc13a5","brown",0.643593088323313
"Dchs1","blue",0.834742507377057
"Gm18101","black",0.832584037951285
"Vgll3","yellow",0.689858062245808
"Clic5","blue",0.745966457938881
"Eml2","brown",0.775908655447208
"Exoc3l4","blue",0.714338871815626
"Synpo","blue",0.772093301301835
"Pou3f1","blue",0.846510273867712
"Mpp2","brown",0.660229131147074
"Ankrd33b","yellow",0.455718074972042
"Folh1","green",0.620282305744091
"Gm4939","black",0.837214591884143
"Gcat","green",0.659317696493278
"Esrrg","green",0.560606620940959
"Vxn","brown",0.806460978621684
"Kirrel2","brown",0.488052522539524
"Kcnrg","brown",0.685871793417173
"Gm128","brown",0.517582017639846
"Cd160","brown",0.764609377776709
"Gdpd2","brown",0.73155722455278
"Gpc3","blue",0.880849104918146
"Lcat","brown",0.565319413708831
"Misfa","brown",0.689709317225699
"2310002F09Rik","blue",0.70930791895215
"Tmtc1","blue",0.724425447803938
"Il17rd","blue",0.890468715979237
"Teddm1b","green",0.532382154787921
"Clec2i","blue",0.761267548903295
"A430057M04Rik","brown",0.826562977367776
"Clec4d","black",0.56567747181965
"Dcx","blue",0.811929883628495
"Insyn1","brown",0.888306236915182
"Rpsa-ps2","green",0.647135852876168
"Apobec2","brown",0.586861800121408
"Anxa1","brown",0.405366436931204
"E2f8","brown",0.762215794966067
"Tns2","blue",0.737295896229708
"Gm6161","yellow",0.62400581897991
"Zfp457","brown",0.607717132364034
"4930453L07Rik","green",0.591656432830404
"Ltb4r2","brown",0.437245004714174
"Sp110-ps2","brown",0.838808978035722
"Snord13","turquoise",0.872383892950525
"Ebf2","blue",0.934391439598742
"Rgs20","blue",0.901001466459428
"Gask1b","yellow",0.670109200602682
"Spag5","brown",0.637591333705422
"Shroom2","blue",0.779385571810993
"Gm4879","greenyellow",0.834271746454311
"Adamts4","black",0.47055480136783
"Rragd","blue",0.728340400486423
"Ubtd2","green",0.612401724821953
"Xkr9","brown",0.668887995771752
"Cdc42ep2","blue",0.433577208038033
"Cfap43","brown",0.660503780857934
"Kctd14","brown",0.645653062550402
"Gm13231","brown",0.874890585995034
"Mest","tan",0.578472093182042
"Oasl1","brown",0.617993535951419
"Dok6","black",0.616937707255253
"Plagl1","blue",0.839902622840109
"6430590A07Rik","brown",0.698141746677628
"Aifm2","black",0.704679705861044
"Sfmbt2","blue",0.683581702059447
"1700009J07Rik","brown",0.901390058727865
"Mro","brown",0.607053342479425
"Pilrb2","brown",0.69878513039843
"Crym","blue",0.563522058684073
"Mettl27","brown",0.581803857306988
"Gm5131","yellow",0.461917367423296
"Atp8b5","brown",0.534304958225333
"Rps11-ps4","black",0.457535843608389
"C1qtnf12","green",0.631642181821581
"Map7d3","brown",0.636962118246982
"Des","blue",0.73956778049752
"Gm9744","brown",0.738725952310754
"G0s2","brown",0.670464006630672
"Lrrc7","blue",0.738435131342553
"Rtkn","brown",0.523826178796649
"Sync","purple",0.850258450842386
"Tspyl4","blue",0.508072359205366
"Shroom1","blue",0.591419860257
"Gm5914","yellow",0.63488951819977
"Synm","blue",0.835872745253867
"1810055G02Rik","brown",0.637296497962357
"Armcx6","blue",0.555184119702239
"Ak4","blue",0.730483969899895
"Plscr4","blue",0.501481626588281
"She","blue",0.665857098515165
"Lrrc4c","brown",0.652465419828734
"Treml4","brown",0.706160547401164
"Tnnt1","brown",0.77010516453937
"Tmeff1","brown",0.686289051217942
"Unc119","green",0.685726904638423
"Sorbs3","brown",0.693983481454096
"Mtfr2","tan",0.382489814018424
"Tnp1","blue",0.946195658866384
"6330403K07Rik","brown",0.636790809748298
"Gm8623","brown",0.913053332752894
"AA465934","black",0.769575051953967
"Tmem163","brown",0.745354022984934
"Patl2","yellow",0.721414192665298
"Olig2","brown",0.60525619079751
"Car9","blue",0.210143457811961
"Oaz3","brown",0.827528174480747
"Pdgfrl","blue",0.792322276220851
"Foxf2","blue",0.652872105819152
"Ptch2","blue",0.792900026059785
"Cpt1b","turquoise",0.774925397339295
"Pde4c","blue",0.927168468141579
"Ccdc192","brown",0.837283327154866
"Sema3a","blue",0.91772726364597
"Col4a2","brown",0.570246883277626
"Npsr1","blue",0.785588729038439
"Asb4","brown",0.664366701366897
"Cxxc4","blue",0.898131268379784
"Maff","brown",0.610687393443828
"Mss51","brown",0.805261395689243
"Ndp","brown",0.609041044444792
"Lck","blue",0.496977809806281
"Trpt1","grey",0.120408033325064
"Ptchd1","brown",0.70366180389758
"Acsm3","brown",0.732002301102218
"Cct6b","brown",0.926392596402868
"Zc3h12d","brown",0.78927846970146
"Cenpi","brown",0.678436623409835
"Adarb2","blue",0.89548791119178
"Tex14","brown",0.824069913666285
"S1pr3","brown",0.654941247018088
"Catspere2","blue",0.781482679512817
"Kcng2","brown",0.773474053712873
"Ciita","blue",0.866996183350456
"Gm9484","brown",0.90827037692244
"Pcsk6","brown",0.731762128085036
"Cd300lb","brown",0.58374259436778
"Wdr17","blue",0.661626690329427
"Vwa1","brown",0.648369226947744
"Pglyrp2","blue",0.677427729395328
"Dscc1","yellow",0.655635070504171
"Ogdhl","brown",0.732640343988385
"Mccc1os","blue",0.769446460498731
"Fah","brown",0.577932928188511
"Zfp879","brown",0.617954947700907
"Tmem151a","blue",0.507824830626063
"A230057D06Rik","blue",0.856793457625426
"Ddit4l","blue",0.783148840702987
"Frmd5","blue",0.750937432324023
"Rmst","blue",0.789154443382096
"Clspn","brown",0.757627544190187
"Zfp750","green",0.6508696036828
"Etaa1os","blue",0.507855993325716
"Me1","brown",0.587982048739315
"Fam228b","blue",0.465471393237163
"Ifi203","blue",0.6576499429357
"F2r","brown",0.609794803792661
"Neil2","blue",0.643374358397658
"Gm16283","black",0.744168845515796
"Ppp2r2b","blue",0.3088049602775
"Gm3695","turquoise",0.596548598631244
"Plac8","brown",0.530221344991151
"Lrrn2","blue",0.847561080933232
"AY074887","green",0.496310044029684
"Stk36","brown",0.609753685061532
"Nkx6-2","grey",-0.680586385368004
"Pex5l","brown",0.596191992205066
"Pcdhga7","brown",0.696520402186174
"Il18rap","brown",0.675534594450596
"Plekhf1","blue",0.687936468768834
"Cd163","blue",0.715550005007608
"Gm16617","green",0.938119844204133
"Gm2367","red",0.560760339577968
"Adamts15","blue",0.876587269070841
"Hdnr","blue",0.938276768822065
"Extl1","brown",0.711694119116669
"4833422C13Rik","blue",0.742808639500033
"Hcn3","green",0.694413303806979
"Gm8369","blue",0.647265468353352
"Gm4787","greenyellow",0.486570820721861
"Slc9a5","blue",0.768302921849897
"Fancd2","blue",0.53905726218986
"A4galt","green",0.610620306117896
"Gm7498","purple",0.88152469862267
"Lrrn4","blue",0.632480639256683
"Net1","blue",0.640131464339839
"Gm37915","green",0.950425629919215
"Gm31645","brown",0.725595641912636
"Fbxl21","brown",0.669758148332968
"Syne4","black",0.808961105581355
"Gabra4","blue",0.812915627588493
"Clec14a","green",0.504849533679734
"H2-Q5","brown",0.557197953212606
"Afm","brown",0.706266960340631
"Aplnr","blue",0.706131582885175
"Thy1","blue",0.725892947487985
"Ifi208","blue",0.697300133600602
"Cdkn2b","brown",0.613955859632649
"Chtf18","blue",0.621837412464298
"Mkrn3","blue",0.408053490071236
"Kcnj8","brown",0.696852618459377
"Klrb1b","blue",0.643430143492184
"Zfp979","blue",0.841334917969481
"Gm6297","blue",0.589098057282133
"Msantd1","blue",0.655956183062995
"Mybl1","blue",0.804777073520978
"Coro2b","blue",0.716275370518397
"Ngp","grey",-0.726271755481238
"Fndc5","brown",0.57157086798679
"Pdgfc","blue",0.658113984581191
"Car4","brown",0.471801270472289
"Krt8","green",0.514802287706715
"Srgap1","blue",0.87727390814814
"Sox12","brown",0.632930491779157
"Bag2","blue",0.538230913074287
"Rnf144a","brown",0.657821808782365
"Prkd1","blue",0.214662086113281
"Nudt15","blue",0.721815465758443
"EU599041","blue",0.805369707289744
"5730405O15Rik","brown",0.699470207149148
"Wdr25","brown",0.770436595601306
"AW822252","blue",0.79272263274097
"Stac3","pink",0.744622206035241
"Hes5","brown",0.740482228783828
"Cyyr1","blue",0.82832699919861
"Smim22","turquoise",0.342952529013772
"Ccsap","brown",0.658804186121541
"Epb41l4a","blue",0.789787259491009
"Prrt3","black",0.84602318497429
"Erbb3","brown",0.638141937121141
"Cep55","brown",0.575332476510724
"Cdk15","green",0.549887458969264
"Slc13a4","greenyellow",0.660583107404683
"Hexim2","brown",0.614116427208421
"Msantd3","blue",0.710596324733359
"Teshl","blue",0.840852045829063
"Bub1","brown",0.732855600976441
"Rpl10-ps6","black",0.817463261490474
"Dgat2","brown",0.685083879378786
"Ppp1r3e","blue",0.585513119412292
"Spata33","blue",0.698303189290937
"Palm","tan",0.782883514083527
"Ptpru","blue",0.799959678772015
"Bcat1","blue",0.711542921898464
"Cd24a","yellow",0.741586563635973
"Abtb3","blue",0.8065471175586
"Mfsd4b5","brown",0.76763753719489
"Zic2","blue",0.39039547756747
"Efna2","brown",0.681762890335606
"Gm16853","blue",0.226524958902288
"Gm35135","brown",0.818836874951201
"Rundc3a","black",0.594700000557584
"Gm19412","yellow",0.771464792978568
"Vmn2r104","blue",0.829874852994576
"Adam33","brown",0.632808625461094
"Flt3","blue",0.52527415986424
"Colgalt2","blue",0.685417455673728
"D430020J02Rik","brown",0.735244175083016
"Nkapl","brown",0.770834650411142
"Ccr1l1","brown",0.663174519635769
"Gm5551","pink",0.905459946718755
"Pcolce","blue",0.764492475214105
"Spock3","blue",0.590011192833631
"Rad54b","brown",0.883459553189402
"Ldb3","blue",0.795974497141158
"Gm19689","blue",0.704726400579111
"Rnf182","blue",0.872532468490477
"Fam184a","blue",0.534475299863927
"Mgat4c","blue",0.739118354927608
"Gm31763","green",0.608512417069142
"Gm26797","brown",0.704081787724038
"Gm13285","green",0.424274215674648
"Dlgap5","brown",0.625059695828684
"Tshz2","blue",0.781367697146119
"Ndn","brown",0.680289307297987
"Plcxd1","brown",0.709586212151315
"Sox17","blue",0.663141904200788
"Kcnc2","brown",0.615491215330552
"Klhl31","blue",0.707771986373902
"Cxcr4","black",0.826673738918309
"Egflam","blue",0.503473709014705
"Pcdhgb5","brown",0.677349912479426
"6530402F18Rik","blue",0.79851011262402
"Zfp335os","brown",0.806400603675512
"Ccdc15","blue",0.694357366256108
"Dpep2","blue",0.642434733011505
"Ltbp4","blue",0.478113089496671
"Serac1","blue",0.783225545588701
"4930447K03Rik","brown",0.838186212321746
"Zfp428","green",0.620901855346358
"Phf24","blue",0.805416157658259
"Nlrc4","brown",0.66880054838004
"Gm266","blue",0.717827643179805
"B230323A14Rik","blue",0.677588889344794
"Mir6240","magenta",0.443261028392197
"Garin5a","brown",0.804614647602073
"Gm4349","brown",0.714086080902642
"4930599N23Rik","brown",0.753868066144624
"Or10h28","blue",0.968131550693712
"Rsf1os2","brown",0.698379031536066
"2610307P16Rik","brown",0.659904542368621
"Oas1c","blue",0.500225343578205
"Cntnap1","green",0.646019082790285
"Gdap1","blue",0.819350448322589
"Mndal","blue",0.51049482331273
"Gm19522","yellow",0.667279728770345
"2610020C07Rik","blue",0.705918580438888
"Sbsn","brown",0.81726125450423
"Cyb5d1","brown",0.904765431489123
"Rgs7","blue",0.7219685026561
"Sh3gl2","blue",0.743641743242619
"Pnma8b","brown",0.736866520254542
"Sox13","blue",0.61344787912971
"Rgs16","yellow",0.674345463740231
"Hspb1","brown",0.464654698558956
"Ifit1bl1","brown",0.579381428105321
"Gm46851","blue",0.893308578549225
"Ly6i","brown",0.434048010473249
"Pcdhgb2","brown",0.621143965581939
"Crppa","brown",0.489771021173284
"Gm6311","green",0.741791632619449
"Wdr62","black",0.566862396206267
"Tnk2","black",0.812184815220941
"Efcab11","blue",0.736653666495348
"9330188P03Rik","blue",0.709260989361694
"Rab3b","blue",0.723232672159431
"Foxq1","blue",0.393781755142444
"Bmpr1b","brown",0.585835473165528
"Rnd3","blue",0.762806907065914
"Mxra8","brown",0.658570113296715
"Gm973","brown",0.741373521185349
"Ptpn7","blue",0.7803200210827
"Gm22009","turquoise",0.246173582176469
"Pdxp","blue",0.541889563086831
"Or14j9","brown",0.521479963969745
"Zfp541","green",0.660319138703896
"Egln3","brown",0.586821027022947
"Sez6l","blue",0.777049185302808
"Gm35612","brown",0.727246919818297
"Lat","green",0.494380666466699
"Larp6","red",0.725781289152965
"Pde7b","blue",0.87607480471024
"Ccdc57","brown",0.784835659023349
"Rita1","brown",0.678966440369873
"Lpar5","brown",0.774033020217372
"Pif1","yellow",0.781850708463246
"Tyro3","brown",0.666736770109996
"Fa2h","green",0.464378833374424
"Otub2","brown",0.64113637205779
"Rasgef1a","brown",0.609856612513537
"H4c14","brown",0.740329917939837
"Fabp4","yellow",0.717547760701621
"1700047M11Rik","blue",0.569908529594198
"Mid2","blue",0.593429317755482
"Grin2d","blue",0.713567487791944
"Sphkap","blue",0.781797523894679
"Oas3","blue",0.753321004179127
"1700028K03Rik","brown",0.523648033597272
"Fgf12","blue",0.854572886291572
"Gm15793","brown",0.755527073839306
"Rasip1","brown",0.767036520528718
"Eya1","blue",0.809324748210589
"Mfsd6","blue",0.841709752959932
"Gm9222","brown",0.598969112870836
"Pcdhga5","blue",0.449350882979082
"Enpp6","brown",0.714270862869856
"AA986860","blue",0.559092800419867
"Cyp4f14","brown",0.688715035792357
"Gm10232","red",0.807241383161626
"Col16a1","brown",0.618110738374086
"8030453O22Rik","brown",0.768788900410138
"Nudt11","blue",0.715825837467281
"B630019K06Rik","blue",0.580394482327836
"Elovl4","blue",0.496588155805933
"Kcna1","blue",0.593214849225493
"Lims2","blue",0.34265518005616
"Gm5468","blue",0.324972545429573
"Taf4b","brown",0.545373161123415
"Dmpk","blue",0.370322690271948
"Gm2244","brown",0.87462742750828
"Tshz3","blue",0.640553354349935
"Gm11827","brown",0.441057664037748
"Depdc1a","blue",0.573018769442466
"Ccdc136","brown",0.758421346239782
"Gng13","brown",0.39423288691892
"Agbl2","blue",0.849118117797591
"Frmpd1","brown",0.555417440170083
"Dlx6os1","blue",0.679404574152855
"Gnrh1","red",0.833135412590935
"Fam124a","brown",0.678756691878699
"Zfp784","brown",0.578687680811584
"Serpina3n","brown",0.554743787528697
"Spa17","brown",0.644047671944732
"Clec4b1","brown",0.25316780984792
"Faiml","red",0.675887911633272
"Best1","tan",0.539483458503997
"Nostrin","black",0.607384285509342
"Prr5","brown",0.635777216467715
"Gpr161","blue",0.842986718812994
"Lrrn3","blue",0.692533785913554
"Klhl38","black",0.578451880527315
"Sgpp2","blue",0.667829470338979
"Wnk3","blue",0.875466115790971
"Nfe2l3","blue",0.580049725616071
"Gm13822","brown",0.452301234627193
"Nefl","blue",0.687210285500803
"Aebp1","brown",0.737707752240366
"Kif4","blue",0.540922459429403
"Gm42107","brown",0.813077770114547
"Bex2","brown",0.398602846968978
"Acer2","blue",0.792907850919358
"Sult6b1","brown",0.807495370546295
"Itk","blue",0.928034867336076
"Hspb8","green",0.612862167828813
"Capn5","greenyellow",0.873747946503411
"Gm15232","green",0.693971769459859
"B230208H11Rik","blue",0.3503596096759
"Slitrk5","blue",0.721799831600674
"Scrn1","blue",0.771463165504427
"Hey2","blue",0.632839443490012
"Gm31812","blue",0.505554937675308
"Khdc3","brown",0.65339587440885
"Riiad1","magenta",0.616501169799195
"4930594C11Rik","brown",0.739195440130129
"Dmrtb1","purple",0.890644340065306
"Lgr6","brown",0.65128290018742
"Tincr","black",0.655742902688584
"Nos3","brown",0.294666973335171
"Chad","brown",0.721514911853711
"Slc25a24","blue",0.552241061587175
"Itga10","blue",0.561815121183299
"Gm15326","yellow",0.808442687978347
"Dnajb3","brown",0.484549302550852
"Tmem35a","green",0.454031895619392
"Gm3625","brown",0.591211151678747
"Gm15408","brown",0.531829027633592
"Gm17597","brown",0.619890015929655
"Slc25a43","brown",0.608420582502883
"Gramd1c","blue",0.698020525339837
"Caskin2","blue",0.62495411604923
"Susd1","brown",0.592557015959342
"Gm33100","brown",0.867672854400141
"Rims1","blue",0.739929316697599
"Shf","brown",0.69826881942935
"Nkx2-2","blue",0.724802159938789
"Tgm4","yellow",0.69653509462991
"Mpped2","brown",0.745547002126596
"Inhbb","blue",0.865876816285172
"Ddias","blue",0.597176308300667
"5330434G04Rik","blue",0.805053639973427
"Icam2","blue",0.26369238737246
"Stx1b","blue",0.638195067231163
"2810029C07Rik","blue",0.241777857249477
"Mlkl","yellow",0.741588074020833
"Chaf1b","blue",0.673879361937028
"Ano4","blue",0.572464115748818
"Gm32342","brown",0.824514119589269
"Elavl2","blue",0.759748171057827
"Txlnb","brown",0.568472568126129
"4930550C14Rik","yellow",0.768792559181733
"A330076H08Rik","blue",0.634619829391945
"Pvrig","brown",0.571934528622196
"Gm16845","blue",0.38939396184687
"Fam83h","brown",0.793284724002479
"Sult2b1","black",0.810627575070921
"Sox15","yellow",0.714643303663591
"Aqp1","blue",0.171893679127656
"Ms4a14","brown",0.512068115339119
"Pkmyt1","brown",0.691380288250165
"Grhl1","blue",0.639606597084108
"Jazf1","blue",0.661202227829423
"Adgra1","blue",0.724472116544314
"Gm20517","blue",0.539566280950614
"Tex11","brown",0.344099458094189
"Pde9a","brown",0.758039717825547
"9130604C24Rik","brown",0.621435851984256
"Shcbp1l","blue",0.720001328070199
"Fsd1l","blue",0.920147085531481
"Gm11960","brown",0.695083652273841
"Otud3","blue",0.406405105879557
"Olfml1","blue",0.610293077257575
"Sema7a","blue",0.646336950589082
"A230107N01Rik","brown",0.582274334284325
"Ppic","brown",0.68330119762203
"Spaca1","yellow",0.729776798137911
"Nod2","brown",0.649881045241387
"Smtn","brown",0.702126707714434
"Tdo2","brown",0.628184913489606
"9230116L04Rik","brown",0.381001336449407
"Kif26a","blue",0.681806100094559
"Hey1","blue",0.622849140334424
"Rom1","brown",0.722843234400027
"Pbld2","green",0.706516647519502
"Gm39874","brown",0.51311428449523
"Dpysl3","blue",0.712844010769111
"D830035M03Rik","brown",0.614459734243846
"Crb2","blue",0.844940071913675
"Uchl1","brown",0.60217881722082
"Sp140l1","brown",0.645870654690016
"Ddc","blue",0.677530988140718
"Zfp641","brown",0.518929827705941
"Lrg1","brown",0.564539209372417
"Gulp1","green",0.597389521842706
"Slc41a2","brown",0.609524511762614
"Ctxn1","brown",0.665941210117715
"Ahr","blue",0.733250033088031
"Zfp811","blue",0.806912058196997
"Clba1","brown",0.633532558915987
"Olfml2a","blue",0.638566471943255
"Nme5","blue",0.350513482590976
"Ston1","black",0.62187093202613
"Gm10825","brown",0.514996249246497
"Flicr","blue",0.639126108344084
"Pcsk1n","blue",0.617865699940332
"9430085M18Rik","blue",0.528957409479145
"E130215H24Rik","grey",0.185483465264449
"Lsr","blue",0.370854468403422
"Gm24105","brown",0.631523113100824
"Smim43","brown",0.538751002711223
"Plag1","blue",0.801839570530264
"Cthrc1","brown",0.520687204632655
"2810459M11Rik","blue",0.758995291439141
"Ednra","blue",0.807855684912822
"Prom2","brown",0.675238614301953
"Nrsn1","blue",0.719302692224348
"Bcl6b","blue",0.645388847560381
"Pgap3","brown",0.748134987965396
"Pstpip2","brown",0.754090028069102
"Glis2","blue",0.776376782928199
"Tnfsf18","blue",0.516343597418426
"Ripk4","yellow",0.625823287784684
"Rnf225","blue",0.738595423636364
"Rab39b","blue",0.695958047210345
"H2-M2","brown",0.616838756933832
"Unc5cl","brown",0.547252938440866
"Gm26680","brown",0.683623470567648
"Ajap1","blue",0.686517097531861
"Efhc1","green",0.607043290310714
"Armcx1","blue",0.620871454213784
"4930563E22Rik","brown",0.629330266975094
"Gm37500","blue",0.433618424818933
"Traf4","green",0.571142151548523
"Abca8a","greenyellow",0.752197513016153
"Zfp114","blue",0.491526715841271
"Aloxe3","blue",0.628607594484333
"Sntb1","blue",0.84766021435603
"Edn1","blue",0.43696434634044
"Fxyd6","brown",0.744370133905768
"Pcyt1b","brown",0.549524439705036
"Ccn2","blue",0.718153675561895
"Gm9432","brown",0.898059120416575
"Gm4961","blue",0.689124287280985
"Gbp8","blue",0.506557778031343
"Gm31718","brown",0.634972058083192
"Alox12","brown",0.574781620043035
"Rassf7","blue",0.215270377334929
"Xlr3a","blue",0.885901432298497
"Gm20324","yellow",0.757311242009013
"Bmp6","blue",0.914317226564082
"Lin7a","blue",0.607143682409119
"Ogn","blue",0.593192272559837
"Klhl11","brown",0.657169006900677
"Gm12522","brown",0.768087113501154
"1700112D23Rik","brown",0.58804506755852
"Mroh2b","greenyellow",0.895657342411289
"Nck2","blue",0.634125974759488
"Dok2","blue",0.51474120503796
"Pcdhb17","brown",0.590507187065571
"Foxd2os","brown",0.771851071102668
"Nherf2","brown",0.412763177664617
"Cd300c","brown",0.711557908608137
"Slc5a8","blue",0.757487961176874
"Gstt1","blue",0.140188343145398
"Slc27a3","brown",0.671436342118897
"Gm11963","brown",0.844508732334738
"Prelid3a","blue",0.532613310954987
"Sec14l5","brown",0.619930245333413
"Abca17","blue",0.705561061416492
"Cnga2","brown",0.620206057713304
"Sh2d5","brown",0.771055708015178
"Frzb","blue",0.629256078998725
"Ceacam18","blue",0.492392482072883
"Sell","blue",0.740096220868384
"Inca1","green",0.651457884656829
"Serpinb6b","brown",0.449660392315354
"Insyn2b","brown",0.640145081000522
"S1pr5","brown",0.694777692012254
"Rskr","blue",0.788785294101893
"Gnmt","green",0.671199248088676
"Zfp947","blue",0.621293764697381
"Slc45a3","brown",0.743037780499729
"Ccn1","blue",0.760600543528163
"Aldh1a2","blue",0.609402457848761
"Ak7","blue",0.759381546000722
"Cdkl4","brown",0.706101060831326
"S1pr4","brown",0.770457268903964
"Fbxo2","blue",0.489689870279644
"Kcng4","blue",0.687499906848344
"Lrrc34","brown",0.673399843848405
"Col5a3","blue",0.646090838075665
"Gm34921","blue",0.884497373926535
"Gpr21","brown",0.527878655251922
"Gm33023","brown",0.616627440699756
"Bnip5","blue",0.687384578342253
"Gm13199","brown",0.888663784000646
"Gm3182","blue",0.708264636105708
"M1ap","brown",0.525868736330251
"Angpt2","blue",0.673317130212577
"Bmerb1","brown",0.712434856105035
"Ddx25","blue",0.786939222844809
"Plk1","brown",0.394585491151754
"Islr","green",0.484552100365567
"Ifitm6","brown",0.3206305367839
"Anxa9","brown",0.673421324682825
"D330050G23Rik","brown",0.628632919536475
"Cdo1","brown",0.622283414211869
"Adamtsl4","blue",0.674371239148483
"Pimreg","green",0.498058295799882
"Ptgs2","blue",0.731254630356933
"Ngef","blue",0.725242881116759
"Or6c201","greenyellow",0.905606645720713
"Pnma1","blue",0.374795168125108
"Melk","black",0.792558758869071
"Mcemp1","blue",0.513217570160532
"Crb3","grey",-0.339930187346267
"Gm5420","blue",0.706655122303244
"Plppr5","brown",0.441391636688597
"Ptpn5","blue",0.704942952404995
"Lnx1","blue",0.677721407650064
"Kif7","blue",0.548306155922372
"Tspan8","brown",0.296662467184766
"1700003M07Rik","blue",0.571936674751098
"Pcsk4","brown",0.55846712665907
"Fam78b","blue",0.789737410656326
"Pfkfb1","blue",0.617555799616764
"Txnrd3","blue",0.415382306494246
"Trim17","blue",0.628618693399596
"Mocos","blue",0.580062697405259
"Gm12216","brown",0.72583456766551
"Cenpu","blue",0.635653632516473
"Pipox","brown",0.641724378673497
"Cdh3","blue",0.533494115762044
"Mexis","blue",0.480239394291502
"Perm1","blue",0.527858245348622
"Foxc2","blue",0.57540767051511
"Lrrc18","blue",0.685991647545395
"Lrrc14b","blue",0.432785393131412
"Gper1","black",0.738316091667422
"Zfp582","blue",0.587233231962332
"Ska3","brown",0.573220443697054
"Stil","blue",0.69010145244624
"Arxes1","blue",0.429436162242383
"N4bp3","brown",0.44346535041191
"Dmc1","tan",0.536801633307217
"Gnai1","blue",0.435450426624763
"Ct55","brown",0.697276624845295
"Macroh2a2","blue",0.658677634119264
"St18","blue",0.589545334607247
"Rec114","brown",0.633610714831946
"Spaar","blue",0.768244860254978
"Efna1","blue",0.433052286092901
"Ica1","brown",0.499718627399686
"Gm32261","blue",0.606846194625596
"Pemt","brown",0.552890897305534
"Cdc6","black",0.807980757085701
"Pdyn","blue",0.660270940994678
"Esam","blue",0.47263769216452
"Hebp2","brown",0.5193452273432
"Derl3","blue",0.629588486348804
"Pcdhb18","brown",0.563144606465789
"Gjb2","blue",0.789713790685642
"A430078I02Rik","black",0.910136300613193
"1600023N17Rik","brown",0.633649673348009
"Maneal","blue",0.780922328315264
"Cth","blue",0.655731794222926
"Adam4","brown",0.661497673475162
"Cyp4f41-ps","blue",0.81392600249243
"Erg","blue",0.445505983821584
"Gask1a","blue",0.626861565293106
"Fkbp10","brown",0.555848817690435
"Ribc1","brown",0.576425871570042
"Mgarp","blue",0.605592034510716
"Omd","blue",0.752531177222539
"Itgbl1","brown",0.469113723466554
"Cxcl2","blue",0.378998154731659
"Nup210l","brown",0.555033178639109
"Eid3","brown",0.555447448934494
"Cdca5","brown",0.669093779756574
"Bmp4","blue",0.763374062142894
"Ppm1n","blue",0.591769192382549
"Gm38414","blue",0.684549650050495
"Eps8l2","green",0.555658280516039
"Cnih2","brown",0.785694596011598
"B430105G09Rik","brown",0.532177962768117
"BC030343","blue",0.741896529038773
"Hpca","blue",0.674484115738141
"Sh3yl1","brown",0.664947734240204
"Gm33318","tan",0.654088853617912
"Mcm8","brown",0.568943956833385
"Speer4a3","brown",0.680484567850485
"Adam11","brown",0.626172596393764
"Pard6b","blue",0.591147913227972
"Paqr5","blue",0.647599537948301
"1700001G11Rik","brown",0.558202852512819
"Gpr75","blue",0.664411760897445
"Sox7","blue",0.578935934985277
"Susd4","blue",0.371077480227832
"Zfp551","blue",0.66765385493994
"Tlr11","brown",0.685117675100914
"D030047H15Rik","blue",0.536618940702547
"Pcbd1","blue",0.201046061837234
"Podn","green",0.50795053390643
"Parpbp","blue",0.507792994891821
"Pgr15l","blue",0.766812623244111
"Capn11","brown",0.593320593523998
"Nscme3l","blue",0.362548078884046
"Dusp9","brown",0.651552619990867
"Serpinb1a","brown",0.520624347922871
"Klhl4","blue",0.4806099869814
"5830428M24Rik","brown",0.814238861856589
"Matn1","blue",0.478498204412692
"Gabrr2","brown",0.454109258181639
"Or14q1-ps1","greenyellow",0.759740232304953
"Or10aa1","blue",0.684947565146593
"A830019P07Rik","blue",0.613685631633334
"Nr1h3","brown",0.733169208454303
"Eno4","blue",0.579815375788753
"1810019N24Rik","blue",0.663840394709223
"Mycbpap","blue",0.244560075499466
"9130213A22Rik","brown",0.641280999012582
"Npy1r","blue",0.408455795347825
"Pjvk","brown",0.512550221424289
"Gm7972","blue",0.584527559619954
"Gvin-ps4","grey",-0.111772222405366
"Gm5242","brown",0.707807822536108
"Spx","blue",0.3907244312727
"1810019D21Rik","brown",0.762229594697243
"3632454L22Rik","blue",0.707731952293508
"Egfl6","blue",0.618868639177781
"Ccdc169","blue",0.66955862234839
"Gm11627","brown",0.556043561954221
"AI182371","brown",0.593308121504626
"Chrnb1","brown",0.3765846200227
"Gm10220","blue",0.61954456844919
"Wfdc1","brown",0.490374657392888
"Thbs4","blue",0.54514306591944
"Gpx7","brown",0.571281639074284
"I730030J21Rik","blue",0.56251721395336
"Raet1a","brown",0.548854284893073
"Gtsf1l","green",0.578422934162881
"A330032B11Rik","blue",0.43881242699653
"Prcd","green",0.53844099734122
"Akr1c14","blue",0.434935733922676
"Tppp3","brown",0.583841735622834
"Gm32618","brown",0.53771557908295
"Gm27042","brown",0.630019508340598
"Zwilch","brown",0.642596054017351
"Rem1","blue",0.596052174304733
"Med9os","brown",0.551549350552473
"Gm11335","brown",0.552934881046276
"Tmsb15b2","brown",0.405426711793479
"Mir155hg","blue",0.388466953516883
"Scg2","brown",0.667490974009892
"Tg","blue",0.751465279450375
"Slfn1","blue",0.664140899122065
"Mterf2","brown",0.462476402325993
"4930455G09Rik","blue",0.428334114681651
"Bcl2l14","blue",0.628343079479482
"Dnajb13","blue",0.653443286185376
"Gcm2","blue",0.704479191543939
"Dll4","black",0.771027873110918
"Gjb1","blue",0.60350195645461
"Noxred1","blue",0.267730883352823
"Prrg4","blue",0.557307495995381
"Or1e17","blue",0.773366883546556
"Cenph","brown",0.623070454816313
"Depdc1b","blue",0.705467275948754
"Acy3","brown",0.672157594102629
"Dok5","blue",0.600675386630877
"Pla2g4c","blue",0.739417602533129
"Itgb7","blue",0.533916275482235
"Speer4a1","blue",0.800993378816507
"Fkbp6","grey",0.0633422821373976
"Kcnj14","blue",0.880227545669772
"Gm29036","brown",0.606487373334786
"Traf3ip2","blue",0.714125473576425
"Pira2","blue",0.565408519838135
"Serpinf2","blue",0.563467231455571
"Lmo1","brown",0.519027264701502
"Nog","blue",0.518150300400926
"Gm33044","brown",0.497839977065663
"Arg1","brown",0.546654194228289
"Gm4065","blue",0.294481553729694
"Gm15713","blue",0.436469437474021
"Gapt","blue",0.654923919317022
"2210417A02Rik","grey",0.545793844755605
"Adm","blue",0.571891311663309
"Car13","blue",0.576520505049547
"Gm10690","black",0.635105731640737
"Nat8f5","brown",0.578765539262447
"Mfap2","blue",0.678115631250702
"Or5b21","blue",0.625138698238287
"Cxcr6","blue",0.394765112230484
"Ctf1","blue",0.616192498855902
"4933427E11Rik","blue",0.7324612226908
"4930512H18Rik","brown",0.539890178228428
"Spef1l","blue",0.511229316203153
"C430042M11Rik","blue",0.586386339409439
"Smco3","brown",0.499445375641989
"Slc13a2","blue",0.681622000413027
