"pathway","pval","padj","log2err","ES","NES","size","leadingEdge"
"REACTOME_EUKARYOTIC_TRANSLATION_INITIATION",6.3266118178706e-11,6.52906339604246e-08,0.839088935621274,0.897750803451007,2.23808149844098,115,"20115/20084/19921/54217/11837/67427/20055/19951/66489/20044/27207/76846/20042/27367/14109/66475/19941/20068/65019/67186/20102/16898/19896/19982/54127/18458/19981/269261/67281/68436/20091/26451/13669/66481/19989/16785/19943/268449/20085/19988/22121/20104/19899/100503670/56040/27370/27050/319195/78294/19934/20116/270106/57294/75705/67248/20005/67115/19946/68135/66480/73830/19944/20088/67204/54709/67097/26961/57808/68052/67025/75617/20090/67671/76808/66483/20103/27176/208643/26905/19933/20054/267019/19942/226982/13681/67941/13685/114641/110954/217869/68193/16341/66085/67891/22186/68028"
"REACTOME_EUKARYOTIC_TRANSLATION_ELONGATION",4.60768751352283e-10,2.37756675697778e-07,0.814035837847908,0.919075885225334,2.22978148316857,88,"20115/20084/19921/54217/11837/67427/20055/19951/66489/20044/27207/76846/20042/27367/14109/66475/19941/20068/65019/67186/20102/16898/19896/19982/54127/19981/269261/67281/68436/20091/26451/66481/19989/16785/19943/268449/20085/19988/22121/66656/20104/19899/100503670/56040/27370/27050/319195/78294/19934/20116/270106/57294/67160/67248/20005/67115/19946/66480/19944/20088/67097/26961/55949/57808/68052/67025/75617/20090/67671/76808/66483/20103/27176/19933/20054/267019/19942/67941/114641/13627/110954/68193/67891/22186/68028"
"REACTOME_SELENOAMINO_ACID_METABOLISM",1.95574394992071e-09,6.72775918772724e-07,0.774939030136436,0.884181576006039,2.18974444627148,109,"20115/20084/19921/54217/11837/67427/20055/19951/66489/20044/27207/76846/20042/27367/14109/66475/107508/19941/20068/65019/67186/20102/16898/19896/19982/54127/19981/269261/67281/68436/20091/26451/66481/19989/16785/19943/268449/20085/19988/22121/20104/19899/100503670/56040/27370/27050/319195/78294/19934/20116/270106/57294/67248/20005/67115/19946/66480/19944/20088/67097/26961/57808/68052/67025/75617/20090/67671/76808/66483/20103/27176/19933/20054/97541/267019/19942/13722/67941/114641/110954/68193/67891/20768/22186/68028"
"REACTOME_RESPONSE_OF_EIF2AK4_GCN2_TO_AMINO_ACID_DEFICIENCY",7.38448765028838e-09,1.9051978137744e-06,0.761460801445585,0.894325110107164,2.18670221217265,96,"20115/20084/19921/54217/11837/67427/20055/19951/66489/20044/27207/76846/20042/27367/14109/66475/19941/20068/65019/67186/20102/16898/19896/19982/54127/19981/269261/67281/68436/20091/26451/66481/19989/16785/19943/268449/20085/19988/22121/20104/19899/100503670/56040/27370/27050/319195/78294/19934/20116/270106/57294/67248/20005/67115/19946/66480/11910/19944/20088/67204/67097/26961/57808/68052/67025/75617/20090/67671/76808/66483/20103/27176/26905/19933/20054/267019/19942/67941/114641/110954/68193/67891/22186/68028"
"REACTOME_NONSENSE_MEDIATED_DECAY_NMD",3.48159196201364e-07,7.18600580959615e-05,0.674962860011025,0.855395473839826,2.12057785094479,110,"20115/20084/19921/54217/11837/67427/20055/19951/66489/20044/27207/76846/20042/27367/14109/66475/19941/20068/65019/67186/20102/16898/19896/19982/54127/18458/19981/269261/67281/68436/20091/26451/66481/19989/16785/19943/268449/20085/19988/22121/20104/19899/100503670/56040/27370/27050/319195/78294/19934/20116/270106/57294/67248/20005/67115/19946/66480/19944/20088/67097/26961/326622/57808/68052/67025/75617/20090/67671/76808/66483/20103/27176/208643/19933/103677/20054/267019/19942/67941/114641/110954/68193/67891/22186/68028"
"REACTOME_SRP_DEPENDENT_COTRANSLATIONAL_PROTEIN_TARGETING_TO_MEMBRANE",6.63942316200322e-07,0.000114198078386455,0.659444398037935,0.841452828184976,2.07997766248295,107,"20115/20084/19921/54217/11837/67427/20055/19951/66489/20044/27207/76846/20042/27367/14109/66475/19941/20068/65019/67186/20102/16898/19896/19982/54127/19981/269261/67281/68436/20091/26451/66481/19989/16785/19943/268449/20085/19988/22121/20104/19899/100503670/56040/27370/27050/319195/78294/19934/20116/270106/57294/67248/20005/67115/19946/20832/66480/19944/20088/67097/26961/57808/20335/68052/67025/75617/20090/67671/76808/66483/20103/27176/19933/20054/267019/19942/20813/67941/114641/110954/68193/67891/22186/68028"
"REACTOME_CELLULAR_RESPONSE_TO_STARVATION",9.50026855592885e-07,0.000140061102138837,0.659444398037935,0.822078536802146,2.1077271920241,147,"20115/20084/19921/66335/54217/11837/67427/20055/19951/66489/20044/27207/76846/20042/27367/14109/66475/66144/19941/20068/11966/65019/67186/20102/16898/19896/19982/54127/19981/269261/67281/68436/20091/26451/66481/19989/16785/19943/268449/20085/73834/19988/22121/20104/19899/100503670/56040/27370/27050/319195/78294/19934/20116/270106/57294/67248/20005/67115/19946/66480/11910/19944/20088/67204/67097/26961/329679/57808/11964/68052/67025/75617/20090/67671/76808/66483/20103/27176/26905/19933/20054/267019/19942/67941/277854/114641/110954/11974/11984/68193/27060/67891/22186/68028"
"REACTOME_INTERFERON_ALPHA_BETA_SIGNALING",8.46532627928012e-06,0.00109202709002714,0.593325476396405,0.892803248543466,2.10961217359993,64,"20846/246730/19106/58185/17858/246728/14964/24110/54123/66141/20847/246727/56417/15958/56045/23960/231655/14991/69550/15018/327959/667373/100038882/15959/16913/78294/15975/15900"
"REACTOME_INFLUENZA_INFECTION",1.05567565072719e-05,0.00121050807950051,0.593325476396405,0.810805739863517,2.0807588039803,148,"19106/20115/20084/19921/54217/11837/67427/20055/19951/66489/20044/27207/76846/20042/27367/14109/66475/19941/20068/65019/67186/20102/16898/19896/19982/54127/19981/269261/67281/68436/20091/26451/66481/19989/16785/19943/100038882/268449/20085/19988/22121/20104/19899/100503670/19386/56040/27370/12757/27050/319195/78294/19934/20116/270106/57294/67248/20005/67115/19946/66480/108989/19944/20088/67097/26961/57808/68052/67025/75617/20090/67671/76808/66483/20103/27176/19933/20054/267019/19942/11545/67941/114641/110954/68193/15519/67891/22186/68028"
"REACTOME_INTERFERON_SIGNALING",1.33749199205486e-05,0.0012936052744423,0.593325476396405,0.746087689876063,1.98905675489426,238,"20846/246730/19106/58185/17858/246728/14964/24110/54123/66141/20847/246727/56417/12505/20684/15958/56045/23960/94094/231655/14991/69550/74153/15018/99899/18148/71586/327959/18854/667373/217069/230073/12010/236573/22329/100038882/18753/15959/56791/19386/16913/78294/15975/15900/65972/108989/67204/57444/16391/208643/26905/74735/15040/22608"
"REACTOME_RRNA_PROCESSING",1.3788428312854e-05,0.0012936052744423,0.593325476396405,0.766280202307844,2.01402673161364,195,"20115/20084/19921/54217/11837/67427/20055/19951/66489/20044/27207/76846/20042/27367/14109/66475/19941/20068/65019/67186/20102/16898/19896/19982/54127/19981/269261/67281/68436/20091/26451/66481/19989/16785/19943/268449/20085/19988/22121/20104/19899/100503670/56040/27370/27050/319195/78294/19934/20116/270106/57294/67248/20005/67115/17975/19946/66480/19944/20088/67097/26961/57808/68052/67025/75617/20090/67671/76808/66483/20103/27176/19933/20054/267019/19942/67941/114641/110954/18572/68193/66878/67891/22186/68028/75416/14113"
"REACTOME_ACTIVATION_OF_THE_MRNA_UPON_BINDING_OF_THE_CAP_BINDING_COMPLEX_AND_EIFS_AND_SUBSEQUENT_BINDING_TO_43S",2.06728043131923e-05,0.00177786117093454,0.575610261071129,0.889640435236889,2.07993225035633,59,"20115/20084/67427/20055/20044/27207/76846/20042/14109/66475/20068/20102/16898/54127/18458/20091/13669/66481/16785/20085/20104/27370/27050/78294/20116/57294/75705/68135/73830/20088/67204/54709/67097/68052/75617/20090/20103/208643/26905/20054/267019/13681/67941/13685/16341/66085"
"REACTOME_REGULATION_OF_EXPRESSION_OF_SLITS_AND_ROBOS",2.63733600217002e-05,0.00209363904172266,0.575610261071129,0.800857234489445,2.05522810146328,148,"20115/20084/19921/54217/11837/67427/20055/19951/66489/20044/27207/76846/20042/27367/14109/66475/19941/20068/65019/67186/20102/16898/19896/19982/54127/18458/19981/269261/67281/68436/20091/26451/66481/19989/16785/19943/268449/20085/19988/22121/20104/19899/100503670/56040/27370/27050/319195/78294/19934/20116/270106/57294/67248/20005/67115/19946/66480/19944/20088/67097/20422/26961/67673/326622/57808/68052/67025/75617/20090/67671/76808/66483/20103/27176/208643/19933/20054/267019/19942/67941/114641/110954/26445/68193/67891/22186/68028"
"REACTOME_VISUAL_PHOTOTRANSDUCTION",3.44206073172394e-05,0.00253729048224221,0.557332238758646,0.883571631225057,2.09333709513568,66,"16956/11816/20970"
"REACTOME_SARS_COV_1_MODULATES_HOST_TRANSLATION_MACHINERY",3.85636267861523e-05,0.00265317752288728,0.557332238758646,0.938256731522197,2.06192484703583,35,"20115/20084/67427/20055/20044/27207/76846/20042/14109/66475/20068/20102/16898/54127/20091/66481/16785/20085/15382/20104/27370/27050/78294/20116/57294/20088/67097/68052/75617/20090/20103/20054/267019/67941/13627"
"REACTOME_METABOLISM_OF_FAT_SOLUBLE_VITAMINS",5.70648906249702e-05,0.00366653535996054,0.557332238758646,0.936031079815249,2.04925320956849,34,"16956/11816/20970"
"REACTOME_TRANSLATION",6.03983537977996e-05,0.00366653535996054,0.557332238758646,0.693273653299312,1.87456380883296,287,"20115/20084/19921/54217/11837/67427/20055/19951/66489/20044/27207/76846/20042/27367/14109/66475/107508/19941/20068/65019/67186/20102/16898/19896/19982/54127/18458/19981/269261/67281/68436/20091/26451/13669/66481/19989/16785/19943/268449/20085/19988/22121/66656/22321/20104/19899/100503670/56040/27370/27050/319195/78294/68836/19934/20116/270106/57294/75705/67160/67248/20005/67115/19946/20832/68135/66480/73830/19944/20088/67204/54709/67097/26961/55949/57808/20335/68052/67025/75617/20090/67671/76808/66483/20103/27176/208643/26905/19933/20054/97541/267019/19942/20813/66292/13722/226982/13681/67941/13685/114641/13627/110954/217869/68193/16341/66085/66047/67891/22186/68028"
"REACTOME_METABOLISM_OF_VITAMINS_AND_COFACTORS",0.00015217899742177,0.00872492918551484,0.518848077743792,0.761374934877001,1.96782916970101,163,"16956/11816/20970/18605/17769/59027/547253/109754/107476/16971/11813/80285/18606/14104/14873/14528/108037/27973/14276/192185/15519/671535"
"REACTOME_METABOLISM_OF_AMINO_ACIDS_AND_DERIVATIVES",0.000192306056827594,0.0104452552971619,0.518848077743792,0.673127520303485,1.82007986751909,290,"20115/107272/20084/19921/18245/54217/11837/67427/20055/19951/66489/20044/27207/76846/20042/27367/14109/66475/107508/19941/20068/65019/67186/20102/16898/19896/192166/19982/54127/19981/269261/67281/68436/20091/26451/66481/19989/16785/19943/268449/20085/19988/22121/234967/20104/19899/100503670/20229/56040/27370/27050/319195/78294/19934/20116/270106/57294/67248/20005/67115/100434/19946/66480/67092/19944/20088/14660/67097/20422/26961/57808/68052/67025/75617/20090/67671/76808/66483/20103/27176/19933/14718/20054/97541/267019/19942/13722/66071/67941/114641/110954/109900/26445/66885/102857/68193/93747/110391/67891/20768/22186/68028"
"REACTOME_PLASMA_LIPOPROTEIN_REMODELING",0.000207392562319659,0.0107014562156944,0.518848077743792,0.942334349254856,1.97640215403294,24,"16956/11816/11307"
"REACTOME_ASPARAGINE_N_LINKED_GLYCOSYLATION",0.000241617030867985,0.0118737512312267,0.518848077743792,-0.454486180758939,-1.50991302889198,287,"66676/22190/22142/22151/67075/54613/192193/75841/20448/73710/66913/23802/193813/56737/20454/89867/14595/223455/97484/217664/269523/269181/17308/21787/67665/22644/109154/57370/99683/22143/11843/70349/67819/77038/53334/193670/19359/19324/56418/102580/20333/68581/66682/228998/69654/56386/242362/52036/21802/17155/54130/54161/56334/68947/20444/69162/56375/227619/75540/14827/68137/66597/67511/12793/68292/116891/16430/70361/66397/234730/214895/14376/13200/15275/59042/54342/56444/50798/22187/53618/108123/66357/24060/67857/109785/338337/213827/77371/208211/207352/207958/227648/380959/22428/60409/103963/110379/20014/54399/107652/57170/20338/74498/66789/16834"
"REACTOME_SIGNALING_BY_ROBO_RECEPTORS",0.000255893801890602,0.0120037456159591,0.49849310876659,0.715242977048589,1.87811499886288,193,"20115/20084/19921/54217/11837/18186/67427/20055/19951/66489/20044/27207/76846/20042/27367/14109/66475/19941/20068/65019/67186/20102/16898/19896/19982/54127/18458/19981/269261/67281/68436/20091/26451/66481/19989/16785/19943/268449/20085/19988/22121/20104/19899/100503670/56040/27370/27050/319195/78294/19934/17925/20116/270106/57294/67248/20005/67115/19946/66480/19944/20088/67097/20422/26961/67673/326622/57808/68052/67025/75617/20090/67671/76808/66483/20103/27176/208643/19933/20054/267019/19942/67941/114641/110954/26445"
"REACTOME_INTERFERON_GAMMA_SIGNALING",0.00041313468206692,0.0185371735605679,0.49849310876659,0.820551915625151,1.98593633067607,86,"20846/246730/246728/14964/54123/246727/12505/20684/23960/94094/231655/14991/15018/18854/217069/12010/236573/22329/18753/15900/65972/16391/74735/15040/22608"
"REACTOME_SARS_COV_2_MODULATES_HOST_TRANSLATION_MACHINERY",0.000706420869489119,0.0303760973880321,0.477270815362862,0.88358274764359,2.01578569141114,48,"20115/20084/67427/20055/20044/27207/76846/20042/14109/66475/20068/20102/16898/54127/20091/66481/16785/20085/20104/27370/27050/78294/20116/57294/20088/67097/68052/75617/20090/20103/20054/267019/67941/69878"
"REACTOME_FOXO_MEDIATED_TRANSCRIPTION_OF_OXIDATIVE_STRESS_METABOLIC_AND_NEURONAL_GENES",0.000832694928248794,0.0330515833058752,0.477270815362862,-0.811502984158628,-1.82974011660254,22,"243743/433759/14815/17127/56484/17126/56458"
"REACTOME_SENSORY_PERCEPTION",0.000803380351367494,0.0330515833058752,0.477270815362862,0.736320868144898,1.90093490509602,161,"16956/11816/20970/16518/17886/13823/67972/20740/104111/12289/16971/11813/17524"
"REACTOME_INTRACELLULAR_SIGNALING_BY_SECOND_MESSENGERS",0.00215853291947069,0.082503924921991,0.431707695803346,-0.428648314935555,-1.4175807865733,273,"30955/18718/320207/18750/433759/19211/22190/14388/110355/16476/19108/56484/19053/54484/12912/19821/17874/11651/55984/26440/108083/11514/19052/327826/22034/14784/18708/69077/56692/68441/68031/18591/213988/19353/11909/19646/66413/11798/18754/22123/21802/56458/12151/18574/13982/18749/51792/268980/70247/19181/229542/56637/226849/12576/56436/22059/19167/18719/73699/12995/22187/268706/26413/12322/56212/23996/234366/26422/16337/74370/17463/19172/16440"
"REACTOME_ANTIVIRAL_MECHANISM_BY_IFN_STIMULATED_GENES",0.00229693669172048,0.0846585237805549,0.431707695803346,0.732696035127156,1.86528765746644,139,"20846/246730/19106/17858/246728/24110/246727/56417/23960/231655/74153/18148/667373/217069/230073/100038882/56791/19386/78294/108989/67204"
"REACTOME_SARS_COV_2_HOST_INTERACTIONS",0.00259350259350259,0.0922929198791268,0.335068558717014,0.684831665024278,1.78921352057974,185,"20846/14964/20115/54123/20847/56489/20084/14991/24088/67427/20055/15018/20044/27207/76846/20042/14109/66475/20068/71586/20102/73158/16898/54127/218035/217069/230073/20091/12010/66481/77573/16785/100038882/20085/20104/19386/27370/27050/78294/15975/20116/57294/22031/108989/20088/23797/67097/68052/75617/20090/20103/20054/15040/267019/67941/22627/69878/15006/14990/21897/15519/56208/20643/66589/22186"
"REACTOME_SARS_COV_2_INFECTION",0.00316696224980998,0.108943501393463,0.291090917251384,0.628103936199123,1.69482584120773,279,"20846/14964/20115/54123/20847/20970/56489/20084/14991/24088/13039/75608/18186/67427/547253/20055/15018/20044/27207/76846/20042/14109/66475/20068/71586/17158/20102/73158/16898/54127/218035/217069/67695/230073/20091/12010/66481/77573/16785/100038882/20085/20104/19386/27370/27050/78294/15975/20116/57294/22031/68953/108989/20088/23797/67097/68052/75617/20090/20103/80285/20054/15040/267019/67941/22627/69878/15006/14990/21897/15519/671535/56208/20643/66589/22186"
"REACTOME_ERK_MAPK_TARGETS",0.00393873085339169,0.127025242803994,0.34452128726268,-0.781636095951628,-1.76239761192021,22,"20111/235584/67603/19053/19052/17258/26416/17260/51792/73699/26413/73086"
"REACTOME_LAMININ_INTERACTIONS",0.00405496733498536,0.127025242803994,0.34452128726268,-0.745876115921281,-1.76765976014303,28,"18074/16410"
"REACTOME_PLASMA_LIPOPROTEIN_ASSEMBLY_REMODELING_AND_CLEARANCE",0.00406185369431377,0.127025242803994,0.407017918923954,0.831451729746848,1.9599906993374,63,"16956/11816/320024/67963/11307/20652/20778/12757/78294/11303/11813/11425/16889/11812/76483"
"REACTOME_ISG15_ANTIVIRAL_MECHANISM",0.00561978163134232,0.15674634171744,0.245188063659135,0.777741727377946,1.84972574807333,70,"20846/19106/17858/24110/74153/667373/217069/230073/100038882/56791/19386/78294/108989"
"REACTOME_MAPK_TARGETS_NUCLEAR_EVENTS_MEDIATED_BY_MAP_KINASES",0.00525594149908592,0.15674634171744,0.303779434551183,-0.719692122312909,-1.73963656046028,31,"20111/235584/67603/16476/19053/12912/19052/17258/26416/11909/17260/51792/73699/26413"
"REACTOME_NEUTROPHIL_DEGRANULATION",0.00561272217025257,0.15674634171744,0.208826601974224,0.564458985472502,1.57121049133885,436,"16411/15951/14190/16592/14964/13030/12505/64138/74012/16854/13033/13058/11605/233186/72042/67963/69550/24088/110006/18746/12306/14319/19264/19156/53378/14325/17105/15018/28240/14824/21858/14751/14387/109754/11821/20972/19877/226695/12091/12266/16004/20740/14127/13036/235567/12512/102595/12010/14191/18753/73834/18173/76763/17159/19263/16783/78388/94176/80910/22177/71728/76025/380924/18793/19025/13040/15442/11980/11783/17319/29875/11758/18103/20813/73690/11501/16409/26949/59026/16414/71517/108078/13627/13014/20619/12267/14667/76295/83768/27357/14276/11984/246256/12461/53381/433375/18648/71665/55950/14990/15519/27060/11674/20719/13057/12514/14590/18733/50917"
"REACTOME_TRANSCRIPTIONAL_REGULATION_OF_WHITE_ADIPOCYTE_DIFFERENTIATION",0.00559910414333707,0.15674634171744,0.245188063659135,0.783890480855315,1.87502788930989,76,"16956/229003"
"REACTOME_SARS_COV_INFECTIONS",0.00581464340809303,0.157913473609263,0.206652311234449,0.573444630521217,1.5851515282306,393,"20846/232975/14964/20115/54123/20847/20970/56489/107932/20084/58203/14991/69550/24088/13039/75608/18186/67427/547253/20055/15018/20044/27207/76846/11928/20042/18148/14109/66475/20068/71586/17158/20102/73158/16898/19877/54127/218035/217069/67695/230073/20091/12010/66481/77573/16785/18521/100038882/20085/15382/20104/18566/19386/27370/27050/78294/15975/20116/11933/57294/22031/68953/108989/20088/23797/67097/228005/94246/216848/58194/68052/75617/20090/20103/80285/20054/15040/267019/67941/22627/18787/69878/13627/60406/18035/15006/14990/21897/15519/671535/56208/20643/66589/22186"
"REACTOME_IMMUNOREGULATORY_INTERACTIONS_BETWEEN_A_LYMPHOID_AND_A_NON_LYMPHOID_CELL",0.00615724660562046,0.162930217871803,0.232056818075608,0.764738989685417,1.84876515129474,85,"12483/14964/328833/246746/233186/14991/15018/217304/12266/12010/22329/20612/22177/19294/15040/75345/16414/319352/17123/15006/246256/231805/14990"
"REACTOME_DEACTIVATION_OF_THE_BETA_CATENIN_TRANSACTIVATING_COMPLEX",0.00644545237526856,0.166292671281929,0.279865652661932,-0.666495406217524,-1.68318300670509,40,"433759/22190/21887/20677/77578/80288/21888/11651/22631/11798/23808/13016/17283/68911/22187/20682/381022/213464/21416"
"REACTOME_FOXO_MEDIATED_TRANSCRIPTION",0.00678733031674208,0.170842070411654,0.279865652661932,-0.60971114669113,-1.63554047804458,56,"243743/433759/56338/14815/17127/12452/18044/56484/328572/11651/22631/17126/56458/12576/13198"
"REACTOME_ACTIVATION_OF_NMDA_RECEPTORS_AND_POSTSYNAPTIC_EVENTS",0.00704607046070461,0.173132017034456,0.285313392143872,-0.556807141012215,-1.58019076759497,83,"20111/22142/22151/12361/19108/19079/73710/12912/55984/22343/11514/22143/19353/18749/216963/26413/12322/26422/13383"
"REACTOME_ADIPOGENESIS",0.00756990576239765,0.180188569433128,0.206652311234449,0.740224973862165,1.80985315107735,97,"16956/229003/107932/20185"
"REACTOME_NOTCH3_INTRACELLULAR_DOMAIN_REGULATES_TRANSCRIPTION",0.00768245838668374,0.180188569433128,0.223479119117479,0.862152801133638,1.80823362176435,24,"20846"
"REACTOME_TCF_DEPENDENT_SIGNALING_IN_RESPONSE_TO_WNT",0.00788584303417199,0.180848666917011,0.318279675040437,-0.451547271967319,-1.43452197110925,188,"433759/22190/21887/20677/27373/77578/328572/19053/80288/21888/11651/26440/19052/14366/69077/22631/68031/56505/66413/11798/66313/93687/22123/23808/81601/13016/51792/70247/19181/214498/56637/226849/17283/56436/107515/19167/18719/73699/68911/12995/22187/20682/381022/23996/213464/17463/19172/21416"
"REACTOME_ARACHIDONATE_METABOLISM",0.00826251180358829,0.18399067210081,0.245188063659135,-0.661921993750179,-1.66518168043161,39,"19224/15446/11690/56351/17001/23887/11689"
"REACTOME_ASSEMBLY_OF_COLLAGEN_FIBRILS_AND_OTHER_MULTIMERIC_STRUCTURES",0.00837942014412603,0.18399067210081,0.204544131818546,0.774398083901132,1.78680864362241,53,"16948/13030/13039/13518/13040"
"REACTOME_NERVOUS_SYSTEM_DEVELOPMENT",0.0086996336996337,0.187042124542125,0.165406383146814,0.534774428904421,1.50113764583287,500,"20115/12517/20084/19921/54217/11837/19264/53378/18186/67427/20055/19951/17886/16402/66489/20044/27207/76846/20042/27367/14109/66475/19941/20068/65019/67186/20102/16898/19877/19896/74117/20740/19982/54127/18458/19981/269261/67281/68436/20091/26451/66481/17390/19989/16785/19943/268449/20085/19988/22121/54126/18717/20104/19899/100503670/56040/27370/12757/27050/319195/78294/19934/17925/22177/20116/270106/18187/17937/57294/67248/20005/67115/12289/19946/66480/19944/20088/67097/20422/26961/67673/58194/11867/14389/326622/57808/68052/67025/75617/20090/67671/76808/66483/20103/27176/208643/19933/17904/20054/20354/384783/267019/19942/67941/114641/17936/110954/26445/21894/12631/71653/15461/17698/68193/56705/67951/20586/14360/18738/15519/16885/67891/20742/22186/68089/68028"
"REACTOME_SIGNALING_BY_NTRKS",0.00890663390663391,0.187584616156045,0.269842314478839,-0.496584775985108,-1.49570810922585,122,"20111/235584/14388/64143/17095/67603/26395/12569/19277/17261/328572/19053/12912/13430/19052/327826/14784/18708/17258/26416/211770/107746/19353/11909/12928/19769/19280/12929/17260/71770/58202/51792"
"REACTOME_NEGATIVE_REGULATION_OF_THE_PI3K_AKT_NETWORK",0.0102011901388495,0.210552564465854,0.241698386096655,-0.523900590590177,-1.52562303785911,97,"30955/18718/320207/19211/14388/19053/17874/11651/108083/19052/327826/22034/14784/18708/18591/19353/21802/13982/51792/268980/226849/18719/73699/26413/56212/16337"
"REACTOME_MAPK_FAMILY_SIGNALING_CASCADES",0.0106333795654184,0.215169562970819,0.303779434551183,-0.405144136798992,-1.3394323774957,271,"16194/235584/19731/22190/67603/16416/12988/16476/16195/18479/26395/109689/56484/54519/19053/26440/19052/327826/19060/17979/14784/18708/69077/81489/11461/56692/12540/19414/70686/18591/213988/19353/211255/66413/22123/21802/114715/56458/208884/224105/19046/18749/51792/70247/19181/226849/18015/56436/19167/73699/22330/109905/26403/22187/26413/12322/23996/57437/57295/13383/17463/19172/20662/56392/235072/18706"
"REACTOME_CYTOPROTECTION_BY_HMOX1",0.0127069051997994,0.222263155359202,0.165406383146814,0.749375524850436,1.7299601688959,54,"229003/12857/20463/20185/17708/15368/12862/12868/17992/12867/20602/12859/17709/66142/12861/110323/233016/17977/12864"
"REACTOME_DEGRADATION_OF_THE_EXTRACELLULAR_MATRIX",0.0123512577195361,0.222263155359202,0.159153456855406,0.698196623273242,1.73206860357488,111,"13030/20750/12505/13033/13039/14268/11502/21858/17390/13040/12215/11504/11501/12336/17387/12333/226519"
"REACTOME_EPIGENETIC_REGULATION_OF_GENE_EXPRESSION_BY_MLL3_AND_MLL4_COMPLEXES",0.0126695483678641,0.222263155359202,0.15627914647544,0.689836621965689,1.71975405049325,115,"16956/11520/20185/20250/68024"
"REACTOME_GROWTH_HORMONE_RECEPTOR_SIGNALING",0.0125656414103526,0.222263155359202,0.17632375173773,0.864889520744535,1.76725556875521,20,"20846"
"REACTOME_ION_HOMEOSTASIS",0.0120338983050847,0.222263155359202,0.171214318379654,0.772438008736689,1.75650088391103,47,"232975/65973/11928/67972/11933/109552"
"REACTOME_NEDDYLATION",0.0117790414297319,0.222263155359202,0.269842314478839,-0.425035010228021,-1.37386085290119,218,"242521/22190/27784/14154/50789/65256/66105/240263/75717/269523/26440/83962/22346/69077/232539/320808/211255/66413/230654/22123/56550/207952/102323/234664/54607/70247/114893/19181/78889/224111/399566/101358/56436/226541/26965/19167/52245/22192/22187/50933/23996/14155/213464/242785/233805/18412/224023/80913/78541/17463/19172/216080/71599/26895/233902/223499/71902/217194/66498/103583/117590/209239/269529/142688/26894/13194/107986/30843"
"REACTOME_SARS_COV_1_HOST_INTERACTIONS",0.011943539630836,0.222263155359202,0.164313492356652,0.713976139842287,1.73983937327046,93,"20115/56489/20084/69550/67427/20055/20044/27207/76846/20042/18148/14109/66475/20068/71586/20102/16898/54127/217069/230073/20091/66481/16785/18521/20085/15382/20104/27370/27050/78294/20116/57294/22031/20088/67097/228005/68052/75617/20090/20103/20054/267019/67941/22627/18787/13627/18035"
"REACTOME_SCAVENGING_BY_CLASS_A_RECEPTORS",0.0120271580989331,0.222263155359202,0.183397180948084,0.886495344124536,1.73483708034738,15,"11816/14319/14325"
"REACTOME_TRANSPORT_TO_THE_GOLGI_AND_SUBSEQUENT_MODIFICATION",0.01294033069734,0.222573687994249,0.241698386096655,-0.447973661617768,-1.40310664164057,169,"66676/22142/22151/73710/66913/193813/89867/14595/97484/217664/269181/17308/21787/67665/57370/99683/22143/11843/70349/77038/53334/19324/56418/20333/68581/66682/228998/69654/56386/242362/52036/21802/17155/54130/54161/56334/68947/69162/56375/68137/67511/12793/70361/66397/214895/59042/56444/53618/108123/67857/338337/213827/77371/207352/227648/22428/60409/110379/54399/74498/16834/56389"
"REACTOME_REGULATION_OF_INSULIN_LIKE_GROWTH_FACTOR_IGF_TRANSPORT_AND_UPTAKE_BY_INSULIN_LIKE_GROWTH_FACTOR_BINDING_PROTEINS_IGFBPS",0.0133416071982625,0.225713748009949,0.155354732375283,0.704883111838311,1.71928631025452,94,"12977/11816/20750/80752/11804/16000/16852/14268/11820/12266/17390/12268/66940"
"REACTOME_DDX58_IFIH1_MEDIATED_INDUCTION_OF_INTERFERON_ALPHA_BETA",0.0143112701252236,0.237718306319889,0.1535535368591,0.730546444653663,1.72212551339708,63,"80861/54123/434341/56489/74153/11820/71586/217069/230073/18521/100038882/56791/18034/78294/22031/270151"
"REACTOME_INTERLEUKIN_17_SIGNALING",0.0145118733509235,0.237718306319889,0.194887297433682,-0.560305300481562,-1.54258954732546,68,"68652/20111/235584/22190/67603/16476/26395/19053/12912/16172/19052/22034/17258/26416/11909/93765/17260/51792/26965/73699/22187/26413"
"REACTOME_INTERLEUKIN_12_FAMILY_SIGNALING",0.0148312308216843,0.239153596999659,0.154446348855961,0.764869907082533,1.72982940285357,45,"20846/12306/11837/16906/20849/17319/19188/14873/21454/16162/12631/17698/18738/20655/16160/18826/15526/66162"
"REACTOME_G_ALPHA_Q_SIGNALLING_EVENTS",0.0153144346692734,0.243146101210617,0.211070537868325,-0.462810798564095,-1.41812015021597,139,"58861/19735/20111/18750/23945/19204/14676/66082/110355/14702/56470/223435/12912/14784/18708/67168/18754/12229/14693"
"REACTOME_DEGRADATION_OF_BETA_CATENIN_BY_THE_DESTRUCTION_COMPLEX",0.0160128102481986,0.243895791992778,0.186472629239996,-0.548774881157147,-1.52700204591624,72,"433759/22190/21887/19053/21888/26440/19052/69077/66413/93687/22123/13016/51792/360216/70247/19181/56637/226849/56436/26965/19167/73699/22187/23996/13017/17463/19172/21416"
"REACTOME_SARS_COV_1_INFECTION",0.0160706529607644,0.243895791992778,0.136483198012004,0.648471064212858,1.64806201185608,137,"20115/56489/20084/69550/13039/75608/67427/547253/20055/20044/27207/76846/20042/18148/14109/66475/20068/71586/20102/16898/54127/217069/230073/20091/66481/16785/18521/20085/15382/20104/27370/27050/78294/20116/57294/22031/68953/20088/67097/228005/68052/75617/20090/20103/80285/20054/267019/67941/22627/18787/13627/18035/671535/56208/22186"
"REACTOME_SIGNALING_BY_PDGFR_IN_DISEASE",0.0159414853713428,0.243895791992778,0.15627914647544,0.851135837802734,1.73915224204492,20,"20846"
"REACTOME_ACYL_CHAIN_REMODELLING_OF_PC",0.0203562340966921,0.244708790359957,0.146922135732098,-0.744339963439432,-1.6214383153292,18,"270084/14792/210992"
"REACTOME_ASSEMBLY_AND_CELL_SURFACE_PRESENTATION_OF_NMDA_RECEPTORS",0.0173731758165393,0.244708790359957,0.166521148019972,-0.641241126653024,-1.58447046096186,35,"22142/22151/12361/73710/22343/22143"
"REACTOME_BMAL1_CLOCK_NPAS2_ACTIVATES_CIRCADIAN_EXPRESSION",0.0166544655929722,0.244708790359957,0.150964206987421,0.838265491923102,1.74883052230435,23,"229003/59027/20893/79362/18787/17977"
"REACTOME_CARDIAC_CONDUCTION",0.0203923991966631,0.244708790359957,0.124978791119589,0.67027659736512,1.63882907855059,97,"232975/16518/65973/11928/67972/15258/11933/109552"
"REACTOME_DIFFERENTIATION_OF_KERATINOCYTES_IN_INTERFOLLICULAR_EPIDERMIS_IN_MAMMALIAN_SKIN",0.0186205586167585,0.244708790359957,0.145392780236481,0.857269533772512,1.71141880087729,17,"16592/121021"
"REACTOME_EPIGENETIC_REGULATION_BY_WDR5_CONTAINING_HISTONE_MODIFYING_COMPLEXES",0.0183629893238434,0.244708790359957,0.126448470699906,0.633199887357213,1.6223126927685,146,"16956/11520/20185/20250/665775/68024"
"REACTOME_FC_EPSILON_RECEPTOR_FCERI_SIGNALING",0.0198776758409786,0.244708790359957,0.179054499269993,-0.471599682104802,-1.41125653597513,118,"68652/22190/18021/16476/18479/18018/20963/17096/26440/16822/22034/14784/18708/69077/19055/19353/93765/66413/12229/22123/56550/224105/70247/19181/234779/19697/56436/240354/26965/19167/18019/22187/26413/23996/17463/19172/16440/216080/20662/18706/18803/18607/18761/103583/26398/21682"
"REACTOME_FGFR1_MUTANT_RECEPTOR_ACTIVATION",0.0197657393850659,0.244708790359957,0.138395468894856,0.828864890573025,1.72921852738456,23,"20846/13047/16978/75296/14389"
"REACTOME_GAP_JUNCTION_TRAFFICKING_AND_REGULATION",0.0169798505773149,0.244708790359957,0.166521148019972,-0.670203205077647,-1.60877139958989,30,"21872/22142/22151/73710/13430/22143/11461"
"REACTOME_MECP2_REGULATES_NEURONAL_RECEPTORS_AND_CHANNELS",0.0165030290369751,0.244708790359957,0.162190534576841,-0.768974458754251,-1.63149830616177,16,"433759/17257/12912"
"REACTOME_MUSCLE_CONTRACTION",0.0194326241134752,0.244708790359957,0.122637391177921,0.628664156753015,1.61444836806101,149,"232975/22352/326618/16518/12306/65973/11928/67972/15258/11933/11669/109552/17904/16419/21894/100986/20410/12313/67938/110891/98932/20266/80334"
"REACTOME_PKR_MEDIATED_SIGNALING",0.01901079426454,0.244708790359957,0.132308522605383,0.708480548319786,1.67851542599166,66,"20846/19106/56417/18148/217069/100038882/56791"
"REACTOME_SARS_COV_2_ACTIVATES_MODULATES_INNATE_AND_ADAPTIVE_IMMUNE_RESPONSES",0.0191495778045838,0.244708790359957,0.12745704201113,0.665418751643798,1.64961390315165,110,"20846/14964/54123/20847/56489/14991/24088/15018/71586/73158/217069/230073/12010/100038882/19386/78294/15975/22031/108989/15040/15006/14990/21897/15519/56208/66589/22186"
"REACTOME_SIGNALING_BY_BMP",0.0185103569854561,0.244708790359957,0.157220069393743,-0.716207979065856,-1.62866585315064,23,"66105/17125/20481/66313/75788/11480/11481/17129/216080"
"REACTOME_SIGNALING_BY_CYTOSOLIC_FGFR1_FUSION_MUTANTS",0.0196746121831252,0.244708790359957,0.141072897117004,0.852309431513616,1.71376083382843,18,"20846/13047/16978/75296/14389"
"REACTOME_SIGNALING_BY_ERYTHROPOIETIN",0.0202866593164278,0.244708790359957,0.150129441088022,-0.700920823774478,-1.61033188021155,24,"30955/320207/14388/20851/17096/14784/18708/107746/12929/234779"
"REACTOME_SIGNALING_BY_PDGF",0.0179319591084297,0.244708790359957,0.139050712469267,0.737279166747939,1.70116225142434,53,"20846/20750"
"REACTOME_TRANSCRIPTIONAL_REGULATION_OF_PLURIPOTENT_STEM_CELLS",0.018767327788441,0.244708790359957,0.1535535368591,-0.743902596859756,-1.6329631401172,19,"58198/15242/17126"
"REACTOME_ION_TRANSPORT_BY_P_TYPE_ATPASES",0.0212765957446809,0.252384446074835,0.128489714653408,0.745303596310724,1.68857404050438,46,"232975/74772/11928/67972/11982/11977/11933/50771/11980/109552"
"REACTOME_AEROBIC_RESPIRATION_AND_RESPIRATORY_ELECTRON_TRANSPORT",0.0215780579747823,0.253051770795174,0.111211882754101,0.566040616266301,1.51325378081005,245,"12857/18746/17722/20463/66218/17708/12862/12868/78294/17992/76178/17711/12867/66416/67130/17719/12859/70257/17709/17716/14718/66142/22272/100900/22228/78330/11949/66046/16828/11947/67530/66916/67264/67942/67044/55951/28080/66576/12861/110323/56705/54405/67273/17705/27425/67184/12856/67126/11739/67267/22186/12864/11957/11958/71679/57423/17706/17721/12974/170718/66152/66043/66594/66128/66928/66091/15526/226757/110842/104130/66377/12858/18293/17710/108755/107029/18004/68202/66414/14297/11951/66477/17991/17717/68267/17718/208501/227197/236900/66945/66487/67876/228033/22333/595136/66278/20917/12866"
"REACTOME_COLLAGEN_DEGRADATION",0.0220698879785989,0.253120135842649,0.124978791119589,0.724673984270754,1.67293578005995,54,"13030/13033/13039/11502/17390"
"REACTOME_RESPIRATORY_ELECTRON_TRANSPORT",0.0220744304513938,0.253120135842649,0.114790404232843,0.61488894196603,1.58018874464097,151,"12857/17722/20463/66218/17708/12862/12868/17992/76178/17711/12867/66416/67130/17719/12859/17709/17716/14718/66142/22272/100900/78330/66046/67530/66916/67264/67044/66576/12861/110323/54405/67273/67184/12856/67267/12864/17721/66152/66594/66928/66091/15526/110842/104130/66377/12858/17710/108755/68202/66414/14297/17991/17717/68267/17718/208501/227197/66945/66487"
"REACTOME_COLLAGEN_FORMATION",0.0241329710723989,0.26594156536575,0.116711254186642,0.677478775336071,1.62530869514797,78,"16948/13030/13039/13518/234407/13040/18810/14789"
"REACTOME_NOTCH4_INTRACELLULAR_DOMAIN_REGULATES_TRANSCRIPTION",0.0241970021413276,0.26594156536575,0.13525091239264,-0.721764146416023,-1.60532309452365,20,"17127/328572/270118/433586/18129/15205/103806"
"REACTOME_PARACETAMOL_ADME",0.0247387502665814,0.26594156536575,0.133462622481397,-0.722031830663583,-1.58495395827642,19,"76408/20887/23887/394432/17250/239273"
"REACTOME_REGULATION_OF_KIT_SIGNALING",0.0242322958011281,0.26594156536575,0.133462622481397,-0.742344755597701,-1.57499927020694,16,"16923/18750/22612/17096/12402/14784/54607"
"REACTOME_SIGNALING_BY_NOTCH4",0.0240256273358249,0.26594156536575,0.151812881287453,-0.527366393269691,-1.46984683791021,73,"22190/17127/328572/11651/26440/270118/433586/69077/18129/22631/66413/22123/70247/19181/56436/26965/19167/11487/22187/23996/19164/17463/15205/19172/103806"
"REACTOME_TNFS_BIND_THEIR_PHYSIOLOGICAL_RECEPTORS",0.0246252676659529,0.26594156536575,0.134050934338562,-0.719614026542081,-1.60054087154018,20,"21937/21938/21935/57916"
"REACTOME_ION_CHANNEL_TRANSPORT",0.0254813956855364,0.268385825155012,0.107942085094929,0.618260084564394,1.57077898168394,136,"232975/66335/65973/74772/28240/11928/66144/67972/11966/58800/11982/73834/11977/78294/11933/50771/11980/109552/11964/26373/117160/11974/76295/11984/232341/27060/22186/63873/13830/233979/12313/320940/19766/20393"
"REACTOME_RUNX2_REGULATES_BONE_DEVELOPMENT",0.0254862508383635,0.268385825155012,0.134646973904378,-0.669517299592591,-1.5614756123021,26,"17132/11350/56275/22612/17125"
"REACTOME_ATTACHMENT_AND_ENTRY",0.0270525917517972,0.277980019508712,0.119991298354729,0.837378006377326,1.68373782734079,18,"20970/13039/18186"
"REACTOME_DEVELOPMENTAL_CELL_LINEAGES",0.0269872423945044,0.277980019508712,0.111555069436528,0.69280184102179,1.62709107256743,61,"16592/12306/14268/16149/121021"
"REACTOME_TRANS_GOLGI_NETWORK_VESICLE_BUDDING",0.027205408886027,0.277980019508712,0.110200614426747,0.683632006981573,1.62064573013943,68,"12874/21985/64138/14319/14325/11820/16004/94245/12757/68953/231580/216705/224139/11774/20619"
"REACTOME_ANTIGEN_PRESENTATION_FOLDING_ASSEMBLY_AND_PEPTIDE_LOADING_OF_CLASS_I_MHC",0.0314610735869179,0.27981466195087,0.107630389664896,0.766690711549269,1.65887493326575,31,"21354/14964/14991/15018/12010/15040/15006/14990/56208"
"REACTOME_COMPLEX_IV_ASSEMBLY",0.0305736860185503,0.27981466195087,0.10732131625112,0.728286671997996,1.63322543130337,43,"12857/20463/17708/12862/12868/17992/76178/12867/12859/17709/66142/67044/12861/110323/12856/12864/12858/17710"
"REACTOME_CO_STIMULATION_BY_CD28",0.0295614247637509,0.27981466195087,0.130086070372915,-0.577238673519528,-1.49716933345887,46,"30955/320207/18479/22612/19053/17096/11651/19052/14784/18708/12540/19353/224105/51792/226849/73699"
"REACTOME_CROSSLINKING_OF_COLLAGEN_FIBRILS",0.0291335603480893,0.27981466195087,0.115547533922279,0.827756639108302,1.66439189289037,18,"16948"
"REACTOME_DETOXIFICATION_OF_REACTIVE_OXYGEN_SPECIES",0.0319943121222894,0.27981466195087,0.106710889259626,0.764563799423181,1.65427297166888,31,"13058/11927/18477/11977/14778/11758/17972/14775/13057/56551/54683/20655"
"REACTOME_ER_TO_GOLGI_ANTEROGRADE_TRANSPORT",0.031496062992126,0.27981466195087,0.146922135732098,-0.438921008622031,-1.34823580248236,141,"66676/22142/22151/73710/66913/193813/89867/97484/21787/67665/99683/22143/11843/70349/77038/53334/19324/56418/20333/68581/66682/228998/69654/52036/21802/54130/54161/56334/69162/68137/67511/12793/70361/66397/214895/59042/56444/108123/67857/338337/213827/77371/207352/227648/22428/60409/110379/54399/74498/16834/56389"
"REACTOME_MAPK1_MAPK3_SIGNALING",0.0318201103097157,0.27981466195087,0.166521148019972,-0.395599491105765,-1.2908297544808,235,"16194/235584/19731/22190/67603/16416/12988/16195/26395/109689/54519/19053/26440/19052/327826/19060/14784/18708/69077/11461/56692/19414/70686/18591/211255/66413/22123/21802/114715/208884/19046/51792/70247/19181/226849/18015/56436/19167/73699/22330/109905/26403/22187/26413/12322/23996/57437/57295/13383/17463/19172/20662/56392"
"REACTOME_NEGATIVE_REGULATION_OF_MAPK_PATHWAY",0.0287081339712919,0.27981466195087,0.131183404131763,-0.589550554959531,-1.51219502001352,43,"235584/22190/67603/26395/19053/19052/19060/70686/51792/226849/73699/22187/26413"
"REACTOME_PHOSPHOLIPID_METABOLISM",0.0302137067059691,0.27981466195087,0.159153456855406,-0.414820981040911,-1.30969057175289,180,"270084/30955/18718/320207/23945/19211/192654/68682/68365/14792/110911/234515/210992/319934/69769/108083/75669/271457/66826/83436/18708/83493/18805/16331/99138/14245/107650/77582/218121/56018/66586/18719/170749/14555/12995"
"REACTOME_PRE_NOTCH_PROCESSING_IN_GOLGI",0.0303223070398643,0.27981466195087,0.119991298354729,-0.719324963451967,-1.56694671010863,18,"54613/16848/14595/11938/17305/18129/56334/19719"
"REACTOME_SIGNALING_BY_FGFR_IN_DISEASE",0.0317914213624895,0.27981466195087,0.104084546739236,0.703765090167435,1.61529239527444,51,"20846/13047/16978/75296/14389"
"REACTOME_SIGNALING_BY_HIPPO",0.0297644539614561,0.27981466195087,0.121736367223309,-0.707011682573331,-1.57251116970666,20,"21872/50523/232157"
"REACTOME_SIGNALING_BY_KIT_IN_DISEASE",0.031132783195799,0.27981466195087,0.111211882754101,0.811690030767967,1.65855140173618,20,"20846"
"REACTOME_SIGNALING_BY_NOTCH3",0.027974384900573,0.27981466195087,0.111211882754101,0.717090684616154,1.6380872963005,49,"20846/225164/78294"
"REACTOME_STRIATED_MUSCLE_CONTRACTION",0.0277982326951399,0.27981466195087,0.116711254186642,0.811621025258581,1.68129702116257,22,"22352/326618"
"REACTOME_SYNTHESIS_OF_PIPS_AT_THE_PLASMA_MEMBRANE",0.0307200786434013,0.27981466195087,0.128489714653408,-0.565097610564143,-1.48781043093731,50,"30955/18718/320207/19211/68365/234515/319934/108083/271457/83436/18708/16331"
"REACTOME_TURBULENT_OSCILLATORY_DISTURBED_FLOW_SHEAR_STRESS_ACTIVATES_SIGNALING_BY_PIEZO1_AND_INTEGRINS_IN_ENDOTHELIAL_CELLS",0.0319943121222894,0.27981466195087,0.106710889259626,0.764559313341277,1.65426326521398,31,"20846/56489/12306/14268/16402"
"REACTOME_BINDING_AND_UPTAKE_OF_LIGANDS_BY_SCAVENGER_RECEPTORS",0.0334158415841584,0.281397639438407,0.104084546739236,0.748385850711944,1.63844143601493,34,"11816/14319/14325/20778/16971"
"REACTOME_GASTRIN_CREB_SIGNALLING_PATHWAY_VIA_PKC_AND_MAPK",0.0332149571756841,0.281397639438407,0.113681552791533,-0.726881015501699,-1.54219055271791,16,"20111/18750/12912/14784"
"REACTOME_MATURATION_OF_SARS_COV_2_SPIKE_PROTEIN",0.0325647729973853,0.281397639438407,0.122637391177921,-0.589052427718402,-1.49659645146687,41,"67075/75965/20448/217664/269181/17308/228136/208884/20444/227619/68292/16430/14376/13200/53618/66357/57437/103963/20014"
"REACTOME_SIGNALING_BY_GPCR",0.0335386721423682,0.281397639438407,0.206652311234449,-0.350088747632059,-1.208631979195,435,"13051/11555/58861/19735/30955/20111/320207/12774/74191/18750/23945/15466/321019/19204/70839/14676/11542/66082/110355/268739/319430/14702/18479/18576/19108/109689/56470/223435/11852/19053/54598/12912/72754/11651/55984/11514/19052/14679/14366/14784/18708/19055/238871/12540/19218/67168/73341/54393/18754/12229/14693/13609/18574/230857/216152/18749/51792"
"REACTOME_SIGNALING_BY_WNT",0.0328855951829551,0.281397639438407,0.171214318379654,-0.382935044132072,-1.26510780039057,270,"18750/433759/22190/21887/14702/20677/18018/27373/77578/328572/19053/80288/21888/11651/26440/19052/14366/69077/19055/22631/68031/213988/19353/56505/66413/11798/66313/93687/22123/14693/23808/81601/71770/13016/51792/360216/70247/19181/75788/214498/56637/226849/17283/56436/107515/26965/19167/18719/73699/68911/68151/12995/22187/20682/12322/381022/23996/213464/14369/13017/17463/19172/16440/21416"
"REACTOME_ESR_MEDIATED_SIGNALING",0.0348837209302326,0.290322580645161,0.149308206900753,-0.406060561535442,-1.28716162130138,186,"268903/433759/228913/67393/21887/56351/20843/16476/14702/22278/56484/328572/12912/20683/12443/11651/14679/14228/19060/17979/18708/213988/11909/21374/21802/14693/81601/16001/18986/13982/20021/268980/17978/12576"
"REACTOME_SIGNALING_BY_WNT_IN_CANCER",0.0356489945155393,0.291982240793941,0.114790404232843,-0.625310932561719,-1.51149877317529,31,"19053/19052/14366/93687/13016/51792/56637/226849/73699/13017/21416/16973/207742/26932/14370/26931/21770/225849/84035"
"REACTOME_TGF_BETA_RECEPTOR_SIGNALING_ACTIVATES_SMADS",0.035541586073501,0.291982240793941,0.11831785640414,-0.572994137547933,-1.47976960657549,45,"21803/22190/16410/17127/16416/65112/21812/12402/230597/17126/66313/19046/75788/170749/22192/22187/19045"
"REACTOME_COPI_MEDIATED_ANTEROGRADE_TRANSPORT",0.0367790470883254,0.292758629320918,0.124978791119589,-0.479524013470719,-1.38140868866286,91,"66676/22142/22151/73710/66913/97484/67665/22143/11843/70349/77038/53334/19324/56418/68581/228998/69654/54130/54161/56334/68137/67511/59042/56444/108123/338337/213827/22428/54399/74498/16834/56389"
"REACTOME_DOWNSTREAM_TCR_SIGNALING",0.0365723438334223,0.292758629320918,0.122637391177921,-0.509964009298908,-1.42134386279083,73,"68652/19211/22190/26440/22034/18708/69077/16331/93765/66413/22123/56550/70247/19181/19697/56436/240354/26965/19167/22187/23996/17463/19172/216080/18706/18607/18761/103583"
"REACTOME_EPIGENETIC_REGULATION_OF_GENE_EXPRESSION",0.0378343949044586,0.292758629320918,0.082532787767263,0.531619949569083,1.43201242513,272,"16956/11520/107932/20185/20588/68094/20250/665775/68024/110147/17191/13435/93762/214133/22385/20602/94246/216848/319192/11569/20018"
"REACTOME_ESTROGEN_DEPENDENT_GENE_EXPRESSION",0.038280514590524,0.292758629320918,0.130086070372915,-0.443858266953497,-1.34185019761493,127,"268903/433759/228913/67393/21887/56351/20843/16476/22278/328572/20683/12443/14228/17979/213988/11909/21374/21802/81601/18986/13982/20021/17978"
"REACTOME_KIDNEY_DEVELOPMENT",0.0382969137193062,0.292758629320918,0.109869472131707,-0.640479850143801,-1.51788002607275,28,"58198/16848"
"REACTOME_RAF_INDEPENDENT_MAPK1_3_ACTIVATION",0.0363596297928603,0.292758629320918,0.111555069436528,-0.672360240935048,-1.52895555122873,23,"16194/235584/67603/16195/26395"
"REACTOME_ROS_AND_RNS_PRODUCTION_IN_PHAGOCYTES",0.0381378692927484,0.292758629320918,0.0979108420486795,0.754790626516222,1.62410234055743,30,"13058/66335/66144/11966/73834/18173/11964/11974/11984/17972/27060/13057"
"REACTOME_SIGNALING_BY_ALK_IN_CANCER",0.0372641509433962,0.292758629320918,0.0926961428741135,0.638123314978498,1.54664705957326,87,"20846/326618/14268/17886/672511/18148/81910/17454/12575/20104/19386/78294/67160/13191/108989"
"REACTOME_SIGNALING_BY_FGFR1_IN_DISEASE",0.0381378692927484,0.292758629320918,0.0979108420486795,0.754271746640022,1.62298585342603,30,"20846/13047/16978/75296/14389"
"REACTOME_SIGNALING_BY_CSF1_M_CSF_IN_MYELOID_CELLS",0.0386750223813787,0.293475169835168,0.0972120409994456,0.753249348673219,1.62078593351112,30,"20846/12977"
"REACTOME_ANTIGEN_PROCESSING_CROSS_PRESENTATION",0.0391398514851485,0.294834501698345,0.0896376494762061,0.623918259283318,1.52380016921845,95,"21354/14964/13058/14991/24088/13039/15018/19186/12010/16913/78294/13040/20422/16912/20335/19188/15040/20619/16419/26445/15006/14990/21897/17972/13057/22186"
"REACTOME_DEFECTIVE_B4GALT7_CAUSES_EDS_PROGEROID_TYPE",0.0395723930982746,0.295932678821879,0.0983849253696529,0.793724222543892,1.62184130886344,20,"20970/121021"
"REACTOME_CELLULAR_RESPONSES_TO_MECHANICAL_STIMULI",0.0417117256295381,0.301114745989021,0.0866887573078026,0.619957053495666,1.5157975837366,97,"20846/20750/56489/12306/14268/16402/18442/11513/104111/14701/14683/14707/21894/18035/14360/14700/12336/63873/17387"
"REACTOME_EVASION_BY_RSV_OF_HOST_INTERFERON_RESPONSES",0.040638337353869,0.301114745989021,0.0965275765869161,0.78246131233048,1.61304634846219,21,"19106/20847/71586/217069/230073/78294/15975/67673"
"REACTOME_INTERLEUKIN_2_FAMILY_SIGNALING",0.0410910998426298,0.301114745989021,0.0931001287011121,0.722417921042552,1.59942594513024,38,"20846/16186/12982/20849/14389/16332"
"REACTOME_PI3K_AKT_SIGNALING_IN_CANCER",0.0417242332135949,0.301114745989021,0.116711254186642,-0.478470887849834,-1.37250413436858,89,"30955/320207/19211/14388/56484/12912/11651/327826/14784/18708/18591/19353/21802/56458/13982/268980/56637/12576"
"REACTOME_SPHINGOLIPID_DE_NOVO_BIOSYNTHESIS",0.0411494252873563,0.301114745989021,0.107014828121207,-0.613151705187305,-1.49016919321487,32,"242083/76893/76303/30960/67630/75292/227102/70750/17250"
"REACTOME_CYTOSOLIC_SULFONATION_OF_SMALL_MOLECULES",0.042414011394809,0.301870756961675,0.100860025098152,-0.706078711983274,-1.51942038153528,17,"22022/20887/13521/23827/73836/242291"
"REACTOME_TCR_SIGNALING",0.0421940928270042,0.301870756961675,0.117106883409404,-0.471663111646491,-1.3633656093602,93,"68652/19211/22190/12988/22376/18479/94212/17973/26440/16822/22034/18708/69077/22323/16331/93765/66413/22123/56550/224105/70247/19181/234779/19697/56436/240354/26965/19167/22187/23996/17463/19172/216080/18706/18803/18607/18761/103583"
"REACTOME_PROCESSING_OF_INTRONLESS_PRE_MRNAS",0.0428265524625268,0.302719192748819,0.101117648743061,-0.683786402935189,-1.52085429818566,20,"83410/98985/67337/54451/68092/228410/432508/74737/74320/269061/433702"
"REACTOME_FORMATION_OF_ATP_BY_CHEMIOSMOTIC_COUPLING",0.0433233308327082,0.304147465437788,0.093923690818302,0.783131732043225,1.60019734466305,20,"70257/11949/11947/67942/28080/17705/27425/67126/11957/11958/71679/57423/17706/66043/11951/66477/228033/11950"
"REACTOME_DOWNSTREAM_SIGNAL_TRANSDUCTION",0.0445802624483193,0.30468099898454,0.0905617673660515,0.750558098727841,1.60070276429611,28,"20846"
"REACTOME_FATTY_ACID_METABOLISM",0.0443495400788436,0.30468099898454,0.123558344666082,-0.4254630301596,-1.31017804981566,143,"19224/15446/11690/74114/56351/17001/57874/23887/11689/21835/68041/11671/106529/74522/76267/11666/14081/17250/11364/54486/56348/109136"
"REACTOME_MITOCHONDRIAL_PROTEIN_DEGRADATION",0.043874555847366,0.30468099898454,0.0844603778325338,0.617087683191732,1.50878196136562,97,"12857/17722/11820/17708/66494/67041/69029/11669/15510/12859/17709/17716/22272/78330/11949/11947/108037/28080/66885/17705/27425/67184/11957/71679/17721/12974/11655/15526/12858/18293/107029/118451/68514/17991/17717/15108/74143/227197/20917/56454/14151/74142/18597/11740/234847/21854"
"REACTOME_RAB_GEFS_EXCHANGE_GTP_FOR_GDP_ON_RABS",0.0444505044995909,0.30468099898454,0.112250868978221,-0.483964412713056,-1.37423240537409,84,"74760/270160/68365/19325/270096/270192/329727/319934/11651/271457/217449/19324/320435/217835/66682/231874/211922/77407/66975/320714/216363/12663/106572/19344/60409/242406/19346/226407"
"REACTOME_DOWNREGULATION_OF_TGF_BETA_RECEPTOR_SIGNALING",0.0458305387882853,0.305142684061357,0.0998483683168439,-0.637259291348785,-1.48624216694558,26,"21803/22190/17127/65112/21812/230597/17126/66313/19046/75788/170749/22187/19045"
"REACTOME_GPVI_MEDIATED_ACTIVATION_CASCADE",0.0457892314772204,0.305142684061357,0.101377203467264,-0.602248443116673,-1.481729559045,34,"30955/320207/11852/20963/17096/16822/18708/12540/19353"
"REACTOME_INTERLEUKIN_4_AND_INTERLEUKIN_13_SIGNALING",0.04515625,0.305142684061357,0.0837037443963104,0.620298725838929,1.50660753914546,90,"20846/16411/22352/14268/16186/15368/15251/22329/17390/12575/12053"
"REACTOME_MODULATION_OF_HOST_RESPONSES_BY_IFN_STIMULATED_GENES",0.0454458293384468,0.305142684061357,0.0926961428741135,0.808768241608433,1.59759528875667,16,"74153/99899/71586/217069/230073/100038882/56791"
"REACTOME_GOLGI_ASSOCIATED_VESICLE_BIOGENESIS",0.0468149138939977,0.309698661144908,0.0850801033973234,0.669242618648719,1.54497049235888,54,"12874/21985/14319/14325/16004/94245/12757/231580/216705/224139/11774"
"REACTOME_HSP90_CHAPERONE_CYCLE_FOR_STEROID_HORMONE_RECEPTORS_SHR_IN_THE_PRESENCE_OF_LIGAND",0.0475377864456363,0.312477679056667,0.102435227350191,-0.549718058983166,-1.43142397420309,47,"22142/22151/14815/56351/73710/67665/22143/14228/81489/15511/193740/69654/54130/15482/56444/15502"
"REACTOME_ACTIVATION_OF_AMPK_DOWNSTREAM_OF_NMDARS",0.0511597658790375,0.334157458146625,0.0928974976713944,-0.66404108967128,-1.48667542077658,21,"22142/22151/19079/73710/22143"
"REACTOME_RUNX2_REGULATES_OSTEOBLAST_DIFFERENTIATION",0.0524625267665953,0.33954459995822,0.0911296779883595,-0.670852103692266,-1.49208627280057,20,"17132/11350/22612"
"REACTOME_SIGNALING_BY_NODAL",0.0526425736369334,0.33954459995822,0.0898202850323628,-0.703332383931497,-1.49222848690176,16,"17127/56484/17126/11480/11481/23863/26413"
"REACTOME_RSV_HOST_INTERACTIONS",0.0537924468422723,0.344806243113199,0.0770757391871296,0.620314608896992,1.49410181132198,81,"19106/246728/20847/20970/24088/71586/217069/230073/100038882/56791/78294/15975"
"REACTOME_OPIOID_SIGNALLING",0.0544715447154472,0.347003914483589,0.100860025098152,-0.47509147313739,-1.34828579649687,83,"18750/14676/110355/14702/19108/19053/12912/55984/11514/19052/14679/19055/238871/14693/18574/18749/51792/73699/19045/26413/12322/26422/18578/16440"
"REACTOME_GAP_JUNCTION_ASSEMBLY",0.0585241730279898,0.362992318340979,0.0857131468775338,-0.677266765755148,-1.47532893252189,18,"22142/22151/73710/22143"
"REACTOME_INITIAL_TRIGGERING_OF_COMPLEMENT",0.0590917727531826,0.362992318340979,0.0805924900764779,0.780650166032186,1.55845894251736,17,"12266/12268/14962/12260/12262/12259/17174"
"REACTOME_INSULIN_RECEPTOR_RECYCLING",0.0588878760255242,0.362992318340979,0.0790299034720993,0.745219982370341,1.56862658054356,25,"13033/66335/66144/11966/73834/11964/11974/11984/27060"
"REACTOME_PLASMA_LIPOPROTEIN_ASSEMBLY",0.0589718719689622,0.362992318340979,0.0815460312657354,0.797070218443795,1.55983557021663,15,"11816/11303/11813/11425/11812"
"REACTOME_SIGNALING_BY_CSF3_G_CSF",0.0588657573582197,0.362992318340979,0.0784040413719235,0.725753449259496,1.55550840093318,29,"20846/12986/78294/67673/14389"
"REACTOME_VITAMIN_B5_PANTOTHENATE_METABOLISM",0.0590604026845638,0.362992318340979,0.0809972046193163,0.7885553579602,1.55766789543521,16,"18605/18606/14104"
"REACTOME_ACTIVATION_OF_GENE_EXPRESSION_BY_SREBF_SREBP",0.0606320851940914,0.366347177848775,0.0754749124038461,0.681652842571976,1.52864634300468,43,"229003/20250/107476/14104/68603/17977/20787"
"REACTOME_ACTIVATION_OF_SMO",0.0610687022900763,0.366347177848775,0.0826765785309944,-0.701059338527001,-1.4699863920834,15,"110355/109689/93687/319757/19206/216869"
"REACTOME_A_TETRASACCHARIDE_LINKER_SEQUENCE_IS_REQUIRED_FOR_GAG_SYNTHESIS",0.0638565022421525,0.366347177848775,0.0751440930078969,0.728072921234741,1.54769061779511,27,"20970/121021/233781"
"REACTOME_BIOLOGICAL_OXIDATIONS",0.0604257983719474,0.366347177848775,0.102976480753546,-0.426907244722596,-1.28797702790918,126,"19224/56351/22022/20887/23887/14629/67674/13521/11863/23827/67247/232087/108645/394432/17978/73836/242291/12846/54486"
"REACTOME_INACTIVATION_OF_CSF3_G_CSF_SIGNALING",0.0614596670934699,0.366347177848775,0.0774315909249512,0.741201187410831,1.55455611326161,24,"20846/12986"
"REACTOME_IRE1ALPHA_ACTIVATES_CHAPERONES",0.0638977635782748,0.366347177848775,0.0883886491452962,-0.524861396526236,-1.38187499991105,50,"27362/192193/22433/20887/107513/100037258/20818/54616/228998/69162/52468/58193/71853/11518/67398/78943"
"REACTOME_MOLECULES_ASSOCIATED_WITH_ELASTIC_FIBRES",0.0630772696553278,0.366347177848775,0.0850801033973234,-0.606778878327649,-1.43801173362375,28,"21803/16410/16416/216760"
"REACTOME_NR1H3_NR1H2_REGULATE_GENE_EXPRESSION_LINKED_TO_CHOLESTEROL_TRANSPORT_AND_EFFLUX",0.0636492220650637,0.366347177848775,0.0747093797274478,0.70175835517479,1.53635984177715,34,"11816/11307/20185/17454/11303/20602/11813/11425/11812/17977"
"REACTOME_OTHER_INTERLEUKIN_SIGNALING",0.0637659414853713,0.366347177848775,0.0769581592091491,0.755583491838106,1.54390717147423,20,"12977/12986"
"REACTOME_TGF_BETA_RECEPTOR_SIGNALING_IN_EMT_EPITHELIAL_TO_MESENCHYMAL_TRANSITION",0.062251932316691,0.366347177848775,0.0823897152356557,-0.689663599392884,-1.46322804538104,16,"21803/22190/16456/21812"
"REACTOME_TRAF6_MEDIATED_IRF7_ACTIVATION",0.063627546071775,0.366347177848775,0.0784040413719235,0.788035743150234,1.54215545170881,15,"54123/56489/71586/217069/230073"
"REACTOME_TRANSPORT_OF_MATURE_TRANSCRIPT_TO_CYTOPLASM",0.0627355950457728,0.366347177848775,0.0935092741782427,-0.473252928501102,-1.33717398963944,80,"20383/19069/70579/20492/73826/69482/66679/18141/20382/227720/54451/107939/60365/72124/68092/192170/170762/74320/22185/110379/234865/66511/69912/433702/225027/56488/57317/108014/269113/445007/54188/59015/51796/17149/192160/66118"
"REACTOME_COMPLEX_I_BIOGENESIS",0.0660544546479781,0.372543670378545,0.069818186147199,0.62002960466155,1.46895953384195,66,"17722/66218/66416/67130/17719/17716/100900/78330/66046/66916/67264/54405/67273/67184/17721/66928/66091/15526/104130/66377/108755/68202/66414/17991/17717/17718/208501/227197"
"REACTOME_NUCLEAR_EVENTS_KINASE_AND_TRANSCRIPTION_FACTOR_ACTIVATION",0.0660615229450328,0.372543670378545,0.0880409553363699,-0.508649822120628,-1.36844690420887,57,"20111/235584/17095/67603/12569/17261/328572/19053/12912/13430/19052/17258/26416/211770/11909/17260/51792"
"REACTOME_PLASMA_LIPOPROTEIN_CLEARANCE",0.0657871591908531,0.372543670378545,0.0732425961656048,0.697325272135037,1.53245082798241,35,"11816/320024/67963/20652/20778/12757/78294/11425/16889/11812"
"REACTOME_RHOH_GTPASE_CYCLE",0.0666511302726637,0.373825904572766,0.0841553633643137,-0.569691133923574,-1.41323108885216,36,"12988/18479/56374/210998/74734/269523/218756/22143/386649/224105/16480/106326"
"REACTOME_HEDGEHOG_ON_STATE",0.0696569920844327,0.386333471464005,0.0876971923285634,-0.486127689024962,-1.33836944092958,68,"22190/110355/109689/18222/26440/69077/66413/66313/93687/22123/70247/19181/75788/214498/71742/56436/19167/22187/319757/23996/17463/19172/24069"
"REACTOME_LDL_CLEARANCE",0.0707529322739311,0.386333471464005,0.0732425961656048,0.761539395905476,1.5312471525775,18,"320024/67963/20652/12757/16889"
"REACTOME_RECYCLING_PATHWAY_OF_L1",0.0705854579792257,0.386333471464005,0.0822473549270266,-0.554565320875633,-1.39510700904933,39,"20111/22142/22151/73710/18222/13430/22143/12934/11461/19684/71770"
"REACTOME_RHO_GTPASES_ACTIVATE_WASPS_AND_WAVES",0.0701468189233279,0.386333471464005,0.0819647472921866,-0.567467276040273,-1.40771437126481,36,"105855/11350/242687/22376/17973/14784/68524/11461/73178/12540/19353/12229/20430"
"REACTOME_SIGNALING_BY_RETINOIC_ACID",0.0699928212491027,0.386333471464005,0.0716628565191792,0.710986275201816,1.52385789575377,29,"16592/20183"
"REACTOME_REGULATION_OF_SIGNALING_BY_CBL",0.0713347921225383,0.386635623367568,0.0786526746440488,-0.632163122583258,-1.42537273208747,22,"22190/22612/20963/17096/12402/14784/18708/107746/12928/12929"
"REACTOME_SIGNALLING_TO_ERKS",0.0715575620767494,0.386635623367568,0.0798002089527527,-0.59248227341723,-1.41533560226783,29,"64143/26395/327826/14784/26416/107746/12928/19769/12929/56044/109905/26413/20662"
"REACTOME_FLT3_SIGNALING",0.0723929236499069,0.38911196461825,0.0805924900764779,-0.560651851396599,-1.39895776824793,37,"16923/22190/20491/12988/56484/20963/20851/11651/12402/14784/18708"
"REACTOME_REGULATION_OF_T_CELL_ACTIVATION_BY_CD28_FAMILY",0.0734302023871303,0.392642325717712,0.0846140864395758,-0.495328648284814,-1.34704347308588,62,"30955/320207/12988/18479/22612/19053/17096/11651/19052/14784/18708/12540/19353/224105/51792/226849"
"REACTOME_TRANSCRIPTIONAL_ACTIVATION_OF_MITOCHONDRIAL_BIOGENESIS",0.0740678816251463,0.394010586789438,0.0670487152800428,0.636934682908855,1.47038646857405,54,"229003/20185"
"REACTOME_REGULATION_OF_RUNX2_EXPRESSION_AND_ACTIVITY",0.0754810882548109,0.399469143994691,0.0661161203199431,0.632785843029885,1.46765317641249,55,"20846/78294/20422/16656"
"REACTOME_CONSTITUTIVE_SIGNALING_BY_ABERRANT_PI3K_IN_CANCER",0.0768232546067999,0.40156464396158,0.0826765785309944,-0.492506936546366,-1.34143676423489,63,"30955/320207/14388/327826/14784/18708/18591/19353/21802/13982/268980"
"REACTOME_G_PROTEIN_BETA_GAMMA_SIGNALLING",0.0770443793647218,0.40156464396158,0.0767245323920217,-0.595764243301547,-1.41190803263011,28,"30955/320207/14702/18479/11651/12540/73341/12229/14693"
"REACTOME_MITOCHONDRIAL_BIOGENESIS",0.0762685643564356,0.40156464396158,0.0633877114836093,0.579920416128063,1.41634391217248,95,"229003/20185/70257/11949/11947/67942/28080/17705/27425/67126/17977/11957/11958/71679/57423/17706/11655/12313/66043/15526/116940"
"REACTOME_ANTIMICROBIAL_PEPTIDES",0.0780269058295964,0.403626914956964,0.067691459732905,0.710911364808913,1.51120968423426,27,"24088/17105/11927/18173/11977/21897"
"REACTOME_CELLULAR_RESPONSE_TO_CHEMICAL_STRESS",0.0793956043956044,0.403626914956964,0.0582749924019855,0.521461686869196,1.35949845245918,182,"229003/12857/13058/20463/11927/20185/18477/17708/15368/12862/12575/18753/11977/12868/78294/14778/17992/12867/23797/20422/20602/12859/17709/66142/11758/26445/12861/110323/20296/17972/233016/17977/14775/13057/22186/12864/56551/54683/20655/12048/18590/116940/12858/17710/50868/17869/20467"
"REACTOME_GLUCONEOGENESIS",0.0786749482401656,0.403626914956964,0.0691171906949246,0.744262252362461,1.50692885796505,19,"14751/21991/18655/14433/18648/11674/13806"
"REACTOME_RORA_B_C_AND_NR1D1_REV_ERBA_REGULATE_GENE_EXPRESSION",0.0793072014585232,0.403626914956964,0.067691459732905,0.717356215714155,1.50997565055651,25,"229003/20185"
"REACTOME_SIGNALING_BY_INTERLEUKINS",0.0783218445448063,0.403626914956964,0.054338253937587,0.466705765996281,1.28925325070974,389,"20846/16411/12977/24110/434341/20847/22352/12986/12306/11837/14268/11820/26410/16186/15368/15251/22329/17390/12575/16181/18034/12053/20303/78294/12982/231130/16906/16068/20849/20302/17164/20304/270151/16176/20422/14389/15945/17319/19188/71481/14873/384783/16409/16332/21454/16414/16162/26445/12631/19253/17698/18035/20296/20586/21926/14360/18738/15519/66589/18712/22186/26400/266632/12984/20909/16169/20655/12048/16477/26409/20911/16160/319153/18826/15526/71966/66162/19247/16184/16859/57914"
"REACTOME_NEGATIVE_REGULATORS_OF_DDX58_IFIH1_SIGNALING",0.0808953119492422,0.408029400517231,0.0658132939529589,0.686397132309037,1.49962233781469,33,"434341/56489/74153/71586/217069/230073/18521/100038882/56791/78294/22031/270151"
"REACTOME_SIGNALING_BY_FGFR",0.0810523518469306,0.408029400517231,0.0814078219628671,-0.473272893140439,-1.31436645939918,71,"22190/14388/19205/19053/12402/19052/327826/14784/18708/114715/51792/20021/68092/69920/22187/26413/231329/20662/18706/18803/433702"
"REACTOME_MYOGENESIS",0.0818081587651599,0.409235523212229,0.0735499839648035,-0.608181000393275,-1.39726659652982,24,"11350/17261/12540/17258/26416/17260"
"REACTOME_NEUROTRANSMITTER_RECEPTORS_AND_POSTSYNAPTIC_SIGNAL_TRANSMISSION",0.082153952364515,0.409235523212229,0.0924960508813,-0.394154510342895,-1.22529733733268,158,"20111/18750/22142/22151/12361/14702/19108/19079/73710/12912/55984/22343/11514/14679/22143/19353/54393/14693/71770/21912/18749"
"REACTOME_SIGNALING_BY_FGFR1",0.0824815783218446,0.409235523212229,0.076149236537059,-0.537941616876406,-1.36673999975168,41,"22190/14388/19053/12402/19052/327826/14784/18708/114715/51792/22187/26413/20662/18706/18803"
"REACTOME_DISORDERS_OF_TRANSMEMBRANE_TRANSPORTERS",0.0833333333333333,0.410510613884108,0.0880409553363699,-0.411660661410044,-1.24683945791612,130,"22190/226144/71279/53945/269523/13521/19069/26440/107723/67819/69077/193670/11416/69482/66413/66679/18141/22123/331004/11666/227720/20512/107939/70247/19181/116891/72124/56436/19167/15275/170762/22187/18670/24060/23996/17463/19172/17254/110379/234865/20338/229782/69912"
"REACTOME_RNA_POLYMERASE_II_TRANSCRIBES_SNRNA_GENES",0.0835341365461847,0.410510613884108,0.0804588724057859,-0.466760612913029,-1.30327707398618,74,"75137/20683/72656/21374/218333/21343/101861/229906/18986/20021/70470/70885/68092/12455/69920/231329/74737/13716/231571/20841/433702/63856/75627/107951/66420/20020/69882/18130/77634/68705/17749/245841/109077/12572"
"REACTOME_DOWNREGULATION_OF_SMAD2_3_SMAD4_TRANSCRIPTIONAL_ACTIVITY",0.0862068965517241,0.418070998485464,0.0639357739676871,0.686174752392847,1.48466399740801,31,"20846/20185/21815/78294/20602/11545/18787"
"REACTOME_RESOLUTION_OF_D_LOOP_STRUCTURES_THROUGH_SYNTHESIS_DEPENDENT_STRAND_ANNEALING_SDSA",0.0864532465183578,0.418070998485464,0.0644263908163349,0.705231833306993,1.4942273102822,26,"327762/19360/20422/19362/11920"
"REACTOME_RNA_POLYMERASE_II_TRANSCRIPTION_TERMINATION",0.0866930171277997,0.418070998485464,0.0782805675040982,-0.47874866045128,-1.31065254491584,66,"20383/83410/98985/67337/70579/20492/73826/20382/54451/60365/68092/228410/192170/20638/432508/74737/74320/22185/269061/66511/433702/225027/57317/108014/54188/51796/68219/17149/192160/66118"
"REACTOME_SIGNALING_BY_FGFR2",0.086246491451901,0.418070998485464,0.0771938352436617,-0.48926843744482,-1.32344225191595,59,"22190/14388/19205/19053/12402/19052/327826/14784/18708/51792/20021/68092/69920/22187/26413/231329/20662/18706/18803/433702"
"REACTOME_NEGATIVE_REGULATION_OF_FLT3",0.0883020425005158,0.423849804002476,0.0682683723194118,-0.675649988673193,-1.4167078798889,15,"16923/22190/20491/12988/12402"
"REACTOME_HATS_ACETYLATE_HISTONES",0.0910498606379684,0.429056877526865,0.0829663391489805,-0.410668955529793,-1.23668873379755,123,"216825/77853/328572/101206/76901/231151/13831/78783/11461/11909/268936/56505/28019/244349/67773/81601/76719/54169/17978/21761/269424/69612/217127"
"REACTOME_PI_METABOLISM",0.0907877169559413,0.429056877526865,0.0769581592091491,-0.458967334603247,-1.29259328453178,78,"30955/18718/320207/19211/68365/234515/319934/69769/108083/75669/271457/83436/18708/83493/16331"
"REACTOME_RAC1_GTPASE_CYCLE",0.0903747244673034,0.429056877526865,0.0909392279226991,-0.381533543413304,-1.20711994498506,182,"105855/75415/242687/98386/544817/22376/18479/72536/223435/57778/11855/26431/106952/330662/13726/18708/238130/68524/20947/73178/12540/56418/19353/18805/73341/14270/70719/210293/50768/20430/224105/69993"
"REACTOME_RHOJ_GTPASE_CYCLE",0.0900855561147458,0.429056877526865,0.0749258356507951,-0.496095673031185,-1.32496877792359,55,"22379/22376/18479/223435/11855/26431/218756/18708/68524/73178/12540/224105/232906/16480/216963"
"REACTOME_RESPIRATORY_SYNCYTIAL_VIRUS_INFECTION_PATHWAY",0.0919313174289622,0.431241452666768,0.0568770392020171,0.557049861994389,1.37238847361105,104,"19106/246728/20847/20970/24088/71586/217069/230073/100038882/56791/78294/15975/17975/67673"
"REACTOME_ANTIGEN_PROCESSING_UBIQUITINATION_PROTEASOME_DEGRADATION",0.0942603826411573,0.431334993296303,0.100604308574775,-0.350541940850242,-1.15927557142532,273,"242521/22190/218203/50789/65256/66105/54484/75717/26440/19820/28105/83962/22346/69077/232539/99152/22214/56371/211255/93765/66413/56317/230654/66313/20437/30945/240028/22123/59044/56550/207952/67128/224938/100763/66440/18744/70247/19181/75788/78889/78913/399566/56736/101358/56436/226541/19822/26965/19167/69957/22193/20439/22192/76580/22187/218215/23996/79263/242785/15204/224023/78541/17463/19172/216080/268470/233902/93836/217194/69807/66663/103583/117590/231380/209239/269529/142688/67490/30843"
"REACTOME_CRISTAE_FORMATION",0.0946422277053225,0.431334993296303,0.0605921158454878,0.670919997361737,1.46580830188732,33,"70257/11949/11947/67942/28080/17705/27425/67126/11957/11958/71679/57423/17706/66043/15526/11951/66477/228033/11950/433771/53375"
"REACTOME_EXTRACELLULAR_MATRIX_ORGANIZATION",0.0927211934156379,0.431334993296303,0.0517750634568288,0.485013464762332,1.30093645084049,259,"16411/16948/13030/20970/20750/12505/13033/13039/13518/14268/16402/11502/11820/21858/22329/17390/234407/13040/12215/11504/11501/16409/16414/18787/17123/16419/18810/14789/12336/17387/11465/12333/226519"
"REACTOME_FCERI_MEDIATED_CA_2_MOBILIZATION",0.0946069469835466,0.431334993296303,0.0694651820488471,-0.565615055019151,-1.36720216652623,31,"18021/18018/20963/17096/16822/14784/19055/12229/234779/18019/16440/20662/18803/21682/19056"
"REACTOME_N_GLYCAN_TRIMMING_IN_THE_ER_AND_CALNEXIN_CALRETICULIN_CYCLE",0.093351864720871,0.431334993296303,0.0704483776028406,-0.55136581029314,-1.36239365081538,35,"22190/192193/75841/23802/223455/269523/22644/109154/67819/193670/19359/227619/14827/66597/116891/14376/22187"
"REACTOME_REGULATION_OF_MITF_M_DEPENDENT_GENES_INVOLVED_IN_LYSOSOME_BIOGENESIS_AND_AUTOPHAGY",0.0936728101843055,0.431334993296303,0.0633877114836093,0.740317474309844,1.47794036092278,17,"66335/66144/11966/17342/73834/11964/11974/11984"
"REACTOME_SIGNALING_BY_PTK6",0.0948769801145939,0.431334993296303,0.0590938580196366,0.624328607216422,1.4261860907392,49,"93695/15251/78294"
"REACTOME_CARGO_RECOGNITION_FOR_CLATHRIN_MEDIATED_ENDOCYTOSIS",0.100222098833981,0.434765141116207,0.0746018195047473,-0.438221562254808,-1.25951503611496,90,"11555/22190/110355/13855/109689/233489/12402/16197/54609/20844/14366/14784/56085/21802/108800/71770/30931/15463/13854/53330/22187/15239"
"REACTOME_CONDENSATION_OF_PROPHASE_CHROMOSOMES",0.098797958175531,0.434765141116207,0.0571289261785879,0.600943062514063,1.40230545796528,58,"68024/70099/319192/14211/15078/319153/67956/19645/15270/12534/56086/18817/15267/319149/232440/319191/319172/319181/319176/76044/319150/268697/360198/78658/244329/665433/319148/319159/319173/69386/15081/52683/326619"
"REACTOME_METABOLISM_OF_WATER_SOLUBLE_VITAMINS_AND_COFACTORS",0.0984745506721039,0.434765141116207,0.0546498540116765,0.54789660057335,1.35597112375257,108,"18605/17769/59027/547253/109754/107476/80285/18606/14104/14873/108037/14276/192185/671535/56738/67283"
"REACTOME_PHASE_II_CONJUGATION_OF_COMPOUNDS",0.0996300211416491,0.434765141116207,0.0729388423496436,-0.467004118527701,-1.28883396154038,69,"22022/20887/23887/14629/67674/13521/23827/232087/108645/394432/73836/242291/12846/54486"
"REACTOME_RAP1_SIGNALLING",0.0965545698370126,0.434765141116207,0.0651459743455219,-0.667107263138219,-1.39879542997546,15,"20469/22631/18749/109905"
"REACTOME_REGULATION_OF_CHOLESTEROL_BIOSYNTHESIS_BY_SREBP_SREBF",0.100265604249668,0.434765141116207,0.0569271714142935,0.604516584851305,1.4040830937492,56,"229003/20250/107476/14104/68603/17977/19384/20787"
"REACTOME_SIGNALING_BY_EGFR",0.0971650109038042,0.434765141116207,0.0706314172523161,-0.512970080151658,-1.33047750993943,46,"22190/14388/12988/19303/94212/12402/20844/14784/18708/12540/24063/21802/13854/19248/11487/22187/15239/20662/18706/18803"
"REACTOME_SIGNALING_BY_NOTCH1",0.0974564926372155,0.434765141116207,0.074281773080044,-0.457426164391664,-1.27721366499313,74,"433759/22190/207521/21887/109689/18222/328572/21888/270118/433586/51813/26965/12805/11487/76580/22187/26422/19164/15205/103806"
"REACTOME_SIGNALING_BY_SCF_KIT",0.0992602786857045,0.434765141116207,0.0583286073011755,0.647269932910155,1.4431675981753,40,"20846"
"REACTOME_TRANSCRIPTIONAL_ACTIVITY_OF_SMAD2_SMAD3_SMAD4_HETEROTRIMER",0.0995794785534062,0.434765141116207,0.0575384272415454,0.616883410188481,1.41588023499624,51,"20846/20185/21815/78294/20602/22608/11545/18787/264064/22186/22284/16477/211586"
"REACTOME_TRANSCRIPTIONAL_REGULATION_BY_THE_AP_2_TFAP2_FAMILY_OF_TRANSCRIPTION_FACTORS",0.0969131371141421,0.434765141116207,0.0604138360818294,0.678721295387254,1.4547043185869,29,"11816/18148/12575/70472/15510/110052"
"REACTOME_CHAPERONE_MEDIATED_AUTOPHAGY",0.101637492941841,0.438869843999915,0.0604138360818294,0.719285793028479,1.45635831348198,19,"11520/22352/14580/66905/78294/13627/15519/22186/16784"
"REACTOME_L1CAM_INTERACTIONS",0.102704257767549,0.44162830840046,0.0750347375750997,-0.423791362643471,-1.24093723550776,101,"104099/20111/22142/22151/16410/16416/18479/26395/73710/18222/13430/22143/12934/11461/19684/19353"
"REACTOME_ACTIVATION_OF_MATRIX_METALLOPROTEINASES",0.105234260614934,0.443496129486277,0.058436248184976,0.69490423825327,1.44974325395164,23,"13039/21858/17390/17387"
"REACTOME_DARPP_32_EVENTS",0.105032822757112,0.443496129486277,0.0642851373333349,-0.601810964115524,-1.35693606203447,22,"19053/19052/19055/238871/18749/51792/73699/19045/18578"
"REACTOME_DISASSEMBLY_OF_THE_DESTRUCTION_COMPLEX_AND_RECRUITMENT_OF_AXIN_TO_THE_MEMBRANE",0.104077494931291,0.443496129486277,0.065588721362786,-0.570076332834566,-1.35102997971304,28,"19053/19052/93687/51792/56637/226849/73699/16973/13544/26932/26931/21770/225849"
"REACTOME_INTERLEUKIN_12_SIGNALING",0.10421402343067,0.443496129486277,0.0573326669871646,0.645261275605884,1.42860191522172,38,"12306/11837/16906/20849/17319/19188/14873/21454/16162/12631/17698/18738/20655/16160/18826/15526/66162/53379/268373/50926/16452"
"REACTOME_SIGNALING_BY_FGFR2_IN_DISEASE",0.105287356321839,0.443496129486277,0.0658886340177412,-0.554024500798635,-1.34646978291314,32,"14388/327826/14784/18708/20021/68092/69920/231329/20662/18706/18803/433702"
"REACTOME_EXPRESSION_OF_BMAL_ARNTL_CLOCK_AND_NPAS2",0.106461215198739,0.444809611680562,0.0567273700625101,0.650428679093709,1.43256361460999,36,"229003/20185"
"REACTOME_REGULATION_OF_PTEN_STABILITY_AND_ACTIVITY",0.106441872169099,0.444809611680562,0.0686890698977699,-0.486043027935604,-1.29812024524882,55,"19211/22190/54484/11651/26440/69077/68031/66413/11798/22123/70247/19181/56436/19167/12995/22187/23996/17463/19172"
"REACTOME_COPII_MEDIATED_VESICLE_TRANSPORT",0.111985313401521,0.448955085362309,0.0683519284059275,-0.466524260891907,-1.27448634916854,65,"193813/89867/21787/99683/19324/56418/20333/68581/66682/52036/21802/56334/69162/12793/70361/66397/214895/108123/67857/77371/207352/227648/60409/110379/74498/56389"
"REACTOME_DAP12_INTERACTIONS",0.110138329539485,0.448955085362309,0.0557092269421475,0.645029198747224,1.4206713052288,36,"14964/15018/217304/12010/22177/15040/15461/14990/14360"
"REACTOME_GENE_AND_PROTEIN_EXPRESSION_BY_JAK_STAT_SIGNALING_AFTER_INTERLEUKIN_12_STIMULATION",0.111464968152866,0.448955085362309,0.0556619907567076,0.6534376696221,1.42159607951643,32,"12306/11837/16906/20849/17319/19188/14873/21454/12631/17698/18738/20655/18826/15526/66162/53379/268373/50926"
"REACTOME_G_PROTEIN_MEDIATED_EVENTS",0.108427796944308,0.448955085362309,0.0672877185291006,-0.490929502736702,-1.30270699529056,52,"18750/14676/110355/19108/12912/55984/11514/14679/18574/18749/26413/12322/26422/16440/18783"
"REACTOME_INTEGRIN_CELL_SURFACE_INTERACTIONS",0.112673805338021,0.448955085362309,0.0524048161202553,0.568476025575543,1.35723870370476,75,"16411/20750/12505/14268/16402/22329/12215/16409/16414/17123/16419"
"REACTOME_INTERLEUKIN_6_FAMILY_SIGNALING",0.108225108225108,0.448955085362309,0.058436248184976,0.7113130131508,1.44021560029487,19,"20846"
"REACTOME_LEISHMANIA_INFECTION",0.112436115843271,0.448955085362309,0.0781576498045414,-0.385051258169826,-1.19120466278009,151,"12495/58861/105855/11350/56338/242687/22376/16476/14702/19108/23887/22612/20963/140580/12912/17973/17096/330662/11514/14679/14784/68524/11461/73178/12540/26416/140579/19353/12928/12229/14693/93671/20430/18749/234779/19697"
"REACTOME_REGULATION_OF_RUNX3_EXPRESSION_AND_ACTIVITY",0.110493230174081,0.448955085362309,0.0659642175442741,-0.507362586037455,-1.31027472208468,45,"21803/22190/328572/26440/69077/66413/66313/22123/70247/19181/75788/56436/19167/22187/23996/17463/19172"
"REACTOME_RESPIRATORY_SYNCYTIAL_VIRUS_RSV_GENOME_REPLICATION_TRANSCRIPTION_AND_TRANSLATION",0.10930576070901,0.448955085362309,0.0617563057695609,-0.636080506577828,-1.36879029149166,17,"76687/16211/66624/66286/19046/12995/19045/56529"
"REACTOME_SIGNALING_BY_FGFR3",0.111264367816092,0.448955085362309,0.0640052201911665,-0.549453348510538,-1.33536031316922,32,"22190/14388/19053/12402/19052/327826/14784/18708/51792/22187/26413/20662/18706/18803"
"REACTOME_SIGNALING_BY_FGFR4",0.110482227756396,0.448955085362309,0.063728697179177,-0.558358148016762,-1.34029591689773,30,"22190/14388/19053/12402/19052/327826/14784/18708/51792/22187/26413/20662/18706/18803"
"REACTOME_TRIGLYCERIDE_CATABOLISM",0.112512124151309,0.448955085362309,0.0581681707411765,0.730327359617758,1.42922237849801,15,"16592/14077/66905"
"REACTOME_KEAP1_NFE2L2_PATHWAY",0.113582443653618,0.450834930194361,0.0723419514602353,-0.413793352618909,-1.2230828471265,109,"76408/140742/22190/14629/328572/269523/20683/12013/11651/26440/13666/69077/17134/66413/22123/70247/19181/19697/224111/56637/17250/11911/56436/26965/19167/18104/12995/22187/23996/18412/17463/19172"
"REACTOME_BETA_CATENIN_PHOSPHORYLATION_CASCADE",0.115003165224731,0.451934663274869,0.0601199218047462,-0.631478726205581,-1.35888765773387,17,"19053/19052/93687/51792/56637/226849/73699/26932/26931/21770/225849"
"REACTOME_HS_GAG_DEGRADATION",0.115611192930781,0.451934663274869,0.0557565734717297,0.687636152219448,1.42445868008645,22,"20970/110006/12091/15442"
"REACTOME_NS1_MEDIATED_EFFECTS_ON_HOST_PATHWAYS",0.11463753035033,0.451934663274869,0.054250115182477,0.633878096506759,1.40896909743072,39,"19106/100038882/19386/108989"
"REACTOME_POSTMITOTIC_NUCLEAR_PORE_COMPLEX_NPC_REFORMATION",0.115202168511407,0.451934663274869,0.0622655030196783,-0.568042582825923,-1.3354131724939,27,"16211/238799/69482/107939/72124/170762/110379/234865/22218/69912/269113/445007"
"REACTOME_FOXO_MEDIATED_TRANSCRIPTION_OF_CELL_CYCLE_GENES",0.119281387090036,0.464225078826097,0.0586531910294576,-0.639566896646595,-1.35694013848843,16,"17127/12452/56484/17126/56458/12576"
"REACTOME_PROTEIN_HYDROXYLATION",0.119654913728432,0.464225078826097,0.0552880218325674,0.695084497744242,1.4202877014124,20,"65973/66475/26451/20104/26961"
"REACTOME_ECM_PROTEOGLYCANS",0.121320539925191,0.468046507792529,0.0508309275119538,0.572200277088312,1.34885427635449,63,"16411/14268/11820"
"REACTOME_TRANSMISSION_ACROSS_CHEMICAL_SYNAPSES",0.121546961325967,0.468046507792529,0.0809972046193163,-0.359511258376349,-1.15734746117096,210,"20111/18750/22142/22151/14645/12361/14702/19108/19079/20910/73710/12912/55984/22343/11514/14679/22143/19353/67760/54393/14693/71770/21912/20512/18749"
"REACTOME_FORMATION_OF_TUBULIN_FOLDING_INTERMEDIATES_BY_CCT_TRIC",0.124839400428266,0.478799883791564,0.058008949856548,-0.601257002794749,-1.33729523296955,20,"22142/22151/73710/12466/22143/12468"
"REACTOME_SIGNALING_BY_TGFBR3",0.125267411457095,0.478799883791564,0.0611971384770468,-0.507830750648334,-1.29023778462276,41,"21803/17127/21812/109689/328572/20683/213988"
"REACTOME_DNA_METHYLATION",0.12942571573776,0.491056392063856,0.0501793000881204,0.593379740939241,1.35372311710306,48,"68024/13435/319192/15078/319153/15270/15267/319149/232440/319191/319172/319181/319176/18140/319150/360198/13436/665433/319148/319159/319173/69386/15081/326619/13433/319180/382522/319163/260423/319155/319165/319178/97114/319161/97908/97122"
"REACTOME_FORMATION_OF_PARAXIAL_MESODERM",0.129368029739777,0.491056392063856,0.0615060330019218,-0.476715326665436,-1.26887407410602,53,"16848/328572/26440/270118/433586/69077/66413/22123/70247/19181/56436/19167/23996/17463/19172/103806"
"REACTOME_SIGNALING_BY_NOTCH2",0.130545286506469,0.493489874266214,0.0589828311509697,-0.530586759416725,-1.29678869309437,33,"22190/328572/12912/270118/433586/18129/12805/11487/76580/22187/19164/15205/103806"
"REACTOME_PLATELET_AGGREGATION_PLUG_FORMATION",0.131627056672761,0.493960445404687,0.0583823590311228,-0.540667780853882,-1.30689972764131,31,"16416/12988/54519/20963/11651/54368/14784/12928"
"REACTOME_SIGNALING_BY_CTNNB1_PHOSPHO_SITE_MUTANTS",0.131421497833712,0.493960445404687,0.0553343907639583,-0.64147777267471,-1.34505532532676,15,"19053/19052/93687/51792/56637/226849/73699/26932/26931/21770/225849"
"REACTOME_PURINE_CATABOLISM",0.132686711930165,0.496132922869312,0.0532638345255108,0.708679028458983,1.38685743222864,15,"22436/74167"
"REACTOME_CALNEXIN_CALRETICULIN_CYCLE",0.134361725911022,0.496381984947121,0.0570783025835191,-0.557931527154993,-1.30123071280925,26,"22190/192193/75841/23802/223455/22644/193670/227619/14827/66597/116891/14376/22187"
"REACTOME_FORMATION_OF_WDR5_CONTAINING_HISTONE_MODIFYING_COMPLEXES",0.134062277157119,0.496381984947121,0.0590382721694151,-0.502906514556848,-1.27772685365309,41,"77305/101206/67933/67773/23808/76719/17283/208043/69612/381022/69556/15161/213464/217588/56406"
"REACTOME_HEME_SIGNALING",0.134677282737591,0.496381984947121,0.0491079929978342,0.589655464579272,1.34522663726877,48,"229003/20185/15368"
"REACTOME_SIGNALING_BY_HEDGEHOG",0.133981801066834,0.496381984947121,0.0683519284059275,-0.391445455911546,-1.18339839871769,127,"22190/22142/22151/110355/109689/73710/18222/269523/26440/11514/22143/69077/66413/66313/93687/22123/18749/70247/19181/75788/214498/116891/56637/71742/56436/26965/19167/22187/319757/23996/17463/19172/24069"
"REACTOME_ACTIVATION_OF_IRF3_IRF7_MEDIATED_BY_TBK1_IKK_IKBKE",0.136208853575482,0.500123389234021,0.0518138223104503,0.687679318761335,1.38273476644986,18,"54123/56489/78294/22031/71648/22186/19247/12475"
"REACTOME_RAB_GERANYLGERANYLATION",0.13666162380232,0.500123389234021,0.060295791275842,-0.464484474583742,-1.24962658720141,57,"270160/68365/19325/270192/19338/271457/19324/59021/77407/217371/19336/19334/12663/106572/19344/19346/56382"
"REACTOME_NUCLEAR_ENVELOPE_NE_REASSEMBLY",0.138566912539515,0.503494832427266,0.0612585710281592,-0.44986731441741,-1.23431895607716,67,"22142/22151/98386/73710/16211/238799/71978/19052/22143/13726/69482/22367/116733/68942/107939/51792/72124/380664/170762/69922/105513/50850/110379/234865/22218/69912"
"REACTOME_RAC3_GTPASE_CYCLE",0.138139790864062,0.503494832427266,0.0627866166785788,-0.424499285060669,-1.21651927751352,88,"105855/242687/98386/18479/223435/11855/26431/106952/13726/18708/20947/12540/56418/107746/14270/210293/20430/224105/232906/70361/380664/216963/69922"
"REACTOME_REGULATION_OF_NF_KAPPA_B_SIGNALING",0.139046538024972,0.503494832427266,0.0512405630810422,0.685726255993932,1.37880769213503,18,"24110/434341/78294/270151"
"REACTOME_MAPK6_MAPK4_SIGNALING",0.141751201281367,0.510996492675882,0.0609531156006142,-0.438802621551815,-1.22300672546802,73,"22190/16476/18479/56484/26440/17979/69077/81489/12540/213988/19353/66413/22123/56458/224105/18749/70247/19181/56436/19167/22187/23996/17463/19172/235072"
"REACTOME_NUCLEAR_SIGNALING_BY_ERBB4",0.143240823634736,0.510996492675882,0.0489408978432111,0.630418100638888,1.35648678826748,30,"11816/14580/20185/16765/231821"
"REACTOME_RET_SIGNALING",0.143053016453382,0.510996492675882,0.0558515993199052,-0.533247657752807,-1.28896383946143,31,"18750/14388/327826/14784/18708/18749/20662/18706/18803"
"REACTOME_STING_MEDIATED_INDUCTION_OF_HOST_IMMUNE_RESPONSES",0.143593975655044,0.510996492675882,0.0527683194655535,-0.632513254843437,-1.32625845821527,15,"72512/207521/20852/22596"
"REACTOME_TRANSLATION_OF_SARS_COV_2_STRUCTURAL_PROTEINS",0.142489711934156,0.510996492675882,0.0596007554342557,-0.45587960652193,-1.2380155912089,61,"22190/67075/75965/20448/217664/269181/17308/228136/93687/208884/20444/227619/214424/68292/56637/16430/14376/13200/22187/53618/66357/14423/57437/103963/20014/22218"
"REACTOME_HOMOLOGOUS_DNA_PAIRING_AND_STRAND_EXCHANGE",0.145369891360579,0.511620528277941,0.0475640710158259,0.600858508080202,1.34321743084561,42,"327762/19360/20422/19362/11920/235559"
"REACTOME_REGULATION_OF_LIPID_METABOLISM_BY_PPARALPHA",0.145701357466063,0.511620528277941,0.0441317957775226,0.5155287097934,1.27674694858818,109,"229003/11520/20185/230753/11303/20602/26457/73690/12894/264064/17977/20787/11655/57875"
"REACTOME_SUMOYLATION_OF_CHROMATIN_ORGANIZATION_PROTEINS",0.14567966280295,0.511620528277941,0.0596578256057473,-0.446336338987423,-1.22463087746598,67,"433759/19821/19069/69482/66679/18141/12151/227720/107939/56469/72124/170762/20230/110379/234865/22218/208727/69912/30951/319156/20610/269113/445007"
"REACTOME_UNFOLDED_PROTEIN_RESPONSE_UPR",0.145752359800111,0.511620528277941,0.0613201759333526,-0.41888538211056,-1.20393993043692,90,"27362/192193/22433/18044/20887/107513/13666/100037258/20818/54616/228998/69162/226641/11911/52468/13198/12913/64209/58193/71853/11518/12611/67398"
"REACTOME_RHOG_GTPASE_CYCLE",0.146250333600214,0.511628285679391,0.0599454721514683,-0.436856030478785,-1.21558051437294,72,"98386/223435/11855/330662/13726/18708/238130/12540/56418/140579/18805/20430/224105/56384/232906/70361/380664/26403/69922/56212"
"REACTOME_CLATHRIN_MEDIATED_ENDOCYTOSIS",0.150445292620865,0.513282236363868,0.0647833742605669,-0.385475421638818,-1.16752949895641,130,"11555/22190/110355/13855/170625/109689/233489/13430/12402/16197/54609/271457/20844/14366/14784/11461/73178/23970/56085/11845/228998/21802/108800/71770/30931"
"REACTOME_DEGRADATION_OF_GLI1_BY_THE_PROTEASOME",0.149260964380906,0.513282236363868,0.0563335007829073,-0.484018242172997,-1.25538586075273,46,"22190/18222/26440/69077/66413/22123/18749/70247/19181/56436/26965/19167/22187/23996/17463/19172/24069"
"REACTOME_EARLY_SARS_COV_2_INFECTION_EVENTS",0.150395778364116,0.513282236363868,0.0471979591200671,0.610790284701239,1.34228044632343,35,"20970/13039/75608/18186/68953"
"REACTOME_FCERI_MEDIATED_NF_KB_ACTIVATION",0.151162790697674,0.513282236363868,0.0585987461758163,-0.440975908141902,-1.21700152972138,69,"68652/22190/17096/26440/22034/69077/93765/66413/22123/56550/70247/19181/19697/56436/240354/26965/19167/22187/23996/17463/19172/216080/18607/18761/103583"
"REACTOME_LATE_SARS_COV_2_INFECTION_EVENTS",0.15014615997874,0.513282236363868,0.0589828311509697,-0.43642000755057,-1.21201917212908,71,"22190/67075/75965/20448/217664/269181/17308/228136/93687/208884/20444/227619/214424/68292/56637/16430/105722/14376/13200/22187/53618/66357/14423/57437/103963/20014/22218"
"REACTOME_SUMOYLATION_OF_RNA_BINDING_PROTEINS",0.151199418463775,0.513282236363868,0.0559470718389937,-0.483234243080298,-1.25335242215464,46,"19821/19069/15381/15387/69482/66679/18141/12151/227720/107939/72124/55989/170762/110379/234865/22218/69912/30951"
"REACTOME_SYNAPTIC_ADHESION_LIKE_MOLECULES",0.147537473233405,0.513282236363868,0.0530558347956872,-0.586824096378589,-1.30519405683603,20,"20168/19280/14251/13383"
"REACTOME_TRANSCRIPTIONAL_REGULATION_BY_RUNX2",0.149907464528069,0.513282236363868,0.043980694668116,0.523023376274236,1.27883737244036,96,"20846/16854/16402/12575/78294/23797/20422/16656"
"REACTOME_TRANSLOCATION_OF_SLC2A4_GLUT4_TO_THE_PLASMA_MEMBRANE",0.148196210744874,0.513282236363868,0.0586531910294576,-0.450225005132086,-1.2262738435668,63,"22142/22151/68365/19325/19079/73710/11651/102058/22143/22631/11461/211446/228850/22629/19353/240028/20912"
"REACTOME_CDC42_GTPASE_CYCLE",0.154134059203811,0.519824670255989,0.0662690130576484,-0.373155748033541,-1.1531400872472,150,"98386/544817/22379/22376/18479/72536/223435/57778/11855/26431/106952/18708/68524/77038/73178/12540/71972/56418/18805/73341/14270/70719/210293/50768/224105"
"REACTOME_FCERI_MEDIATED_MAPK_ACTIVATION",0.154022988505747,0.519824670255989,0.0538582753911296,-0.520065647253571,-1.26393810769862,32,"16476/18479/20963/17096/16822/14784/19353/224105/234779/26413/20662/18803/26398"
"REACTOME_PROCESSIVE_SYNTHESIS_ON_THE_LAGGING_STRAND",0.156159068865179,0.521540967860405,0.0487753178893387,0.687817795661857,1.34603280699166,15,"327762/16881/67967/68275/18538"
"REACTOME_RND1_GTPASE_CYCLE",0.155913978494624,0.521540967860405,0.0459169499433583,0.598307545328104,1.32990372561002,39,"12874/13518/108670/227937/269608"
"REACTOME_TRIGLYCERIDE_METABOLISM",0.15592972181552,0.521540967860405,0.0472887835303581,0.642345550594363,1.34009274575848,23,"16592/14077/66905"
"REACTOME_CLASS_I_PEROXISOMAL_MEMBRANE_PROTEIN_IMPORT",0.161670235546039,0.531482023164197,0.0505022782052486,-0.57683579556952,-1.28297842026906,20,"19299/67979/11671/18632/56535/19298/11666/19302"
"REACTOME_COOPERATION_OF_PREFOLDIN_AND_TRIC_CCT_IN_ACTIN_AND_TUBULIN_FOLDING",0.1597018296815,0.531482023164197,0.0523249586548089,-0.538023440740639,-1.26484107283154,27,"22142/22151/73710/12466/22327/22143/11461/12468"
"REACTOME_CREB1_PHOSPHORYLATION_THROUGH_NMDA_RECEPTOR_MEDIATED_ACTIVATION_OF_RAS_SIGNALING",0.164671334989835,0.531482023164197,0.0514677969037334,-0.534368822305176,-1.25624941835579,27,"20111/12912/26413/12322/13383/18607/12325/19418"
"REACTOME_DNA_STRAND_ELONGATION",0.165782024062279,0.531482023164197,0.0448817432190029,0.607279661253215,1.32117633516126,32,"327762/16881/17218/67967/17216/272551/19687/68275/17219/18538/69270"
"REACTOME_FACTORS_INVOLVED_IN_MEGAKARYOCYTE_DEVELOPMENT_AND_PLATELET_PRODUCTION",0.163167938931298,0.531482023164197,0.0620731825163625,-0.380747384399482,-1.15320920085382,130,"16923/433759/11350/22142/22151/73710/63955/22761/78287/330662/22143/271457/238130/11461/12540/19353/17134/210293"
"REACTOME_G_BETA_GAMMA_SIGNALLING_THROUGH_PI3KGAMMA",0.167786689789725,0.531482023164197,0.0498268864819582,-0.566838643864392,-1.26905562394743,21,"30955/320207/14702/11651/14693"
"REACTOME_NETRIN_1_SIGNALING",0.160401587672192,0.531482023164197,0.0531387686615832,-0.500967739100332,-1.25704150901889,38,"68799/223435/17973/330662/73178/12540/19353/20437/20439/22063/18803/18761"
"REACTOME_NEURONAL_SYSTEM",0.166333666333666,0.531482023164197,0.0777921919210674,-0.329449446798143,-1.10230510583339,305,"20111/18750/22142/22151/217692/14645/12361/14702/19108/19079/20168/20910/73710/12912/55984/22343/11514/14679/22143/19353/56376/67760/54393/19280/14693/52150/71770/19024/21912/13169/20512/18749"
"REACTOME_NR1H2_AND_NR1H3_MEDIATED_SIGNALING",0.166580444904294,0.531482023164197,0.0441317957775226,0.583955676867287,1.30543120129155,42,"11816/11307/20185/17454/20250/11303/20602/11813/11425/14104/11812/17977/20787"
"REACTOME_NUCLEAR_EVENTS_MEDIATED_BY_NFE2L2",0.168292682926829,0.531482023164197,0.0560911259623886,-0.418793010250195,-1.18851357963483,83,"76408/22190/14629/328572/20683/12013/26440/69077/17134/66413/22123/70247/19181/19697/56637/17250/11911/56436/26965/19167/18104/22187/23996/18412/17463/19172"
"REACTOME_PARASITE_INFECTION",0.168920643021179,0.531482023164197,0.0542061922482673,-0.446637602826598,-1.208128359888,59,"105855/11350/242687/22376/22612/20963/140580/17973/17096/330662/14784/68524/11461/73178/12540/140579/19353/12928/12229/20430"
"REACTOME_PEPTIDE_HORMONE_METABOLISM",0.164897146648971,0.531482023164197,0.0434379986196493,0.55618636202874,1.28999200898721,55,"64138/13033/16000/17918"
"REACTOME_REGULATION_OF_BETA_CELL_DEVELOPMENT",0.167237687366167,0.531482023164197,0.0495841253138098,-0.573026847405328,-1.27450668821616,20,"328572/11651/270118/433586/56458/15205/103806"
"REACTOME_RESOLUTION_OF_D_LOOP_STRUCTURES",0.163236587510994,0.531482023164197,0.0451213572756294,0.600166163745504,1.31893274388701,35,"327762/19360/20422/19362/11920/224008/52864/233826"
"REACTOME_SARS_COV_1_TARGETS_HOST_INTRACELLULAR_SIGNALLING_AND_REGULATORY_PATHWAYS",0.167954877794025,0.531482023164197,0.0488083137912282,-0.606278715007467,-1.28631411009287,16,"17127/328572/20683/22631/22629"
"REACTOME_SIGNALING_BY_NTRK2_TRKB",0.164169237549581,0.531482023164197,0.0508678015760926,-0.556929785490682,-1.26646525973398,23,"14388/12569/327826/14784/18708/19353"
"REACTOME_SLC_TRANSPORTER_DISORDERS",0.16760374832664,0.531482023164197,0.0558515993199052,-0.427273449214878,-1.19302202302256,74,"71279/53945/13521/19069/107723/11416/69482/66679/18141/331004/227720/20512/107939/72124/15275/170762/24060/17254/110379/234865/229782/69912/22232/12000/269113/445007"
"REACTOME_SYNTHESIS_OF_VERY_LONG_CHAIN_FATTY_ACYL_COAS",0.165310492505353,0.531482023164197,0.0498968359090995,-0.574451836212718,-1.27767609951666,20,"57874/106529/14081/56348"
"REACTOME_TRANSPORT_OF_MATURE_MRNAS_DERIVED_FROM_INTRONLESS_TRANSCRIPTS",0.168451106352605,0.531482023164197,0.0522851537507428,-0.484006611300535,-1.2366033511858,42,"19069/20492/69482/66679/18141/227720/54451/107939/72124/68092/170762/74320/110379/234865/69912/433702/269113/445007/54188"
"REACTOME_FORMATION_OF_SENESCENCE_ASSOCIATED_HETEROCHROMATIN_FOCI_SAHF",0.170435113053392,0.534617132738906,0.0459731894695299,0.66516673430833,1.32791241256861,17,"12575/16906/56702/14958/80838/104248/19645/170644/14957/50709"
"REACTOME_PLATELET_SENSITIZATION_BY_LDL",0.171133150453682,0.535180034146061,0.0485785891955028,-0.595719520452276,-1.28193693662167,17,"18613/19053/19052/26416/51792/226849/73699"
"REACTOME_POST_CHAPERONIN_TUBULIN_FOLDING_PATHWAY",0.172399240346065,0.536042575694856,0.0483839694551487,-0.594138521316623,-1.27853476308332,17,"22142/22151/73710/22143"
"REACTOME_RRNA_MODIFICATION_IN_THE_NUCLEUS_AND_CYTOSOL",0.172447805359198,0.536042575694856,0.0421540671353264,0.543058968671428,1.26964312552204,59,"20115/20044/76846/16898/20104/18572/75416/14113/213895/72554/74778/72515/66249"
"REACTOME_HEDGEHOG_OFF_STATE",0.173261729790842,0.536955270703151,0.0564803168541392,-0.405131251197985,-1.17569997481274,95,"22190/22142/22151/73710/18222/26440/11514/22143/69077/66413/93687/22123/18749/70247/19181/56637/56436/26965/19167/22187/319757/23996/17463/19172/24069"
"REACTOME_NEGATIVE_REGULATION_OF_FGFR2_SIGNALING",0.174085500220361,0.537892922836566,0.0492766271990659,-0.552694029989198,-1.25683309903596,23,"22190/19053/12402/19052/327826/14784/51792/22187/26413"
"REACTOME_RHOD_GTPASE_CYCLE",0.174716609167077,0.538231464657982,0.052245431012121,-0.457342315643868,-1.2135816456547,52,"75415/98386/27360/11855/109711/218756/13726/18708/232906/70361/380664/18844/69922"
"REACTOME_CARBOXYTERMINAL_POST_TRANSLATIONAL_MODIFICATIONS_OF_TUBULIN",0.175862068965517,0.538868130136456,0.0501437564723626,-0.509511423448092,-1.23828771964594,32,"22142/22151/73710/22143"
"REACTOME_RESPONSE_TO_ELEVATED_PLATELET_CYTOSOLIC_CA2",0.175967596759676,0.538868130136456,0.039585706789632,0.496833372194992,1.23484833698089,113,"19039/11747/11804/16000/19156/56193/14268/18751/11820/12527/19241/12512/13601/18787/21894/53612/12631/22340/11674/20909/192176/67059/20655/12313/18590/16784/20911/22388/20716/14456/56055"
"REACTOME_SIGNAL_TRANSDUCTION_BY_L1",0.177108172555821,0.540756313839073,0.0483839694551487,-0.561913685544307,-1.25802947722744,21,"104099/16410/16416/18479/26395/19353"
"REACTOME_CA_DEPENDENT_EVENTS",0.17921230482405,0.544499326448136,0.050002257314372,-0.498040773585374,-1.23548825466056,36,"18750/110355/19108/12912/55984/11514/18574/18749/26413/12322/26422"
"REACTOME_CELL_EXTRACELLULAR_MATRIX_INTERACTIONS",0.179389312977099,0.544499326448136,0.0474718353392469,-0.578992004363917,-1.26125139889966,18,"19303/110829/109711/11461/22323/73341/16202"
"REACTOME_COPI_INDEPENDENT_GOLGI_TO_ER_RETROGRADE_TRAFFIC",0.181183830606352,0.546357429180414,0.0505748153386382,-0.474406585705537,-1.21995391355228,44,"22142/22151/270192/73710/67665/22143/18475/69654/54130/56444/14423/22428/19346/18783/226407/28169/18472"
"REACTOME_DAG_AND_IP3_SIGNALING",0.182859871090953,0.546357429180414,0.050108280606711,-0.483461266810459,-1.2209443322553,40,"18750/110355/19108/12912/55984/11514/18754/18574/18749/12322/26422/16440/18803"
"REACTOME_DOPAMINE_NEUROTRANSMITTER_RELEASE_CYCLE",0.181660524604379,0.546357429180414,0.0477188632185394,-0.559988274128199,-1.25371880749369,21,"12361/20910/22343"
"REACTOME_LAGGING_STRAND_SYNTHESIS",0.180982745686422,0.546357429180414,0.0441571113824828,0.636699420662436,1.30098766351138,20,"327762/16881/67967/19687/68275/18538"
"REACTOME_NEGATIVE_REGULATION_OF_FGFR3_SIGNALING",0.183177975287232,0.546357429180414,0.0475025276276735,-0.559396320486666,-1.25239352364787,21,"22190/19053/12402/19052/327826/14784/51792/22187/26413"
"REACTOME_PROCESSING_OF_CAPPED_INTRONLESS_PRE_MRNA",0.182392776523702,0.546357429180414,0.0486766874868098,-0.51790552056787,-1.23718489946208,29,"83410/98985/67337/20492/54451/68092/228410/20638/432508/74737/74320/269061/433702"
"REACTOME_SIGNALING_BY_RECEPTOR_TYROSINE_KINASES",0.185120705663881,0.548978644382544,0.0331242538688919,0.413738369974552,1.15568986805082,464,"20846/11816/26362/20750/107932/13033/13058/16000/66335/18186/14268/18751/14580/66144/20185/16765/319939/11966/16186/19877/60533/108100/15251/18753/73834/54126/15382/12757/15451/78294/18187/17937/59079/17164/23797/231821/58194/14389/11964/13655/384783/13858/15902/17936/11974/15461/19253/11984/56705/22340/14360/17972/15519/27060/13057/22186/13367/11465/226519/12313/18590/16477/11773/80707/84092/20393/20779"
"REACTOME_SURFACTANT_METABOLISM",0.184659635666347,0.548978644382544,0.0442078566868354,0.658163400221967,1.30009895707028,16,"18442/13036/12982/12984/224792"
"REACTOME_NEGATIVE_REGULATION_OF_FGFR4_SIGNALING",0.185867237687366,0.549613149837713,0.0468096768126003,-0.562643645525022,-1.25141272621164,20,"22190/19053/12402/19052/327826/14784/51792/22187/26413"
"REACTOME_RAF_ACTIVATION",0.187298665439485,0.552263493524423,0.0484810181268706,-0.49682685167434,-1.22235771676461,34,"26395/19053/19052/19046/51792/226849/73699/26403/12322/56392/16706/12325/17169/26932/26931/21770/225849"
"REACTOME_RHO_GTPASE_CYCLE",0.190250507786053,0.559369014345318,0.0849239419737563,-0.311940738027251,-1.07491309151385,427,"12709/105855/75415/19299/242687/98386/544817/268739/12988/70350/22379/22376/244418/18479/19655/56374/72536/223435/11852/210998/12466/21927/66087/57778/74734/233489/27360/11855/269523/26431/17973/72754/106952/109711/330662/218756/22143/11671/327826/13726/56381/20868/20844/244895/14784/18708/386649/238130/68524/77038/11461/15381/20947/73178/12540/71972/56418/140579/216197/107746/19353/76626/18805/73341/14270/12468/70719/210293/69288/50768/20430"
"REACTOME_TRANSCRIPTIONAL_REGULATION_BY_RUNX3",0.190839694656489,0.559507286606523,0.0526059181483477,-0.407698933795092,-1.1617315529776,85,"21803/22190/11906/17127/56484/328572/12443/26440/270118/433586/69077/66413/66313/22123/70247/19181/75788/56436/22059/19167/14312/22187/23996/17463/15205/19172/21416/103806/12125"
"REACTOME_PROTEIN_FOLDING",0.191652937946183,0.560299807253431,0.0526869485460313,-0.407224025370051,-1.16502414085403,87,"22142/22151/14676/14702/55946/73710/50789/12466/22327/22143/11461/12468/14693/67466"
"REACTOME_ADHERENS_JUNCTIONS_INTERACTIONS",0.198297872340426,0.560666860973477,0.0397394428476769,0.556149735116761,1.2600234454793,46,"24136/54725/17454/19294/110751/11465/71740/57875"
"REACTOME_AMYLOID_FIBER_FORMATION",0.194897797496435,0.560666860973477,0.038532213432583,0.507592059921441,1.22388494133336,82,"11816/17105/11820/12010/68024/56791/16432/78294/20660/319192/51788/22186/22284/15078/319153/227753/15270/232670/22139/74105/15267/319149/319191/319172/18550/319181/319176"
"REACTOME_DEVELOPMENTAL_LINEAGE_OF_PANCREATIC_DUCTAL_CELLS",0.198196605374823,0.560666860973477,0.0406129202301208,0.575254676845528,1.25940528927486,34,"12306/14268/16149/226519"
"REACTOME_FORMATION_OF_THE_POLYBROMO_BAF_PBAF_COMPLEX",0.197502837684449,0.560666860973477,0.0422667372169805,0.634487121625221,1.27577982644026,18,"20588/68094/26992/66923/20586/67155/57376"
"REACTOME_NEGATIVE_REGULATION_OF_FGFR1_SIGNALING",0.194310722100656,0.560666860973477,0.0462285382195579,-0.546237673428512,-1.23163192715557,22,"22190/19053/12402/19052/327826/14784/51792/22187/26413"
"REACTOME_PTEN_REGULATION",0.197788697788698,0.560666860973477,0.0550120303971731,-0.374685487934228,-1.12854873893531,122,"433759/19211/22190/16476/54484/19821/11651/26440/69077/56692/68441/68031/213988/11909/19646/66413/11798/22123/12151/70247/19181/229542/56436/22059/19167/12995/22187/268706/26413/23996/234366/74370/17463/19172"
"REACTOME_SIGNAL_AMPLIFICATION",0.196295459679241,0.560666860973477,0.0467801592195373,-0.519636562879064,-1.22161530131415,27,"70839/14676/14702/14679/26416/14693"
"REACTOME_TELOMERE_EXTENSION_BY_TELOMERASE",0.198135703446781,0.560666860973477,0.0455008642931611,-0.549589309782202,-1.23043728932382,21,"101185/56505/52036/57321/67857/28113"
"REACTOME_TGFBR3_EXPRESSION",0.197268588770865,0.560666860973477,0.0456108467661738,-0.550154319214798,-1.23170224965385,21,"17127/328572/20683/213988"
"REACTOME_TRAF6_MEDIATED_INDUCTION_OF_TAK1_COMPLEX_WITHIN_TLR4_COMPLEX",0.192396072696887,0.560666860973477,0.0453100651044091,-0.592817226052928,-1.25775347823089,16,"68652/22190/21898/22034"
"REACTOME_TRANSPORT_OF_THE_SLBP_DEPENDANT_MATURE_MRNA",0.193189715079917,0.560666860973477,0.0478436678923893,-0.492405547524473,-1.21670618498624,35,"19069/20492/69482/66679/18141/227720/107939/72124/68092/170762/110379/234865/69912/433702/269113/445007"
"REACTOME_VIRAL_MESSENGER_RNA_SYNTHESIS",0.196411483253589,0.560666860973477,0.0482553756182689,-0.468312314398834,-1.20121937582356,43,"19069/69482/66679/18141/227720/107939/20021/72124/170762/69920/231329/110379/234865/69912/269113/445007/66420/20020/59015/68705/17749/103468/245841"
"REACTOME_GLYCEROPHOSPHOLIPID_BIOSYNTHESIS",0.19919168591224,0.561655245523038,0.0530144999143884,-0.38986534077845,-1.14606785880443,103,"270084/23945/192654/68682/14792/110911/210992/66826/18805/99138/14245/77582/218121/56018/66586/14555/12995/239759/102247/104759/18783/11423/74596/28169"
"REACTOME_SIGNALING_BY_NTRK3_TRKC",0.200543137664508,0.563925117356328,0.0442842613574546,-0.586539675787928,-1.24443468394897,16,"19277/14784/18708/19280/58202/20662/18706/18803"
"REACTOME_HS_GAG_BIOSYNTHESIS",0.201434977578475,0.564893741470072,0.0405721536212484,0.591225618212324,1.2567894171308,27,"20970"
"REACTOME_NICOTINATE_METABOLISM",0.202187784867821,0.565468276378297,0.0408597348088626,0.599947704560992,1.2628404210487,25,"59027/547253/80285/192185/671535"
"REACTOME_INTEGRIN_SIGNALING",0.202866593164278,0.565833308501445,0.0453371931652217,-0.530467401110675,-1.21872333999358,24,"16416/12988/54519/20963/11651/14784/12928"
"REACTOME_PLATELET_ACTIVATION_SIGNALING_AND_AGGREGATION",0.20407315045719,0.567664396959085,0.063523490737973,-0.337691932570603,-1.09624597640366,227,"30955/18613/320207/21803/18750/23945/70839/14676/66082/223601/16416/12988/14702/109689/11852/227612/54519/20963/17096/11651/109711/54368/108101/16822/14679/14784/18708/22631/12540/26416/18591/71946/19353/16002/66866/12928/268936/74840/67988/18754/14693/20912"
"REACTOME_NEUREXINS_AND_NEUROLIGINS",0.204749212503029,0.568013944363241,0.0475025276276735,-0.461124402495673,-1.19600668838885,46,"217692/12361/20910/22343/56376/13169"
"REACTOME_TAK1_DEPENDENT_IKK_AND_NF_KAPPA_B_ACTIVATION",0.205380237972064,0.568237012298043,0.0392452338933764,0.559816468338728,1.25146807149253,42,"24110/434341/11820/18034/78294/270151/71481/18035/66589/22186/26409/71966"
"REACTOME_ER_QUALITY_CONTROL_COMPARTMENT_ERQC",0.207673964881856,0.573046876358489,0.0443353901052009,-0.544898089661669,-1.21993444280554,21,"22190/192193/75841/23802/223455/22644/193670/227619/66597/116891"
"REACTOME_COMPLEX_III_ASSEMBLY",0.211850501367366,0.577016416845111,0.0397974848964469,0.593018285935128,1.24825456653408,25,"17711/22272/100900/67530/66576/67267/66152/66594/15526/14297/66487"
"REACTOME_DEGRADATION_OF_AXIN",0.212467285272424,0.577016416845111,0.0460862164815482,-0.465493749006445,-1.18930427092862,42,"22190/26440/69077/68031/66413/66313/22123/70247/19181/56436/19167/22187/23996/17463/19172"
"REACTOME_GLYCOSAMINOGLYCAN_METABOLISM",0.212039127163281,0.577016416845111,0.0356313584168532,0.479971697416591,1.19165153222153,112,"76969/20970/12505/54371/110006/12091/15211/121021/15442/233781/227327"
"REACTOME_O_LINKED_GLYCOSYLATION",0.211814345991561,0.577016416845111,0.0505748153386382,-0.394449556570324,-1.14017600014992,93,"14537/20448/14426/171212/108902/16795/271127/56386/20444/217734/97440/171167/73068/14423"
"REACTOME_O_LINKED_GLYCOSYLATION_OF_MUCINS",0.212335446123842,0.577016416845111,0.0467212718610304,-0.454324572812006,-1.18302659875432,47,"14537/20448/14426/171212/56386/20444/97440/14423"
"REACTOME_TRAF6_MEDIATED_NF_KB_ACTIVATION",0.211524300441826,0.577016416845111,0.0400515076935877,0.60252535415028,1.2481491380599,22,"11820/71586/217069/230073/18034/18035/71966"
"REACTOME_METABOLISM_OF_CARBOHYDRATES_AND_CARBOHYDRATE_DERIVATIVES",0.214156548695428,0.580077580718323,0.032366670547296,0.433088322920746,1.16039837688123,250,"76969/20970/12505/54371/110006/18746/17160/14751/14387/21991/12091/15211/17159/19386/110094/78294/170768/121021/18655/108989/15442/58810/233781/227327/14433/66171/27357/18648/11674/22186/13806/27419/50917/270198"
"REACTOME_ABC_FAMILY_PROTEINS_MEDIATED_TRANSPORT",0.222489316239316,0.580391078101002,0.0478750052522856,-0.405368998161874,-1.14373694786924,79,"76408/22190/19299/226144/217262/269523/26440/67819/69077/193670/56535/66413/19298/22123/11666/70247/19181/116891/17250/56436/19167/239273/22187/18670/23996/17463/19172"
"REACTOME_ACTIVATED_NOTCH1_TRANSMITS_SIGNAL_TO_THE_NUCLEUS",0.22646252285192,0.580391078101002,0.0435109751834675,-0.490742597549153,-1.18622079914969,31,"22190/207521/109689/18222/12805/11487/76580/22187/19164"
"REACTOME_ASYMMETRIC_LOCALIZATION_OF_PCP_PROTEINS",0.216662558540794,0.580391078101002,0.0464876729628047,-0.44165877763169,-1.16858072271937,51,"22190/26440/14366/69077/66413/66313/22123/70247/19181/75788/56436/19167/22187/23996/14369/17463/19172"
"REACTOME_CD28_DEPENDENT_PI3K_AKT_SIGNALING",0.217754687147052,0.580391078101002,0.0441824649861948,-0.509083628228987,-1.1968063726066,27,"30955/320207/11651/18708"
"REACTOME_COBALAMIN_CBL_VITAMIN_B12_TRANSPORT_AND_METABOLISM",0.216419469396282,0.580391078101002,0.0424486378330306,-0.578108668232542,-1.22654699679727,16,"67096/17250/109136/109129/19300"
"REACTOME_CONSTITUTIVE_SIGNALING_BY_EGFRVIII",0.227769754487312,0.580391078101002,0.040963710830083,-0.580508783244815,-1.21721509857886,15,"14388/12402/14784/18708/20662/18706/18803"
"REACTOME_DISEASES_OF_DNA_REPAIR",0.223495702005731,0.580391078101002,0.0369069830787364,0.53325233211745,1.22144661035992,50,"327762/19360/20422/19362/11920/235559"
"REACTOME_DOWNSTREAM_SIGNALING_OF_ACTIVATED_FGFR2",0.225847728726807,0.580391078101002,0.0419310333602392,-0.549153594357306,-1.20546370134183,19,"14388/327826/14784/18708/20662/18706/18803"
"REACTOME_GOLGI_TO_ER_RETROGRADE_TRANSPORT",0.226073619631902,0.580391078101002,0.0511654200013341,-0.369513622961703,-1.11097875242216,121,"66676/22142/22151/270192/73710/66913/72772/67665/22143/11843/70349/18475/77038/19324/20333/68581/228998/69654/54130/54161/56334/68137/67511/59042/56444/108123/20932/14423/213827/22428/19346/18783/226407"
"REACTOME_HEPARAN_SULFATE_HEPARIN_HS_GAG_METABOLISM",0.226615074024226,0.580391078101002,0.0365737032588796,0.528383376925662,1.21496256658683,52,"20970/110006/12091/121021/15442/233781"
"REACTOME_IRON_UPTAKE_AND_TRANSPORT",0.223082099596231,0.580391078101002,0.0369069830787364,0.530579142032214,1.22001149985381,52,"66335/14319/14325/18002/66144/11966/15368/73834/78294/18174/11964/11974/11984/27060/22186"
"REACTOME_LATE_ENDOSOMAL_MICROAUTOPHAGY",0.217188898836168,0.580391078101002,0.0388389802276081,0.573050398873087,1.23304723372469,30,"11520/22352/75608/66905/78294/68953"
"REACTOME_NEGATIVE_REGULATION_OF_NOTCH4_SIGNALING",0.215110683349374,0.580391078101002,0.0460578909158033,-0.461647121877362,-1.18714248491484,44,"22190/11651/26440/69077/22631/66413/22123/70247/19181/56436/26965/19167/22187/23996/17463/19172"
"REACTOME_SEMA4D_INDUCED_CELL_MIGRATION_AND_GROWTH_CONE_COLLAPSE",0.223743435858965,0.580391078101002,0.0392078588986076,0.606913077482388,1.24012430513414,20,"17886/19877/17904/20354/16885/67938/98932/77579/11853"
"REACTOME_SIGNALING_BY_EGFR_IN_CANCER",0.222414914372426,0.580391078101002,0.0426788844272162,-0.536905941233477,-1.20204137743322,21,"22190/14388/12402/14784/18708/21802/22187/20662/18706/18803"
"REACTOME_SIGNALING_BY_TGF_BETA_RECEPTOR_COMPLEX",0.227590492465434,0.580391078101002,0.0348294155746012,0.487353517699874,1.18638887676853,92,"20846/18002/20185/21815/78294/56207/20602/22608/11545/18787/16419/264064/22186/17872/22284"
"REACTOME_SMOOTH_MUSCLE_CONTRACTION",0.219751357030292,0.580391078101002,0.038091938319143,0.557679681253436,1.22828473843458,36,"326618/12306/11669/17904/16419/21894/20410/12313/67938/98932"
"REACTOME_SPRY_REGULATION_OF_FGF_SIGNALING",0.221850846041362,0.580391078101002,0.0418647144480324,-0.575129005218288,-1.22022518063635,16,"22190/19053/12402/19052/14784/51792/22187/26413"
"REACTOME_SUMOYLATION",0.227034482758621,0.580391078101002,0.0325078283353193,0.444927440575203,1.15705575561629,174,"19106/20684/56489/18148/17342/15258/18854/16319/18034/19386/21973/13435/108989/20602/216848/13163/67241/11545/24061/18035"
"REACTOME_TERMINATION_OF_O_GLYCAN_BIOSYNTHESIS",0.227357128120487,0.580391078101002,0.0410054911189593,-0.581255125710123,-1.21878003496519,15,"20448/20444"
"REACTOME_THE_ROLE_OF_GTSE1_IN_G2_M_PROGRESSION_AFTER_G2_CHECKPOINT",0.22728429625859,0.580391078101002,0.0460862164815482,-0.427257386446611,-1.15136973965245,58,"22190/22142/22151/73710/26440/22143/69077/66413/22123/13589/70247/19181/56436/22059/19167/22187/23996/17463/19172"
"REACTOME_TIGHT_JUNCTION_INTERACTIONS",0.219877611310403,0.580391078101002,0.0423120234220655,-0.567099272750882,-1.22034863641653,17,"16456"
"REACTOME_TP53_REGULATES_METABOLIC_GENES",0.220729366602687,0.580391078101002,0.0360646432896811,0.499706673906719,1.19679742996308,77,"12857/20463/14751/18477/17708/12862/17454/12868/17992/12867/14660/23797/12859/17709/66142/22627/12861/110323/12864/54683/83409/64930/54170/12858/17710"
"REACTOME_TRANSPORT_OF_VITAMINS_NUCLEOSIDES_AND_RELATED_MOLECULES",0.224862888482633,0.580391078101002,0.0436825028426649,-0.491833316477299,-1.18885728003611,31,"101488/71279/63959/11416/73836/108115/243328/24060/229782/22232"
"REACTOME_CHROMATIN_MODIFICATIONS_DURING_THE_MATERNAL_TO_ZYGOTIC_TRANSITION_MZT",0.233283056812469,0.581609961153752,0.0358837993522971,0.523493826801316,1.20788430919076,53,"68024/319192/15078/319153/15270/15267/319149/232440/319191/319172/319181/319176/18140/319150/360198/22289/665433/22256/319148/319159/319173/69386/15081/326619/319180/382522/319163/260423/319155/319165/319178/73708/214899/97114/319161/97908/97122/320332/326620/319189/319186"
"REACTOME_COPI_DEPENDENT_GOLGI_TO_ER_RETROGRADE_TRAFFIC",0.23115024766098,0.581609961153752,0.0476567854784662,-0.393554386479436,-1.12783817252794,88,"66676/22142/22151/73710/66913/72772/22143/11843/70349/77038/19324/20333/68581/228998/54161/56334/68137/67511"
"REACTOME_DEPOSITION_OF_NEW_CENPA_CONTAINING_NUCLEOSOMES_AT_THE_CENTROMERE",0.233672464719396,0.581609961153752,0.0354121781823754,0.511634428652448,1.1988623028605,60,"18148/68024/12615/93762/319192/20892/233532/26886/15270/15267/232440/319191/319172/52504/319181/319176/72155"
"REACTOME_DOWNSTREAM_SIGNALING_OF_ACTIVATED_FGFR3",0.231694450305972,0.581609961153752,0.041089379907776,-0.560237246786138,-1.20558214943356,17,"14388/327826/14784/18708/20662/18706/18803"
"REACTOME_INTERLEUKIN_10_SIGNALING",0.234139502278304,0.581609961153752,0.0367473484524694,0.547078156830092,1.20779884337797,37,"12977/16181/20303/20302/20304/16176/15945/20296/21926"
"REACTOME_MEIOTIC_RECOMBINATION",0.229043115883956,0.581609961153752,0.0353398441869359,0.501298043103636,1.19305781803007,71,"68024/19360/319192/11920/15078/319153/15270/12567/15267/319149/232440/319191/319172/68275/319181/319176/319150/360198/17350/665433/319148/27354/319159/319173/69386/15081/326619/225182/12566/319180/382522/319163/60530/260423/319155/12189/319165/319178/97114/319161/97908/97122/320332/19361/326620"
"REACTOME_MITOTIC_G1_PHASE_AND_G1_S_TRANSITION",0.231987075928918,0.581609961153752,0.0518915766779433,-0.36006205772473,-1.1001502398192,136,"433759/11350/22190/13548/19053/63955/17096/12443/11651/71978/26440/19052/69077/19646/66413/13557/22123/51792/70247/19181/12576/56436/18393/26965/19167/73699"
"REACTOME_NOTCH1_INTRACELLULAR_DOMAIN_REGULATES_TRANSCRIPTION",0.234447426201513,0.581609961153752,0.0442587547733942,-0.443574854515185,-1.15995451702761,48,"433759/22190/21887/328572/21888/270118/433586/51813"
"REACTOME_PROCESSIVE_SYNTHESIS_ON_THE_C_STRAND_OF_THE_TELOMERE",0.233201581027668,0.581609961153752,0.0383722519522341,0.605434970163423,1.22584132846247,19,"327762"
"REACTOME_SIGNALING_BY_TGFB_FAMILY_MEMBERS",0.231333621061718,0.581609961153752,0.0329645228841272,0.456629172511047,1.16379148638351,140,"20846/21858/18002/20185/21815/17454/78294/56207/20602/22608/11545/18787/16419/264064/22186/17387/17872/22284"
"REACTOME_TOLL_LIKE_RECEPTOR_CASCADES",0.229712683952348,0.581609961153752,0.0325908383807256,0.449077026681918,1.15947449448058,160,"24110/54123/434341/13030/56489/24088/13039/11820/26410/216238/18034/78294/231130/22031/13040/17164/270151/71648/17079/11796/71481/16409/16414/18035/21897/66589/22186/17084/26400/266632/19766/26409/20193/71966/19247/12475"
"REACTOME_RAB_REGULATION_OF_TRAFFICKING",0.237593984962406,0.588002380050847,0.0492766271990659,-0.372362791532394,-1.10769577231124,114,"74760/270160/68365/19325/270096/270192/19338/329727/319934/11651/93739/271457/217449/19324/320435/11845/217835/66682/231874/211922/77407/66975/320714/216363/100855/12663/106572/19344/60409/242406/19346/226407"
"REACTOME_CHOLESTEROL_BIOSYNTHESIS",0.238989492510619,0.588632831195606,0.0417110149952,-0.504581011659638,-1.17680445989474,26,"98386/14593/235293/16987/13595/13121/74411/18194/68865/66234"
"REACTOME_DOWNSTREAM_SIGNALING_OF_ACTIVATED_FGFR4",0.238980572383539,0.588632831195606,0.0401503101220417,-0.565653453847837,-1.20012133214717,16,"14388/327826/14784/18708/20662/18706/18803"
"REACTOME_ONCOGENIC_MAPK_SIGNALING",0.240735803785657,0.588860730390799,0.0458050138104871,-0.402420208046106,-1.12824627836487,76,"235584/19317/67603/16416/12988/26395/109689/54519/11461/70686/114715/19046/67726/330286/18015/22330/109905/26403/26413/12322"
"REACTOME_RHOF_GTPASE_CYCLE",0.240551461849299,0.588860730390799,0.0430067286602703,-0.456027813092348,-1.15862285720087,41,"75415/70350/27360/11855/109711/218756/18708/11461/14270"
"REACTOME_SUMOYLATION_OF_INTRACELLULAR_RECEPTORS",0.240793825799338,0.588860730390799,0.0412160410872884,-0.511704886071712,-1.17561736411818,24,"14815/229615/13982/56469/21833/20181/22218/208727/20610"
"REACTOME_ABORTIVE_ELONGATION_OF_HIV_1_TRANSCRIPT_IN_THE_ABSENCE_OF_TAT",0.241956809167034,0.589951635695378,0.041089379907776,-0.519681173125697,-1.18176145188863,23,"24116/58202/20021/68092/69920/231329/433702/66420/20020/68705/17749/245841"
"REACTOME_CELLULAR_RESPONSE_TO_HYPOXIA",0.243569958847737,0.589951635695378,0.04461938659259,-0.418070465101443,-1.13533868726511,61,"22190/328572/66105/11863/26440/22346/69077/66413/22123/56550/70247/19181/56436/19167/22187/17684/23996/17463/19172/216080"
"REACTOME_DOWNSTREAM_SIGNALING_OF_ACTIVATED_FGFR1",0.242792109256449,0.589951635695378,0.0406333427646156,-0.527278297276216,-1.180486714847,21,"14388/327826/14784/18708/20662/18706/18803"
"REACTOME_INSULIN_RECEPTOR_SIGNALLING_CASCADE",0.24409820585458,0.589951635695378,0.0424944299209872,-0.459890740060974,-1.15693638008756,39,"14388/18576/75669/327826/14784/18708/81897/26413/16337/20662/18706/18607/75778"
"REACTOME_REGULATION_OF_HOMOTYPIC_CELL_CELL_ADHESION",0.243755697356427,0.589951635695378,0.0367314785613611,0.572163557756935,1.20435708428156,25,"24136/17454/110751"
"REACTOME_SYNTHESIS_OF_LEUKOTRIENES_LT_AND_EOXINS_EX",0.24468743552713,0.589994003420557,0.0393390661709319,-0.571011637977701,-1.1973014143312,15,"11690/17001/23887/11689"
"REACTOME_NON_INTEGRIN_MEMBRANE_ECM_INTERACTIONS",0.246157922628511,0.590779014308426,0.04509456744793,-0.405499936944269,-1.12266988190798,70,"21803/18750/16410/16416/12361/20392/109711/20648/11461/18591"
"REACTOME_PROTEIN_PROTEIN_INTERACTIONS_AT_SYNAPSES",0.245892951775305,0.590779014308426,0.0451213572756294,-0.405507126307693,-1.12268978642842,70,"217692/12361/20168/20910/22343/56376/19280/19024/13169"
"REACTOME_DEGRADATION_OF_CRY_AND_PER_PROTEINS",0.249329104659673,0.593733996279034,0.0427718921296353,-0.437717036642803,-1.14463624045753,48,"22190/50789/26440/69077/66413/22123/70247/19181/56436/26965/19167/22187/23996/17463/19172/216080/12952/103583"
"REACTOME_GPER1_SIGNALING",0.250086715227194,0.593733996279034,0.0351534425481948,0.532994944294949,1.18472843554136,39,"14268/16402/11513/104111/14701/14683/14707/14700/20779"
"REACTOME_INTRA_GOLGI_AND_RETROGRADE_GOLGI_TO_ER_TRAFFIC",0.251312828207052,0.593733996279034,0.0538582753911296,-0.342381015591649,-1.08530535806121,186,"66676/22142/22151/72318/270160/98910/270192/73710/66913/19338/97484/72772/67665/22143/11843/70349/18475/77038/53334/19324/56418/20333/68581/228998/69654/19159/17155/54130/54161/56334/56367/78689/68137/67511/104303/59042/56444/53330/108123/20932/14423/22365/338337/213827/74375/22428/19158/242406/54399/19346/18783/226407/16834/56389"
"REACTOME_KERATAN_SULFATE_BIOSYNTHESIS",0.250411560270715,0.593733996279034,0.0362323902738512,0.568674246590773,1.19270724535703,24,"76969/54371"
"REACTOME_ORGANELLE_BIOGENESIS_AND_MAINTENANCE",0.248074738038126,0.593733996279034,0.0291781413293861,0.417078513195494,1.12642643049913,283,"229003/20185/109181/75296/13191/13196/18536/18286/70257/11949/11947/21454/22627/67942/20336/28080/12461/67951/17705/27425/15519/67126/100986/17977/236266/11957/11958/71679/57423/17706/66061/18000/11655/12313/56350/66043/22153/545486/15526/70799/116940/78177/110350/68097/72140/67590/208518/16328/11951/66477/12534/67661/77048/26920/18817/214552/67286/13424/74019/73916/170826/228033/67161/75786/81896/76478/382090/18005/11950/12589/22146/18764/50776/433771/18541/55978/53598/76816/53375"
"REACTOME_SCF_BETA_TRCP_MEDIATED_DEGRADATION_OF_EMI1",0.250297406614323,0.593733996279034,0.0420868361451837,-0.449744890532501,-1.14906702889199,42,"22190/26440/69077/56371/66413/22123/70247/19181/56436/26965/19167/22187/23996/17463/19172"
"REACTOME_UBIQUITIN_DEPENDENT_DEGRADATION_OF_CYCLIN_D",0.251416430594901,0.593733996279034,0.0417986650035886,-0.456494596201545,-1.14839278040024,39,"22190/12443/26440/69077/66413/22123/70247/19181/56637/56436/19167/22187/23996/17463/19172"
"REACTOME_ANTIGEN_PROCESSING_UB_ATP_INDEPENDENT_PROTEASOMAL_DEGRADATION",0.25390551477508,0.598243130702928,0.0365423481021467,0.591380618889434,1.19738508545468,19,"19186/16913/16912/19188/26445/26444/19177/26441/19170/26442/19175"
"REACTOME_RND3_GTPASE_CYCLE",0.255289386256339,0.600133591381643,0.0348992411072775,0.531654763737434,1.17707825097497,38,"12874/13518/19877/227937/269608"
"REACTOME_NUCLEOTIDE_CATABOLISM",0.256681614349776,0.60183448592691,0.0353110109440216,0.557194630336288,1.18444853050543,27,"56045/22436/74167"
"REACTOME_PHASE_I_FUNCTIONALIZATION_OF_COMPOUNDS",0.257762444553967,0.60183448592691,0.042221575978431,-0.426650955942479,-1.13214052477054,52,"19224/56351/11863/67247"
"REACTOME_TRP_CHANNELS",0.257472569050322,0.60183448592691,0.0363555960049805,0.594520358156508,1.1954176113162,18,"28240/58800/63873/19766"
"REACTOME_METABOLISM_OF_STEROIDS",0.258839325675071,0.602408590174205,0.0314937389273168,0.458298102927538,1.14284382429631,116,"229003/12642/12257/20250/107476/14104/20280/68603/17977/19384/68165/20787"
"REACTOME_RMTS_METHYLATE_HISTONE_ARGININES",0.259175788795879,0.602408590174205,0.0329401098856199,0.491341695283115,1.16479452741819,68,"20588/16898/68094/13435/319192/66923/20586/67155/319153/57376/15270/12567/15267/319149/232440/319191/319172/16452/319176/319150/360198/319164/66423/319166"
"REACTOME_CONSTITUTIVE_SIGNALING_BY_LIGAND_RESPONSIVE_EGFR_CANCER_VARIANTS",0.260823203241629,0.603720244024414,0.0386577899933456,-0.533453169913136,-1.17099922372103,19,"22190/14388/12402/14784/18708/22187/20662/18706/18803"
"REACTOME_IRS_MEDIATED_SIGNALLING",0.261619880349747,0.603720244024414,0.0402896801592287,-0.466170872996563,-1.14693391071333,34,"14388/18576/75669/327826/14784/18708/81897"
"REACTOME_POTENTIAL_THERAPEUTICS_FOR_SARS",0.261908432249114,0.603720244024414,0.0318949747934007,0.469431332266059,1.14865873433665,98,"232975/20847/107932/58203/11928/19877/18566/15975/11933/94246/216848/58194"
"REACTOME_PRE_NOTCH_EXPRESSION_AND_PROCESSING",0.262165963431786,0.603720244024414,0.045014448139004,-0.38057892351912,-1.10008224760682,93,"54613/16476/16848/328572/14595/11938/12443/17305/270118/433586/18129/213988/13557/56334/19719/22059/224143"
"REACTOME_SIGNALING_BY_ERBB4",0.262665106169537,0.603720244024414,0.0334240051951686,0.508159378520931,1.17310407818237,54,"11816/14580/20185/16765/78294/231821/15461/22186/80707/20779"
"REACTOME_DEFECTIVE_CFTR_CAUSES_CYSTIC_FIBROSIS",0.263529985372989,0.604362099788721,0.0414508753284105,-0.434200163643303,-1.13062416939983,47,"22190/226144/269523/26440/67819/69077/193670/66413/22123/70247/19181/116891/56436/19167/22187/23996/17463/19172/20338"
"REACTOME_MITF_M_REGULATED_MELANOCYTE_DEVELOPMENT",0.26473124461052,0.605770830239594,0.0303666077981644,0.442801385818525,1.12963768183479,143,"12977/66335/17918/15254/107508/66144/20588/11966/17342/68094/17454/12575/73834/23797/11964/97541/13722/22627/18787/11974/11984/20586/13367/67155/16881/17218/57376/12044/12531/21425/18817/192119/12387/17216/107045/11972"
"REACTOME_CELL_SURFACE_INTERACTIONS_AT_THE_VASCULAR_WALL",0.265461176113053,0.606097198559005,0.0313625677141793,0.461749713654318,1.13941027395135,106,"16411/20970/12505/14268/16402/14127/12506/16149/11933/12215/17319/16409/16414/108078/15461/12523/14360"
"REACTOME_ELASTIC_FIBRE_FORMATION",0.266314863676341,0.606704060295771,0.0341624934182991,0.530124343316123,1.16500795440998,35,"16948/14268/16402"
"REACTOME_ACTIVATED_TAK1_MEDIATES_P38_MAPK_ACTIVATION",0.267959453503746,0.606712534488178,0.0387843992887662,-0.508638574489381,-1.15665044523317,23,"68652/22190/22034/26416/93765"
"REACTOME_FOXO_MEDIATED_TRANSCRIPTION_OF_CELL_DEATH_GENES",0.267794512069321,0.606712534488178,0.0373632355660537,-0.561181728713317,-1.17668998807958,15,"18044/56484/328572/56458/13198/17684/12125"
"REACTOME_TRANSCRIPTIONAL_AND_POST_TRANSLATIONAL_REGULATION_OF_MITF_M_EXPRESSION_AND_ACTIVITY",0.268082282680823,0.606712534488178,0.0328671257118909,0.501203687875579,1.16246782800655,55,"12977/15254/107508/17342/23797/97541/13722/22627"
"REACTOME_ATTENUATION_PHASE",0.269205224706664,0.607920770015923,0.0387843992887662,-0.495612733921162,-1.14772463377072,25,"56351/328572/14228/81489/15511/193740/94185/15482/22187"
"REACTOME_CIRCADIAN_CLOCK",0.270502945174445,0.608249746159869,0.030892146868861,0.457729466310097,1.13281947388917,108,"229003/59027/20893/20185/78294/79362/20422/18787/26445/12894/17977/22186/18626/20787"
"REACTOME_LYSOSOME_VESICLE_BIOGENESIS",0.270529683611802,0.608249746159869,0.0340564998948168,0.537810051133099,1.16364995589977,31,"64138/11820/12757/68953"
"REACTOME_CLASS_A_1_RHODOPSIN_LIKE_RECEPTORS",0.273376259798432,0.611201125596519,0.0292895121847855,0.432581325915306,1.11797051280245,162,"19219/80885/14744/19156/11820/11539/66102/18442/55985/12266/15199/54199/20303/12775/17329/20302/20304/15945"
"REACTOME_DISEASES_OF_HEMOSTASIS",0.272746028471219,0.611201125596519,0.0369713177682469,-0.558550905409932,-1.17117365837192,15,"22022/54368/56316"
"REACTOME_INITIATION_OF_NUCLEAR_ENVELOPE_NE_REFORMATION",0.27361910855193,0.611201125596519,0.037613471209552,-0.527522231876611,-1.15798004185387,19,"98386/16211/71978/19052/13726/22367/51792/380664/69922"
"REACTOME_CYCLIN_D_ASSOCIATED_EVENTS_IN_G1",0.275018173007027,0.611678350308732,0.0403297267408196,-0.432969638944612,-1.12298239096536,46,"11350/22190/19053/17096/12443/71978/19052/13557/51792/12576/26965/73699/22187"
"REACTOME_PRC2_METHYLATES_HISTONES_AND_DNA",0.274519549370444,0.611678350308732,0.032378378945755,0.49803888880774,1.15934167751056,57,"68024/13435/319192/11569/15078/319153/15270/15267/319149/232440/319191/319172/319181/319176/319150/360198/13436/665433/319148/319159/319173/69386/15081/326619/13433/319180/382522/319163/52615/14056/74016/260423/245688/319155/319165/319178/97114/319161/97908/97122"
"REACTOME_SMAD2_SMAD3_SMAD4_HETEROTRIMER_REGULATES_TRANSCRIPTION",0.275926357492426,0.612378496628352,0.0393767579926886,-0.456114393174831,-1.13148160840798,36,"433759/22190/17127/328572/20683/51813/17126/17283/12455/228839/22187/26413"
"REACTOME_PYROPTOSIS",0.277665995975855,0.614916969628932,0.0341093981326914,0.553589504832791,1.16106930694686,24,"75608/68953/16176/12363/12018/208092/66371"
"REACTOME_ABC_TRANSPORTER_DISORDERS",0.27928607340372,0.616392540086711,0.0408183330044312,-0.413917160966473,-1.11032621757349,56,"22190/226144/269523/26440/67819/69077/193670/66413/22123/11666/70247/19181/116891/56436/19167/22187/18670/23996/17463/19172"
"REACTOME_CDK_MEDIATED_PHOSPHORYLATION_AND_REMOVAL_OF_CDC6",0.280939015054861,0.616392540086711,0.0410264221970887,-0.409051118014501,-1.10645913642223,59,"22190/26440/69077/99152/56371/66413/56317/22123/52717/66440/70247/19181/56436/19167/69957/22187/23996/17463/19172/216080"
"REACTOME_FBXL7_DOWN_REGULATES_AURKA_DURING_MITOTIC_ENTRY_AND_IN_EARLY_MITOSIS",0.280751843921009,0.616392540086711,0.039452416158292,-0.440107112226476,-1.12444317319879,42,"22190/26440/69077/66413/22123/70247/19181/56436/26965/19167/22187/23996/17463/19172"
"REACTOME_MYD88_INDEPENDENT_TLR4_CASCADE",0.282513247539743,0.616392540086711,0.0301262327782685,0.45443697267471,1.12331757706326,107,"24110/54123/434341/56489/11820/26410/18034/78294/231130/22031/17164/270151/71648/11796/71481/18035/66589/22186/26400/19766/26409/71966/19247/12475"
"REACTOME_REGULATION_OF_MRNA_STABILITY_BY_PROTEINS_THAT_BIND_AU_RICH_ELEMENTS",0.280589022757697,0.616392540086711,0.0421765391127642,-0.393174505490988,-1.09781182239071,74,"18750/22190/238799/11651/15568/26440/69077/22631/26416/193740/66413/22123/75901/227720/70247/19181/56436/19167/22187/23996/17463/19172"
"REACTOME_TRANSFERRIN_ENDOCYTOSIS_AND_RECYCLING",0.281425212515826,0.616392540086711,0.0336146421505993,0.544536246948656,1.15374958021082,26,"66335/66144/11966/73834/11964/11974/11984/27060"
"REACTOME_UCH_PROTEINASES",0.282317573107406,0.616392540086711,0.0425173739246544,-0.382594440437507,-1.0930732868906,86,"21803/22190/21812/26440/69077/11461/56505/66413/228790/17425/22123/70247/19181/56436/19167/68837/235134/22187/50933/23996/15161/17463/19172/71599"
"REACTOME_DNA_DAMAGE_TELOMERE_STRESS_INDUCED_SENESCENCE",0.284563325813729,0.618251267873196,0.0311574291155154,0.478935463650219,1.13587206366278,67,"12575/68024/16906/19360/319192/56702/14958/11920/80838/104248/19645/15270/170644/15267/232440/319191/319172/319181/319176/14957/50709"
"REACTOME_FORMATION_OF_THE_BETA_CATENIN_TCF_TRANSACTIVATING_COMPLEX",0.28411214953271,0.618251267873196,0.0418206516609176,-0.391585538446524,-1.0954763857152,75,"433759/21887/77578/328572/80288/21888/56505/23808/81601/214498/17283/68911/381022/213464/21416"
"REACTOME_MECHANICAL_LOAD_ACTIVATES_SIGNALING_BY_PIEZO1_AND_INTEGRINS_IN_OSTEOCYTES",0.285958578757363,0.619977422852097,0.0342826850032942,0.58185165555633,1.16158550305478,17,"20750/16402"
"REACTOME_ESTROGEN_DEPENDENT_NUCLEAR_EVENTS_DOWNSTREAM_OF_ESR_MEMBRANE_SIGNALING",0.287152034261242,0.621006564551422,0.0366681675485412,-0.515265590315709,-1.1460360784815,20,"56484/12912/12443/11651/21802/12576/26413"
"REACTOME_HDACS_DEACETYLATE_HISTONES",0.288387715930902,0.621006564551422,0.0307666347235003,0.470375891235139,1.12655020863678,77,"107932/20185/68024/20602/94246/216848/319192/60406/192285/319153/71954/116871/15267/319149/238247/319191/217864/319172/319181/319176"
"REACTOME_JNK_C_JUN_KINASES_PHOSPHORYLATION_AND_ACTIVATION_MEDIATED_BY_ACTIVATED_HUMAN_TAK1",0.288840262582057,0.621006564551422,0.0370035891842464,-0.505932587844227,-1.14075384853319,22,"68652/22190/22034/93765"
"REACTOME_MHC_CLASS_II_ANTIGEN_PRESENTATION",0.28795015955022,0.621006564551422,0.0298414327424622,0.454773558703539,1.120413149073,104,"13030/13033/13039/16768/13036/12757/16149/13191/19025/65972/13040/13034/229841/16573/73804/67951/26934/12343/11773/22153/545486/74764/68097/16551/19349/12345"
"REACTOME_RHOBTB2_GTPASE_CYCLE",0.289995592772146,0.622194286363524,0.0370683414687486,-0.499231662079951,-1.1352590094036,23,"19655/12466/109711/15381/76626/12468/20462"
"REACTOME_GPCR_LIGAND_BINDING",0.290981432360743,0.622499609548638,0.0272167928225599,0.414193372613622,1.09729027851027,218,"19219/80885/14744/19156/11820/11539/66102/18442/55985/12266/15199/51801/54199/14701/14683/20303/12775/17329/20302/14707/20304/15945"
"REACTOME_INTERLEUKIN_3_INTERLEUKIN_5_AND_GM_CSF_SIGNALING",0.291344294003868,0.622499609548638,0.0389854791151017,-0.428388871314896,-1.10632341594234,45,"22190/22612/20963/20851/17096/12402/14784/18708/22631/107746/12928/16331/12929"
"REACTOME_EGFR_DOWNREGULATION",0.29644533869886,0.632090061027321,0.0369069830787364,-0.481917525293461,-1.12394775063262,26,"22190/12402/20844/14784/12540/24063/21802/13854/19248/22187/15239"
"REACTOME_CELL_CELL_JUNCTION_ORGANIZATION",0.298109549200194,0.634327947988866,0.0303363240064206,0.474228009407788,1.12198238860208,65,"24136/54725/17454/19294/110751/11465/71740/57875"
"REACTOME_TICAM1_RIP1_MEDIATED_IKK_COMPLEX_RECRUITMENT",0.298784388995521,0.634455739595428,0.0357496126221224,-0.516089043205682,-1.13288270283067,19,"22190/142980/66105/22034/93765/56550"
"REACTOME_CO_INHIBITION_BY_CTLA4",0.299571734475375,0.634821416793813,0.0357793259745138,-0.51035424018639,-1.1351124217343,20,"22612/19053/17096/11651/19052/51792/226849/73699"
"REACTOME_REGULATION_OF_APOPTOSIS",0.300787777512533,0.636092185231422,0.0380053855849536,-0.43682424020835,-1.10316610013602,40,"22190/26440/67013/69077/66413/22123/224105/70247/19181/56436/19167/22187/23996/17463/19172"
"REACTOME_RAC2_GTPASE_CYCLE",0.301448483192129,0.636185755939217,0.040984587350474,-0.378234632241531,-1.08061730381479,86,"105855/242687/98386/18479/223435/26431/330662/13726/18708/238130/20947/12540/210293/20430/224105/232906/70361/380664/216963/69922"
"REACTOME_KERATAN_SULFATE_KERATIN_METABOLISM",0.304656949875578,0.641644841370604,0.0317263630408613,0.518400041464021,1.12165286631796,31,"76969/54371/12091/15211"
"REACTOME_INFLAMMASOMES",0.30710706995732,0.643028869197115,0.0324018254719922,0.5501579510376,1.13415227055191,21,"11820/383619/15368/18034"
"REACTOME_NOD1_2_SIGNALING_PATHWAY",0.305999536715312,0.643028869197115,0.0369874447764411,-0.447515096024492,-1.10578442494222,35,"68652/22190/12370/22034/26416/93765"
"REACTOME_PROCESSING_OF_CAPPED_INTRON_CONTAINING_PRE_MRNA",0.307183364839319,0.643028869197115,0.0547397849350589,-0.314646288733367,-1.04344570330909,278,"20383/53607/23983/19655/19205/67010/83410/98985/28000/67337/67439/19069/70579/60532/20492/15381/66810/54633/74255/73826/15387/53317/69482/192159/66679/18141/20382/20462/227720/54451/107939/20021/60365/68035/72124/100336/68092/228410/54723/76479/50996/67959/210529/192170/170762/69920/231329/20638/432508/74737/74320/22185/67229/13204/67678/269061/67225/110379/234865/70312/66983/68592/66511/60321/68183/68988/13207/28035/69912/230596/433702/225027/56335/94315/67465/56488/236732/83486/57317/20220/27967/71702/108014/269113/22668/74326/67922/27366/445007/20222"
"REACTOME_GLYCOSPHINGOLIPID_CATABOLISM",0.308646413805501,0.643520909741965,0.031692887988083,0.525939529406806,1.12166248022772,28,"11605/19156/12091/15211/14420/19025/14667/18010/14466"
"REACTOME_RND2_GTPASE_CYCLE",0.308665552637861,0.643520909741965,0.0374461871714783,-0.432998695176092,-1.09350497969976,40,"244418/19655/21927/11855/11671/327826/18708/216197/232906/83669/380664"
"REACTOME_SIGNALING_BY_ERBB2",0.311848800581536,0.648846697984164,0.0375463350975221,-0.420094624763562,-1.08958879264287,46,"18750/22190/14388/22612/75717/11651/14784/18708/18754"
"REACTOME_DRUG_ADME",0.314228255404726,0.649614702986544,0.0381789851736003,-0.403994976405828,-1.08371011490318,56,"76408/101488/71279/63959/20887/23887/19353/16434/394432/17250/239273"
"REACTOME_EPHA_MEDIATED_GROWTH_CONE_COLLAPSE",0.313183856502242,0.649614702986544,0.0313734505893443,0.526408805827808,1.11900600357825,27,"17886/19877/17904/14360/67938/20779/98932/77579"
"REACTOME_SEMAPHORIN_INTERACTIONS",0.314735805710535,0.649614702986544,0.0296198107194884,0.475618399674698,1.11446950788405,60,"12517/19264/18186/17886/19877/18717/22177/17904/20354/21894/12631/14360/15519/16885"
"REACTOME_SENSORY_PROCESSING_OF_SOUND",0.314446653412856,0.649614702986544,0.0298123151023384,0.477607823152162,1.11178196588408,57,"17886/13823/67972/20740/12289/17524/16531/17698/193385/20742/11465/12343/227753/12345/19230/110253/17913/22350"
"REACTOME_CD209_DC_SIGN_SIGNALING",0.315419065898912,0.649725501013328,0.0346356843186521,-0.509029988170653,-1.11738715714375,19,"18479/328572/17096/224105/18749/19697"
"REACTOME_THE_PHOTOTRANSDUCTION_CASCADE",0.317540766857647,0.65279297091054,0.0351676964978177,-0.488459686537596,-1.11076340303003,23,"18750"
"REACTOME_ACTIVATED_PKN1_STIMULATES_TRANSCRIPTION_OF_AR_ANDROGEN_RECEPTOR_REGULATED_GENES_KLK2_AND_KLK3",0.320605550883095,0.653883257927577,0.0297349782893663,0.480491577000151,1.10283161407895,51,"68024/319192/15078/319153/15270/15267/319149/232440/319191/319172/319181/319176/319150/360198/665433/319148/319159/319173/69386/15081/16624/326619/319180/382522/319163/260423/319155/319165/319178/97114/319161/97908/97122/320332/326620/319189/319186"
"REACTOME_EPH_EPHRIN_SIGNALING",0.32046875,0.653883257927577,0.028406475599715,0.45159941081693,1.09686357341819,90,"53378/17886/19877/74117/17390/54126/12757/11867/17904/12631/15461/14360/16885/68089/11465/56378/67771/67938/11773/20779/98932/17974/77579/67268/57257"
"REACTOME_FCGAMMA_RECEPTOR_FCGR_DEPENDENT_PHAGOCYTOSIS",0.320065430752454,0.653883257927577,0.0395665955216664,-0.375461212055804,-1.06987068350703,85,"105855/11350/242687/22376/18479/22612/20963/140580/17973/17096/330662/14784/18708/68524/11461/73178/12540/140579/19353/12928/18805/18754/12229/20430"
"REACTOME_TERMINATION_OF_TRANSLESION_DNA_SYNTHESIS",0.320120867401351,0.653883257927577,0.0307874726068993,0.511017495747825,1.1056793846417,31,"74153/217069/100038882/56791/78294/22186/67967/19687/68275/18538/68026"
"REACTOME_PKA_ACTIVATION_IN_GLUCAGON_SIGNALLING",0.32176414189837,0.654951862799049,0.0321345599501898,0.567130439572175,1.12027756748845,16,"11513/104111/14683"
"REACTOME_CARDIOGENESIS",0.325355890241386,0.656163252860027,0.0333484662497276,-0.534289580441542,-1.12030233322506,15,"17125/81601/17260/16825"
"REACTOME_LISTERIA_MONOCYTOGENES_ENTRY_INTO_HOST_CELLS",0.323523139262103,0.656163252860027,0.0341226534304147,-0.506029935742738,-1.11080165111932,19,"22190/12388/12402/104836/20844/14784"
"REACTOME_METAL_ION_SLC_TRANSPORTERS",0.324081020255064,0.656163252860027,0.0315708415605313,0.546044725431227,1.1157501145083,20,"18173/18174/20529/213053/72027/30791/338365/106957/12870/214922"
"REACTOME_SIGNALING_BY_INSULIN_RECEPTOR",0.325256139209628,0.656163252860027,0.0288585899410337,0.467373461039328,1.10174482051185,63,"13033/66335/66144/11966/73834/14389/11964/384783/11974/15461/11984/27060"
"REACTOME_SIRT1_NEGATIVELY_REGULATES_RRNA_EXPRESSION",0.325538358008075,0.656163252860027,0.0294583499947959,0.476904531125638,1.09659232000179,52,"68024/319192/15078/319153/15270/15267/319149/232440/319191/75316/319172/319181/319176/21340/319150/360198/665433/319148/319159/319173/69386/15081/326619/319180/382522/319163/260423/319155/319165/319178/97114/319161/97908/97122"
"REACTOME_HSF1_DEPENDENT_TRANSACTIVATION",0.326384063006718,0.656585483475502,0.0356313584168532,-0.440573509327883,-1.08863215785294,35,"56351/328572/14228/81489/15511/193740/94185/15482/22187/12322/74370"
"REACTOME_NUCLEAR_ENVELOPE_BREAKDOWN",0.327335469558787,0.657218296857332,0.0368749192853507,-0.407604851969581,-1.07847776750346,51,"18750/59126/19069/382030/13726/69482/66679/18141/22367/14245/227720/107939/72124/380664/170762/69922/110379/234865"
"REACTOME_REGULATION_OF_RAS_BY_GAPS",0.328384499245093,0.657632222849614,0.0372478657624834,-0.403082729804927,-1.07655047392072,55,"22190/26440/69077/19414/211255/66413/22123/114715/70247/19181/18015/56436/19167/22187/23996/17463/19172"
"REACTOME_RHO_GTPASES_ACTIVATE_ROCKS",0.328816111424807,0.657632222849614,0.0313625677141793,0.547170223095542,1.10787104516525,19,"17886/17931/19877/17904/12631/16885/67938/98932/77579/11853"
"REACTOME_SWITCHING_OF_ORIGINS_TO_A_POST_REPLICATIVE_STATE",0.331642189586115,0.662001430663192,0.0383193002410292,-0.377937456708586,-1.06438820735867,78,"22190/26440/69077/99152/56371/66413/56317/22123/52717/66440/70247/19181/56436/18393/26965/19167/69957/22187/23996/17463/19172/216080"
"REACTOME_REGULATION_OF_GLUCOKINASE_BY_GLUCOKINASE_REGULATORY_PROTEIN",0.332578673307675,0.662589171531893,0.034773797441902,-0.45458560144444,-1.09119787659693,30,"19069/69482/66679/18141/227720/107939/72124/170762/110379/234865/69912/269113/445007"
"REACTOME_SARS_COV_1_ACTIVATES_MODULATES_INNATE_IMMUNE_RESPONSES",0.336108220603538,0.668330797038249,0.0294300601849255,0.489061772225696,1.08707482968432,39,"56489/69550/71586/217069/230073/18521/78294/22031/228005/18035/22186"
"REACTOME_REGULATION_OF_PTEN_GENE_TRANSCRIPTION",0.339526597098498,0.673829708087789,0.0367791390199934,-0.395153933313382,-1.06485761452955,58,"433759/19211/16476/19821/56692/68441/11909/19646/12151/229542/22059/268706/26413/234366/74370/99982/494448/13626/30951"
"REACTOME_SYNDECAN_INTERACTIONS",0.341828750279455,0.677096488077538,0.0339643982663016,-0.46584230536002,-1.0864564656371,26,"21803/18750/16410/16416/12361/109711"
"REACTOME_SEMA4D_IN_SEMAPHORIN_SIGNALING",0.342966892262667,0.678049488151479,0.0300371941845563,0.520826251291402,1.09235339425246,24,"17886/19877/17904/20354/16885/67938/98932/77579/11853"
"REACTOME_INTERLEUKIN_1_SIGNALING",0.344418783679754,0.679617944087009,0.0268795497273238,0.43924508044104,1.07590454792807,99,"24110/434341/11820/26410/16181/18034/78294/231130/270151/16176/20422/71481/26445/18035/66589/22186/266632"
"REACTOME_SHC1_EVENTS_IN_ERBB2_SIGNALING",0.345610278372591,0.680667571146019,0.0328914114303759,-0.49036394106089,-1.09065068307362,20,"18750/14784/18754/19248/20662"
"REACTOME_ERCC6_CSB_AND_EHMT2_G9A_POSITIVELY_REGULATE_RRNA_EXPRESSION",0.346734492943879,0.681319273150292,0.0278771754839041,0.459631676159108,1.07700940141785,60,"107932/68024/110147/216848/319192/15078/319153/15270/116871/15267/319149/232440/319191/319172/319181/319176/319150/17192/360198"
"REACTOME_NEUROTRANSMITTER_RELEASE_CYCLE",0.347261567516525,0.681319273150292,0.034746068639257,-0.42265962044075,-1.06327492311993,39,"12361/20910/22343/67760/20512"
"REACTOME_CLASS_I_MHC_MEDIATED_ANTIGEN_PROCESSING_PRESENTATION",0.348859776807375,0.681728147798019,0.0227090740906155,0.384121189636031,1.05319033697654,347,"21354/14964/13058/14991/24088/74153/13039/15018/387524/672511/67138/19186/12010/56791/16913/78294/13040/20422/209200/67673/16912/20335/19188/15040/69010/59026/68612/14897/20619/16419/26445/15006/14990/21897/17972/56208/56228/19155/13057/66589/22186/68729/30838/20909/71778/22215/77891/20193/66799/207304/22195/12475/50868/53323/211007/226098/66212/117146/26444"
"REACTOME_REPLACEMENT_OF_PROTAMINES_BY_NUCLEOSOMES_IN_THE_MALE_PRONUCLEUS",0.349451734675535,0.681728147798019,0.0293736614671865,0.505389716627535,1.0778362365601,28,"68024/15078/15270/319181/319159/69386/15081/326619/20815/319180/382522/319155/319178/319161/97122/320332/326620/319189/319186"
"REACTOME_TRANSCRIPTIONAL_REGULATION_BY_MECP2",0.349270256668344,0.681728147798019,0.0359438339015201,-0.397894519738887,-1.0626938395566,55,"433759/19211/98386/17257/12912/213988/17260"
"REACTOME_DEGRADATION_OF_DVL",0.351780558229066,0.683686508648581,0.0348712703517742,-0.41131924230533,-1.05772249898994,44,"22190/26440/69077/66413/22123/70247/19181/56436/19167/22187/23996/17463/19172"
"REACTOME_VIF_MEDIATED_DEGRADATION_OF_APOBEC3G",0.351157794222965,0.683686508648581,0.034746068639257,-0.419533421801467,-1.05949946501297,40,"22190/75717/26440/69077/66413/22123/70247/19181/56436/19167/22187/23996/17463/19172"
"REACTOME_MITOCHONDRIAL_PROTEIN_IMPORT",0.353553423320865,0.68584047531416,0.0273767267763414,0.455000779995976,1.07257855757291,63,"15510/67952/100900/66169/11947/67264/69617/12856/11739/12974/15526/21856/14297/11951/67892/66119/22333/30057/53375/21854/71883"
"REACTOME_REGULATED_NECROSIS",0.354288580504932,0.685977138988912,0.0278270813660263,0.463078953835856,1.06903430739869,54,"53378/75608/78294/68953/16176/12633/12363/11796/12018/15519/22186/19766/208092/22195"
"REACTOME_AMINO_ACIDS_REGULATE_MTORC1",0.35542472666106,0.686888235794408,0.0278771754839041,0.465238093051116,1.06782158449869,51,"66335/66144/11966/73834/329679/11964/277854/11974/11984/27060/83409/54170/68576/11972/98402/52187/56717/66290"
"REACTOME_HDR_THROUGH_HOMOLOGOUS_RECOMBINATION_HRR",0.358016741790084,0.688032174166418,0.026980572442754,0.449577637496007,1.06578696013821,68,"327762/78294/19360/20422/19362/11920/22186/224008/235559/67967/52864/233826/19687/68275"
"REACTOME_POST_TRANSLATIONAL_MODIFICATION_SYNTHESIS_OF_GPI_ANCHORED_PROTEINS",0.357687210072896,0.688032174166418,0.027497997582489,0.459962498022071,1.07070693882041,57,"23833/27392/18793/17069/78928/14276/246256"
"REACTOME_RHO_GTPASES_ACTIVATE_IQGAPS",0.357883131201764,0.688032174166418,0.0327824569051147,-0.467253471976513,-1.07349237822817,24,"22142/22151/73710/22143/11461/12540/19353"
"REACTOME_EXPORT_OF_VIRAL_RIBONUCLEOPROTEINS_FROM_NUCLEUS",0.360229885057471,0.690998589924369,0.0334745904199672,-0.438589449179897,-1.0659229683416,32,"19069/69482/193740/66679/18141/227720/107939/72124/170762/110379/234865/69912/269113/445007/103573"
"REACTOME_MRNA_CAPPING",0.361625282167043,0.692280062390624,0.0330380185456275,-0.445850929899398,-1.06505919704785,29,"20021/68092/69920/231329/23894/433702/66420/20020/24018/68705/17749/245841/12572/209357/13871"
"REACTOME_NUCLEOTIDE_EXCISION_REPAIR",0.362910381543922,0.692280062390624,0.0385859064414778,-0.351958815410444,-1.03924521048166,108,"22190/28000/67439/19359/11461/56505/93765/19358/229615/20021/56469/235134/69920/22187/231329/13716/69263/26895/93836/66983/23894/16882/56249/22218/50505/26894/13194/107986/20610/21399/56456/22591/66979/66420/20020/22592/77593/26893/17749/11834/245841/12572/26891/19891/225280/209357/108679/13870/13871/69714/99375/26572"
"REACTOME_SCF_SKP2_MEDIATED_DEGRADATION_OF_P27_P21",0.362283483776531,0.692280062390624,0.0345534485302443,-0.403760809357012,-1.05584022593949,48,"22190/12443/26440/69077/66413/22123/70247/19181/12576/56436/26965/19167/22187/23996/17463/19172"
"REACTOME_REGULATION_OF_RUNX1_EXPRESSION_AND_ACTIVITY",0.363670910127304,0.692450884227634,0.0296580889975364,0.539393942843983,1.07682461407463,17,"18854/17454/20779/19247/12571/12400"
"REACTOME_REGULATION_OF_ENDOGENOUS_RETROELEMENTS_BY_PIWI_INTERACTING_RNAS_PIRNAS",0.368362124120282,0.698593539838998,0.0263786649336238,0.440641028035295,1.055335214489,77,"107932/20588/68094/68024/13435/216848/319192/20586/67155/15078/319153/57376/15270/116871/15267/319149/232440/319191/319172/319181/319176/77045/319150/17192/360198"
"REACTOME_SIGNALING_BY_FGFR2_IIIA_TM",0.36852207293666,0.698593539838998,0.0315708415605313,-0.489516220974803,-1.07455189525575,19,"20021/68092/69920/231329/433702/66420/20020/68705/17749/245841"
"REACTOME_SYNTHESIS_OF_PC",0.368927789934354,0.698593539838998,0.032042797307718,-0.473982225992524,-1.06871362198905,22,"68682/210992/99138/14245/56018/12995"
"REACTOME_APC_C_CDH1_MEDIATED_DEGRADATION_OF_CDC20_AND_OTHER_APC_C_CDH1_TARGETED_PROTEINS_IN_LATE_MITOSIS_EARLY_G1",0.371141975308642,0.70135376716325,0.0351392025914253,-0.384089037178492,-1.04305656501552,61,"22190/26440/69077/99152/56371/66413/56317/22123/52717/66440/70247/19181/56436/19167/69957/22187/23996/17463/19172/216080"
"REACTOME_DEVELOPMENTAL_CELL_LINEAGES_OF_THE_EXOCRINE_PANCREAS",0.371744680851064,0.70135376716325,0.0272965106985956,0.463646446122351,1.05044622992523,46,"12306/14268/16149"
"REACTOME_RESPONSE_OF_EIF2AK1_HRI_TO_HEME_DEFICIENCY",0.372647914645975,0.701774904953734,0.0295911743252406,0.548700099153699,1.07378485889532,15,"11910/67204/26905/17872"
"REACTOME_G2_M_DNA_DAMAGE_CHECKPOINT",0.37436628643853,0.70244728655375,0.0259398581053639,0.435091580582365,1.0495709022708,83,"327762/107823/68024/19360/22627/11920/50883/235559/59004/15270/12534"
"REACTOME_METABOLISM_OF_FOLATE_AND_PTERINES",0.374304889741131,0.70244728655375,0.0292988356681409,0.541345609832971,1.0693436652981,16,"17769/108037/14276"
"REACTOME_DEUBIQUITINATION",0.375645438898451,0.703568226757171,0.0466625806686436,-0.311211996902732,-1.01833979180616,241,"11555/216825/21803/19211/22190/17127/53376/21812/109689/328572/101206/269523/231151/26440/17125/20844/22034/69077/108645/19359/226418/11461/68031/76630/17126/56505/66413/19358/66313/228790/17425/22123/69641/71956/13982/30941/360216/70247/19181/22258/56436/22059/329908/107976/19167/109359/68837/20439/235134/22187/15239/70675/50933/23996/67561/22334/15161/17463/19172/216080/228607/71599"
"REACTOME_KSRP_KHSRP_BINDS_AND_DESTABILIZES_MRNA",0.377294787929943,0.704101665720979,0.0309237078172155,-0.494670227794475,-1.06448758968877,17,"11651/22631/26416"
"REACTOME_MITF_M_DEPENDENT_GENE_EXPRESSION",0.37721324095458,0.704101665720979,0.0253295334887057,0.426489726156349,1.04466107066123,99,"66335/17918/15254/66144/20588/11966/17342/68094/17454/12575/73834/11964/18787/11974/11984/20586/13367/67155/16881/17218/57376/12044/12531/18817/192119/12387/17216/11972"
"REACTOME_SUMOYLATION_OF_SUMOYLATION_PROTEINS",0.378048780487805,0.704235273399665,0.0325433433422922,-0.426853692778622,-1.05020069575351,34,"19069/69482/66679/18141/227720/107939/106021/72124/170762/110379/234865/22218/69912/269113/445007"
"REACTOME_CHEMOKINE_RECEPTORS_BIND_CHEMOKINES",0.379088087849129,0.704898930919461,0.0332110228050252,-0.41203417307733,-1.04056068779445,40,"13051/12774"
"REACTOME_CHONDROITIN_SULFATE_DERMATAN_SULFATE_METABOLISM",0.384732052578362,0.707745210111702,0.0265283764302759,0.455071572714086,1.0395435028827,49,"20970/15211/121021/233781"
"REACTOME_DISEASES_ASSOCIATED_WITH_GLYCOSAMINOGLYCAN_METABOLISM",0.387830040216821,0.707745210111702,0.0270274690166304,0.466183688065738,1.03212595392539,38,"20970/15211/121021"
"REACTOME_G_ALPHA_S_SIGNALLING_EVENTS",0.382861635220126,0.707745210111702,0.0254326700458688,0.429284143670931,1.0404745335977,87,"19219/14268/16402/51801/11513/104111/14701/14683/80910/14707"
"REACTOME_HDR_THROUGH_SINGLE_STRAND_ANNEALING_SSA",0.381544388023113,0.707745210111702,0.027336556106222,0.473023179518132,1.04182951586484,36,"327762/19360/11920/235559"
"REACTOME_NUCLEAR_RNA_DECAY",0.386842714848274,0.707745210111702,0.032226936967927,-0.420521558720943,-1.03908492499345,35,"77305/216578/67010/50912/330474/68092/214627/433702/240255/227715"
"REACTOME_N_GLYCAN_ANTENNAE_ELONGATION_IN_THE_MEDIAL_TRANS_GOLGI",0.383869546055531,0.707745210111702,0.0314170691794325,-0.464202351466216,-1.05560192134601,23,"14595/217664/269181/57370/56386/68947/56375/53618"
"REACTOME_ORC1_REMOVAL_FROM_CHROMATIN",0.387544125063036,0.707745210111702,0.0338598646612427,-0.385520173833057,-1.03718484790268,57,"22190/26440/69077/66413/22123/70247/19181/56436/18393/26965/19167/22187/23996/17463/19172"
"REACTOME_OTHER_SEMAPHORIN_INTERACTIONS",0.386114264093833,0.707745210111702,0.028493900981703,0.522904263807224,1.05141726000059,18,"12517/19264/22177/20354"
"REACTOME_PEPTIDE_LIGAND_BINDING_RECEPTORS",0.384615384615385,0.707745210111702,0.0250251220325419,0.425094257649214,1.04016966572733,98,"19156/11820/66102/55985/12266/15199/54199/20303/12775/17329/20302/20304/15945/12267/20308/20296"
"REACTOME_SENSORY_PROCESSING_OF_SOUND_BY_OUTER_HAIR_CELLS_OF_THE_COCHLEA",0.386403052375997,0.707745210111702,0.026949403363348,0.465373945275396,1.03442209354753,39,"17886/13823/20740/17524/16531/17698/193385/20742/11465/227753/19230/110253/17913/22350"
"REACTOME_SOMITOGENESIS",0.388162586165914,0.707745210111702,0.0326623865740398,-0.407463889030252,-1.0352372415908,41,"16848/26440/69077/66413/22123/70247/19181/56436/19167/23996/17463/19172"
"REACTOME_GLYCOGEN_METABOLISM",0.389061642582769,0.708133360044829,0.0277605897779291,0.498465393995524,1.0454549164876,24,"14387/110094/78294/27357/22186/12313/110095/14936"
"REACTOME_RIP_MEDIATED_NFKB_ACTIVATION_VIA_ZBP1",0.390651719551587,0.709775659466967,0.028362981829244,0.524630764961508,1.04735199292877,17,"58203/18034/18035/13211/19766/71966"
"REACTOME_FGFR2_MUTANT_RECEPTOR_ACTIVATION",0.395404814004376,0.717148977245196,0.0307250552134108,-0.463101261949563,-1.04417971785639,22,"20021/68092/69920/231329/433702/66420/20020/68705/17749/245841"
"REACTOME_GLYCOSPHINGOLIPID_METABOLISM",0.397286155960151,0.718037325658277,0.0263044662674893,0.458433090899079,1.02806300237971,43,"11605/19156/14421/12091/15211/14420/19025"
"REACTOME_MAP2K_AND_MAPK_ACTIVATION",0.397266620338198,0.718037325658277,0.031715195601615,-0.417476955519222,-1.03156188313296,35,"16416/12988/26395/109689/54519/11461/56692"
"REACTOME_CHROMOSOME_MAINTENANCE",0.398352456604884,0.718705830797623,0.0236773204896588,0.407259045445713,1.02498704706576,125,"327762/18148/68024/12615/93762/319192/13163/20892/22589/233532/15078/69535/16881/26886/67967/15270/15267/232440/319191/319172/52504/19687/68275/319181/319176"
"REACTOME_TP53_REGULATES_TRANSCRIPTION_OF_ADDITIONAL_CELL_CYCLE_GENES_WHOSE_EXACT_ROLE_IN_THE_P53_PATHWAY_REMAIN_UNCERTAIN",0.400173422935183,0.719475561792873,0.0303262445864368,-0.4656426877229,-1.04249503452364,21,"69125/72068/52846/58184/12227/18983/22059/232791/78893"
"REACTOME_TRNA_PROCESSING_IN_THE_NUCLEUS",0.399568393094289,0.719475561792873,0.0256274881397708,0.443180984145808,1.0293562540775,56,"28088/19386/108989/68045"
"REACTOME_ASSEMBLY_OF_THE_HIV_VIRION",0.402757468142887,0.721607130422673,0.0295245956668338,-0.493851182539922,-1.04778170280863,16,"22190/72543/67123/330192"
"REACTOME_REGULATION_OF_TP53_ACTIVITY_THROUGH_ACETYLATION",0.402535657686212,0.721607130422673,0.0310294455435,-0.430411754326171,-1.03317041034895,30,"18718/433759/328572/11651/108083/78783/268936/19646/244349/229542/22059/219024/223770/234366"
"REACTOME_FORMATION_OF_THE_EARLY_ELONGATION_COMPLEX",0.40503696857671,0.72193117715227,0.0312974523991151,-0.421817220709609,-1.03094883666159,33,"24116/58202/20021/68092/69920/231329/23894/433702/66420/20020/68705/17749/245841/12572/209357/13871"
"REACTOME_METABOLISM_OF_NITRIC_OXIDE_NOS3_ACTIVATION_AND_REGULATION",0.404219761855024,0.72193117715227,0.0294583499947959,-0.493271178304304,-1.0465511340723,16,"13430/11651/73178/20751"
"REACTOME_RHO_GTPASES_ACTIVATE_PAKS",0.404342178511783,0.72193117715227,0.027336556106222,0.501714373495019,1.0342856897637,21,"17886/17931/17904/16885/192176/12313/67938/98932/77579"
"REACTOME_NEPHRIN_FAMILY_INTERACTIONS",0.405809668328636,0.722061340888195,0.0300668078138267,-0.463385163840382,-1.03744082128269,21,"12361/17973/109711/18708/12488/73178"
"REACTOME_ADP_SIGNALLING_THROUGH_P2Y_PURINOCEPTOR_12",0.407891960329183,0.723214577087243,0.0294772435264845,-0.483349264491422,-1.04012585481511,17,"70839/14702/14679/14693"
"REACTOME_E3_UBIQUITIN_LIGASES_UBIQUITINATE_TARGET_PROTEINS",0.411648079306072,0.723214577087243,0.0323316046324851,-0.383416475290238,-1.02054034738919,53,"22190/109815/66105/269523/67819/68441/225131/93765/56550/214498/19302/68366/22187"
"REACTOME_GABA_RECEPTOR_ACTIVATION",0.412205932492329,0.723214577087243,0.025550591846242,0.446018213306739,1.00871457020593,45,"16518/11513/104111/14701/14707/14700"
"REACTOME_GLUCAGON_SIGNALING_IN_METABOLIC_REGULATION",0.410929354664749,0.723214577087243,0.0265058069055153,0.476623484222061,1.01648697151603,28,"11513/104111/14701/14683/14707/14700"
"REACTOME_INSULIN_PROCESSING",0.40768231582854,0.723214577087243,0.027192973763518,0.499457663987467,1.02963347632729,21,"17918/16573/20336"
"REACTOME_INTRAFLAGELLAR_TRANSPORT",0.41276490882208,0.723214577087243,0.032169128942943,-0.384338184452088,-1.01986138264649,52,"22142/22151/73710/238799/22143"
"REACTOME_REGULATION_OF_TLR_BY_ENDOGENOUS_LIGAND",0.410032300969029,0.723214577087243,0.0275061230988845,0.516750937997815,1.03162101978433,17,"24088/21897/20193/12475"
"REACTOME_SIGNALING_BY_FLT3_FUSION_PROTEINS",0.411842603102535,0.723214577087243,0.0273526093026244,0.512887677632794,1.03127664857509,18,"12575/109181/14389/224139/15461/18712/20742"
"REACTOME_SYNTHESIS_OF_GLYCOSYLPHOSPHATIDYLINOSITOL_GPI",0.410517387616624,0.723214577087243,0.0294489133351372,-0.475613641910407,-1.03605639917995,18,"67556/433931/110417/55981/14755/67292"
"REACTOME_G_BETA_GAMMA_SIGNALLING_THROUGH_CDC42",0.416544808857322,0.728600411425011,0.0289128211987667,-0.487664131914758,-1.03465491751664,16,"14702/18479/12540/73341/14693"
"REACTOME_ACTIVATION_OF_APC_C_AND_APC_C_CDC20_MEDIATED_DEGRADATION_OF_MITOTIC_PROTEINS",0.428237736828445,0.730626589262582,0.0324606159051351,-0.368322727404957,-1.00319733790746,63,"22190/26440/69077/99152/66413/56317/22123/52717/66440/70247/19181/56436/19167/69957/22187/12237/23996/17463/19172/216080"
"REACTOME_APC_C_MEDIATED_DEGRADATION_OF_CELL_CYCLE_PROTEINS",0.4190093708166,0.730626589262582,0.0334999512411783,-0.361971955926327,-1.01068885962882,74,"22190/26440/69077/99152/56371/66413/56317/22123/52717/66440/70247/19181/56436/26965/19167/69957/22187/12237/23996/17463/19172/216080"
"REACTOME_AZATHIOPRINE_ADME",0.427794448612153,0.730626589262582,0.0265434450750983,0.494837566747287,1.01111693978048,20,"22436/18103/15452"
"REACTOME_CELLULAR_RESPONSE_TO_HEAT_STRESS",0.421649192405781,0.730626589262582,0.0345125065272769,-0.347220527968975,-1.01112242704352,97,"110920/29810/56351/328572/269523/19069/14228/81489/15511/69482/193740/66679/18141/94185/227720/107939/56637/72124/15482/170762/22187/67384/26413/12322/74370/110379/234865"
"REACTOME_CELL_JUNCTION_ORGANIZATION",0.420491931693561,0.730626589262582,0.0238220650489235,0.416352905961105,1.01140688184569,89,"24136/54725/13518/17454/19294/110751/18810/74202/11465/71740/192176/57875"
"REACTOME_COOPERATION_OF_PDCL_PHLP1_AND_TRIC_CCT_IN_G_PROTEIN_BETA_FOLDING",0.429820524620341,0.730626589262582,0.0301063950760249,-0.409931128652095,-1.00856561347526,34,"14676/14702/12466/12468/14693/67466"
"REACTOME_CYTOSOLIC_SENSORS_OF_PATHOGEN_ASSOCIATED_DNA",0.430313872174337,0.730626589262582,0.0240547658605916,0.426350916784095,1.00504190640776,63,"54123/58203/383619/226695/18034/16978/78294/20018/18035/22040/22186/13211/19766/71966"
"REACTOME_EGR2_AND_SOX10_MEDIATED_INITIATION_OF_SCHWANN_CELL_MYELINATION",0.430446672743847,0.730626589262582,0.0259542422898483,0.478689126368867,1.00760111806318,25,"17937/17936/20586/226519/17196/22288/97064/13654"
"REACTOME_GABA_B_RECEPTOR_ACTIVATION",0.424114966701717,0.730626589262582,0.0255366610995517,0.455398651805352,1.0053955875581,37,"16518/11513/104111/14701/14707/14700"
"REACTOME_GENERATION_OF_SECOND_MESSENGER_MOLECULES",0.428884026258206,0.730626589262582,0.0292244316056432,-0.453028629298757,-1.02146840267856,22,"22376/18479/17973/16822/22323/224105/234779"
"REACTOME_INOSITOL_PHOSPHATE_METABOLISM",0.420454545454545,0.730626589262582,0.0314498749144593,-0.390105373277261,-1.00745546404336,45,"19211/234515/16331/27399/234779/56409/76500/233011/327655/104759/18803/55980"
"REACTOME_NEF_MEDIATES_DOWN_MODULATION_OF_CELL_SURFACE_RECEPTORS_BY_RECRUITING_THEM_TO_CLATHRIN_ADAPTERS",0.430420105026257,0.730626589262582,0.0264383378949301,0.493731004507795,1.00885586685381,20,"15018/12010/11773/12487/108012/232910/15007/11769/11771"
"REACTOME_PLATELET_CALCIUM_HOMEOSTASIS",0.425159525979945,0.730626589262582,0.0261646745163845,0.480923604074306,1.01230450928363,25,"67972/18438/109552/12313/110891"
"REACTOME_REGULATION_OF_INSULIN_SECRETION",0.424604204515962,0.730626589262582,0.0326265664694886,-0.369082035490231,-1.00526545858838,63,"18750/17118/14676/14702/20910/11514"
"REACTOME_RHO_GTPASES_ACTIVATE_CIT",0.421230942970073,0.730626589262582,0.0268718117466501,0.504032661270578,1.02052920219264,19,"17886/17931/17904/67938/98932/77579/12704/11853/233406/381293"
"REACTOME_SPHINGOLIPID_METABOLISM",0.427208287895311,0.730626589262582,0.0334745904199672,-0.354793232809074,-1.01097760914034,85,"242083/15212/77041/76893/76303/20454/11671/22234/30960/67630/81535/56386/75292/227102/20444/70750/223753/17250/20598"
"REACTOME_TOLL_LIKE_RECEPTOR_9_TLR9_CASCADE",0.429825889477668,0.730626589262582,0.0229158720046954,0.407274495280627,1.00673718633756,107,"24110/54123/434341/11820/26410/216238/18034/78294/231130/17164/270151/71481/18035/66589/22186/26400/266632"
"REACTOME_TRNA_MODIFICATION_IN_THE_NUCLEUS_AND_CYTOSOL",0.42492781520693,0.730626589262582,0.0311574291155154,-0.391042593797684,-1.00558035458055,44,"67674/67667/78890/54632/69786/381406/68916/66628/209584/67049/66246/328162/17299/100233175/233189/76357/212528/100113398/30947"
"REACTOME_ANTI_INFLAMMATORY_RESPONSE_FAVOURING_LEISHMANIA_PARASITE_INFECTION",0.431289640591966,0.730839156633752,0.0326743471295092,-0.364687081934889,-1.00646028136659,69,"58861/14702/19108/23887/22612/20963/12912/17096/11514/14679/26416/14693/93671/18749/234779"
"REACTOME_INTERLEUKIN_1_FAMILY_SIGNALING",0.431988261188555,0.730839156633752,0.022337867864579,0.397561303608835,1.00183062434896,127,"24110/434341/11820/26410/16181/18034/78294/231130/16068/270151/16176/20422/71481/26445/19253/18035/66589/22186/266632"
"REACTOME_DISEASES_OF_PROGRAMMED_CELL_DEATH",0.433490566037736,0.730984091749908,0.0233869669038103,0.413230176260183,1.00156383889733,87,"11820/18477/68024/13435/16906/319192/22627/12336/12333/19766/15078/319153/15270/12531/16905/15267/319149/232440/319191/12380/319172/12334/69543/319181/319176/12261/319150/360198/22030/13436"
"REACTOME_NUCLEAR_PORE_COMPLEX_NPC_DISASSEMBLY",0.433171183692379,0.730984091749908,0.0300865867806047,-0.407905509666596,-1.00791138320115,35,"59126/19069/69482/66679/18141/227720/107939/72124/170762/110379/234865/69912/269113/445007"
"REACTOME_BILE_ACID_AND_BILE_SALT_METABOLISM",0.437486218302095,0.731128518684925,0.029003707427331,-0.437735509870473,-1.00567628002429,24,"76408/76303/228983/17978/20181/170460"
"REACTOME_GLYCOSPHINGOLIPID_BIOSYNTHESIS",0.437383948834331,0.731128518684925,0.0278187511834534,-0.488345154816237,-1.02396572268481,15,"20454/22234/56386/20444/223753"
"REACTOME_IKK_COMPLEX_RECRUITMENT_MEDIATED_BY_RIP1",0.437417364477743,0.731128518684925,0.0289945904579959,-0.444831145552677,-1.01155155814441,23,"22190/66105/21898/22034/93765/56550"
"REACTOME_POTASSIUM_CHANNELS",0.437058445728966,0.731128518684925,0.0235936628401341,0.4199008351416,0.998662356740792,70,"16518/14701/380728/14707/16491/16531/14700"
"REACTOME_PROCESSING_OF_DNA_DOUBLE_STRAND_BREAK_ENDS",0.437095501183899,0.731128518684925,0.0233168899785404,0.412996835527094,0.998839514873814,84,"327762/107823/68024/78294/19360/11920/22186/235559/59004/21853/15270/22196/68275/319181/66131/210766/269582"
"REACTOME_SIGNALING_BY_NOTCH",0.437826961770624,0.731128518684925,0.0207278923551752,0.379422176556243,1.00263736989566,208,"20846/20185/15251/225164/17454/68024/13555/78294/20422/20602/319192"
"REACTOME_STIMULI_SENSING_CHANNELS",0.439488409272582,0.732717347931025,0.0234339071967059,0.417916137971932,0.996784230030522,72,"65973/28240/58800/78294/109552/26373/117160/232341/22186/63873/13830/233979/12313/19766/20393"
"REACTOME_DOWNSTREAM_SIGNALING_EVENTS_OF_B_CELL_RECEPTOR_BCR",0.44221635883905,0.733260859215058,0.0321575963221479,-0.363525660169176,-1.00083094534283,68,"22190/18021/18018/26440/69077/19055/66413/22123/70247/19181/19697/56436/240354/26965/19167/18019/22187/23996/17463/19172/103583/16151/18036/240168/19056"
"REACTOME_INTRA_GOLGI_TRAFFIC",0.442778967404235,0.733260859215058,0.0301759562044332,-0.389763535354833,-0.995818823000613,42,"72318/270160/19338/97484/53334/56418/19159/17155/108123/22365/338337/19158/242406/54399/16834/56389"
"REACTOME_NOTCH_HLH_TRANSCRIPTION_PATHWAY",0.442892543365623,0.733260859215058,0.0291689027518225,-0.422910097744708,-1.0022591499905,28,"433759/270118/433586/18129"
"REACTOME_NRIF_SIGNALS_CELL_DEATH_FROM_THE_NUCLEUS",0.443367031153291,0.733260859215058,0.0275794844392981,-0.485913573032237,-1.01886716406461,15,"22190/22034/22187/18412/19164"
"REACTOME_SIGNALING_BY_MODERATE_KINASE_ACTIVITY_BRAF_MUTANTS",0.440916686560038,0.733260859215058,0.0303161727380477,-0.395510796876068,-0.998832169074121,40,"16416/12988/26395/109689/54519/11461/22330/109905/26403/26413/12322"
"REACTOME_POSITIVE_EPIGENETIC_REGULATION_OF_RRNA_EXPRESSION",0.45171875,0.743302252281831,0.0226262193146252,0.406852264617391,0.988179829584453,90,"107932/68024/110147/93762/22385/216848/319192/20018/110052/15078/319153/56200/15270/116871/15267/319149/232440/17913/319191/75316/319172/319181/319176/20016/21340/319150/17192/360198"
"REACTOME_REGULATION_OF_MITF_M_DEPENDENT_GENES_INVOLVED_IN_APOPTOSIS",0.451263537906137,0.743302252281831,0.0258538956274009,0.497640158487016,0.993469019665679,17,"15254/17342/17454"
"REACTOME_RHO_GTPASES_ACTIVATE_NADPH_OXIDASES",0.452319587628866,0.743302252281831,0.0252816918512611,0.477549582553524,0.989258121238128,22,"13058/18751/18753/17972/13057/19354"
"REACTOME_THE_NLRP3_INFLAMMASOME",0.451006711409396,0.743302252281831,0.0260191746680826,0.504229455374586,0.996026501679564,16,"11820/15368/18034"
"REACTOME_DISEASES_OF_CARBOHYDRATE_METABOLISM",0.453532266762538,0.744110173766199,0.0248393839799471,0.459833329837154,0.980678888727463,28,"110006/14387/12091/78294/27357/22186/27419/50917"
"REACTOME_RHOBTB1_GTPASE_CYCLE",0.458455344070278,0.750993516000837,0.0249584694382482,0.470369549929202,0.981307990850957,23,"22352/19877/12461/12848/109331"
"REACTOME_ABERRANT_REGULATION_OF_MITOTIC_G1_S_TRANSITION_IN_CANCER_DUE_TO_RB1_DEFECTS",0.460193805814174,0.751455708228209,0.0255227457798182,0.492861541166858,0.983929178108582,17,"12575/13555/211586/21781/19645/12571/12567/242705"
"REACTOME_DEFECTIVE_INTRINSIC_PATHWAY_FOR_APOPTOSIS",0.460102489019034,0.751455708228209,0.0248987847007365,0.469912688075579,0.980354863277664,23,"11820/18477/16906/22627/12336/12333/12531/16905/12380/12334/69543/12261"
"REACTOME_ACTIVATION_OF_BAD_AND_TRANSLOCATION_TO_MITOCHONDRIA",0.463998349494533,0.752941270150935,0.0267870022009905,-0.4774957574935,-1.00121662635262,15,"11651/12122/22631/22629"
"REACTOME_GABA_SYNTHESIS_RELEASE_REUPTAKE_AND_DEGRADATION",0.464021945558135,0.752941270150935,0.027177118944096,-0.46364443009872,-0.99772275374023,17,"20910"
"REACTOME_MRNA_DECAY_BY_5_TO_3_EXORIBONUCLEASE",0.463998349494533,0.752941270150935,0.0267870022009905,-0.47745534140534,-1.00113188160085,15,"13209/75901/67678/234699"
"REACTOME_REGULATION_OF_MECP2_EXPRESSION_AND_ACTIVITY",0.462065813528336,0.752941270150935,0.0286616399503485,-0.40923640204686,-0.989204390043898,31,"433759/98386/17257/12912/213988"
"REACTOME_CELL_CELL_COMMUNICATION",0.466558393621733,0.754683796579355,0.0212282549413081,0.389764719738832,0.978296137175324,123,"24136/23880/54725/13518/20740/17454/22177/19294/29875/110751/14360/18810/74202/20742/11465/71740/192176/57875/20779/19247"
"REACTOME_INWARDLY_RECTIFYING_K_CHANNELS",0.466268764695243,0.754683796579355,0.0244824046383071,0.458823723940822,0.972144061766018,26,"16518/14701/14707/14700"
"REACTOME_CARGO_CONCENTRATION_IN_THE_ER",0.469669777458722,0.757311125158761,0.0242353420065719,0.451078188469918,0.966796523473082,29,"64138/338320"
"REACTOME_PEROXISOMAL_PROTEIN_IMPORT",0.470384138785626,0.757311125158761,0.0298123151023384,-0.371004818935149,-0.987504218519899,53,"22190/74114/66105/56550/228061/19302/22187/216080"
"REACTOME_SIGNALING_BY_ERBB2_IN_CANCER",0.4696802646086,0.757311125158761,0.0277357434056359,-0.428528463369352,-0.984523533522191,24,"14388/14784/18708/19248/20662/18706/18803"
"REACTOME_SIGNALING_BY_NOTCH1_PEST_DOMAIN_MUTANTS_IN_CANCER",0.471548864506252,0.758003782196965,0.0303061084510599,-0.364449179003632,-0.985813523325597,59,"433759/22190/328572/270118/433586/51813/26965/11487/76580/22187/19164/15205/103806"
"REACTOME_MET_ACTIVATES_PTK2_SIGNALING",0.47390134529148,0.759419547113055,0.0240795170552961,0.455205410115069,0.967646401695417,27,"14268/226519/20779"
"REACTOME_REGULATION_OF_TP53_ACTIVITY_THROUGH_PHOSPHORYLATION",0.473775125628141,0.759419547113055,0.0219514963412754,0.400722651716973,0.972198229818256,88,"327762/15258/12795/78294/270627/19360/70439/114741/99730/11920/22186/50883/235559"
"REACTOME_REGULATION_OF_HSF1_MEDIATED_HEAT_SHOCK_RESPONSE",0.475033377837116,0.760053404539386,0.0310188345556625,-0.348550057980986,-0.981624247091237,78,"110920/29810/19069/14228/81489/15511/69482/193740/66679/18141/94185/227720/107939/56637/72124/15482/170762/22187/67384/26413"
"REACTOME_HIV_LIFE_CYCLE",0.475843812045003,0.760171538746816,0.0352105425456412,-0.32053138819774,-0.986284130512243,144,"12774/22190/72543/19069/24116/67123/69482/21374/66679/18141/22596/330192/116733/21343/229906/16646/68942/227720/58202/107939/20021/72124/68092/12455/170762/20479/69920/22187/231329/105513/27224/13716/110379/234865/23894/24074/319583/69912/433702"
"REACTOME_AGGREPHAGY",0.478601012425219,0.762183965871585,0.0281562116364907,-0.397127508556041,-0.977064490349185,34,"22190/22142/22151/73710/269523/22143/93765"
"REACTOME_INTERACTION_BETWEEN_L1_AND_ANKYRINS",0.479319180087848,0.762183965871585,0.0242228036981384,0.461589422296121,0.962990458586527,23,"20740/20742/11465/20266"
"REACTOME_INTERLEUKIN_RECEPTOR_SHC_SIGNALING",0.479239070788367,0.762183965871585,0.0242165392930001,0.459942126734875,0.964658256093613,24,"16186/12982/14389/16332/12984/16184/16453/16452/74769/15170"
"REACTOME_C_TYPE_LECTIN_RECEPTORS_CLRS",0.481957186544342,0.763084671372447,0.0333610279666885,-0.329567672966521,-0.986227408899652,118,"68652/22190/18021/18479/18018/328572/20963/17096/12370/26440/22034/69077/19055/73149/93765/66413/22123/56550/224105/18749/70247/19181/234779/19697/56436/240354/26965/19167/18019/22192/22187/23996/17463/19172/16440/216080/73086"
"REACTOME_DNA_DOUBLE_STRAND_BREAK_REPAIR",0.484835660883058,0.763084671372447,0.019938376458257,0.377074046181401,0.9702578734528,156,"327762/227525/107823/68024/225896/78294/19360/93762/22385/20422/11545/14051/11546/19362/11920/22186/224008/50883/235559/59004/21853/67967/15270/52864"
"REACTOME_INTERACTIONS_OF_VPR_WITH_HOST_CELLULAR_PROTEINS",0.482047718322909,0.763084671372447,0.0281476671868756,-0.394694011100581,-0.975266519431803,35,"19069/69482/66679/18141/16646/227720/107939/72124/170762/110379/234865/69912/269113/445007"
"REACTOME_METABOLISM_OF_NUCLEOTIDES",0.483107041364067,0.763084671372447,0.021729486959042,0.399508716434141,0.965816837566711,85,"56045/22436/11821/74167/18103/13178/20135/15452/11637/21877/11565"
"REACTOME_PKMTS_METHYLATE_HISTONE_LYSINES",0.484592928965294,0.763084671372447,0.0221035302120679,0.406357181107547,0.960184741142881,64,"52690/107823/110147/18034/11569/234135/319153/67956/232811/319149/192195/208266/18193/235626/239122/319150/360198/77683"
"REACTOME_RESPONSE_OF_MTB_TO_PHAGOCYTOSIS",0.485800997181877,0.763084671372447,0.0268486259097474,-0.436724303049029,-0.977751673951651,21,"22190/12721/16211/271457/70686/16646/22187/15239/26413"
"REACTOME_TNFR1_INDUCED_NF_KAPPA_B_SIGNALING_PATHWAY",0.484981515711645,0.763084671372447,0.0279948214942274,-0.397588230344539,-0.971731601793054,33,"68652/22190/53376/21937/11798/263876/30941/22258"
"REACTOME_VASOPRESSIN_REGULATES_RENAL_WATER_HOMEOSTASIS_VIA_AQUAPORINS",0.485136323658751,0.763084671372447,0.0233811119157234,0.435479406209895,0.957015044890569,35,"11513/104111/14701/14683/14707/14700"
"REACTOME_VOLTAGE_GATED_POTASSIUM_CHANNELS",0.488693467336683,0.766461486765133,0.0235877089300371,0.444892913051712,0.953539613864285,29,"380728/16491"
"REACTOME_RNA_POLYMERASE_I_TRANSCRIPTION",0.490253712871287,0.767741777971424,0.0211841358304768,0.393366904272289,0.960722893386045,95,"107932/68024/110147/17191/216848/319192/20018/15078/319153/15270/14884/116871/15267/319149/232440/319191/75316/319172/319181/319176/20016/26417/21340/319150/17192/360198/19285"
"REACTOME_REGULATION_OF_ENDOGENOUS_RETROELEMENTS_BY_THE_HUMAN_SILENCING_HUB_HUSH_COMPLEX",0.492700729927007,0.768961679122277,0.0221988544240694,0.410187202927924,0.951368552144566,55,"68024/110147/319192/15078/319153/75339/15270/70650/15267/319149/232440/319191/319172/319181/319176/223828/319150/360198/77683"
"REACTOME_RHOB_GTPASE_CYCLE",0.491958829205532,0.768961679122277,0.0217346044786843,0.404202782216327,0.959901490406999,69,"208846/19877/270163/17925/59079/20619/75547/56349/26934/13367/13830/277360/71435/20874/404710"
"REACTOME_TRANSLESION_SYNTHESIS_BY_Y_FAMILY_DNA_POLYMERASES_BYPASSES_LESIONS_ON_DNA_TEMPLATE",0.493268053855569,0.768961679122277,0.023017748942985,0.429561129047881,0.951043979954299,38,"74153/217069/100038882/56791/78294/22186/67967/19714/19687/68275/18538/68026"
"REACTOME_DNA_DAMAGE_BYPASS",0.495593220338983,0.770371395936451,0.0224458846978827,0.416178501960574,0.946377441672097,47,"74153/217069/100038882/56791/78294/22186/72584/76843/67967/19714/19687/68275/18538/68026"
"REACTOME_FORMATION_OF_THE_CORNIFIED_ENVELOPE",0.496686303387334,0.770371395936451,0.0237374248144082,0.460296953485285,0.95351878852381,22,"227937/12336/12333/19143/18550/56460"
"REACTOME_KERATINIZATION",0.497803806734993,0.770371395936451,0.0236055792829118,0.45500469647909,0.949253081107929,23,"227937/12336/12333/19143/18550/56460"
"REACTOME_SEALING_OF_THE_NUCLEAR_ENVELOPE_NE_BY_ESCRT_III",0.496914940502424,0.770371395936451,0.026740979054125,-0.42673469653761,-0.970400007986368,23,"22142/22151/73710/22143/116733/68942/105513/50850"
"REACTOME_SUMOYLATION_OF_UBIQUITINYLATION_PROTEINS",0.49848237216904,0.770371395936451,0.0276944387553962,-0.384445645474866,-0.964661187946636,38,"19069/22346/69482/66679/18141/227720/107939/56469/72124/170762/110379/234865/22218/69912/269113/445007/19720"
"REACTOME_TRANSCRIPTIONAL_REGULATION_BY_RUNX1",0.498651252408478,0.770371395936451,0.0374295602878443,-0.30621113892568,-0.976788038722749,196,"21872/433759/11350/16880/22190/328572/12946/22761/19821/12443/26440/56353/69077/21349/213988/93760/66413/69257/22123/23808/12151/13982/70247/19181/208043/56436/19167/18019/12995/22187/381022/83796/23996/213464/77044/17463/19172"
"REACTOME_ANTIGEN_ACTIVATES_B_CELL_RECEPTOR_BCR_LEADING_TO_GENERATION_OF_SECOND_MESSENGERS",0.500089525514772,0.771438550569872,0.0231779209216441,0.438710147671851,0.943983871327046,30,"12483/58194/83490/14360"
"REACTOME_ADP_SIGNALLING_THROUGH_P2Y_PURINOCEPTOR_1",0.504443962714069,0.772383040832224,0.0262013124770488,-0.431174875646852,-0.965327446826963,21,"14676/14702/26416/14693"
"REACTOME_B_WICH_COMPLEX_POSITIVELY_REGULATES_RRNA_EXPRESSION",0.503915614511747,0.772383040832224,0.0212626802119148,0.397442968816407,0.948896621008459,75,"68024/93762/22385/319192/20018/110052/15078/319153/56200/15270/15267/319149/232440/17913/319191/75316/319172/319181/319176/20016/21340/319150/360198"
"REACTOME_G0_AND_EARLY_G1",0.504359490274983,0.772383040832224,0.0267333246595272,-0.412555937404021,-0.962179820235879,26,"433759/13548/19646"
"REACTOME_OLFACTORY_SIGNALING_PATHWAY",0.503497757847534,0.772383040832224,0.0230975742674363,0.44358482020724,0.942944098603178,27,"104111/545205/14688/258675/13591/258155/259003/259002"
"REACTOME_SUMOYLATION_OF_TRANSCRIPTION_COFACTORS",0.503925767309065,0.772383040832224,0.0278354169200699,-0.376106914868563,-0.96092710403459,42,"268903/328572/19821/12151/13016/229615/106021/17978/56469/223701"
"REACTOME_AQUAPORIN_MEDIATED_TRANSPORT",0.509989484752892,0.772655905080096,0.022522066727351,0.424492529257745,0.937163327504819,37,"11513/104111/14701/14683/14707/14700"
"REACTOME_CA2_PATHWAY",0.509326038298931,0.772655905080096,0.0284326417178475,-0.361432087096646,-0.965114515402441,54,"18750/14702/18018/14366/19055/213988/14693"
"REACTOME_CYCLIN_A_B1_B2_ASSOCIATED_EVENTS_DURING_G2_M_TRANSITION",0.50826352728096,0.772655905080096,0.0268177768448576,-0.399270656864267,-0.958418593931199,30,"19053/71978/19052/56371/51792/73699"
"REACTOME_INSERTION_OF_TAIL_ANCHORED_PROTEINS_INTO_THE_ENDOPLASMIC_RETICULUM_MEMBRANE",0.507329745778438,0.772655905080096,0.0235224048028826,0.458337791308298,0.944864735139542,21,"11820/15368/20335/56495"
"REACTOME_MET_PROMOTES_CELL_MOTILITY",0.511323838431006,0.772655905080096,0.0272486205517551,-0.381094386383544,-0.956252119943905,38,"14388/14784/107746/19353/12928/373864/12929/16777/109905"
"REACTOME_P75_NTR_RECEPTOR_MEDIATED_SIGNALLING",0.511360448807854,0.772655905080096,0.0305600077370596,-0.336149188300094,-0.969901432272682,92,"433759/22190/268739/223435/17874/72754/22034/19353/73341/19697/20598/22187/18412/19164/12366/20662/12125"
"REACTOME_POLYMERASE_SWITCHING_ON_THE_C_STRAND_OF_THE_TELOMERE",0.507712944332663,0.772655905080096,0.0266190573072269,-0.411737071926312,-0.960270028698041,26,"68964/101185/214987/57321/69263/28113/18969"
"REACTOME_SIGNALING_BY_TYPE_1_INSULIN_LIKE_GROWTH_FACTOR_1_RECEPTOR_IGF1R",0.51085687602148,0.772655905080096,0.0272645640818413,-0.381148728304987,-0.956388476131343,38,"14388/18576/75669/327826/14784/18708/16002/81897/16001"
"REACTOME_THROMBIN_SIGNALLING_THROUGH_PROTEINASE_ACTIVATED_RECEPTORS_PARS",0.507096192836224,0.772655905080096,0.0267716426838555,-0.405329633025353,-0.960595019197632,28,"14676/14702/109689/14693"
"REACTOME_FORMATION_OF_TC_NER_PRE_INCISION_COMPLEX",0.513433571604634,0.773866219935384,0.0281305951382595,-0.361716238220363,-0.957061524612962,51,"22190/28000/67439/20021/69920/22187/231329/26895/66983/23894/26894/13194/21399/66420/20020/26893/17749/11834/245841/12572/26891/209357/108679/13871/99375/26572"
"REACTOME_SIGNALING_BY_NUCLEAR_RECEPTORS",0.513661202185792,0.773866219935384,0.0178643799784272,0.359528050693082,0.960611785100326,243,"16592/11816/13033/11307/20185/20183/17454/17390/20250/68024/14701/11303/14707/23797/20602/11813/319192/11425/55960/14104/11812/16589/15461/24061/15519/17977/14700/20787/12313/15078/13610/20779/319153/22282"
"REACTOME_APOPTOTIC_FACTOR_MEDIATED_RESPONSE",0.516092603049125,0.774138904573687,0.0234751270669149,0.46235325390005,0.936139725835125,19,"11783/12018/72565/12369/12261/26417/12028/56369/18952"
"REACTOME_PCP_CE_PATHWAY",0.515329245534524,0.774138904573687,0.0294772435264845,-0.343670606394982,-0.963532831840573,76,"18750/22190/26440/14366/69077/19353/66413/66313/22123/71770/70247/19181/75788/56436/19167/22187/23996/14369/17463/19172/13544/11772/170758/74325/11848/216869"
"REACTOME_TNFR1_INDUCED_PROAPOPTOTIC_SIGNALING",0.515770282588879,0.774138904573687,0.0229723660404143,0.441684314427548,0.929709041907979,25,"56489/268749/71648/11796/21929/21926/19766"
"REACTOME_CYCLIN_A_CDK2_ASSOCIATED_EVENTS_AT_S_PHASE_ENTRY",0.518953550453817,0.776542608695652,0.0293736614671865,-0.345329639110732,-0.962483928747446,73,"22190/63955/12443/11651/26440/69077/56371/19646/66413/22123/70247/19181/12576/56436/26965/19167/22187/23996/17463/19172"
"REACTOME_TNFR2_NON_CANONICAL_NF_KB_PATHWAY",0.5192,0.776542608695652,0.0293455520966411,-0.341651042499698,-0.960640195368558,77,"22190/21937/21938/21935/57916/26440/69077/66413/22123/70247/19181/56436/26965/19167/22192/22187/23996/17463/19172"
"REACTOME_BIOSYNTHESIS_OF_THE_N_GLYCAN_PRECURSOR_DOLICHOL_LIPID_LINKED_OLIGOSACCHARIDE_LLO_AND_TRANSFER_TO_A_NASCENT_PROTEIN",0.522957821676455,0.777270353946507,0.0292337091963034,-0.344413455391326,-0.959930391472223,73,"54613/20448/56737/20454/102580/20444/75540/234730/15275/54342/50798/24060/109785/208211/207958/380959/107652/57170/66789"
"REACTOME_DECTIN_1_MEDIATED_NONCANONICAL_NF_KB_SIGNALING",0.523598820058997,0.777270353946507,0.0277357434056359,-0.363399943229259,-0.953608167177296,49,"22190/26440/69077/66413/22123/70247/19181/19697/56436/26965/19167/22192/22187/23996/17463/19172"
"REACTOME_HSF1_ACTIVATION",0.522023943980122,0.777270353946507,0.0263192713096532,-0.404302143228051,-0.950475235585834,27,"56351/269523/14228/81489/15511/193740/94185"
"REACTOME_PEROXISOMAL_LIPID_METABOLISM",0.52348401323043,0.777270353946507,0.0258610368354664,-0.413498023775051,-0.949991821478087,24,"74114/11671/11666"
"REACTOME_STABILIZATION_OF_P53",0.520452358036574,0.777270353946507,0.0274655467272908,-0.370767018692434,-0.953440970464731,44,"22190/26440/69077/66413/22123/70247/19181/56436/22059/19167/22187/23996/17463/19172"
"REACTOME_TRANSLESION_SYNTHESIS_BY_POLH",0.524205587545319,0.777270353946507,0.0252748722149536,-0.432643064103647,-0.949707904624791,19,"22190/269523/244666/22187/69263"
"REACTOME_FORMATION_OF_THE_NON_CANONICAL_BAF_NCBAF_COMPLEX",0.52606035028487,0.778901408169277,0.0250384953192182,-0.441163480063745,-0.949345691665277,17,"210982/268996/11461/243842"
"REACTOME_HIV_INFECTION",0.531965272296764,0.781420896448728,0.0365580174075411,-0.300386526631073,-0.96701167450645,210,"12774/22190/72543/140580/11765/16211/75717/19069/26440/69077/24116/19353/67123/69482/66413/21374/66679/18141/22596/22123/330192/116733/21343/71770/229906/16646/68942/224105/227720/58202/107939/20021/70247/19181/72124/56436/19167/68092/12455/170762/20479/69920/22187/231329/105513/23996/27224/13716/17463/19172/110379/234865/23894/24074/319583"
"REACTOME_NGF_STIMULATED_TRANSCRIPTION",0.530460968264999,0.781420896448728,0.0264757764277132,-0.382257920863585,-0.944537645672214,35,"17095/12569/17261/328572/12912/13430/211770/11909"
"REACTOME_PURINERGIC_SIGNALING_IN_LEISHMANIASIS_INFECTION",0.533819507748405,0.781420896448728,0.0224242050553813,0.436687664069989,0.919191505140353,25,"11820/12266/15368/18438/18034/16176/12267"
"REACTOME_RHOQ_GTPASE_CYCLE",0.53296004072283,0.781420896448728,0.0280370982464314,-0.354240892612873,-0.954605484282015,58,"18479/11855/26431/218756/73178/12540/14270/50768/224105/232906/16480/216963/104215/70497/104445/94221"
"REACTOME_TP53_REGULATES_TRANSCRIPTION_OF_DNA_REPAIR_GENES",0.53369341563786,0.781420896448728,0.0281990184071865,-0.350760606266439,-0.952547762890222,61,"16476/24116/11909/58202/20021/18861/22059/12455/69920/231329/27224/13716/23894/107986/21399/107951/69562/66420/20020/68705/17749/245841/12572"
"REACTOME_TRANSCRIPTIONAL_REGULATION_BY_TP53",0.530826516908802,0.781420896448728,0.0164506619388347,0.350194448631633,0.957504839847914,337,"327762/107932/12857/20463/18148/14751/18477/17708/15258/18854/12862/17454/12575/66494/58801/110147/13555/26992/12053/12868/12795/78294/17992/270627/19360/12867/14660/23797/11783/67673/216848/12859/70439/17709/66142/13163/12450/22627/114741/12861/110323/228829/99730/11920/22186/12864/54683/50883/235559/27632/83409/211586/64930/20393/54170/67956/12858/21781/17710"
"REACTOME_TRANSPORT_OF_BILE_SALTS_AND_ORGANIC_ACIDS_METAL_IONS_AND_AMINE_COMPOUNDS",0.52936297279363,0.781420896448728,0.0210769546370241,0.397807136028962,0.922654817934805,55,"21366/18173/18174/100434/12215/20529/213053/72027/30791/338365/106957/12870/214922/102680/20500"
"REACTOME_VEGFR2_MEDIATED_VASCULAR_PERMEABILITY",0.530381748362322,0.781420896448728,0.0260481409849697,-0.402264801268118,-0.945685641684907,27,"18479/12388/11651/19353/224105/16480/18607/75778/78757/22324/56716"
"REACTOME_HH_MUTANTS_ABROGATE_LIGAND_SECRETION",0.534928229665072,0.781731119225738,0.0268872924008882,-0.3683141763955,-0.944724517109289,43,"22190/269523/26440/69077/66413/22123/70247/19181/116891/56436/19167/22187/23996/17463/19172/20338"
"REACTOME_HOMOLOGY_DIRECTED_REPAIR",0.535546415981199,0.781731119225738,0.0190477159490059,0.371153437975748,0.934878667732081,126,"327762/107823/68024/78294/19360/20422/11545/11546/19362/11920/22186/224008/235559/59004/21853/67967/15270/52864/233826/19687/22196/68275/319181/66131/210766/269582/18538"
"REACTOME_MITOTIC_METAPHASE_AND_ANAPHASE",0.538552787663108,0.785009148119106,0.0363401390516638,-0.299433002836621,-0.966366798302136,213,"22190/22142/22151/98386/20843/73710/76499/19053/16211/238799/71978/26440/19052/22143/13726/69077/99152/69482/66413/56317/22367/22123/116733/52717/68942/13589/108911/66440/107939/51792/70247/19181/226849/72124/56436/19167/380664/69957/73699/170762/22187/69922/105513/50850/67139/12237/23996/17463/19172/216080/110379/234865"
"REACTOME_MATURATION_OF_SARS_COV_2_NUCLEOPROTEIN",0.540252182347236,0.786375531992027,0.0232240698938442,0.474584703764269,0.928743898445414,15,"547253/80285/671535/20817/22196"
"REACTOME_REGULATION_OF_ENDOGENOUS_RETROELEMENTS",0.543687834736037,0.790261754151535,0.0194361011621869,0.376862607452864,0.926142072755977,102,"107932/20588/68094/68024/110147/13435/216848/319192/20586/67155/15078/319153/75339/57376/15270/116871/70650/15267/319149/232440/319191/319172/22196/319181/319176/12419/77045/223828/319150/17192/360198/170930"
"REACTOME_RESPIRATORY_SYNCYTIAL_VIRUS_RSV_ATTACHMENT_AND_ENTRY",0.54517408550022,0.791307533384286,0.025166259973747,-0.412352114072676,-0.9376938365593,23,"13051/21898/271457"
"REACTOME_SIGNALING_BY_ERBB2_ECD_MUTANTS",0.546271151034051,0.791786275094298,0.0242478929994279,-0.442279849421847,-0.93836513939643,16,"14388/14784/18708/20662/18706/18803"
"REACTOME_CYTOSOLIC_TRNA_AMINOACYLATION",0.548564111944394,0.792751464066837,0.0220456397199849,0.43267948599271,0.907479037348115,24,"107508/22321/97541/13722"
"REACTOME_ENDOSOMAL_SORTING_COMPLEX_REQUIRED_FOR_TRANSPORT_ESCRT",0.549241566674213,0.792751464066837,0.0254949612941024,-0.388756264952622,-0.933179602438203,30,"22190/72543/20844/67123/330192/116733/68942/20479/22187/15239/105513"
"REACTOME_GLUCOSE_METABOLISM",0.547721822541966,0.792751464066837,0.0199870901936584,0.383686010661657,0.915140933697443,72,"18746/14751/21991/19386/170768/18655/108989/14433/18648/11674/13806/270198"
"REACTOME_EXTRA_NUCLEAR_ESTROGEN_SIGNALING",0.550480145341293,0.792821441547012,0.0278104263660417,-0.345797857216656,-0.941846549242255,63,"14702/56484/12912/12443/11651/14679/18708/21802/14693/16001/13982/268980/12576"
"REACTOME_GLUCAGON_TYPE_LIGAND_RECEPTORS",0.550826524795744,0.792821441547012,0.0225822577747834,0.455191286547622,0.908725780053026,17,"14701/14683/14707/14700"
"REACTOME_G_ALPHA_Z_SIGNALLING_EVENTS",0.552726647170136,0.793343393434743,0.0209707048578176,0.407235380295549,0.907981161786347,40,"18751/18753/11513/104111/14701/14683/14707"
"REACTOME_TELOMERE_C_STRAND_LAGGING_STRAND_SYNTHESIS",0.552333804809052,0.793343393434743,0.0214063408463912,0.414272975502988,0.906967987488784,34,"327762"
"REACTOME_DISEASES_OF_SIGNAL_TRANSDUCTION_BY_GROWTH_FACTOR_RECEPTORS_AND_SECOND_MESSENGERS",0.55349988215885,0.793349831094351,0.0153312750389994,0.343099633016663,0.951407348055764,412,"20846/326618/216440/56430/78781/14268/17886/672511/18148/81910/13047/20185/225164/17454/12575/109181/20104/16978/19386/67095/78294/75296/67160/13191/59079/108989/23797/20422/20602/14389/29875/16573/384783/83490/224139/67533/11774/26445/21894/15461/17698/14360/15519/264064/100986/54214/18712/20742/22186/11465/12048/12313/18590/15370/16477"
"REACTOME_REGULATION_OF_TP53_EXPRESSION_AND_DEGRADATION",0.554416219995339,0.793561080492635,0.0258253711709875,-0.37570048011817,-0.931999055247556,36,"22190/53376/19053/11651/19052/67338/51792/22059/73699/22187"
"REACTOME_RHO_GTPASES_ACTIVATE_PKNS",0.555697618667093,0.794293549119723,0.0197628483903223,0.380816467789742,0.913599567819919,78,"17886/17931/68024/319192/17904/22627/67938/15078/319153/98932/15270/77579/15267/319149/232440/319191/319172/11853/319181/319176"
"REACTOME_SIGNALING_BY_MET",0.558195408435665,0.795659753460782,0.0280625306368806,-0.337928567801106,-0.941856066599926,73,"22190/14388/12402/20844/14784/18708/107746/19353/12928/11845/373864/12929/20732/16777/20733/109905/22187/15239"
"REACTOME_TOLL_LIKE_RECEPTOR_TLR1_TLR2_CASCADE",0.557619694910134,0.795659753460782,0.0188600355573247,0.372203112811782,0.921153138412349,108,"24110/434341/24088/11820/26410/18034/78294/231130/17164/270151/71481/18035/21897/66589/22186/26400/266632/26409/20193/71966/12475"
"REACTOME_DNA_DAMAGE_RECOGNITION_IN_GG_NER",0.559420966612188,0.796306810405211,0.0257048574266212,-0.369901388693184,-0.928166353917527,38,"22190/19359/11461/56505/19358/235134/22187/26895/56249/26894/13194/107986/56456/22591"
"REACTOME_AUTOPHAGY",0.563553270494144,0.799271821404618,0.0178718590215315,0.359181822987612,0.918561582062341,145,"11520/22352/56486/75608/14580/66905/78294/68953/71648/67952/66169/13627/67951/15519/11920/56208/97287/66589/22186/16784/83409/208092/64930/20779/22153/54170/545486/22195/73711/68097/66119/66371/13819/13424/68576"
"REACTOME_FGFR2_ALTERNATIVE_SPLICING",0.563827408897831,0.799271821404618,0.0248459701133656,-0.39712978661593,-0.926202320831523,26,"19205/20021/68092/69920/231329/433702/66420/20020/68705/17749/245841"
"REACTOME_REGULATION_OF_MITF_M_DEPENDENT_GENES_INVOLVED_IN_CELL_CYCLE_AND_PROLIFERATION",0.563564131668558,0.799271821404618,0.022151099576044,0.447599681090646,0.900000368792106,18,"15254/17342/12575"
"REACTOME_ADRENALINE_NORADRENALINE_INHIBITS_INSULIN_SECRETION",0.564970717423133,0.799689700761299,0.0215921170649836,0.428528399281565,0.894016933249321,23,"14701/12289/14707/14700"
"REACTOME_REGULATION_OF_ENDOGENOUS_RETROELEMENTS_BY_KRAB_ZFP_PROTEINS",0.567386091127098,0.799689700761299,0.0194530836505164,0.378385559321964,0.902498669311362,72,"107932/68024/216848/319192/15078/319153/15270/116871/15267/319149/232440/319191/319172/22196/319181/319176/12419/319150/17192/360198/170930"
"REACTOME_RUNX1_INTERACTS_WITH_CO_FACTORS_WHOSE_PRECISE_EFFECT_ON_RUNX1_TARGETS_IS_NOT_KNOWN",0.566275608474873,0.799689700761299,0.0208701386835742,0.406881783302409,0.896153655184504,36,"20588/15258/68094/66923/20586/76073/67155/241915/57376/12400"
"REACTOME_SIGNALLING_TO_RAS",0.567996657614372,0.799689700761299,0.0236115418208963,-0.434116186969177,-0.921044666249397,16,"64143/14784/26416/56044/20662"
"REACTOME_SYNTHESIS_OF_PIPS_AT_THE_EARLY_ENDOSOME_MEMBRANE",0.567787758512638,0.799689700761299,0.023617507240153,-0.434147365420874,-0.921110816159257,16,"234515/75669/170749/233315"
"REACTOME_NOTCH2_ACTIVATION_AND_TRANSMISSION_OF_SIGNAL_TO_THE_NUCLEUS",0.570736007051565,0.802451715636532,0.0244058606493461,-0.404566690811628,-0.919989687222495,23,"22190/18129/12805/11487/76580/22187/19164"
"REACTOME_RHOBTB_GTPASE_CYCLE",0.572207563764292,0.803426130346598,0.020779857439982,0.405244960693677,0.890571445445136,35,"22352/19877/83946/12461/12848/15519/11465/109331"
"REACTOME_ENERGY_DEPENDENT_REGULATION_OF_MTOR_BY_LKB1_AMPK",0.573777877900428,0.804536372273426,0.0246823514630452,-0.389059619036853,-0.922036539564708,28,"19079/12283/56692/68441/268706/74370/19042"
"REACTOME_ACTIVATION_OF_KAINATE_RECEPTORS_UPON_GLUTAMATE_BINDING",0.577575205104831,0.805150233292787,0.021189030099284,0.42116448574511,0.886516495464055,25,"14701/14707/18796/14700/12313"
"REACTOME_EPHB_MEDIATED_FORWARD_SIGNALING",0.577685807897913,0.805150233292787,0.0203290536677241,0.398579800197704,0.891023973213098,42,"19877/74117/11867/12631/15461/14360/16885/68089/11465/56378/67771/20779"
"REACTOME_FLT3_SIGNALING_IN_DISEASE",0.578116591928251,0.805150233292787,0.0209227130388061,0.417523865945563,0.887545397147312,27,"12575/109181/78294/14389/224139/15461/18712/20742/22186/12048/19247"
"REACTOME_HEDGEHOG_LIGAND_BIOGENESIS",0.575994144913394,0.805150233292787,0.0259542422898483,-0.353076208919621,-0.923299279078675,48,"22190/269523/26440/69077/66413/22123/70247/19181/116891/56436/19167/22187/23996/17463/19172/20338"
"REACTOME_SYNTHESIS_OF_PA",0.577426636568849,0.805150233292787,0.0246110343467826,-0.383855850682232,-0.916963892397814,29,"210992/18805/14555/239759/102247/18783/28169/67512/66659/333433/14712/108958/66350/225010"
"REACTOME_DISEASES_ASSOCIATED_WITH_O_GLYCOSYLATION_OF_PROTEINS",0.579209151952251,0.805584696515799,0.0261866445651866,-0.346835397129928,-0.926137684438503,54,"16848/18129/108902/16795/271127/217734/68273/99011/18128/381694/330267/18132/14425/56229/94192"
"REACTOME_DECTIN_2_FAMILY",0.587118788654297,0.806918505110938,0.0234104147078645,-0.413457488176766,-0.907593065339694,19,"20963/17096/73149/234779"
"REACTOME_DISEASES_ASSOCIATED_WITH_N_GLYCOSYLATION_OF_PROTEINS",0.58458244111349,0.806918505110938,0.0235461117901514,-0.408319279339765,-0.908169756447779,20,"56737/14595/217664/102580/227619/208211/207958/66789"
"REACTOME_G1_S_DNA_DAMAGE_CHECKPOINTS",0.582690872917185,0.806918505110938,0.0260844424886475,-0.345887758101956,-0.92360725005288,54,"22190/26440/69077/66413/22123/70247/19181/12576/56436/22059/19167/22187/29813/23996/17463/19172"
"REACTOME_GASTRULATION",0.586855740387238,0.806918505110938,0.0275549841954235,-0.326620212693196,-0.927448524607313,84,"17127/16848/328572/26440/270118/433586/69077/17126/66413/22123/70247/19181/56436/19167/17701/23996/18424/17463/19172/21416/103806"
"REACTOME_G_PROTEIN_ACTIVATION",0.586723768736617,0.806918505110938,0.0234869295230929,-0.407728626672136,-0.906856047013894,20,"14676/14702/14693"
"REACTOME_MITOTIC_G2_G2_M_PHASES",0.585877160720853,0.806918505110938,0.0331489902883037,-0.30072183525443,-0.950528898290575,181,"22190/22142/22151/73710/27373/328572/19053/68475/71978/26440/19052/22143/69077/56371/328580/19646/66413/69654/13557/22123/54130/13589/19046/51792/70247/19181/56436/76789/22059/26965/19167/73699"
"REACTOME_RIPK1_MEDIATED_REGULATED_NECROSIS",0.582811101163832,0.806918505110938,0.0207703928056747,0.41105886982075,0.884485907918762,30,"53378/78294/12633/11796/15519/22186/19766/22195"
"REACTOME_SIGNALING_BY_VEGF",0.586349693251534,0.806918505110938,0.0183406145993195,0.367640410657096,0.901683622336445,100,"26362/13058/18186/18751/19877/108100/18753/18187/17164/23797/15461/22340/14360/17972/15519/13057/11465/12313/20779/17974/14254/19229/102626/229709/12387"
"REACTOME_TRANSCRIPTIONAL_REGULATION_BY_VENTX",0.587205229978987,0.806918505110938,0.0248921706416246,-0.363508994673899,-0.912126389670177,38,"12443/12978/99152/213988/56371/56317/52717/66440/19697/22059/69957/216080/21416"
"REACTOME_TRANSCRIPTION_OF_E2F_TARGETS_UNDER_NEGATIVE_CONTROL_BY_P107_RBL1_AND_P130_RBL2_IN_COMPLEX_WITH_HDAC1",0.589722164194694,0.809299565756548,0.0230063875035758,-0.42767530558942,-0.907379339733498,16,"433759/19646"
"REACTOME_KINESINS",0.59201213346815,0.810325186351083,0.0196069902938321,0.385995137090616,0.881748632448577,49,"16554/16562/16561/229841/16573/73804/67951/26934/22153/545486/74764/16551/16578/16558/22146/16571/16563/209737/100502766/19348/71819/16564"
"REACTOME_SNRNP_ASSEMBLY",0.592163627402661,0.810325186351083,0.0256555674150551,-0.346563818848829,-0.919625136831743,52,"19069/69482/66679/18141/216766/227720/107939/72124/68092/170762/20638/110379/234865/66069/69912/433702/27374/269113/445007"
"REACTOME_THE_ROLE_OF_NEF_IN_HIV_1_REPLICATION_AND_DISEASE_PATHOGENESIS",0.592825112107623,0.810325186351083,0.0205361261688084,0.412526189705383,0.876921658230354,27,"15018/12010/94176/14360/11773/12487"
"REACTOME_THROMBOXANE_SIGNALLING_THROUGH_TP_RECEPTOR",0.597142247814033,0.815146560508045,0.023137682019023,-0.410247929658529,-0.900547666145692,19,"14676/14702/14693"
"REACTOME_CONVERSION_FROM_APC_C_CDC20_TO_APC_C_CDH1_IN_LATE_ANAPHASE",0.598501070663812,0.815922199372594,0.0231664106614501,-0.40471253119543,-0.900147750753839,20,"99152/56371/56317/52717/66440/69957/216080/229776/68999/52563/22194"
"REACTOME_ASSEMBLY_OF_THE_ORC_COMPLEX_AT_THE_ORIGIN_OF_REPLICATION",0.601642366348249,0.816380537338436,0.019280113640365,0.378499995315943,0.873332562801013,53,"68024/319192/15078/319153/15270/15267/319149/232440/319191/319172/319181/319176/319150/360198/665433/319148/319159/319173/26428/69386/15081/326619/319180/382522/319163/260423/319155/319165/319178/97114/319161/97908/97122"
"REACTOME_NEGATIVE_REGULATION_OF_MET_ACTIVITY",0.6,0.816380537338436,0.0231262093146766,-0.40441650212156,-0.899489333026532,20,"22190/12402/20844/14784/22187/15239"
"REACTOME_RHOU_GTPASE_CYCLE",0.601336834566722,0.816380537338436,0.0248657493990065,-0.358739092140579,-0.905968050340568,40,"18479/26431/17973/20844/244895/14784/18708/12540/73341/14270/224105/83669/216963/15239"
"REACTOME_TELOMERE_MAINTENANCE",0.602001539645881,0.816380537338436,0.0180072490464697,0.363443502051453,0.89023311628086,99,"327762/68024/319192/13163/22589/15078/69535/16881/67967/15270/15267/232440/319191/319172/19687/68275/319181/319176"
"REACTOME_CHONDROITIN_SULFATE_BIOSYNTHESIS",0.604537743850721,0.816687665965575,0.0228484201933312,-0.410484268676252,-0.894181360350564,18,"269941/60322"
"REACTOME_COMPLEMENT_CASCADE",0.604097355979688,0.816687665965575,0.0198810539903722,0.394931895923739,0.869834130219486,36,"12266/12268/14962/12260/12267/12262/12259/17174/12759"
"REACTOME_PRESYNAPTIC_FUNCTION_OF_KAINATE_RECEPTORS",0.604602109300096,0.816687665965575,0.0212626802119148,0.440957377715596,0.871042398722183,16,"14701/14707/18796/14700"
"REACTOME_G_ALPHA_I_SIGNALLING_EVENTS",0.607272727272727,0.819222816399287,0.0159225604979822,0.342454278039958,0.901063865155699,198,"80885/19156/11820/11539/66102/55985/12266/18753/15199/11513/104111/14701/14683/20303/12775/17329/14707/20304/15945/50778/12267/20308/18796"
"REACTOME_FORMATION_OF_THE_DYSTROPHIN_GLYCOPROTEIN_COMPLEX_DGC",0.609822031989187,0.820516736652987,0.0236833177792445,-0.37888116478106,-0.897914512294539,28,"20392/20648/11461/16777"
"REACTOME_VLDLR_INTERNALISATION_AND_DEGRADATION",0.609567578859411,0.820516736652987,0.0224784762050975,-0.420293455472451,-0.891717602435116,16,"22190/218203"
"REACTOME_REGULATION_OF_FZD_BY_UBIQUITINATION",0.611747243426633,0.820677344018265,0.0226592941355964,-0.408063570228079,-0.888908214467615,18,"22190/14366/107515/22187/16973"
"REACTOME_RHOV_GTPASE_CYCLE",0.612327088075644,0.820677344018265,0.0196760165729651,0.392166418025921,0.863743188751558,36,"326618/13518/270163/20740/54126/29875/20742/22284"
"REACTOME_VEGFR2_MEDIATED_CELL_PROLIFERATION",0.611615588346576,0.820677344018265,0.0208749088409662,0.430664852226723,0.865949066106135,18,"18751/18753/15461/12313/20779/229709/16542"
"REACTOME_RESOLUTION_OF_AP_SITES_VIA_THE_MULTIPLE_NUCLEOTIDE_PATCH_REPLACEMENT_PATHWAY",0.614767547857794,0.8228795193116,0.0202290788425906,0.40874319322554,0.860370699495285,25,"11545/11546/16881/67967/19687/68275/18538/26430/72151"
"REACTOME_PROTEIN_UBIQUITINATION",0.616924719701014,0.824586493894624,0.0263192713096532,-0.32785482993396,-0.913779094045498,73,"22190/109815/66105/269523/67819/68441/225131/22214/93765/56550/67128/214498/22193/19302/68366/22187/50933/216080/268470"
"REACTOME_TRAFFICKING_OF_GLUR2_CONTAINING_AMPA_RECEPTORS",0.617640852500528,0.824586493894624,0.0224296213731371,-0.411047206790843,-0.884538073689934,17,"18750/71770/21912"
"REACTOME_TP53_REGULATES_TRANSCRIPTION_OF_CELL_DEATH_GENES",0.618455611976887,0.824607482635849,0.019525521854286,0.389936342388307,0.858831466192329,36,"66494/58801/12053/11783/11920"
"REACTOME_CONSTITUTIVE_SIGNALING_BY_AKT1_E17K_IN_CANCER",0.622979853885322,0.825802498604473,0.0230575968465283,-0.383333021447651,-0.887710749827533,25,"56484/12912/11651/56458/56637/12576/18607/78757/67605/22084/56716/12371/12675/17246"
"REACTOME_EFFECTS_OF_PIP2_HYDROLYSIS",0.621168687982359,0.825802498604473,0.0230405033614882,-0.387223434355113,-0.889627216023009,24,"23945/66082/18754/13139/269060/16440/18761"
"REACTOME_FORMATION_OF_INCISION_COMPLEX_IN_GG_NER",0.62200956937799,0.825802498604473,0.024342432226467,-0.350759918062164,-0.899697908604911,43,"22190/19359/93765/19358/229615/56469/22187/93836/23894/22218/50505/13194/107986/20610/22591"
"REACTOME_FORMATION_OF_NEURONAL_PROGENITOR_AND_NEURONAL_BAF_NPBAF_AND_NBAF",0.623352855051244,0.825802498604473,0.0200761594926127,0.410080371829061,0.855529754907729,23,"20588/68094/20586/67155/57376"
"REACTOME_SIGNALING_BY_THE_B_CELL_RECEPTOR_BCR",0.622555964862567,0.825802498604473,0.027192973763518,-0.315642230156894,-0.91916494597976,97,"26377/22190/18021/18018/20963/17973/17096/26440/14784/18708/69077/16019/19055/66413/12229/22123/70247/19181/234779/19697/56436/240354/269717/26965/19167/18019/22187/23996/22063/17463/19172/16440/20662"
"REACTOME_REGULATION_OF_PLK1_ACTIVITY_AT_G2_M_TRANSITION",0.626415094339623,0.828795355587808,0.017730511929691,0.358801259658672,0.869642121195596,87,"17931/78294/75296/13191/71648/18536/18286/22627/15519/12442/100986/236266/22186/22153/70799/78177/208518/16328/12534/26920/18817/214552/13424/75786/76478/18005/18541/53598/76816/268697/17274/68121"
"REACTOME_BETA_CATENIN_INDEPENDENT_WNT_SIGNALING",0.628677609166925,0.829411611685266,0.0285907503359651,-0.30804467696231,-0.927645921065875,123,"18750/22190/14702/18018/26440/14366/69077/19055/213988/19353/66413/66313/22123/14693/71770/70247/19181/75788/56436/19167/22187/12322/23996/14369/17463/19172/16440/21416"
"REACTOME_SIGNALING_BY_FLT3_ITD_AND_TKD_MUTANTS",0.629291949563531,0.829411611685266,0.0208225391705135,0.436782037140925,0.854765542858049,15,"12575/14389/15461/18712/12048/19247"
"REACTOME_ZBP1_DAI_MEDIATED_INDUCTION_OF_TYPE_I_IFNS",0.629219804951238,0.829411611685266,0.0203062603431883,0.415302276383531,0.848600015437461,20,"58203/18034/18035/13211/19766/71966"
"REACTOME_APC_CDC20_MEDIATED_DEGRADATION_OF_NEK2A",0.644310306282137,0.831590635699084,0.0226758650322013,-0.375301882472192,-0.875294390582589,26,"22190/99152/56317/52717/66440/69957/22187/12237/216080"
"REACTOME_AURKA_ACTIVATION_BY_TPX2",0.641087130295763,0.831590635699084,0.0176347062982835,0.358768037093478,0.855708332655493,72,"75296/13191/18536/18286/22627/15519/100986/236266/22153/70799/78177/208518/16328/12534/26920/18817/214552/13424/75786/76478/18005/18541/15366/53598/76816"
"REACTOME_CLEC7A_DECTIN_1_SIGNALING",0.645799011532125,0.831590635699084,0.0260191746680826,-0.316212706860692,-0.904650546594685,87,"68652/22190/18021/18018/20963/12370/26440/22034/69077/19055/93765/66413/22123/56550/70247/19181/234779/19697/56436/240354/26965/19167/18019/22192/22187/23996/17463/19172/16440/216080"
"REACTOME_DISEASES_OF_IMMUNE_SYSTEM",0.639558459112413,0.831590635699084,0.0229158720046954,-0.371089427501259,-0.879448791034515,28,"53791/142980/21898/17874/117149/21899/12229/19697"
"REACTOME_DISEASES_OF_MITOTIC_CELL_CYCLE",0.647665675817451,0.831590635699084,0.0188115400720902,0.379626610531177,0.840489462760228,38,"12575/13555/75430/13163/68612/22589/77891/211586/21781/19645/12571/12567"
"REACTOME_EPHRIN_SIGNALING",0.637869376999812,0.831590635699084,0.0201523806155801,0.417896386445033,0.846126647393971,19,"53378/54126/14360/20779/17974/67268"
"REACTOME_FCGR3A_MEDIATED_IL10_SYNTHESIS",0.645949720670391,0.831590635699084,0.0232820004194105,-0.352511280643339,-0.879598262669747,37,"19108/22612/20963/12912/17096/11514/18749/234779"
"REACTOME_GAMMA_CARBOXYLATION_HYPUSINYLATION_HYDROXYLATION_AND_ARYLSULFATASE_ACTIVATION",0.646029609690444,0.831590635699084,0.0182747712049859,0.367400897292366,0.844800114147869,52,"65973/66475/26451/20104/26961/276770"
"REACTOME_INFECTION_WITH_MYCOBACTERIUM_TUBERCULOSIS",0.636098450319052,0.831590635699084,0.019710675673393,0.40173985707628,0.845629254692277,25,"24088/672511/12010/78294/18655/22186/13806"
"REACTOME_IRAK4_DEFICIENCY_TLR2_4",0.642483026188167,0.831590635699084,0.0205036838976241,0.431096980677985,0.843640107376473,15,"24088/21897/266632/20193/12475"
"REACTOME_MITOCHONDRIAL_FATTY_ACID_BETA_OXIDATION",0.638790664780764,0.831590635699084,0.0191841342809855,0.384566583884256,0.84193177268553,34,"13167/97212/93747/56360/11363/110821/66834/329910/70025/64833/26897/72482/20216/52538"
"REACTOME_NEGATIVE_EPIGENETIC_REGULATION_OF_RRNA_EXPRESSION",0.635489374903056,0.831590635699084,0.0173193015937241,0.356038031502642,0.867604603323071,93,"68024/17191/93762/94246/319192/20018/60406/116848/15078/319153/71954/15270/20467/14884/15267/319149/232440/319191/75316/319172/319181/319176/20016/21340/319150/360198/13436"
"REACTOME_NONHOMOLOGOUS_END_JOINING_NHEJ",0.650762094102054,0.831590635699084,0.0179393715059877,0.361421643197391,0.841322200995509,57,"227525/107823/68024/19360/11920/59004/15270"
"REACTOME_NUCLEAR_IMPORT_OF_REV_PROTEIN",0.640480591497227,0.831590635699084,0.0232994328465699,-0.359070525175528,-0.877591814735369,33,"16211/19069/69482/66679/18141/227720/107939/72124/170762/110379/234865/69912/269113/445007"
"REACTOME_ONCOGENE_INDUCED_SENESCENCE",0.650878003696858,0.831590635699084,0.0230405033614882,-0.356709113832372,-0.871820371186881,33,"22190/23871/20683/13875/213988/13557/22059/22187/26413"
"REACTOME_OVARIAN_TUMOR_DOMAIN_PROTEASES",0.63874803287288,0.831590635699084,0.0190189714530975,0.382672158173426,0.8472322743299,38,"71586/217069/230073/78294/231130/22031/57783/21929/22186/19766/73162/54644/11789/12534"
"REACTOME_PLATELET_HOMEOSTASIS",0.649492792311799,0.831590635699084,0.0254464858615218,-0.322432284380113,-0.898665670934994,73,"18613/14702/19053/11938/19052/26416/14693/18574/51792/226849/18436/269717/73699/207728/18439/16440/109305/18783"
"REACTOME_PROGRAMMED_CELL_DEATH",0.645918645918646,0.831590635699084,0.0152239853572433,0.337166541035057,0.880892290349396,185,"22352/53378/75608/97165/19877/20740/18753/58801/13555/78294/16906/68953/23797/16176/11783/20422/12633/12363/11796/22627/12018/26445/56702/18810/15519/14958/22186/80838/78514/12048/19766/208092/211586/22195/12475/21781/227753/68097/11789/26444/66371/16905/74143/12387/19177"
"REACTOME_REGULATION_OF_MITF_M_DEPENDENT_GENES_INVOLVED_IN_PIGMENTATION",0.633514270705656,0.831590635699084,0.0191633676713064,0.385328930973892,0.848683681874105,36,"17918/20588/17342/68094"
"REACTOME_REPRODUCTION",0.651090342679128,0.831590635699084,0.0163141503405303,0.346677085178209,0.867454482363405,120,"12527/68024/16906/19360/214133/319192/24061/11920/15078/319153/15270/12567/16905/15267/319149/20962/232440/319191/319565/319172/22196/68275/13006/319181/319176/50878"
"REACTOME_TBC_RABGAPS",0.643904121400241,0.831590635699084,0.0186911253230015,0.376775984229599,0.842281606626855,42,"56486/226421/103724/54189/71648/64930/19349/19337/74105/67443/224617/227800/260302"
"REACTOME_TNF_SIGNALING",0.650596421471173,0.831590635699084,0.017943132862759,0.361573516713502,0.841675734225332,57,"56489/14694/78294/432940/268749/17164/71648/12633/11796/21929/21926/22186/19766/26409/22195"
"REACTOME_TP53_REGULATES_TRANSCRIPTION_OF_CELL_CYCLE_GENES",0.650646499146133,0.831590635699084,0.023925627520731,-0.337479352454814,-0.882513278872333,48,"69125/72068/328572/13496/52846/58184/12227/18983/12576/22059/232791/29813/78893"
"REACTOME_TRANSLATION_OF_SARS_COV_1_STRUCTURAL_PROTEINS",0.637923250564334,0.831590635699084,0.0229893650041456,-0.368344046803819,-0.879908930132212,29,"22190/20448/17308/20444/214424/56637/14376/22187/14423"
"REACTOME_VXPX_CARGO_TARGETING_TO_CILIUM",0.64991518235793,0.831590635699084,0.021703931424114,-0.394529650238968,-0.859426502474691,18,"102058/11843/211446/216363/18763/53413"
"REACTOME_ANCHORING_OF_THE_BASAL_BODY_TO_THE_PLASMA_MEMBRANE",0.653638189402132,0.833812869546354,0.0168482864293566,0.349944609961719,0.855616032160088,97,"75296/13191/18536/18286/22627/15519/100986/236266/18000/22153/70799/78177/72140/67590/208518/16328/12534/77048/26920/18817/214552/13424/67161/75786/76478/382090/18005/18541/53598/76816/17274/68121"
"REACTOME_TIE2_SIGNALING",0.654631730967609,0.834049316492065,0.0211645783237657,-0.407467528150673,-0.854380918533735,15,"14784/18708/20662/18706"
"REACTOME_BASIGIN_INTERACTIONS",0.664389598942265,0.835583490034851,0.0219619210326933,-0.377153765224923,-0.857652353454924,23,"50934/57274/80879/17254/20539/26570/17136"
"REACTOME_GLOBAL_GENOME_NUCLEOTIDE_EXCISION_REPAIR_GG_NER",0.665121352604309,0.835583490034851,0.0254050839553553,-0.314883290455468,-0.894121159092929,84,"22190/19359/11461/56505/93765/19358/229615/56469/235134/22187/69263/26895/93836/23894/16882/56249/22218/50505/26894/13194/107986/20610/56456/22591/66979"
"REACTOME_HIGH_LAMINAR_FLOW_SHEAR_STRESS_ACTIVATES_SIGNALING_BY_PIEZO1_AND_PECAM1_CDH5_KDR_IN_ENDOTHELIAL_CELLS",0.660920474873963,0.835583490034851,0.0174380160302097,0.355510037321869,0.838047888701978,63,"18442/11513/104111/14701/14683/14707/21894/14360/14700/12336/63873/17387/12313/12387/19085/16542/12334/69543/56717/234839/74769"
"REACTOME_INTERCONVERSION_OF_NUCLEOTIDE_DI_AND_TRIPHOSPHATES",0.660435017077117,0.835583490034851,0.0189331368924328,0.389634320491532,0.830966629941844,28,"18103/20135/11637/66588/93692/22166/110074/18102/14782/14923/11636"
"REACTOME_INTERLEUKIN_7_SIGNALING",0.666248880931065,0.835583490034851,0.0187431615014362,0.383874822044889,0.825993295441079,30,"16186/384783/20586/319153/57914/16453/319149/216233/15234/319150/360198"
"REACTOME_MTORC1_MEDIATED_SIGNALLING",0.666361639824305,0.835583490034851,0.0190682887565915,0.393494713989314,0.820927943259604,23,"20104/75705/208643/13685/83409/54170/68576/52187/56717/66508"
"REACTOME_M_DECAY_DEGRADATION_OF_MATERNAL_MRNAS_BY_MATERNALLY_STORED_FACTORS",0.665687824711995,0.835583490034851,0.0223217471288036,-0.366945879552436,-0.862654272693587,27,"69125/12193/72068/52846/58184/67869/18983/232791/192170/78893"
"REACTOME_PIWI_INTERACTING_RNA_PIRNA_BIOGENESIS",0.666242578456319,0.835583490034851,0.0213169736652703,-0.388569113122682,-0.846442323557803,18,"20021/69920/231329/72634/66420/20020/17749/245841"
"REACTOME_ROLE_OF_PHOSPHOLIPIDS_IN_PHAGOCYTOSIS",0.660346399270738,0.835583490034851,0.0191467795114798,0.392631282800496,0.826456457319877,25,"18807/18753/246256/14130/53357/229709"
"REACTOME_SELECTIVE_AUTOPHAGY",0.657919847328244,0.835583490034851,0.0171768746625494,0.353040784760449,0.848630108746459,80,"11520/22352/66905/78294/71648/67952/66169/67951/15519/11920/66589/22186/20779/22153/545486/22195/68097/66119/13819/13424/22333"
"REACTOME_SIALIC_ACID_METABOLISM",0.662311331380942,0.835583490034851,0.0223593952170148,-0.365549747071221,-0.866320243315656,28,"54613/20448/20454/20444/50798/24060"
"REACTOME_SULFUR_AMINO_ACID_METABOLISM",0.659977949283352,0.835583490034851,0.0220771824167872,-0.376069470945489,-0.864001521565099,24,"226654/59010/211488"
"REACTOME_TRANSCRIPTIONAL_REGULATION_BY_E2F6",0.658415841584158,0.835583490034851,0.0187311337572276,0.377825661843913,0.827173869423013,34,"110147/13555/11783/29808/20135/211586/241915/21781"
"REACTOME_AUF1_HNRNP_D0_BINDS_AND_DESTABILIZES_MRNA",0.674280275993338,0.841480945598077,0.0229440865655545,-0.338568677251884,-0.865019508248527,42,"22190/26440/69077/193740/66413/22123/70247/19181/56436/19167/22187/23996/17463/19172"
"REACTOME_MEIOSIS",0.673159509202454,0.841480945598077,0.0163141503405303,0.344773785699297,0.845600393657353,100,"68024/16906/19360/319192/24061/11920/15078/319153/15270/12567/16905/15267/319149/20962/232440/319191/319565/319172/22196/68275/13006/319181/319176/50878"
"REACTOME_MITOCHONDRIAL_UNFOLDED_PROTEIN_RESPONSE_UPRMT",0.674326300396908,0.841480945598077,0.0208987875795497,-0.397001632553422,-0.842300395911279,16,"56484/11651/15511/193740/13982/15502"
"REACTOME_SEMA3A_PAK_DEPENDENT_AXON_REPULSION",0.672787291107902,0.841480945598077,0.0207420427691314,-0.400642801799331,-0.840070781980608,15,"243743/18479/19353/224105/18844"
"REACTOME_HIV_TRANSCRIPTION_ELONGATION",0.675945753033547,0.842483112476595,0.0229046042919004,-0.338034093393264,-0.863653683535343,42,"24116/58202/20021/68092/12455/69920/231329/27224/13716/23894/433702/21399/107951/66420/20020/68705/17749/245841/12572"
"REACTOME_MISMATCH_REPAIR",0.677400581959263,0.843277925913099,0.0196976670488682,0.417865885966819,0.817747367081049,15,"16881/67967/68275/17686/18538/17350"
"REACTOME_ACYL_CHAIN_REMODELLING_OF_PE",0.68142886985586,0.845750835625046,0.0207373241452539,-0.393796008091143,-0.835499167572859,16,"14792/218121/18783"
"REACTOME_FORMATION_OF_THE_EMBRYONIC_STEM_CELL_BAF_ESBAF_COMPLEX",0.68266516092603,0.845750835625046,0.0191260756172104,0.401243857372611,0.812409800223931,19,"20588/68094/20586/57376"
"REACTOME_G2_M_CHECKPOINTS",0.680942799655073,0.845750835625046,0.0152056767576851,0.333500038514668,0.850797270435649,143,"327762/107823/68024/78294/19360/20422/70024/22627/26445/12442/11920/22186/50883/235559/59004/17218/15270/12534/26444/19177/17216/59029/26441/68275/17219/319181/19170/210766/269582/27214/268697/26442"
"REACTOME_RECRUITMENT_OF_NUMA_TO_MITOTIC_CENTROSOMES",0.682153593878109,0.845750835625046,0.0250184407512458,-0.311171830780762,-0.889018709917322,86,"22142/22151/73710/27373/68475/22143/328580/101706/69654/54130/13589/51792/76789"
"REACTOME_RECOGNITION_AND_ASSOCIATION_OF_DNA_GLYCOSYLASE_WITH_SITE_CONTAINING_AN_AFFECTED_PURINE",0.684570646595963,0.847094613053997,0.0176641075558748,0.363182488737709,0.818331309764824,44,"68024/319192/15270/15267/232440/319191/319172/319181/319176/665433/319159/319173/234258/69386/326619/319180/382522/21749/319163/319155/319165/319178/319161/97122/320332/326620/319189/319186"
"REACTOME_APOPTOTIC_EXECUTION_PHASE",0.686440677966102,0.847376530694996,0.0174887171408878,0.359471406271733,0.817427205439702,47,"22352/97165/19877/20740/18753/16906/56702/18810/14958/80838/227753/11789/16905/12387"
"REACTOME_METABOLISM_OF_STEROID_HORMONES",0.686119293078056,0.847376530694996,0.0187191176691419,0.389322638693579,0.806493390801601,22,"12257/68165/76205/11677/14149"
"REACTOME_ACTIVATION_OF_NF_KAPPAB_IN_B_CELLS",0.706291967172345,0.854325274562448,0.0229102368569071,-0.322515594217521,-0.861197698088551,54,"22190/26440/69077/66413/22123/70247/19181/19697/56436/240354/26965/19167/22187/23996/17463/19172/103583/16151/18036"
"REACTOME_APC_C_CDC20_MEDIATED_DEGRADATION_OF_CYCLIN_B",0.71289966923925,0.854325274562448,0.0208749088409662,-0.361509888641945,-0.830551581499536,24,"22190/99152/56317/52717/66440/69957/22187/216080"
"REACTOME_ASSOCIATION_OF_TRIC_CCT_WITH_TARGET_PROTEINS_DURING_BIOSYNTHESIS",0.715853373803409,0.854325274562448,0.0216988267174439,-0.335201421513363,-0.841096277938259,38,"55946/50789/12466/12468/22059/16553/20848/236733/27055/50762/213980"
"REACTOME_ATP_DEPENDENT_CHROMATIN_REMODELERS",0.708803611738149,0.854325274562448,0.0213268711572112,-0.348914481614367,-0.833495127419416,29,"210982/268996/11461/93760/243842"
"REACTOME_BUTYRATE_RESPONSE_FACTOR_1_BRF1_BINDS_AND_DESTABILIZES_MRNA",0.707581227436823,0.854325274562448,0.0187311337572276,0.397748486118001,0.794049257958888,17,"17164/70640"
"REACTOME_CELL_CYCLE_CHECKPOINTS",0.695132913830743,0.854325274562448,0.0132823962005673,0.322427932046488,0.865955337760123,264,"327762/56430/12575/107823/68024/16319/19386/12615/78294/57294/19360/75430/20422/70024/108000/229841/73804/22627/68612/26445/228829/66977/12442/11920/22186/50883/235559/77891/26886/59004/66468/17218/68097/15270/12534/26444/52276/18817/19177/13424/17216/59029/20877/67037/75786/26441/52504/68275/17219/319181/19170/72155/210766/16563/269582/67629/27214/268697/59008/26442/67052"
"REACTOME_DAP12_SIGNALING",0.712672238536255,0.854325274562448,0.0212528345256173,-0.352653648344429,-0.829054619434228,27,"20963/16822/14784/18708/19353/12229/234779/20662/18706/18803"
"REACTOME_DEATH_RECEPTOR_SIGNALING",0.705,0.854325274562448,0.0278604558742744,-0.293692506582014,-0.904111914940824,145,"68652/433759/22190/53376/268739/21937/223435/66105/17874/72754/12370/22034/19353/73341/11798/56550/263876/30941/22258/19697/20598/76580/22187/67384/18412/19164/12366/216080/20662"
"REACTOME_DNA_DOUBLE_STRAND_BREAK_RESPONSE",0.708185626812762,0.854325274562448,0.0162942919202149,0.342316684022424,0.811858773921836,67,"107823/68024/225896/78294/19360/93762/22385/14051/11920/22186/50883/59004/15270"
"REACTOME_DUAL_INCISION_IN_TC_NER",0.708798338956657,0.854325274562448,0.0235401807715361,-0.318072464526358,-0.866331143675751,63,"22190/28000/67439/20021/69920/22187/231329/69263/66983/23894/50505/13194/21399/66979/66420/20020/22592/17749/11834/245841/12572/19891/209357/13870/13871/99375"
"REACTOME_EXTENSION_OF_TELOMERES",0.712841253791709,0.854325274562448,0.0168517381697535,0.351203316746746,0.802271879866066,49,"327762"
"REACTOME_HIV_ELONGATION_ARREST_AND_RECOVERY",0.711954022988506,0.854325274562448,0.0215416283252279,-0.343899748447385,-0.83579448015086,32,"24116/58202/20021/12455/69920/231329/27224/13716/21399/107951/66420/20020/68705/17749/245841"
"REACTOME_HOST_INTERACTIONS_OF_HIV_FACTORS",0.703759398496241,0.854325274562448,0.0261062735278064,-0.300797407469376,-0.894804809054134,114,"22190/140580/11765/16211/75717/19069/26440/69077/19353/69482/66413/66679/18141/22123/71770/16646/224105/227720/107939/70247/19181/72124/56436/19167/12455/170762/22187/23996/17463/19172/110379/234865"
"REACTOME_INHIBITION_OF_DNA_RECOMBINATION_AT_TELOMERE",0.702689243027888,0.854325274562448,0.0168413857218999,0.348404248012974,0.809222652751117,56,"68024/319192/13163/22589/15078/15270/15267/232440/319191/319172/319181/319176"
"REACTOME_INTEGRATION_OF_ENERGY_METABOLISM",0.716076901643912,0.854325274562448,0.0245336970340485,-0.30502560320787,-0.878715156486552,91,"18750/17118/14676/14702/20910/19053/11514/19052/14693/18749/51792"
"REACTOME_METABOLISM_OF_PORPHYRINS",0.695692194403535,0.854325274562448,0.0185126661813019,0.386439058988199,0.800519969933905,22,"15368/233016/11655/11656/14151/109778"
"REACTOME_METALLOPROTEASE_DUBS",0.710678712068566,0.854325274562448,0.0216886236903506,-0.340186916926126,-0.840582580672174,35,"22190/328572/20844/76630/107976/109359/22187"
"REACTOME_MRNA_SPLICING_MINOR_PATHWAY",0.710264621607955,0.854325274562448,0.0169070922494791,0.351007648978222,0.804004178195365,50,"319322/22608/69878/20643/68011/20641/20624/74351/76167/107686/78372/22184/72047"
"REACTOME_MTOR_SIGNALLING",0.712819288613034,0.854325274562448,0.0221140852246087,-0.335296158574745,-0.846764720449274,40,"13631/19079/12283/11651/56692/68441"
"REACTOME_PYRUVATE_METABOLISM",0.700136845706466,0.854325274562448,0.0173336322937549,0.358491565295921,0.807761610940778,44,"18746/78294/16828/55951/56705/22186/226757/107029/18004/236900/22333"
"REACTOME_RHO_GTPASE_EFFECTORS",0.710114049379622,0.854325274562448,0.0126194117177031,0.318817797957202,0.863075817747342,293,"13058/56430/17886/18751/17931/208846/19877/74117/108100/68024/18753/16319/54004/19386/12615/57294/11867/319192/108000/17904/229841/29875/71409/16573/73804/22627/12631/67951/66977/17972/16885/13057/68089/215280/13367/11465/56378/192176/12313/67771/67938/15078/20779/22153/319153/545486/26886/19354/98932/66468/74764/68097/404710/15270/77579/52276/18817/15267/12387/319149/13424/232440/12704/319191/319172/20877/11853/67037/75786/52504/233406/18016/319181/319176"
"REACTOME_RNA_POLYMERASE_I_PROMOTER_ESCAPE",0.698897235096692,0.854325274562448,0.0163672537526427,0.345022551231071,0.823742671835049,75,"68024/319192/20018/15078/319153/15270/14884/15267/319149/232440/319191/75316/319172/319181/319176/20016/21340/319150/360198/665433/12417/319148/319159/319173/69386/69833/15081/66467/326619/17420"
"REACTOME_RNA_POLYMERASE_I_TRANSCRIPTION_INITIATION",0.714237288135593,0.854325274562448,0.0169070922494791,0.351863816280997,0.800127773780435,47,"107932/110147/216848/20018"
"REACTOME_SYNTHESIS_OF_IP3_AND_IP4_IN_THE_CYTOSOL",0.708269018743109,0.854325274562448,0.0209755144159894,-0.36233964967549,-0.832457917564828,24,"19211/16331/234779/233011/104759/18803"
"REACTOME_TRAFFICKING_OF_AMPA_RECEPTORS",0.713092550790068,0.854325274562448,0.0212331669066452,-0.347983110493498,-0.831270246160628,29,"18750/71770/21912/12322/13383"
"REACTOME_TRANSCRIPTIONAL_REGULATION_BY_NPAS4",0.695721077654517,0.854325274562448,0.0216631532939566,-0.350952168630829,-0.842433768206036,30,"14815/12569/11863/213988"
"REACTOME_TRANSCRIPTION_COUPLED_NUCLEOTIDE_EXCISION_REPAIR_TC_NER",0.713942948547054,0.854325274562448,0.0238585175792944,-0.309532415274443,-0.867821219173635,76,"22190/28000/67439/20021/69920/22187/231329/13716/69263/26895/66983/23894/16882/50505/26894/13194/21399/66979/66420/20020/22592/26893/17749/11834/245841/12572/26891/19891/209357/108679/13870/13871/99375/26572"
"REACTOME_TRNA_PROCESSING",0.704452210910196,0.854325274562448,0.0155203049741001,0.336406941056537,0.830115349362881,106,"28088/107508/19386/108989/68045"
"REACTOME_UPTAKE_AND_ACTIONS_OF_BACTERIAL_TOXINS",0.71459576776994,0.854325274562448,0.0178531697499837,0.371310227593442,0.786722686716412,26,"12527/15519/26400/12313"
"REACTOME_REGULATION_OF_PYRUVATE_METABOLISM",0.71726822363765,0.85475843740653,0.0174742104054182,0.362360950136403,0.78833977597538,32,"18746/78294/16828/56705/22186/226757/18004/236900"
"REACTOME_BACTERIAL_INFECTION_PATHWAYS",0.719340765874939,0.856239527546641,0.0161071185043535,0.339381999191423,0.802948409936515,65,"24088/672511/12527/12010/78294/18655/58194/13858/15519/22186/13806/26400/12313/20779"
"REACTOME_OXIDATIVE_STRESS_INDUCED_SENESCENCE",0.724753974261923,0.861689056956572,0.0150570593519133,0.331524726344809,0.819492195237342,107,"17454/68024/13555/78294/50932/17164/319192/22186/26400/12580/26921/15078/211586/319153/241915/21781/15270/12571/102626/12567/15267/319149/232440/319191/319172/319181/319176/242705/12581/26417/22166/319150/360198"
"REACTOME_DEADENYLATION_DEPENDENT_MRNA_DECAY",0.726495726495726,0.862765926057065,0.0226317255980607,-0.318203968044348,-0.853577096031966,56,"13209/69125/72068/52846/58184/75901/18983/232791/192170/78893/67678/234699"
"REACTOME_CYTOCHROME_P450_ARRANGED_BY_SUBSTRATE_TYPE",0.728563724609024,0.863588341634176,0.0174778355327688,0.366828997293711,0.782330096747023,28,"72054/17977/68165"
"REACTOME_TRISTETRAPROLIN_TTP_ZFP36_BINDS_AND_DESTABILIZES_MRNA",0.728861865855976,0.863588341634176,0.018290232532531,0.389442802334173,0.777468121196414,17,"17164/70640"
"REACTOME_ABERRANT_REGULATION_OF_MITOTIC_EXIT_IN_CANCER_DUE_TO_RB1_DEFECTS",0.733832976445396,0.866277597063476,0.0199826536680216,-0.36128373465651,-0.803554908898941,20,"99152/56371/56317/52717/66440/69957/216080/68999/52563/22194"
"REACTOME_DOWNREGULATION_OF_ERBB2_SIGNALING",0.734349775784753,0.866277597063476,0.017330048104638,0.365106333066907,0.776119574982848,27,"78294/59079/23797/19253/15519/22186/84092"
"REACTOME_ENDOGENOUS_STEROLS",0.734489241696261,0.866277597063476,0.019594090913641,-0.377326989229581,-0.800557595624796,16,"11863/17978/20181/13121"
"REACTOME_SUMOYLATION_OF_DNA_DAMAGE_RESPONSE_AND_REPAIR_PROTEINS",0.734122540393537,0.866277597063476,0.0156677706787081,0.336406650904731,0.804668340796106,76,"20684/18854/19386/108989/67241/11545/24061/59004/241915/226026/67711/68501/22196/68275/13006"
"REACTOME_DISEASES_OF_METABOLISM",0.73539976054277,0.866361361735318,0.012977730590135,0.317190578013215,0.839359719014575,217,"20970/110006/14387/11821/12091/15211/107476/78294/12982/19025/121021/11504/27357/93747/15452/22186/27419/50917/12984/68165/59048/18010/224697/13480"
"REACTOME_GLUTATHIONE_CONJUGATION",0.736719310839914,0.866926258593832,0.017290688529881,0.362792420069042,0.777573510381618,29,"58810/14873/66054/14862/13885"
"REACTOME_APOPTOTIC_CLEAVAGE_OF_CELLULAR_PROTEINS",0.738456115615086,0.866992845636825,0.0169905728061441,0.354480478601029,0.774459593444234,33,"22352/19877/20740/18753/16906"
"REACTOME_BUDDING_AND_MATURATION_OF_HIV_VIRION",0.738197424892704,0.866992845636825,0.0207090505660619,-0.345825631168662,-0.81300261144361,27,"22190/72543/67123/330192/116733/68942/20479/22187/105513"
"REACTOME_CROSS_PRESENTATION_OF_SOLUBLE_EXOGENOUS_ANTIGENS_ENDOSOMES",0.748666781352142,0.869116305994596,0.0164372807784037,0.346563122782073,0.772704932041019,40,"19186/16913/20422/16912/19188/26445/26444/19177/59029/26441/19170"
"REACTOME_FORMATION_OF_RNA_POL_II_ELONGATION_COMPLEX",0.751891074130106,0.869116305994596,0.0221352225818006,-0.311606637276998,-0.838331440547553,57,"24116/58202/20021/214498/68092/12455/69920/231329/27224/13716/23894/433702/66317/21399/22083/107951/64144/66420/20020/68705/17749/74427/245841/12572"
"REACTOME_GLUCAGON_LIKE_PEPTIDE_1_GLP1_REGULATES_INSULIN_SECRETION",0.751414427157001,0.869116305994596,0.016782878375009,0.348894343209848,0.763834522208592,34,"14701/14683/14707/29875/14700"
"REACTOME_INHIBITION_OF_THE_PROTEOLYTIC_ACTIVITY_OF_APC_C_REQUIRED_FOR_THE_ONSET_OF_ANAPHASE_BY_MITOTIC_SPINDLE_CHECKPOINT_COMPONENTS",0.753739432039887,0.869116305994596,0.0197628483903223,-0.352319382274644,-0.788783366026625,21,"99152/56317/52717/66440/69957/12237/216080/68999/52563/22194/56150"
"REACTOME_MICRORNA_MIRNA_BIOGENESIS",0.745975744211687,0.869116305994596,0.0201793957835896,-0.352485950982442,-0.809819518754009,24,"20021/69920/231329/94223/75284/66420/20020/17749/245841"
"REACTOME_MITOTIC_PROMETAPHASE",0.746520740440481,0.869116305994596,0.0129856062706783,0.315627519929509,0.828968933500967,194,"56430/16319/19386/12615/75296/57294/13191/70099/18536/14211/18286/108000/67849/229841/73804/22627/24061/67951/66977/15519/12442/100986/236266/68298/54392/59125/22153/545486/26886/70799/66468/78177/68097/208518/16328/12534/26920/52276/18817/214552/13424/100710/20877/67037/75786/52504/13006/76478/18005/72155/22146/16563/18541/67629/53598/76816"
"REACTOME_MITOTIC_PROPHASE",0.750312109862672,0.869116305994596,0.0256485417185454,-0.29258977462274,-0.882259427480454,125,"18750/59126/19053/19069/19052/382030/13726/19324/101706/69482/66679/18141/22367/59021/14245/227720/107939/51792/70231/72124/380664/73699/170762/26413/69922"
"REACTOME_NUCLEOTIDE_BINDING_DOMAIN_LEUCINE_RICH_REPEAT_CONTAINING_RECEPTOR_NLR_SIGNALING_PATHWAYS",0.752820172528202,0.869116305994596,0.0158296372100086,0.335740168010327,0.778699665071911,55,"11820/383619/15368/18034/78294/12363/11796/21929/66589/22186/12048/26409"
"REACTOME_PKA_MEDIATED_PHOSPHORYLATION_OF_CREB",0.744081893793986,0.869116305994596,0.019710675673393,-0.361903717999899,-0.794425821686735,19,"19108/12912/11514/18749"
"REACTOME_RECRUITMENT_OF_MITOTIC_CENTROSOME_PROTEINS_AND_COMPLEXES",0.743208692873122,0.869116305994596,0.0154735779514473,0.331445361758507,0.795485604876013,79,"75296/13191/18536/18286/22627/12537/15519/100986/236266/22153/70799/78177/208518/16328/12534/26920/18817/214552/13424/75786/76478/18005/18541/53598/76816"
"REACTOME_REGULATION_OF_TP53_ACTIVITY",0.743952468524544,0.869116305994596,0.0136997775820789,0.319993020077057,0.822258828865199,152,"327762/107932/15258/18854/110147/26992/12795/78294/270627/19360/23797/216848/70439/13163/12450/114741/228829/99730/11920/22186/50883/235559"
"REACTOME_ROLE_OF_LAT2_NTAL_LAB_ON_CALCIUM_MOBILIZATION",0.750791306182739,0.869116305994596,0.0194149059486147,-0.367386234290486,-0.790583433266977,17,"20963/17096/14784/18708/20662/18706/18607"
"REACTOME_SIGNALING_BY_ALK",0.746255309635591,0.869116305994596,0.0203839313943452,-0.346672429342977,-0.808523609779734,26,"433759/328572/327826/18708"
"REACTOME_SLC_MEDIATED_TRANSMEMBRANE_TRANSPORT",0.748999033549634,0.869116305994596,0.0132503341899678,0.317181144804858,0.82474263885235,175,"227659/20496/65221/21366/18173/234967/18174/100434/170756/12215/109552/26457/20529/213053/11739/72027/30791/12313/105727/212980/27376/110891/338365/106957/68267/70484/12870/20525/214922/102680/20500"
"REACTOME_TRANSCRIPTIONAL_REGULATION_OF_BROWN_AND_BEIGE_ADIPOCYTE_DIFFERENTIATION",0.750949538795442,0.869116305994596,0.0171238718778665,0.359423507987648,0.761537406889555,26,"107932/216848/17977"
"REACTOME_TRANSCRIPTIONAL_REGULATION_OF_GRANULOPOIESIS",0.753516624040921,0.869116305994596,0.0152790580168221,0.330676922462167,0.788441401815833,73,"12986/18854/12575/68024/13555/319192/110052/15078/211586/319153/21781/17869/15270/12400/12567/15267/319149/232440/319191/319172/319181/319176"
"REACTOME_NPAS4_REGULATES_EXPRESSION_OF_TARGET_GENES",0.755959137343927,0.870702934976488,0.0176862035286079,0.376424507272423,0.756886587903889,18,"59027/14579"
"REACTOME_MEIOTIC_SYNAPSIS",0.761109309114499,0.873771742070589,0.0153435904182322,0.329112111536851,0.777661727945108,64,"68024/16906/319192/24061/15270/16905/15267/20962/232440/319191/319565/319172/22196/13006/319181/319176/50878"
"REACTOME_SIGNALING_BY_BRAF_AND_RAF1_FUSIONS",0.761163562133197,0.873771742070589,0.0221299348211727,-0.307840812600101,-0.832691232622302,59,"19317/16416/12988/26395/109689/54519/11461/67726/330286/22330/109905/26413/12322"
"REACTOME_TRANSPORT_OF_INORGANIC_CATIONS_ANIONS_AND_AMINO_ACIDS_OLIGOPEPTIDES",0.759784503248297,0.873771742070589,0.0150329461208797,0.326843004703987,0.788070309254383,82,"20496/65221/21366/234967/170756/109552/12313/105727/27376/110891"
"REACTOME_DEADENYLATION_OF_MRNA",0.763172288058341,0.875104223640231,0.0170045391601561,0.356270599984477,0.749920219831312,25,"18458/75705/208643/214290/13681"
"REACTOME_CASPASE_ACTIVATION_VIA_EXTRINSIC_APOPTOTIC_SIGNALLING_PATHWAY",0.766857646540326,0.875627237066857,0.0197497844171305,-0.347928483721594,-0.791193699789448,23,"21898/12370/13144/72993/94275/14082/225471/12371"
"REACTOME_COMMON_PATHWAY_OF_FIBRIN_CLOT_FORMATION",0.767022308438409,0.875627237066857,0.0178419695072262,0.380408124288495,0.744443977122982,15,"20720"
"REACTOME_PERK_REGULATES_GENE_EXPRESSION",0.76651745747538,0.875627237066857,0.0166768661841699,0.352014870108428,0.757439420111599,30,"11910/67204/70640/26905/20296"
"REACTOME_SYNTHESIS_OF_BILE_ACIDS_AND_BILE_SALTS",0.764628657164291,0.875627237066857,0.0173911171961058,0.366796554345488,0.749486769950997,20,"12642/20280/17977"
"REACTOME_NOTCH3_ACTIVATION_AND_TRANSMISSION_OF_SIGNAL_TO_THE_NUCLEUS",0.771206366431543,0.879430906251218,0.0167348942194235,0.351497099677553,0.744743134127003,26,"225164/78294/22608/22186/21335/19165/18131"
"REACTOME_BASE_EXCISION_REPAIR",0.772611057845957,0.880060277811289,0.0149130027920862,0.324322130769297,0.778389490807439,79,"68024/319192/11545/11546/16881/67967/15270/15267/232440/319191/319172/19687/68275/319181/319176/18538/26430/665433/22256/72151/319159/319173/72774/234258/69386/18971/326619/18207/319180/382522/19718/21749/319163/18972/18973"
"REACTOME_ADORA2B_MEDIATED_ANTI_INFLAMMATORY_CYTOKINES_PRODUCTION",0.773746933052927,0.880382397916891,0.0162283133728412,0.340196791752559,0.751061409544172,37,"11513/104111/14701/14683/14707/14700"
"REACTOME_PROTEASOME_ASSEMBLY",0.777009944378898,0.883121434580421,0.0156016825393435,0.333541130428184,0.763996064601154,50,"19186/16913/20422/16912/19188/66537/26445/103554/26444/19177/59029/26441/69666/19170"
"REACTOME_NCAM1_INTERACTIONS",0.780233380480905,0.885809514473371,0.0162348963351906,0.341080433404256,0.746727526411456,34,"12289/12826/12295/12297/12292/11603/17967/19122/12840/58226/12298"
"REACTOME_PINK1_PRKN_MEDIATED_MITOPHAGY",0.782758620689655,0.887699886320576,0.0200806299901661,-0.326050268868432,-0.792414115457349,32,"22190/66105/93765/11793/56550/67526/22187/22334/18412"
"REACTOME_ACTIVATION_OF_THE_PRE_REPLICATIVE_COMPLEX",0.785208775654636,0.888525719819719,0.0161528450602521,0.341511754579583,0.742980997253934,32,"70024/17218/17216/68275/17219/57441/27214/18968/19075/26428/19076/12566/17215/18973"
"REACTOME_WNT5A_DEPENDENT_INTERNALIZATION_OF_FZD4",0.784402723334021,0.888525719819719,0.0184224336360575,-0.360601017322445,-0.756110872938626,15,"18750/14366/71770"
"REACTOME_SEPARATION_OF_SISTER_CHROMATIDS",0.787562904385334,0.890213491046731,0.0272406562115209,-0.280878355554963,-0.879744324139564,169,"22190/22142/22151/20843/73710/76499/19053/26440/19052/22143/69077/99152/66413/56317/22123/52717/13589/108911/66440/51792/70247/19181/226849/72124/56436/19167/69957/73699/22187/67139/12237/23996/17463/19172/216080/110379/234865"
"REACTOME_GLUTAMATE_NEUROTRANSMITTER_RELEASE_CYCLE",0.789935760171306,0.891918713891453,0.0188721891660856,-0.343491832766467,-0.76398277007574,20,"20910/67760/20512"
"REACTOME_TRNA_AMINOACYLATION",0.792377996206242,0.89369846129491,0.0156488552422566,0.33295440754195,0.744318600590615,42,"107508/22321/97541/13722"
"REACTOME_S_PHASE",0.799062766259585,0.900254120938747,0.0127199061946547,0.306923158025881,0.787652370733452,148,"327762/12575/13555/78294/75430/23797/20422/67849/68612/26445/24061/22186/77891/211586/16881/17218/21781/19645/17869/67967/26444/12531/12567/19177/17216/100710/59029/272551/26441/19687/68275/13006/17219/57441/19170/11652/18538/54124/69270/72568"
"REACTOME_ATF4_ACTIVATES_GENES_IN_RESPONSE_TO_ENDOPLASMIC_RETICULUM_STRESS",0.803852114235112,0.903676886591106,0.0191095374689918,-0.332327969804179,-0.769594829449926,25,"18044/226641/11911/13198/64209/12611"
"REACTOME_FANCONI_ANEMIA_PATHWAY",0.80340882558954,0.903676886591106,0.0199207102312652,-0.314647757260056,-0.789522479642896,38,"22190/193838"
"REACTOME_RHOA_GTPASE_CYCLE",0.806341045415596,0.905488529781169,0.0126708734839273,0.306405132802768,0.783591945712242,145,"208846/19877/270163/228482/74159/54126/231532/94176/269608/17925/59079/29875/20619/75547/21763/56349/26934/13367/226652/78514/73910/13830/277360/71435/20874/404710"
"REACTOME_CELL_DEATH_SIGNALLING_VIA_NRAGE_NRIF_AND_NADE",0.811582599412864,0.908061660677818,0.021827087782561,-0.295199421651944,-0.82141172326495,72,"22190/268739/223435/72754/22034/19353/73341/22187/18412/19164/12366/20662/12125"
"REACTOME_MATERNAL_TO_ZYGOTIC_TRANSITION_MZT",0.812724154062061,0.908061660677818,0.0138294442575315,0.311636147756523,0.757887401721138,91,"16898/18458/68024/75705/319192/208643/214290/13681/15078/319153/15270/192119/15267/319149/232440/228140/319191/319172/319181/319176"
"REACTOME_NCAM_SIGNALING_FOR_NEURITE_OUT_GROWTH",0.811569971576659,0.908061660677818,0.014856388494778,0.321430577136774,0.742033969714744,54,"20740/12289/15461/14360/20742/20779"
"REACTOME_NUCLEOTIDE_SALVAGE",0.811890472618155,0.908061660677818,0.016514410681541,0.34926261362217,0.713659125330177,20,"11821/13178/15452/21877"
"REACTOME_UB_SPECIFIC_PROCESSING_PROTEASES",0.813031952002232,0.908061660677818,0.0122105725345953,0.304284264994203,0.787034949362941,165,"24110/22217/30940/71586/230073/15251/68024/78294/20422/74996/319192/67952/11796/14232/17847/26445/18035/54198/56208/22186/22284/100683/19766/26409/84092/71954/50868/17869/26444/24075/15267/19177/14479/319191/22333/74256/319172/59029/26441/15925/66889/319181/319176"
"REACTOME_SYNTHESIS_OF_PIPS_AT_THE_GOLGI_MEMBRANE",0.815556014029296,0.909896007003496,0.0178457018131902,-0.349953595394617,-0.733785280104268,15,"75669/83493/107650"
"REACTOME_FATTY_ACYL_COA_BIOSYNTHESIS",0.820120867401351,0.913823778265113,0.0155891309703452,0.332775765610615,0.720020951935446,31,"20250/107476/14104/19063"
"REACTOME_REGULATION_OF_TP53_ACTIVITY_THROUGH_METHYLATION",0.820847521755581,0.913823778265113,0.0164808198402051,0.350071059644676,0.703897022482119,18,"110147/78294/11920/22186/50883/67956"
"REACTOME_MAP3K8_TPL2_DEPENDENT_MAPK1_3_ACTIVATION",0.826653883029722,0.914369568367281,0.0165750935700881,0.352063009057775,0.695445463458877,16,"26410/78294/231130/22186"
"REACTOME_MISCELLANEOUS_TRANSPORT_AND_BINDING_EVENTS",0.826275174101261,0.914369568367281,0.0163108385142793,0.347967444643666,0.70453953871965,19,"11732"
"REACTOME_MITOPHAGY",0.824598677998111,0.914369568367281,0.0196933339001851,-0.309643733210504,-0.778963498525457,39,"22190/66105/93765/11793/56550/67526/12995/22187/22334/18412"
"REACTOME_MITOTIC_SPINDLE_CHECKPOINT",0.825844390832328,0.914369568367281,0.0131121356302932,0.306033185638162,0.758675039751124,110,"56430/16319/19386/12615/57294/75430/108000/229841/73804/68612/66977/77891/26886/66468/68097/52276/18817/13424/20877/67037/75786/52504/72155/16563/67629/59008/67052/12236/11799/235661/52696/76464/70454"
"REACTOME_NFE2L2_REGULATING_ANTI_OXIDANT_DETOXIFICATION_ENZYMES",0.822958430048533,0.914369568367281,0.0180451181603348,-0.342103083424936,-0.736176277120542,17,"14629/328572/12013/11911/18104"
"REACTOME_RHOC_GTPASE_CYCLE",0.823828647925034,0.914369568367281,0.0216428150949645,-0.292869429234296,-0.817742547749195,74,"19299/98386/268739/22379/11855/72754/20868/18708"
"REACTOME_FORMATION_OF_THE_CANONICAL_BAF_CBAF_COMPLEX",0.829374881246437,0.916397085060303,0.0163938864855964,0.348263644093213,0.695259687510747,17,"20588/20586/67155/57376"
"REACTOME_TP53_REGULATES_TRANSCRIPTION_OF_GENES_INVOLVED_IN_CYTOCHROME_C_RELEASE",0.830495648883844,0.91665402101404,0.0163108385142793,0.34653156626799,0.696780070708176,18,"66494/58801/11920"
"REACTOME_ACTIVATION_OF_BH3_ONLY_PROTEINS",0.835786073223259,0.917946536206482,0.0154549321065038,0.328816514948492,0.70475290457086,29,"58801/13555/23797/22627/211586/21781/68097"
"REACTOME_CLASS_B_2_SECRETIN_FAMILY_RECEPTORS",0.836345039209001,0.917946536206482,0.0147025997550063,0.317663262534161,0.71842707714044,45,"51801/14701/14683/14707/14700"
"REACTOME_HCMV_INFECTION",0.836234687298517,0.917946536206482,0.0243804504012729,-0.277564268183363,-0.846675962555502,135,"22142/22151/72543/73710/12912/12609/19069/22143/15387/67123/69482/19646/66679/18141/330192/116733/68942/227720/107939"
"REACTOME_INTRINSIC_PATHWAY_FOR_APOPTOSIS",0.836810228802153,0.917946536206482,0.0145039756530166,0.315850552443612,0.726265462943864,52,"58801/13555/23797/11783/22627/12018/12048/211586/21781/68097/72565/12369/12261/26417/11652/12028/170770/56369"
"REACTOME_TRANSCRIPTION_OF_E2F_TARGETS_UNDER_NEGATIVE_CONTROL_BY_DREAM_COMPLEX",0.837003576134011,0.917946536206482,0.016123431235903,0.343048272312539,0.694579551202415,19,"13555/21973/211586/21781/17869"
"REACTOME_TRANSLESION_SYNTHESIS_BY_POLK",0.834986284026166,0.917946536206482,0.0178307792302109,-0.338015777567101,-0.727380748066113,17,"22190"
"REACTOME_INTERLEUKIN_37_SIGNALING",0.838131797824696,0.918208084241068,0.0179318521717875,-0.33231571760303,-0.729476305121234,19,"17127/56294/19248/20848/19258/56480"
"REACTOME_SYNTHESIS_OF_ACTIVE_UBIQUITIN_ROLES_OF_E1_AND_E2_ENZYMES",0.842256042972247,0.921747864631346,0.0153097497817047,0.324785657409746,0.698849625111655,30,"78294/432940/68612/22186/22284/77891/66799/22195/53323"
"REACTOME_BASE_EXCISION_REPAIR_AP_SITE_FORMATION",0.843734230445753,0.922387421419509,0.0143826576989056,0.312896824247154,0.718165575095101,51,"68024/319192/15270/15267/232440/319191/319172/319181/319176/665433/22256/319159/319173/72774/234258/69386/326619/18207/319180/382522/21749/319163/319155/319165/319178/382913/319161/97122/320332/326620/319189/319186"
"REACTOME_SYNTHESIS_OF_SUBSTRATES_IN_N_GLYCAN_BIOSYTHESIS",0.846389385047206,0.924310947480123,0.0204805633909048,-0.289559898450348,-0.783242438590581,59,"54613/20448/20454/20444/75540/234730/15275/54342/50798/24060/109785/107652/57170"
"REACTOME_POLO_LIKE_KINASE_MEDIATED_EVENTS",0.847746883988495,0.924814782532903,0.0162085842354694,0.344280157071277,0.680071655454261,16,"108000/12442/18817/14235/72568/268697/22390"
"REACTOME_E2F_MEDIATED_REGULATION_OF_DNA_REPLICATION",0.851859956236324,0.928320459172002,0.0180716948046863,-0.32007575388784,-0.72169229032176,22,"19053/19052/51792/18393/73699"
"REACTOME_G1_S_SPECIFIC_TRANSCRIPTION",0.85403559230631,0.9287299591782,0.015166091470234,0.322424559329258,0.687629491001525,28,"13555/20135/21877/211586/21781/12534/18538/72568/13361/50496"
"REACTOME_INTERACTIONS_OF_REV_WITH_HOST_CELLULAR_PROTEINS",0.853790929784626,0.9287299591782,0.0147911191324165,0.315274233757694,0.694388809138358,36,"18148/19386/108989/19385"
"REACTOME_NOREPINEPHRINE_NEUROTRANSMITTER_RELEASE_CYCLE",0.856199711161543,0.930103265177592,0.0171309262252782,-0.334776526629431,-0.701961890370365,15,"20910"
"REACTOME_METABOLISM_OF_POLYAMINES",0.859699965905216,0.930965755313938,0.0143052017906202,0.309821236724604,0.700691555455385,45,"18245/20229/20422/26445/18263/26444/19177/59029/26441/20603/19170"
"REACTOME_RETROGRADE_TRANSPORT_AT_THE_TRANS_GOLGI_NETWORK",0.857966101694915,0.930965755313938,0.0142509420184184,0.308685378817998,0.701941300934937,47,"16004/245944/66905/78304/54214/228960/226089/67542/224705/108124/66460/70297/18195/17113/69834/232286"
"REACTOME_SEROTONIN_NEUROTRANSMITTER_RELEASE_CYCLE",0.859464021945558,0.930965755313938,0.0174055291589471,-0.327664331638351,-0.705105330813656,17,"20910"
"REACTOME_COLLAGEN_CHAIN_TRIMERIZATION",0.86731843575419,0.937248822720758,0.0187231217382166,-0.298128682238046,-0.743900934092168,37,"373864/12830/12819"
"REACTOME_MITOCHONDRIAL_CALCIUM_ION_TRANSPORT",0.866764275256223,0.937248822720758,0.0152117769166081,0.32192439024778,0.671614428798627,23,"69029/170756/11640/68514/22333"
"REACTOME_APOPTOSIS",0.871240999576451,0.937560700274137,0.0113658753699963,0.291693801832354,0.750386335272719,155,"22352/97165/19877/20740/18753/58801/13555/78294/16906/23797/11783/20422/12633/22627/12018/26445/56702/18810/14958/22186/80838/78514/12048/19766/211586/12475/21781/227753/68097/11789/26444/16905/74143/12387/19177/72565/59029/26441/12369/14957/19170/12261/50709/26417/269582/11652/12028/170770/69635/56369/26442/22030/56215"
"REACTOME_NUCLEAR_EVENTS_STIMULATED_BY_ALK_SIGNALING_IN_CANCER",0.871034482758621,0.937560700274137,0.0184733542167669,-0.301314734867391,-0.732298273922161,32,"433759/17257/16364/16154/26965/26413"
"REACTOME_RHO_GTPASES_ACTIVATE_FORMINS",0.870547073791349,0.937560700274137,0.0235046544101677,-0.273437953772093,-0.828189968133233,130,"22142/22151/22379/73710/11852/76499/57778/19053/19052/22143/11461/12540/19353/14270/13589/108911/51792/226849/72124/223701"
"REACTOME_SIGNALING_BY_NOTCH1_HD_DOMAIN_MUTANTS_IN_CANCER",0.870999030067895,0.937560700274137,0.0159837948921306,0.336336843826187,0.658198186853314,15,"225164/78294/22186/11491"
"REACTOME_DNA_REPLICATION",0.872358175750834,0.937785038932147,0.0111195810861164,0.291106640434069,0.753829283954534,167,"327762/68024/78294/75430/20422/319192/70024/68612/26445/22186/77891/15078/319153/16881/17218/67967/15270/26444/15267/19177/319149/232440/319191/17216/319172/59029/272551/26441/19687/68275/17219/319181/319176/57441/19170/50776/18538/69270/27214/319150/59008/26442/360198"
"REACTOME_PROTEIN_LOCALIZATION",0.87434554973822,0.938943399926996,0.0113466457673643,0.289761088950346,0.744650261444357,151,"11820/15368/74159/78294/15510/66437/20335/67952/100900/66169/11947/67264/56495/20280/69617/12856/11739/22186/22284/12974/66887/15526/21856/14297/11951/66212/67892/66119"
"REACTOME_SUMOYLATION_OF_TRANSCRIPTION_FACTORS",0.878016340490215,0.941905263394908,0.0155671937603982,0.327864409569785,0.654535467050855,17,"17342/59004/22196/170930"
"REACTOME_DUAL_INCISION_IN_GG_NER",0.884037963761864,0.947374742925692,0.0140780853907658,0.302347784818427,0.674149643832755,41,"78294/11545/11546/22186/72584/67967/14884/19687/68275/18538/68058"
"REACTOME_PCNA_DEPENDENT_LONG_PATCH_BASE_EXCISION_REPAIR",0.88495082575617,0.947374742925692,0.0151114679602407,0.31690992387443,0.653310761109138,21,"16881/67967/19687/68275/18538/72151/18971/19718/18972/18973/14156/18974"
"REACTOME_REGULATION_OF_ORNITHINE_DECARBOXYLASE_ODC",0.886168910648715,0.947695664030543,0.0142338491761397,0.303336761190051,0.671584510609843,38,"18245/20422/26445/18263/26444/19177/59029/26441/19170"
"REACTOME_PROTEIN_METHYLATION",0.889986699600988,0.949810004124322,0.0153713406893818,0.32245089319162,0.643728138266316,17,"16898/13627/12313"
"REACTOME_RNA_POLYMERASE_I_TRANSCRIPTION_TERMINATION",0.889853747714808,0.949810004124322,0.0180678946869229,-0.295529293366134,-0.714352078461673,31,"28071/21374/23894/20019/21429/22130/20017/66420/70333/17749/66136/245841/12572/209357/13871"
"REACTOME_CILIUM_ASSEMBLY",0.893309715220057,0.952371514573449,0.0104581624418946,0.285211308393855,0.746079745734289,188,"109181/75296/13191/13196/18536/18286/21454/22627/20336/12461/67951/15519/100986/236266/66061/18000/56350/22153/545486/70799/78177/110350/68097/72140/67590/208518/16328/12534/67661/77048/26920/18817/214552/67286/13424/74019/73916/67161/75786/81896/76478/382090/18005/12589/22146/18764/18541/55978/53598/76816/71820/72938/17274/68146/68121/12469"
"REACTOME_DNA_REPAIR",0.899604352126607,0.955588821599989,0.00882908121793221,0.282674499602648,0.769589908802851,317,"327762/74153/217069/227525/100038882/107823/68024/56791/225896/78294/19360/93762/22385/20422/77987/319192/11545/14051/20892/11546/12848/19362/11920/22186/224008/50883/235559/16881/72584/76843/59004/21853/67967/15270/52864/14884/71101/15267/233826/232440/319191/19714/319172/19687/22196/68275/319181/319176/66131/17686/210766/269582/18538/57905/68058/68026"
"REACTOME_G_ALPHA_12_13_SIGNALLING_EVENTS",0.898781134075252,0.955588821599989,0.0201388953348788,-0.277414400164644,-0.768051394087437,70,"268739/14702/223435/11852/72754/73341/12229/14693"
"REACTOME_RAS_PROCESSING",0.900957290132548,0.955588821599989,0.0147379409853153,0.309951038079716,0.642072766490548,22,"78294/15461/22186/12048/12313/70178/216169/18777/18176/56327"
"REACTOME_RESOLUTION_OF_SISTER_CHROMATID_COHESION",0.89795008912656,0.955588821599989,0.0116710957326385,0.285393702399866,0.71316426587844,118,"56430/16319/19386/12615/57294/108000/67849/229841/73804/24061/67951/66977/12442/22153/545486/26886/66468/68097/12534/52276/18817/13424/100710/20877/67037/75786/52504/13006/72155/22146/16563/67629/268697/67052/12236/11799/235661/52696/76464/70454/218914"
"REACTOME_RNA_POLYMERASE_III_TRANSCRIPTION_INITIATION_FROM_TYPE_1_PROMOTER",0.900233686859608,0.955588821599989,0.014405687339941,0.304218168503666,0.648801024328824,28,"544971/66596/20018/72308"
"REACTOME_RNA_POLYMERASE_III_TRANSCRIPTION_TERMINATION",0.903367496339678,0.957161454027256,0.0146146300855649,0.306580190003056,0.639602606784146,23,"20018/18029/20823"
"REACTOME_METABOLIC_DISORDERS_OF_BIOLOGICAL_OXIDATION_ENZYMES",0.905484500325168,0.95743852903235,0.0170360191855634,-0.30029834093217,-0.672317073910057,21,"14629/14630/22017/21391/71519/244209/242585/104086"
"REACTOME_SYNTHESIS_OF_DNA",0.904617713853142,0.95743852903235,0.0118426742465993,0.284998697922265,0.704485035475718,107,"327762/78294/75430/20422/68612/26445/22186/77891/16881/17218/67967/26444/19177/17216/59029/272551/26441/19687/68275/17219/57441/19170/18538/69270/59008/26442"
"REACTOME_INTRINSIC_PATHWAY_OF_FIBRIN_CLOT_FORMATION",0.908437381763148,0.959577664257491,0.015011881330445,0.308899170884686,0.62111163046046,18,"20720/14058/12261/22371"
"REACTOME_DISEASES_OF_GLYCOSYLATION",0.911225238444607,0.961538288420076,0.0112722927038266,0.28211245229766,0.710906448028107,127,"20970/12091/15211/19025/121021/11504/59048/18010/224697/13480"
"REACTOME_CELLULAR_SENESCENCE",0.913265306122449,0.961798157311373,0.0103034464938134,0.281091504073476,0.731039847314886,176,"17454/12575/68024/110147/13555/78294/16906/50932/19360/75430/17164/319192/68612/56702/14958/11920/22186/26400/12580/80838/26921/77891/15078/211586/104248/319153/241915/21781/19645/15270/12571/170644/102626/12567/15267/319149/232440/319191/319172/319181/319176/14957/242705/50709/12581/26417"
"REACTOME_EPH_EPHRIN_MEDIATED_REPULSION_OF_CELLS",0.913962635201573,0.961798157311373,0.0187552009261814,-0.275458310203509,-0.7228380169592,49,"22612/17096/11461/19353/13845/71770/13641/11487/19164"
"REACTOME_MATURATION_OF_TCA_ENZYMES_AND_REGULATION_OF_TCA_CYCLE",0.914267434420985,0.961798157311373,0.0166564476528002,-0.298700356245761,-0.655686206431085,19,"269951/66383/69046/18041/74316/110446"
"REACTOME_CHROMATIN_ORGANIZATION",0.915746211148215,0.962372800310548,0.00915483962368363,0.279489963479386,0.750502321813681,262,"107932/52690/20185/20588/16898/68094/107823/68024/110147/18034/26992/13435/20602/94246/216848/319192/11569/22290/66923/60406/228829/71371/20586/20592/17977/78656/67155/192285/234135/100683/319153/71954/67956/57376/15270/54351/116871/24075/12567/232811/15267/319149/232440/238247/319191/192195/20591/217864/319172/208266/228714/16452/107435/319181/319176"
"REACTOME_RAS_ACTIVATION_UPON_CA2_INFLUX_THROUGH_NMDA_RECEPTOR",0.916916729182296,0.962622649558626,0.0147526926068707,0.302471578766314,0.618049553317272,20,"15461/12313"
"REACTOME_DEFECTS_IN_VITAMIN_AND_COFACTOR_METABOLISM",0.922826793843486,0.963290550695803,0.0167588640147525,-0.291714129557269,-0.653098479976159,21,"67096/109136/26363"
"REACTOME_GAP_FILLING_DNA_REPAIR_SYNTHESIS_AND_LIGATION_IN_GG_NER",0.920522470666371,0.963290550695803,0.0171027321588117,-0.288120308376134,-0.667220095005684,25,"22190"
"REACTOME_MITOCHONDRIAL_TRANSLATION",0.922599658756011,0.963290550695803,0.0119092594683221,0.280702869973837,0.684025527069263,93,"68836/66292/66047/66128/107734/19935/27395/67871/52443/94065/118451/67681/66407/66230/66077/56280/68463/67270/69527/66845"
"REACTOME_NRAGE_SIGNALS_DEATH_THROUGH_JNK",0.923153444416812,0.963290550695803,0.0187793149152709,-0.268449550260438,-0.71682777168682,54,"268739/223435/72754/19353/73341"
"REACTOME_RUNX1_REGULATES_TRANSCRIPTION_OF_GENES_INVOLVED_IN_DIFFERENTIATION_OF_HSCS",0.922924341173137,0.963290550695803,0.0207609354900429,-0.265027494631932,-0.77177246740851,97,"11350/22190/26440/69077/21349/66413/22123/70247/19181/56436/19167/22187/23996/17463/19172"
"REACTOME_SUMOYLATION_OF_DNA_REPLICATION_PROTEINS",0.91972920696325,0.963290550695803,0.0184146181537193,-0.275856017257507,-0.71240406031986,45,"19069/69482/66679/18141/229615/227720/107939/72124/170762/110379/234865/22218/69912/20610/269113/445007"
"REACTOME_NUCLEAR_RECEPTOR_TRANSCRIPTION_PATHWAY",0.924307586444177,0.963520635566051,0.0133897399922956,0.284386033155411,0.634073494775578,40,"20185/20183/20602/15370/641340"
"REACTOME_PHOSPHORYLATION_OF_THE_APC_C",0.926124197002141,0.964440132498698,0.0165278713214594,-0.290103665393452,-0.645238636713378,20,"99152/56317/52717/66440/69957/216080/68999/52563/22194"
"REACTOME_AMINO_ACID_TRANSPORT_ACROSS_THE_PLASMA_MEMBRANE",0.927892376681614,0.965307391870389,0.0139378909314475,0.290411218045517,0.617337500630082,27,"21366/234967/105727/102680/20514/72472"
"REACTOME_METABOLISM_OF_COFACTORS",0.933382137628111,0.970040650586315,0.0141430225501248,0.290189248199425,0.605407021266552,23,"14528/15519/12313/12850/230027/13361/71883/11428"
"REACTOME_RNA_POLYMERASE_III_TRANSCRIPTION",0.935461604831752,0.971223718497352,0.0132610143604148,0.280419418277075,0.625255617694728,41,"544971/66596/20018/18029/20823/72308"
"REACTOME_TP53_REGULATES_TRANSCRIPTION_OF_GENES_INVOLVED_IN_G2_CELL_CYCLE_ARREST",0.937570942111237,0.972435389204821,0.0145562841790833,0.290192447645135,0.583497533476602,18,"211586/21781/12534/13197/18538/12028/268697"
"REACTOME_SENESCENCE_ASSOCIATED_SECRETORY_PHENOTYPE_SASP",0.939972080037227,0.973946974496404,0.0116345208817363,0.274163260146368,0.668089601442716,93,"12575/68024/110147/78294/75430/319192/68612/22186/12580/77891/15078/319153/15270/12571/12567/15267/319149/232440/319191/319172/319181/319176/12581/26417/319150/59008/360198/77683/16175"
"REACTOME_ACTIVATION_OF_ATR_IN_RESPONSE_TO_REPLICATION_STRESS",0.940939362075009,0.973971335668414,0.0134005146341313,0.279675916963211,0.617447881644722,37,"70024/17218/17216/68275/17219/269582/27214"
"REACTOME_BBSOME_MEDIATED_CARGO_TARGETING_TO_CILIUM",0.948406676783004,0.98071712468944,0.0163606040343162,-0.277963814940489,-0.622313856725163,21,"319845/216363/319757/102774/71492/72569/71769/100503572/12462"
"REACTOME_CARGO_TRAFFICKING_TO_THE_PERICILIARY_MEMBRANE",0.950193423597679,0.981581194347152,0.0179318521717875,-0.262251516925125,-0.677270147448333,45,"102058/11843/319845/211446/216363/319757/102774/18763/53413/106840/71492"
"REACTOME_PHOSPHORYLATED_BMAL1_CLOCK_ARNTL_CLOCK_ACTIVATES_EXPRESSION_OF_CORE_CLOCK_GENES",0.951583210603829,0.982033873343152,0.0139490580992562,0.277763577297816,0.575395487012539,22,"20893/18626/21425"
"REACTOME_M_PHASE",0.953582964469434,0.982133352627202,0.0072806292658259,0.269357555837306,0.741975504717195,376,"56430/75608/18751/68024/16319/19386/12615/78294/75296/57294/16906/13191/68953/71175/75430/108989/70099/20422/18536/319192/14211/18286/108000/67849/229841/73804/22627/68612/26445/24061/67951/66977/15519/12442/100986/236266/68298/22186/19384/54392/64383/77891/208092/15078/59125/22153/319153/545486/26886/67956/70799/66468/78177/68097/23825/19645/15270/208518/16328/12534/26444/26920/67181/52276/66371/71782/56086/18817/16905/214552/15267/19177/319149/13424/232440/319191/100710/319172/59029/20877/67037/75786/26441/52504/22196/13006/319181/319176/59046/19170/76478/18005/72155/22146/16563/26417/18541/67629/53598/76816/76044/319150/268697/59008/26442/360198/67052"
"REACTOME_RUNX1_REGULATES_GENES_INVOLVED_IN_MEGAKARYOCYTE_DIFFERENTIATION_AND_PLATELET_FUNCTION",0.953179929689997,0.982133352627202,0.0118673086600208,0.266981350003532,0.640768721491162,79,"17454/68024/319192/15078/319153/98932/15270/20467/12400/15267/319149/232440/319191/319172/21825/319181/319176"
"REACTOME_RESOLUTION_OF_ABASIC_SITES_AP_SITES",0.955586641021158,0.983215766235129,0.0131439224642551,0.270605768533173,0.599118425065165,38,"11545/11546/16881/67967/19687/68275/18538/26430/22256/72151/72774/18971/18207/19718/18972/18973"
"REACTOME_SUMOYLATION_OF_DNA_METHYLATION_PROTEINS",0.958429078754961,0.985158176568845,0.0156709258382959,-0.27424832753674,-0.581860264343165,16,"19821/12151/22218/30951"
"REACTOME_FORMATION_OF_FIBRIN_CLOT_CLOTTING_CASCADE",0.96057670646542,0.985319789455225,0.0167348942194235,-0.259583174253248,-0.615188932509123,28,"54368/19128/74145/232345"
"REACTOME_HCMV_EARLY_EVENTS",0.963360142984808,0.985319789455225,0.0208701386835742,-0.25085875082659,-0.744822156293676,112,"22142/22151/73710/12912/19069/22143/69482/19646/66679/18141/227720/107939/72124"
"REACTOME_LONG_TERM_POTENTIATION",0.962481698389458,0.985319789455225,0.0136997775820789,0.268870972713885,0.560931790911459,23,"12313/20779"
"REACTOME_MRNA_DECAY_BY_3_TO_5_EXORIBONUCLEASE",0.959731543624161,0.985319789455225,0.0144143329251386,0.273466235639882,0.540189818560923,16,"56422/218343/108077/68106/72662/109075"
"REACTOME_NITRIC_OXIDE_STIMULATES_GUANYLATE_CYCLASE",0.962017303228529,0.985319789455225,0.0157627493447511,-0.267804418605109,-0.576291969985705,17,"18574/207728"
"REACTOME_COLLAGEN_BIOSYNTHESIS_AND_MODIFYING_ENZYMES",0.972186782342434,0.990421282702263,0.0183912010902331,-0.247771221029511,-0.670206532086474,59,"210530/18451/373864/12830/18822/12819"
"REACTOME_PROCESSING_OF_SMDT1",0.971589722164195,0.990421282702263,0.0154735779514473,-0.257636916052895,-0.546616584412945,16,"27377/78506/69597/73078/66592/381038/66865"
"REACTOME_RECOGNITION_OF_DNA_DAMAGE_BY_PCNA_CONTAINING_REPLICATION_COMPLEX",0.970635631154879,0.990421282702263,0.0132610143604148,0.258552073921596,0.556333125585015,30,"78294/22186/72584/76843/67967/19687/68275/18538"
"REACTOME_TRANSCRIPTION_OF_THE_HIV_GENOME",0.971285563751317,0.990421282702263,0.0188802982065689,-0.250572339986948,-0.687505358141066,67,"24116/21374/21343/229906/58202/20021/68092/12455/69920/231329/27224/13716/23894/24074/433702/21399/107951/66420/20020/66464/24018/68705/17749/245841/12572/74197"
"REACTOME_BRANCHED_CHAIN_AMINO_ACID_CATABOLISM",0.974021154203006,0.991311470549805,0.0137272737944915,0.25694053545098,0.529683686528484,21,"66885/93747/15108"
"REACTOME_ACTIVATION_OF_ANTERIOR_HOX_GENES_IN_HINDBRAIN_DEVELOPMENT_DURING_EARLY_EMBRYOGENESIS",0.976197223009351,0.991889462991912,0.0199030694086643,-0.245504622528239,-0.714920950190295,97,"16476/328572/17979/58184/19646/23808/16658/20021/69920/231329/381022/20181/213464/18771/13018/13626/56406"
"REACTOME_RNA_POLYMERASE_III_CHAIN_ELONGATION",0.978433598183882,0.991889462991912,0.0139406819421855,0.248531712228617,0.499729204715386,18,"20018/20016/74414/78929/69833/67065"
"REACTOME_RNA_POLYMERASE_III_TRANSCRIPTION_INITIATION_FROM_TYPE_3_PROMOTER",0.97814823158369,0.991889462991912,0.0164707594532468,-0.244289518933497,-0.578944335695843,28,"70408/21374/18986/20841/75627/66653/66420/77634/17749/245841"
"REACTOME_RNA_POLYMERASE_II_PRE_TRANSCRIPTION_EVENTS",0.977303070761015,0.991889462991912,0.0189902936643786,-0.245415256596924,-0.691164901469618,78,"24116/21374/21343/229906/58202/20021/214498/68092/12455/69920/231329/27224/13716/23894/24074/433702/66317/21399/22083/107951/64144/66420/20020/66464/68705/17749/74427/245841/12572"
"REACTOME_CITRIC_ACID_CYCLE_TCA_CYCLE",0.984519408502773,0.992302703789662,0.0167451615446054,-0.240146075619518,-0.586932692961883,33,"269951/56451/66383/13382/15929/69046/18041/74316/20916"
"REACTOME_HCMV_LATE_EVENTS",0.985478139966013,0.992302703789662,0.0108712284957909,0.247292564505981,0.604631352511603,97,"75608/68024/19386/68953/108989/319192/208092/319153/73711/66371/15267/319149/319191/319172/319181/319176/27681/319150/360198/319164/71805/319166/70160"
"REACTOME_HDMS_DEMETHYLATE_HISTONES",0.98557196839574,0.992302703789662,0.0124354068268193,0.244248738150558,0.547742071974026,43,"22290/71371/20592/319153/319149/20591/319150/360198/338523/22289/319148/319159/69386/326619/67014"
"REACTOME_NEGATIVE_REGULATION_OF_NMDA_RECEPTOR_MEDIATED_NEURONAL_TRANSMISSION",0.981140255798829,0.992302703789662,0.0158680097094031,-0.24318626895642,-0.544452827319532,21,"12322/13383/12325/68606"
"REACTOME_O_GLYCOSYLATION_OF_TSR_DOMAIN_CONTAINING_PROTEINS",0.98360944659852,0.992302703789662,0.012839208726328,0.245165005870757,0.535630033909766,33,"11504/224697/21825/243369/207596/240913/101401/269959/21826"
"REACTOME_TRANSCRIPTIONAL_REGULATION_BY_SMALL_RNAS",0.984375,0.992302703789662,0.0110578369872031,0.249109304513518,0.605047117812079,90,"68024/19386/108989/319192/19384/15078/319153/15270/15267/319149/232440/319191/319172/319181/319176"
"REACTOME_UNBLOCKING_OF_NMDA_RECEPTORS_GLUTAMATE_BINDING_AND_ACTIVATION",0.98309126381964,0.992302703789662,0.0158392199982484,-0.237131954959408,-0.53089824470556,21,"12322/13383/12325"
"REACTOME_MRNA_SPLICING",0.987428112879497,0.993202546288149,0.00859106043983189,0.249437990057884,0.659488882367561,211,"67500/18521/15382/11991/72459/228005/244672/56070/319322/80744/229279/64340/212880/67039/22608/66177/69878/18949/56194/20643/233908/237859/68011/13211/20641/20624/74351/24010/76167/107686/78372/66877/209416/53379/72935/67684/22184/72047/108160"
"REACTOME_DNA_REPLICATION_PRE_INITIATION",0.989972387734341,0.993216076151378,0.00987119111172,0.245576945631657,0.622728015775368,133,"68024/78294/75430/20422/319192/70024/68612/26445/22186/77891/15078/319153/17218/15270/26444/15267/19177/319149/232440/319191/17216/319172/59029/26441/68275/17219/319181/319176/57441/19170/27214/319150/59008/26442/360198"
"REACTOME_HIV_TRANSCRIPTION_INITIATION",0.990328820116054,0.993216076151378,0.0173228827552788,-0.224532608481829,-0.579860260243466,45,"21374/21343/229906/20021/69920/231329/23894/24074/66420/20020/66464/68705/17749/245841/12572/74197"
"REACTOME_MITOCHONDRIAL_TRNA_AMINOACYLATION",0.988727509213093,0.993216076151378,0.0157563964712201,-0.224937285868416,-0.503596448048584,21,"70791/74776/230577/109093/102436/212679/67417"
"REACTOME_DISEASES_ASSOCIATED_WITH_GLYCOSYLATION_PRECURSOR_BIOSYNTHESIS",0.991562799616491,0.99348816427594,0.0139434734735239,0.219274169548518,0.433141859675478,16,"13480/72157/68563/319625"
"REACTOME_PHASE_0_RAPID_DEPOLARISATION",0.993780867020304,0.994744766988316,0.0132289952604159,0.215391787779992,0.451751327611057,24,"12313/20266/14168/12295"
"REACTOME_GENE_SILENCING_BY_RNA",0.996134403806126,0.996134403806126,0.0203290536677241,-0.221980775597504,-0.657895125068756,111,"11727/19069/22099/213988/69482/66679/18141/227720/107939/20021/72124/170762/69920/231329/110379/234865/94223/69912/72634/75284/319156/269113/445007"
