"pathway","pval","padj","log2err","ES","NES","size","leadingEdge"
"GOBP_DEFENSE_RESPONSE_TO_VIRUS",3.57453986453936e-10,1.33973754122935e-06,0.814035837847908,0.789912429640316,2.10690126980865,260,"20846/80861/246730/16411/19106/58185/17858/14190/246728/24110/54123/66141/434341/20847/246727/56417/67775/15958/56045/56489/23960/98999/58203/94094/15957/231655/69550/24088/19264/78781/234311/80287/383619/71586/226695/80985/15944/18854/667373/217069/230073/17454/16785/18521/100038882/15959/58801/276950/237886/17329/22031/17101/93762/57444/16176/209200/16391/15945"
"GOBP_RESPONSE_TO_VIRUS",1.97936205902161e-09,3.70932449860649e-06,0.774939030136436,0.748458148994188,2.04278341405583,349,"20846/80861/246730/16411/19106/58185/17858/14190/246728/24110/54123/66141/434341/20847/246727/56417/67775/15958/56045/56489/23960/98999/58203/94094/15957/231655/67963/69550/24088/19264/78781/99899/234311/80287/20293/383619/16765/71586/226695/22070/80985/15944/18854/667373/217069/230073/15251/17454/16785/18521/100038882/14191/15959/58801/276950/20303/237886/15975/17329/22031/67160/17101/93762/57444/20304/16176/209200/16391/15945"
"GOBP_CYTOPLASMIC_TRANSLATION",1.78293792992458e-07,0.000167061284033933,0.690132458796796,0.815261769103283,2.08988861269208,162,"20115/20084/19921/54217/18746/11837/67427/20055/19951/14694/66489/20044/229663/27207/76846/20042/27367/14109/66475/19941/20068/65019/67186/20102/16898/19896/19982/54127/18458/19981/269261/56726/67281/68436/20091/26451/13669/66481/19989/16785/19943/268449/20085/19988/22121/66656/20104/19899/100503670/56040/27370/27050/319195/78294/19934/11991/66244/20116/270106/57294/75705/67248/20005/67115/19946/68135/66480/73830/19944/20088/67204/54709/67097/26961/57808/68052/67025/75617/20090/67671/76808/20103/27176/208643/26905/19933/20054/22608/267019/19942/13681/114641/110954/217869/68193/16341/66085/67891/22186/68028"
"GOBP_NEGATIVE_REGULATION_OF_VIRAL_PROCESS",1.53984481223445e-07,0.000167061284033933,0.690132458796796,0.907346827294598,2.10317330209524,62,"20846/246730/19106/58185/17858/246728/66141/246727/20684/23960/98999/231655/69550/78781/12642/80287/71586/226695/667373/100038882"
"GOBP_POSITIVE_REGULATION_OF_DEFENSE_RESPONSE",7.12626969931628e-07,0.000445154313883957,0.659444398037935,0.657191163594782,1.82604861645201,459,"16956/80861/246730/19106/15951/58185/19219/56644/54123/434341/246727/56489/23960/98999/58203/246746/231655/14991/24088/76438/54725/16852/78781/15018/14824/11820/234311/383619/65221/71586/26410/97165/226695/12266/15944/16768/60533/226421/217069/210808/14127/230073/18521/69104/20085/16783/12775/22177/231130/22031/432940/68077/13040/268749/20302/59079/17164/20304/270151/16176/71648/15510/80859/19294/21934/80285/17948/12363/11796/71481/15040/11501/11545/83490/22627/18787/11774/57783/56174/14469/12894/21929/18035/15006/66878/19063/21926/21897/14360/15519/56208/13057/22040/327957/70110/67705/27419/63873/266632/319236/64383/68585/57738/13211/16365/76457/18081/16784/56312/19766/26409"
"GOBP_REGULATION_OF_VIRAL_PROCESS",6.65918759459243e-07,0.000445154313883957,0.659444398037935,0.84103789610011,2.09983356075722,122,"20846/246730/19106/58185/17858/246728/26362/66141/246727/56417/20684/23960/98999/231655/69550/16852/78781/12642/80287/71586/73158/226695/667373/18458/217069/100038882/21973/16149/12215/57444/20304"
"GOBP_REGULATION_OF_VIRAL_LIFE_CYCLE",1.95527355904355e-06,0.00104690932847075,0.627256739718528,0.849262830198487,2.0690188364348,99,"246730/19106/58185/17858/246728/26362/66141/246727/56417/23960/98999/231655/69550/16852/78781/12642/80287/71586/73158/226695/667373/18458/217069/100038882/21973/16149/12215/57444/20304"
"GOBP_REGULATION_OF_VIRAL_GENOME_REPLICATION",4.6012532476168e-06,0.00215568714650847,0.610526878385931,0.869913993113228,2.03082787994392,66,"246730/19106/58185/17858/246728/66141/246727/56417/23960/98999/231655/69550/78781/80287/71586/73158/226695/667373/18458/100038882/21973/57444/20304"
"GOBP_POSITIVE_REGULATION_OF_LIPID_LOCALIZATION",6.36283474278177e-06,0.00264976717954956,0.610526878385931,0.854714731142015,2.03182540121924,79,"16956/11816/20750/11520/56489/12306/11307/12266/14077/18438/66494/18753/20778/66905/11303/16971/11980/16176/17319/11425/21934/13167"
"GOBP_INTERFERON_MEDIATED_SIGNALING_PATHWAY",8.67872942194661e-06,0.00325278778734559,0.593325476396405,0.836561901358803,2.01561241745533,89,"20846/246730/246728/24110/54123/66141/434341/20847/246727/56417/20684/56045/56489/23960/58203/231655/547253/71586/15944/100038882/227331/15975/22031"
"GOBP_NEGATIVE_REGULATION_OF_VIRAL_GENOME_REPLICATION",1.12707569489927e-05,0.00384025427680225,0.593325476396405,0.9168237607528,2.01864219985008,40,"246730/19106/58185/17858/246728/66141/246727/23960/98999/231655/69550/78781/80287/71586/226695/667373/100038882"
"GOBP_NEGATIVE_REGULATION_OF_IMMUNE_SYSTEM_PROCESS",1.69251801857457e-05,0.00528629794468123,0.575610261071129,0.624885756280994,1.73628593004188,459,"93695/80861/246730/15951/14190/19219/12483/13011/14964/24110/26362/434341/20847/246727/56417/380732/12517/56045/23960/16854/246746/14991/69550/16852/217344/19264/547253/15018/14268/14824/11539/104418/330177/226695/15944/15368/16768/60533/226421/14127/18521/100038882/14191/69104/20085/227331/18566/12053/14683/22177/16149/380924/20302/59079/74748/270151/12515/17319/19294/15040/11545/16988/22627/15902/21929/229473/15006/66878/20296/19063/12523/21926/14990/14360/27027/11920/14775/22040/18712/193385"
"GOBP_REGULATION_OF_LIPID_LOCALIZATION",2.04478398171649e-05,0.00587668800869804,0.575610261071129,0.773939120692369,1.94334371160654,130,"16956/11816/20750/11520/56489/12306/11307/107508/12266/14077/12257/18438/66494/18753/20778/66905/11303/16971/11980/16176/11813/66437/17319/11425/21934/13167/384783/11812"
"GOBP_RESPONSE_TO_TYPE_I_INTERFERON",2.19513426152008e-05,0.00587668800869804,0.575610261071129,0.864168047785869,2.04347731305967,74,"20846/246730/17858/246728/24110/54123/66141/434341/20847/246727/56417/20684/56045/56489/23960/58203/231655/12642/71586/667373/100038882/227331/15975/22031"
"GOBP_REGULATION_OF_INNATE_IMMUNE_RESPONSE",2.59044421118855e-05,0.00647265660235645,0.575610261071129,0.644691502433906,1.78449667373863,431,"80861/246730/19106/15951/58185/14964/24110/56644/54123/11816/434341/20847/246727/56417/56045/56489/23960/98999/58203/246746/231655/14991/24088/76438/54725/78781/547253/15018/14824/11820/234311/383619/65221/71586/97165/226695/15944/16768/60533/226421/217069/210808/230073/18521/100038882/14191/69104/20085/16783/227331/22177/231130/22031/432940/68077/13040/59079/74748/17164/20304/270151/15510/80859/19294/80285/140497/17948/11796/71481/15040/11501/11545/83490/22627/11774/57783/56174/14469/12894/21929/18035/15006/66878/19063/21926/14990/21897/14360/15519/56208/13057/22040/18712/327957/70110/67705/18733/27419/266632/71740/319236/64383/68585/57738/13211/16365/76457/18081/16784"
"GOBP_CELL_CELL_JUNCTION_ORGANIZATION",3.06781897216506e-05,0.00718636594229665,0.557332238758646,-0.562506850839266,-1.7714194136098,169,"211401/21872/353310/18613/21803/18750/17127/16456/14086/12988/110829/21812/19277/18222/328133/50918/12978/12488/11461/12540/19684/19353/83964"
"GOBP_PROTEIN_CONTAINING_COMPLEX_REMODELING",3.34719369776382e-05,0.00737957763483458,0.557332238758646,0.926160466620504,1.9411845386421,27,"16956/11816/11307"
"GOBP_POSITIVE_REGULATION_OF_CYTOKINE_PRODUCTION",3.80253323957153e-05,0.0079177192121745,0.557332238758646,0.65475146696243,1.80469689251449,405,"16956/20846/80861/246730/19106/58185/19219/246728/56644/54123/246727/56489/23960/14744/13058/14991/24088/76438/54725/19264/78781/15018/11820/17085/383619/71586/12522/97165/226695/12266/15368/60533/226421/210808/14127/230598/230073/15251/12010/100038882/14191/18173/72043/12775/27050/22177/217203/329260/16149/22031/15900/20302/12215/15442/17164/16176/20660/15510"
"GOBP_ISOPRENOID_METABOLIC_PROCESS",8.02130122960438e-05,0.0154435842500663,0.538434096309916,0.832119565429961,1.96286346351582,73,"16956/67963/74617"
"GOBP_POSITIVE_REGULATION_OF_RESPONSE_TO_BIOTIC_STIMULUS",8.63813732146704e-05,0.0154435842500663,0.538434096309916,0.639119093944421,1.75381828706947,380,"80861/246730/19106/15951/58185/56644/54123/434341/246727/56489/23960/98999/58203/246746/231655/14991/24088/76438/54725/78781/15018/14824/11820/234311/383619/65221/71586/97165/226695/15944/16768/60533/226421/217069/210808/230073/18521/69104/20085/16783/22177/231130/22031/432940/68077/70097/13040/59079/17164/20304/270151/15510/17079/17319/80859/19294/80285/17948/11796/71481/15040/11501/11545/83490/22627/11774/57783/56174/14469/12894/21929/18035/15006/66878/19063/21926/21897/14360/15519/56208/13057/22040/327957/17084/70110/67705/27419/266632/319236/64383/68585/57738/13211/16365/76457/18081/16784"
"GOBP_VIRAL_LIFE_CYCLE",8.65302212517053e-05,0.0154435842500663,0.538434096309916,0.67929687287551,1.81292328878679,261,"246730/19106/58185/17858/246728/11816/26362/66141/13030/246727/56417/23960/98999/231655/69550/16852/13039/78781/75608/18186/17886/16402/12642/80287/20293/71586/73158/226695/667373/18458/217069/16785/18521/100038882/20612/16783/20778/21973/16149/68953/12215/57444/20304"
"GOBP_ADHERENS_JUNCTION_ORGANIZATION",0.00011762408682575,0.0169193881739283,0.538434096309916,-0.7218492499688,-1.89878818030401,49,"211401/21872/353310/12988/18222/11461/12540/19684/83964"
"GOBP_CYTOKINE_MEDIATED_SIGNALING_PATHWAY",0.000105085032799145,0.0169193881739283,0.538434096309916,0.617613030049322,1.70557358255631,414,"20846/246730/17858/12977/246728/24110/54123/26362/66141/434341/20847/246727/56417/12505/20684/56045/56489/23960/58203/246746/12986/11746/231655/19264/547253/30940/20293/383619/71586/19241/16186/55985/80985/15944/14127/230598/15251/100038882/16181/54199/227331/20305/20303/12775/12982/15975/231130/16149/17329/22031/432940/13601/20849/20302/17164/20304/16176/15945/80859/21934/80285/17948/12363/11796/26457/72674/276770"
"GOBP_NEGATIVE_REGULATION_OF_DEFENSE_RESPONSE",0.000130656968894969,0.0169193881739283,0.518848077743792,0.694345028753102,1.83356246467335,232,"80861/246730/14190/19219/13011/14964/24110/11816/434341/20847/246727/56417/56045/23960/16000/14991/217344/19264/547253/15018/14824/11539/19241/226695/15944/18521/100038882/243272/14191/20085/18753/227331/14683/27052/432940/74748/270151"
"GOBP_NEGATIVE_REGULATION_OF_RESPONSE_TO_EXTERNAL_STIMULUS",0.000115580611752805,0.0169193881739283,0.538434096309916,0.636963373158568,1.73374409774538,339,"80861/246730/14190/19219/13011/14964/24110/11816/434341/20847/20750/246727/56417/56045/23960/16000/14991/20496/12306/217344/19264/18186/547253/15018/14824/11539/12527/19241/226695/55985/15944/18521/100038882/243272/14191/20085/18753/227331/14683/20720/27052/432940/18793/74748/270151"
"GOBP_PROTEIN_LIPID_COMPLEX_ORGANIZATION",0.000123043065262155,0.0169193881739283,0.518848077743792,0.88101921843719,1.95794494492908,43,"16956/11816/11307/20652/20778/11303"
"GOBP_RESPONSE_TO_BACTERIUM",0.000130913088859103,0.0169193881739283,0.518848077743792,0.598324941069169,1.66873029274395,498,"16956/80861/246730/246728/14964/24110/22169/26362/434341/246727/23960/98999/22352/24088/17105/17476/15018/99899/14824/11502/11820/672511/14109/67138/239743/97165/55985/12266/15944/60533/14127/12257/12010/320790/236573/22329/100038882/12268/14191/68024/20085/18753/18173/22121/18034/20778/13555/12775/15975/11303/231130/17329/17101/67248/15900/16068/19946/70097/268749/59079/70356/74748/14962/17164/16176/71648/17079/15945/17319/80859/21934/17948/12363/50778/15040/16409/14528/18787/16162/67067/57783/56174/14469/21929/20364/18035/20296/21926/14990/21897/216161/54198/14775/13057/327957/17084/12514/18733/27419/26400"
"GOBP_TUMOR_NECROSIS_FACTOR_SUPERFAMILY_CYTOKINE_PRODUCTION",0.000102533408191415,0.0169193881739283,0.538434096309916,0.729100964892066,1.86050013806833,157,"16956/93695/246730/246728/56644/26362/246727/23960/13058/16000/24088/19264/11820/71586/60533/14127/230598/230073/12257"
"GOBP_VIRAL_PROCESS",0.000113435136332357,0.0169193881739283,0.538434096309916,0.645909475548977,1.77006560477252,368,"20846/246730/19106/58185/17858/246728/54123/11816/26362/66141/13030/246727/56417/20684/23960/98999/18245/231655/69550/16852/13039/78781/75608/18186/17886/16402/229663/12642/80287/20293/71586/17158/73158/226695/16004/667373/18458/217069/13669/16785/18521/100038882/20612/16783/20778/20303/21973/15451/16149/68953/20302/12215/57444/20304"
"GOBP_ACTIVATION_OF_INNATE_IMMUNE_RESPONSE",0.000164108961779261,0.0205026796249556,0.518848077743792,0.6500794034758,1.75282952268829,300,"80861/246730/19106/15951/58185/56644/54123/246727/56489/23960/98999/58203/246746/231655/24088/76438/78781/11820/234311/383619/65221/71586/226695/15944/60533/226421/217069/210808/230073/18521/69104/22177/231130/22031/432940/68077/13040/59079/17164/270151/15510/80859/17948/11796/71481/11545/83490/22627/11774/57783/56174/14469/21929/18035/66878/19063/21926/21897/14360/15519/56208/13057/22040/327957/70110/67705/27419/266632/319236/64383/68585/57738/16365/76457/18081/16784"
"GOBP_ENDOCRINE_SYSTEM_DEVELOPMENT",0.000182283145406425,0.0217525573718407,0.518848077743792,-0.625404337015458,-1.80821081826443,88,"16194/58198/14815/17127/19726/20677/26395/21812/12912/627049/11651/13666/12929/56637/18015/17701/14912/17684/20682/26413/319757/21833/16337/15205"
"GOBP_POSITIVE_REGULATION_OF_MACROPHAGE_DERIVED_FOAM_CELL_DIFFERENTIATION",0.000185720874039195,0.0217525573718407,0.518848077743792,0.964528776493291,1.87179889502045,15,"16956/12977"
"GOBP_ACTIVATION_OF_IMMUNE_RESPONSE",0.000211273452711899,0.0226243685932628,0.518848077743792,0.592141567109917,1.65148484177089,498,"80861/246730/19106/15951/58185/12483/56644/54123/246727/12517/56489/23960/98999/16854/58203/246746/23880/231655/24088/76438/68119/19264/78781/15018/18751/11820/101476/234311/383619/239743/65221/104418/71586/226695/217304/12266/15944/11801/60533/226421/217069/210808/14127/230073/18521/12268/14191/69104/18753/12775/27050/22177/231130/329260/22031/432940/68077/13040/268749/59079/14962/17164/270151/16176/15510/80859/19294/12260/16889/17948/11796/71481/16409/11545/83490/22627/11774/56743/378460/12267/57783/15461/56174/14469/21929/18035/30954/66878/232341/19063/21926/21897/14360/15519/16885/56208/13057/22040/327957/243910/70110/67705/27419/266632/319236/64383/68585/57738/16365/12262/76457/18081/16784"
"GOBP_REGULATION_OF_NOTCH_SIGNALING_PATHWAY",0.000201871386395236,0.0226243685932628,0.518848077743792,-0.617765774648999,-1.77865276231851,86,"52588/328365/140780/228875/13855/16969/244418/16195/109689/213541/16848/11651/17305/320705/51813/19719/68634/12162/224143/66725/11487/16413/15204/15205/12396/67122/20848/56335/215705/18133"
"GOBP_RESPONSE_TO_BMP",0.000208366923284881,0.0226243685932628,0.518848077743792,-0.568660664336968,-1.72640524495245,127,"15216/11350/13805/231633/68526/68799/67888/66105/17125/18027/18129/20481/17126/11909/101706/11798/66313/229285/18569/20732/243833/75788/11480/50766/11481/380664/23863/12162/16202/20733/170749/17701/17129/20682/15205/216080/19042"
"GOBP_VIRAL_GENOME_REPLICATION",0.000218993616435758,0.0227996687333673,0.518848077743792,0.792675875766081,1.9465092470869,106,"246730/19106/58185/17858/246728/66141/246727/56417/23960/98999/231655/69550/78781/80287/20293/71586/73158/226695/667373/18458/18521/100038882/21973/57444/20304"
"GOBP_PHOSPHOLIPASE_C_ACTIVATING_G_PROTEIN_COUPLED_RECEPTOR_SIGNALING_PATHWAY",0.000241728452931364,0.0244864389618042,0.518848077743792,-0.597954612285495,-1.74852374646054,96,"13051/14766/19735/30955/21817/19204/70839/14676/319430"
"GOBP_CELL_CELL_JUNCTION_MAINTENANCE",0.000351531304694744,0.0329384832498975,0.49849310876659,-0.873751058004977,-1.85356634511037,16,"211401/21872/50918/12978"
"GOBP_RESPONSE_TO_NUTRIENT",0.00033751448320768,0.0329384832498975,0.49849310876659,0.755008545759724,1.88307394359347,121,"16956/20846/20750/12857/13058/17769/217069/12257/22329/67041/11303/13435/17711/11783/15945/80859/14104/16889"
"GOBP_STARTLE_RESPONSE",0.000345701873015671,0.0329384832498975,0.49849310876659,-0.828942972259504,-1.84581368539926,20,"19211/22142/17257"
"GOBP_POSITIVE_REGULATION_OF_LIPID_STORAGE",0.00038652783316932,0.0353343004565515,0.49849310876659,0.940197338930297,1.88452973444455,19,"16956/11520/56489/12266/20778/66905"
"GOBP_POSITIVE_REGULATION_OF_NOTCH_SIGNALING_PATHWAY",0.000404232181297812,0.0360729098929572,0.49849310876659,-0.730850968053541,-1.83729247513833,38,"52588/328365/140780/228875/13855/16195/16848/17305/19719/68634/224143/16413/15205"
"GOBP_NEGATIVE_REGULATION_OF_MUSCLE_CELL_DIFFERENTIATION",0.000475066552923132,0.0397523520799788,0.49849310876659,-0.662343265548045,-1.77194907372177,54,"19735/433759/231633/18021/22433/17257/18479/18018/19205/17125/327826/18591/16002"
"GOBP_POSITIVE_REGULATION_OF_SMAD_PROTEIN_SIGNAL_TRANSDUCTION",0.000477282775773492,0.0397523520799788,0.49849310876659,-0.745975452598343,-1.84810445524083,35,"15216/21803/13805/17127/26365/21812"
"GOBP_POSITIVE_REGULATION_OF_TUMOR_NECROSIS_FACTOR_SUPERFAMILY_CYTOKINE_PRODUCTION",0.000458251764457706,0.0397523520799788,0.49849310876659,0.780726449685611,1.90689045513199,101,"16956/246730/246728/56644/246727/23960/13058/24088/19264/11820/71586/14127/230598/230073/22177/217203/20302/17164"
"GOBP_MEGAKARYOCYTE_DEVELOPMENT",0.000522384980241756,0.0425630196944804,0.477270815362862,-0.819451719480089,-1.84413458213756,21,"18718/16923/14247/242687/328572/22761/54368/21349"
"GOBP_TERPENOID_METABOLIC_PROCESS",0.000589317288043281,0.0469949190550259,0.477270815362862,0.851892881401234,1.94799832587585,55,"16956/74617"
"GOBP_NEGATIVE_REGULATION_OF_RESPONSE_TO_BIOTIC_STIMULUS",0.000611443404846579,0.0477435391951037,0.477270815362862,0.753104138342066,1.88028785833401,122,"80861/246730/14190/14964/24110/434341/20847/246727/56417/56045/23960/14991/547253/15018/14824/226695/15944/60533/18521/100038882/20085/227331/18566"
"GOBP_CELL_CELL_ADHESION_MEDIATED_BY_CADHERIN",0.000639502589049071,0.0479371140751184,0.477270815362862,-0.736052119584577,-1.85982373078042,39,"21872/21803/12388/12488/211922"
"GOBP_REGULATION_OF_HOMOTYPIC_CELL_CELL_ADHESION",0.000627019354126429,0.0479371140751184,0.477270815362862,-0.741397931309338,-1.83676395139623,35,"16194/14766/353310/16923/18750/26365/16456/16195/26395/20963/17096"
"GOBP_ENDOPLASMIC_RETICULUM_TO_GOLGI_VESICLE_MEDIATED_TRANSPORT",0.000681528083504795,0.0492291178095891,0.477270815362862,-0.539469075170536,-1.63506709187282,126,"66676/75841/67864/89867/269523/72772/192292/21787/235623/99683/11843/70349/30960/217449/109168/53334/77929/19324/56418/20333/68581/66682/12033/66964/20224/59021/54161/56334/69162/67511/67180/66975/320714/70361/27061/27054/66397/66725/214895/59042/20932/50850/67857/98417/338337/213827/77371/207352/227648/60409/67458/110379/73130/56389/94221/103694/12282/208647"
"GOBP_GLOMERULUS_DEVELOPMENT",0.00068300803791319,0.0492291178095891,0.477270815362862,-0.655724209407981,-1.79462550931611,62,"211401/16194/18613/16416/70350/19277/12488/19055/18129/18591/228790/17260/12846/71785/107515/12162"
"GOBP_IMMUNE_RESPONSE_REGULATING_SIGNALING_PATHWAY",0.000709370129272091,0.0495162632589826,0.477270815362862,0.588261906614565,1.6385593498233,481,"80861/246730/19106/15951/58185/12483/56644/54123/246727/12517/23960/16854/246746/23880/231655/14991/24088/76438/68119/19264/78781/15018/18751/11820/101476/234311/383619/239743/65221/104418/71586/226695/217304/12266/15944/60533/226421/217069/210808/14127/13036/230073/18521/14191/69104/18753/12775/27050/22177/231130/329260/22031/432940/68077/13040/268749/59079/17164/270151/15510/80859/19294/16889/17948/11796/71481/16409/11545/83490/22627/11774/56743/378460/12267/57783/15461/56174/14469/21929/18035/246256/30954/66878/232341/19063/21926/21897/14360/16885/56208/13057/22040/327957/243910/70110/67705/18733/27419/26400/266632/64383/68585/57738/16365/76457/18081/16784"
"GOBP_REGULATION_OF_SMOOTH_MUSCLE_CELL_DIFFERENTIATION",0.00071341467875802,0.0495162632589826,0.477270815362862,-0.754144226834968,-1.81229037583525,30,"21803/13805/18021/17257/18018/18129/18591/18569/56469/18019"
"GOBP_NEGATIVE_CHEMOTAXIS",0.000821300542002956,0.0559678987532196,0.477270815362862,-0.71793773015836,-1.83330005984904,41,"20352/243743/214968/16410/16416"
"GOBP_NEGATIVE_REGULATION_OF_MUSCLE_CONTRACTION",0.000877395001767085,0.0587227940468399,0.477270815362862,-0.812434418162756,-1.80905396115084,20,"11555/19735/30955/110355"
"GOBP_METANEPHRIC_EPITHELIUM_DEVELOPMENT",0.000959538624053629,0.0630938730342632,0.477270815362862,0.934482267732404,1.8614236632679,18,"20846"
"GOBP_REGULATION_OF_PLATELET_AGGREGATION",0.00100660772866688,0.0650476856386803,0.45505986738723,-0.779180436644844,-1.82690043453344,26,"16194/14766/16923/18750/26365/16456/16195/20963/17096"
"GOBP_CEREBRAL_CORTEX_DEVELOPMENT",0.00124869678268594,0.0775788361195247,0.45505986738723,-0.546631363515503,-1.63331946777472,113,"14766/22142/22151/70839/328365/433693/12569/73710/67439/320165/19353/228662/12928/67760/70223/14270/19280/12929/20462/223697/77582/56637/16777/18015/246179/171167/319757/102774/19164/108147/99982/77053/244667"
"GOBP_ER_NUCLEUS_SIGNALING_PATHWAY",0.00126993626281389,0.0775788361195247,0.45505986738723,-0.66343865659926,-1.7664016012861,52,"226144/109815/22433/23802/17973/72754/11938/11651/235623/69232/108954/67878/13666/74840/68944/56334/226641/56637/11911/22059/13198"
"GOBP_METANEPHRIC_TUBULE_DEVELOPMENT",0.00123667319147521,0.0775788361195247,0.45505986738723,0.935460225159199,1.84279577263994,17,"20846"
"GOBP_SMOOTH_MUSCLE_CELL_DIFFERENTIATION",0.00128332119514689,0.0775788361195247,0.45505986738723,-0.645038413482218,-1.72565386973331,54,"21803/19317/407831/13805/18021/17257/18018/18129/18591/17260/18569/56469/223701/18019/20682"
"GOBP_REGULATION_OF_CHOLESTEROL_STORAGE",0.00138501329404654,0.0823972988267687,0.45505986738723,0.94238856253848,1.84051823341677,16,"16956/11307/20778/11303"
"GOBP_CELL_SURFACE_RECEPTOR_PROTEIN_SERINE_THREONINE_KINASE_SIGNALING_PATHWAY",0.00147524470867102,0.0863940182515464,0.45505986738723,-0.425539341308381,-1.42858954983958,312,"353310/15446/242083/15216/21803/433759/11350/13805/17127/328365/26365/231633/16969/65112/16476/68526/22433/68799/67888/19303/21812/77578/50523/328572/80288/66105/12912/52463/224109/17125/52662/18027/18129/26416/230597/20481/17126/11909/101706/193740/19646/98403/11798/66313/229285/24063/12929/170676/114715/18569/243833/75788/11480/50766/103425/11481/17283/22059/107321/380664/23863/12162/16202/170749/26356/17701/228839/17129/72183/17684/53618"
"GOBP_NEGATIVE_REGULATION_OF_TRANSFORMING_GROWTH_FACTOR_BETA_RECEPTOR_SIGNALING_PATHWAY",0.00155094171059829,0.0894296850972676,0.45505986738723,-0.583228392822474,-1.67711550341715,85,"433759/13805/16969/65112/22433/80288/52463/224109/52662/20481/193740/19646/98403/66313/24063/170676/114715/75788/22059/380664/23863/170749/26356/72183/19042/23988/269003/18607"
"GOBP_DIGESTIVE_SYSTEM_PROCESS",0.00163389904649437,0.092785661003953,0.45505986738723,-0.608388333120932,-1.69102912122518,68,"56485/15466/16456/14792/52466/212937/18145/21898/22234/19055/19218/81897/16154/12846/208890/20682"
"GOBP_ENDOCRINE_PANCREAS_DEVELOPMENT",0.00170979768927574,0.0949663774094893,0.45505986738723,-0.710987300880259,-1.73007546706142,32,"16194/19726/20677/627049/11651/13666/56637/14912/20682/319757/15205"
"GOBP_NOTCH_SIGNALING_PATHWAY",0.00174831377834972,0.0949663774094893,0.45505986738723,-0.510093979702437,-1.59461622365158,155,"21803/52588/19245/207521/328365/140780/228875/13855/16969/17257/244418/67888/16195/109689/213541/16848/11651/17305/270118/56381/433586/18129/320705/51813/13016/19719/68634/12576/12162/224143/12805/13854/66725/11487/76580/20682/16413/15204/19164/15205/12606/12396/103806/67122/20338/229700"
"GOBP_REGULATION_OF_EXTRACELLULAR_MATRIX_ORGANIZATION",0.00174163449604115,0.0949663774094893,0.45505986738723,-0.646108749975261,-1.74409236370479,57,"21803/11350/13010/17127/14086/16416/21937/21812/21938/76499"
"GOBP_REGULATION_OF_SMAD_PROTEIN_SIGNAL_TRANSDUCTION",0.00180585986342796,0.0966908966875429,0.45505986738723,-0.654819016113265,-1.7434518581478,52,"15216/21803/13805/17127/26365/65112/22433/21812/52662/20481/12929/11480/12162"
"GOBP_DIGESTION",0.00227006401881038,0.119833802007061,0.431707695803346,-0.5944063631405,-1.67690627733183,75,"56485/15466/16456/14792/52466/212937/18145/21898/22234/19055/19218/81897/16154/12846/208890/20682"
"GOBP_REGULATION_OF_RESPONSE_TO_CYTOKINE_STIMULUS",0.00233580654025831,0.121591707123447,0.354819512103747,0.719967762783049,1.8460954317327,163,"246730/12977/24110/54123/26362/434341/20847/246727/56417/56045/56489/23960/58203/246746/11746/24088/19264/547253/30940/71586/80985/15944/230598/230073/15251/100038882/16181/227331/16149/432940/13601/17164/20304/80285/17948/12363"
"GOBP_POSTSYNAPTIC_SPECIALIZATION_ASSEMBLY",0.00246871093370212,0.126749706568706,0.431707695803346,-0.713290124752692,-1.72223179271844,31,"19211/11350/66610/12928/19280/12929"
"GOBP_HEART_DEVELOPMENT",0.00265254409425017,0.134347773854725,0.431707695803346,-0.378365913028126,-1.31028999422529,485,"58198/74376/19735/68652/21803/243743/19211/11350/13805/17127/328365/110355/67603/70350/266781/16476/67888/18479/20677/21937/26395/18018/21812/17261/21938/65256/328572/54598/12912/22761/16911/12370/232334/99683/17125/327826/18129/230709/12540/17258/26416/18591/20481/19353/17126/11909/56376/16795/11793/228790/24063/19009/12929/114715/13609/50768/17260/71770/56334/230857/18569/71458/69821/76779/11481/12576/233812/15531/11364/18015/22059/23863/12162/63958/22666/16202/17701/216850/75691/68927/17129/17684/20682/26413/319757/109620/107817/18763/16337/207728/14369/77044/19164/381104/15205/24069/20662/74868"
"GOBP_NEGATIVE_REGULATION_OF_EXTRACELLULAR_MATRIX_ORGANIZATION",0.00276588820290594,0.138220653126553,0.431707695803346,-0.846998240656295,-1.76723384665656,15,"21803/13010/21937/21938"
"GOBP_RESPONSE_TO_NUTRIENT_LEVELS",0.00283119027958004,0.13962238378771,0.297232921999731,0.583458073362725,1.60739629699851,403,"16956/20846/19106/11816/24136/20750/11520/12857/13058/227731/56486/17769/73158/226695/218035/217069/12257/22329/12575/67041/58801/110147/15382/66905/17191/11303/13435/17711/11910/69029/11783/20660/74137/66437/15945/80859/21934/208643/14104/16889/22228/277854/109900/11546/12894/14276/21926/18810/56208/17977/14775/13057/18712/12514/72027/63873/20787/70789/64383/16169/11655/20655/233979/11565/16784"
"GOBP_REGULATION_OF_CELL_CELL_ADHESION_MEDIATED_BY_CADHERIN",0.00295752085165809,0.1439582876885,0.431707695803346,-0.815497740673724,-1.7716790674631,18,"21872/21803"
"GOBP_CELLULAR_RESPONSE_TO_NUTRIENT",0.00321271559012513,0.144395369146143,0.335068558717014,0.862052365445847,1.91579370332338,43,"16956"
"GOBP_CEREBRAL_CORTEX_RADIALLY_ORIENTED_CELL_MIGRATION",0.00326895219739088,0.144395369146143,0.431707695803346,-0.699123697008699,-1.73203235402158,35,"14766/70839/328365/12569/19353/14270/223697/77582/16777/171167"
"GOBP_CHOLESTEROL_STORAGE",0.00308250226654578,0.144395369146143,0.354819512103747,0.918847143940494,1.87193975553054,22,"16956/67963/11307/20652/20778/11303"
"GOBP_ENDOCARDIAL_CUSHION_FORMATION",0.00326568559180929,0.144395369146143,0.431707695803346,-0.74797782417412,-1.75374142847984,26,"21803/13805/67888/21812"
"GOBP_INTEGRATED_STRESS_RESPONSE_SIGNALING",0.0032031753424502,0.144395369146143,0.431707695803346,-0.644981879922421,-1.69659242585607,49,"17132/16476/231659/17973/12609/11651/69232/66839/108954/67013/67878/13666/18025/56334/16658/11911/13198/12913/12611/231571/12606"
"GOBP_MESONEPHROS_DEVELOPMENT",0.00316716691034077,0.144395369146143,0.431707695803346,-0.598845732549438,-1.67798237543437,71,"58198/21803/17127/70350/17125/17126/271127/24063/107515/12162/16202/17129/20682/319757/18763/13383/15205"
"GOBP_REGULATION_OF_CARTILAGE_DEVELOPMENT",0.00327470821169215,0.144395369146143,0.431707695803346,-0.622319494727608,-1.67556273193432,56,"17132/21803/17127/21812/17125"
"GOBP_REGULATION_OF_LIPID_STORAGE",0.00321271559012513,0.144395369146143,0.335068558717014,0.861975198508692,1.91562221033962,43,"16956/11520/56489/11307/12266/20778/66905/11303"
"GOBP_NEGATIVE_REGULATION_OF_TRANSMEMBRANE_RECEPTOR_PROTEIN_SERINE_THREONINE_KINASE_SIGNALING_PATHWAY",0.00342952051764388,0.146891862902028,0.431707695803346,-0.530076084695038,-1.59691568153534,122,"433759/11350/13805/16969/65112/68526/22433/80288/66105/52463/224109/52662/20481/193740/19646/98403/66313/229285/24063/12929/170676/114715/75788/50766/103425/22059/380664/23863/170749/26356/72183"
"GOBP_NEGATIVE_REGULATION_OF_TYPE_I_INTERFERON_MEDIATED_SIGNALING_PATHWAY",0.00342034203420342,0.146891862902028,0.335068558717014,0.912614626915208,1.87260861551978,23,"246730/24110/434341/20847/246727/56417/56045/23960/100038882/227331"
"GOBP_RESPONSE_TO_INTERFERON_ALPHA",0.00344890179705936,0.146891862902028,0.335068558717014,0.915681562672098,1.84694317458488,20,"246730/19106/26362/66141/56417/23960/69550/226695/15975/108989"
"GOBP_SODIUM_ION_EXPORT_ACROSS_PLASMA_MEMBRANE",0.00353422619047619,0.148834604066346,0.335068558717014,0.932322621752762,1.80929848411995,15,"232975/18301/11928/11933"
"GOBP_NEGATIVE_REGULATION_OF_IMMUNE_RESPONSE",0.00361687876758205,0.150622906898861,0.279865652661932,0.682596077867836,1.77000004784015,185,"80861/246730/14190/14964/24110/434341/20847/246727/56417/56045/23960/16854/14991/16852/217344/19264/547253/15018/14824/226695/60533/100038882/14191/20085/227331/18566/12053/14683/380924/74748/270151/12515"
"GOBP_ANTIVIRAL_INNATE_IMMUNE_RESPONSE",0.00369122131279088,0.152029642641101,0.303779434551183,0.830925896306738,1.92248190381195,60,"80861/246730/19106/17858/246728/24110/246727/15958/23960/58203/231655/71586/667373/217069/230073/16785/15959"
"GOBP_HOMOTYPIC_CELL_CELL_ADHESION",0.00377601662899039,0.153831633972348,0.431707695803346,-0.570136902913728,-1.63474039231147,83,"16194/14766/353310/12495/30955/16923/18750/70839/26365/16456/16416/16195/26395/20910/20963/17096/109711/108101"
"GOBP_CELLULAR_RESPONSE_TO_FATTY_ACID",0.00390555654180721,0.156928291977062,0.310776919977249,0.895562369682468,1.8706029601358,26,"16956/18753/13555"
"GOBP_STEROL_HOMEOSTASIS",0.00393576826196474,0.156928291977062,0.291090917251384,0.817397098029162,1.91287741332442,67,"16956/11816/67963/11307/20652/14077/12257/20778/11303/235283/11813"
"GOBP_EPITHELIAL_TO_MESENCHYMAL_TRANSITION_INVOLVED_IN_ENDOCARDIAL_CUSHION_FORMATION",0.00403937217829316,0.158373116213541,0.407017918923954,-0.835284528864395,-1.74279357399131,15,"21803/13805/67888/21812"
"GOBP_SYNAPSE_MATURATION",0.00405651524986657,0.158373116213541,0.407017918923954,-0.701264124823951,-1.75253493631629,37,"13051/19211/65945/18027/22631/99152"
"GOBP_LIPID_LOCALIZATION",0.00422297297297297,0.163172192811368,0.245188063659135,0.592508292594244,1.6155929881018,343,"16956/16592/11816/20750/11520/56489/67963/12306/19156/11307/320528/107508/20652/12266/14077/12257/18438/75909/66494/245944/11982/18753/20778/66905/11303/235283/50771/16971/11980/16176/237542/11813/66437/17319/11425/21934/71795/16889/13167/56356/22228/26457/384783/12752/11812/75089/14667/58207/76295/20280/12894/18035/21926/18738"
"GOBP_ENDOCARDIAL_CUSHION_DEVELOPMENT",0.00431448975646054,0.163473700684775,0.407017918923954,-0.660702216216449,-1.70408721805318,44,"21803/13805/67888/21812/17126/12162/17701/17684/20682"
"GOBP_NEGATIVE_REGULATION_OF_G_PROTEIN_COUPLED_RECEPTOR_SIGNALING_PATHWAY",0.00431800863601727,0.163473700684775,0.354819512103747,-0.618322450195978,-1.62646613555321,49,"11555/19735/67298/16923/110355/18576/109689/105171/54609/19055/238871"
"GOBP_COPII_COATED_VESICLE_BUDDING",0.00436363636363636,0.163549090909091,0.34452128726268,-0.658754885480688,-1.68913703239497,42,"21787/235623/99683/30960/217449/19324/68581/66682/20224/56334/69162/320714/27054/66397/20932/67857/77371/227648/60409/110379"
"GOBP_CELLULAR_RESPIRATION",0.00444560669456067,0.164971622685281,0.248832632022043,0.652798790987858,1.71480436636641,217,"246730/23960/12857/227731/17722/20463/66218/17708/12862/66494/245944/11977/12868/15975/17992/68077/17711/12867/66416/67130/17719/12859/17709/17716/66142/22272/78330/11949/66046/11947/67530/66916/67264/108037/28080/66576/12861/110323/54405/11983/21926/67273/17705/18810/27425/67184/67126/22040/67267/12864/63873/11957/11958/71679/57423/17706/14533/17721/12974/170718/66152/56312/66043/66594/66128/66091/17720/110842/104130/66377/12858/18293/17710/14466/68202/66414/14297/66148/12534/67892/17991/17717/17718/67885/227197/66945"
"GOBP_CHEMOKINE_C_X_C_MOTIF_LIGAND_2_PRODUCTION",0.00455456367280015,0.165967386611462,0.291090917251384,0.912159546879877,1.81695835637209,18,"16956/246730/246727/23960"
"GOBP_PROTEIN_LOCALIZATION_TO_CELL_CELL_JUNCTION",0.00456100342075257,0.165967386611462,0.326351610990907,-0.740405906753085,-1.7210086681596,25,"21872/18613/16456/12388/11461/224105/22330/109620"
"GOBP_BIOLOGICAL_PROCESS_INVOLVED_IN_INTRASPECIES_INTERACTION_BETWEEN_ORGANISMS",0.00461967180940131,0.166485864823424,0.407017918923954,-0.664450535973967,-1.70374145413638,42,"13051/19211/26889/17257"
"GOBP_CARDIAC_MUSCLE_TISSUE_DEVELOPMENT",0.0047048806508428,0.166956211857989,0.407017918923954,-0.471479224519586,-1.49001867960791,180,"74376/19735/21803/11350/13805/18479/21812/65256/12912/22761/232334/17125/327826/18129/230709/12540/17258/26416/20481/56376/16795/11793/13609/17260/11364/12162/63958/17701/216850/68927/17129/109620/14369/77044/103806/20182/20544/11477/13018/76365/108655"
"GOBP_CELL_JUNCTION_MAINTENANCE",0.00476715508135657,0.166956211857989,0.407017918923954,-0.658883370485499,-1.69939603996168,44,"211401/21872/243743/16416/20661/50918/12978/11845/12217"
"GOBP_NEGATIVE_REGULATION_OF_CELL_ACTIVATION",0.00481090471735935,0.166956211857989,0.241698386096655,0.668781997177433,1.73552754377603,187,"93695/15951/14190/13011/11816/26362/380732/16854/246746/14991/16852/19264/15018/14268/14824/12527/226695/16768/60533/14191/18753/18566/12053/20720/22177/16149"
"GOBP_REGULATION_OF_TYPE_I_INTERFERON_MEDIATED_SIGNALING_PATHWAY",0.00473452823807913,0.166956211857989,0.274717458595242,0.842901429731329,1.87323336299457,43,"246730/24110/54123/434341/20847/246727/56417/56045/56489/23960/58203/100038882/227331"
"GOBP_ENDOCARDIAL_CUSHION_MORPHOGENESIS",0.0050251256281407,0.169677214903346,0.318279675040437,-0.676109047875937,-1.69967629562529,38,"21803/13805/67888/21812/17126/12162/17701/20682"
"GOBP_NEGATIVE_REGULATION_OF_RESPONSE_TO_CYTOKINE_STIMULUS",0.00497435100264262,0.169677214903346,0.256635016972443,0.792529183011523,1.87881096887158,77,"246730/24110/434341/20847/246727/56417/56045/23960/11746/19264/547253/30940/100038882/16181/227331/13601/20304"
"GOBP_POSITIVE_REGULATION_OF_RHO_PROTEIN_SIGNAL_TRANSDUCTION",0.00501710376282782,0.169677214903346,0.310776919977249,-0.738096677851397,-1.71564106787397,25,"14766/16456/244418/109689/19353/93687"
"GOBP_INTESTINAL_ABSORPTION",0.00521305530371714,0.170707568073268,0.303779434551183,-0.753501300706907,-1.73541555264975,24,"56485/16456/14792/52466/18145/22234"
"GOBP_LIPID_HOMEOSTASIS",0.00523782559456399,0.170707568073268,0.238352921646911,0.708135298093159,1.78352041269884,134,"16956/11816/67963/74772/11307/11539/20652/14077/12257/20778/107476/11303/235283/237542/11813/11425/16889/14718/384783/11812"
"GOBP_NEUROBLAST_PROLIFERATION",0.00515603799185889,0.170707568073268,0.335068558717014,-0.582957772108035,-1.61063129156417,66,"13051/21803/19325/18222/100182/327826/216858/12227/18015/22059/66725/269060/319757"
"GOBP_TELENCEPHALON_DEVELOPMENT",0.00520963216007665,0.170707568073268,0.407017918923954,-0.428129836029687,-1.39979260165622,237,"14766/58198/237847/243743/433759/19211/22142/22151/70839/328365/433693/12569/73710/18222/67439/12978/320165/20481/19353/228662/12928/16795/67760/14055/70223/14270/12227/19280/13845/12929/20462/223697/217734/77582/67263/207615/56637/16777/18015/66725/246179/73242/171167/216850"
"GOBP_ACYLGLYCEROL_HOMEOSTASIS",0.00542527126356318,0.170990601903951,0.260820567718869,0.86961439724483,1.86436930309649,31,"16956/11816/11539/20778/237542/11813/11425/11812"
"GOBP_CEREBRAL_CORTEX_CELL_MIGRATION",0.0054962557531303,0.170990601903951,0.407017918923954,-0.654343215248842,-1.69961764250932,45,"14766/70839/328365/12569/19353/14270/223697/77582/16777/171167/19164/77053/244667"
"GOBP_LIPID_CATABOLIC_PROCESS",0.00549661255272913,0.170990601903951,0.220823464091113,0.625306065877288,1.66193132409485,248,"16956/80885/11816/320024/20750/11605/241274/11539/72054/12091/15211/245944/67041/18753/74159/20778/27052/14420/16176/71772/20660/11813/18606/16889/11758/384783/227333/11812/56209/97212/14667/18796/20280/12894/93747/19063/71665/21926/66190/27419/20397/105501/64383/18010/66887"
"GOBP_POSITIVE_REGULATION_OF_FAT_CELL_DIFFERENTIATION",0.00556282722513089,0.170990601903951,0.248832632022043,0.827908455030038,1.88932403352846,54,"16956"
"GOBP_RESPONSE_TO_FATTY_ACID",0.00556586270871985,0.170990601903951,0.252643909566276,0.834420150636468,1.86157384519579,45,"16956/14077/20250/18753/13555"
"GOBP_TELENCEPHALON_GLIAL_CELL_MIGRATION",0.00549324788281071,0.170990601903951,0.297232921999731,-0.719833544282411,-1.68775312237555,26,"14766/70839/328365/12569/14270/223697/77582/16777"
"GOBP_TYPE_II_INTERFERON_MEDIATED_SIGNALING_PATHWAY",0.00550426136363636,0.170990601903951,0.260820567718869,0.875665462280037,1.83534961560544,27,"20846/434341/20684/547253/15944"
"GOBP_PLASMA_LIPOPROTEIN_PARTICLE_CLEARANCE",0.00591304347826087,0.178726507713885,0.248832632022043,0.848873862025964,1.84199968737895,35,"16956/11816/320024/12306/20652/15368/16976/20778/11813/16889/11812/76483"
"GOBP_RESPONSE_TO_INTERFERON_BETA",0.00591304347826087,0.178726507713885,0.248832632022043,0.846926075864499,1.83777312126472,35,"20846/246730/15951/66141/56489/23960/69550/383619/327959/226695/15944"
"GOBP_CATECHOLAMINE_TRANSPORT",0.00615676059673218,0.179773707790592,0.285313392143872,-0.66981276908489,-1.66913017227259,36,"21817/11542/110355/71279/17257/11461/54393/30931/12846/243328"
"GOBP_CYTOPLASMIC_PATTERN_RECOGNITION_RECEPTOR_SIGNALING_PATHWAY",0.00603621730382294,0.179773707790592,0.215782858966574,0.6640188959923,1.72060510759753,183,"80861/246730/19106/58185/54123/246727/23960/231655/76438/78781/234311/65221/71586/226695/15944/226421/217069/210808/230073/18521/69104/231130/432940/68077/59079/270151/11796/71481/11545/83490/22627/56174/14469/21929/18035/66878/19063/21926/56208/22040/327957/67705/266632/64383/68585/57738/16784/26409/20779/59125"
"GOBP_FOAM_CELL_DIFFERENTIATION",0.00630031501575079,0.179773707790592,0.241698386096655,0.85879206520582,1.84116726814241,31,"16956/12977/11307/20652"
"GOBP_INTRACELLULAR_RECEPTOR_SIGNALING_PATHWAY",0.00631553860819828,0.179773707790592,0.198584486969905,0.577532516702482,1.58220795565265,364,"80861/246730/19106/58185/16592/54123/246727/20684/23960/16000/231655/76438/78781/234311/20185/65221/71586/226695/21815/15944/18854/226421/217069/210808/20183/230073/18521/69104/70790/231130/432940/270627/68077/59079/270151/20602/224902/11796/71481/13163/11545/83490/59026/22627/56174/14469/21929/18035/66878/19063/20586/21926/20592/56208/17977/22040/18712/327957/67705/266632/18626/20787/64383/68585/57738/16784/22215/15370"
"GOBP_LONG_CHAIN_FATTY_ACID_METABOLIC_PROCESS",0.00650268589199887,0.179773707790592,0.303779434551183,-0.554143541104938,-1.57715819694995,79,"19224/23945/19317/19299/72759/66082/17001/11689"
"GOBP_NEGATIVE_REGULATION_OF_CARDIAC_MUSCLE_TISSUE_GROWTH",0.00650477016478751,0.179773707790592,0.265216893779997,-0.805052779460406,-1.70783053636871,16,"19735/18479/232334"
"GOBP_NEGATIVE_REGULATION_OF_CHEMOKINE_PRODUCTION",0.00635324015247776,0.179773707790592,0.245188063659135,0.888534068142878,1.800002700484,21,"246730/246727/23960"
"GOBP_PITUITARY_GLAND_DEVELOPMENT",0.00617990386816205,0.179773707790592,0.279865652661932,-0.7174504285794,-1.68216556536228,26,"58198/12912"
"GOBP_POSITIVE_REGULATION_OF_AUTOPHAGY",0.0063943161634103,0.179773707790592,0.34452128726268,-0.471781569696108,-1.47197019997075,153,"11555/72512/18718/140742/64143/29810/22433/252972/170625/56374/26395/56484/54396/81003/237782/15568/66839/108083/14679/338364/18475/210146/225131/81897/11793/56458/81601/56367/226641/66597/56637/51897"
"GOBP_REGULATION_OF_PLASMA_LIPOPROTEIN_PARTICLE_LEVELS",0.00620920235631269,0.179773707790592,0.232056818075608,0.810726677078571,1.88593367548124,64,"16956/11816/320024/12306/11307/20652/15368/16976/20778/11303/11813/16889/11812/76483"
"GOBP_RENAL_TUBULE_MORPHOGENESIS",0.00609659755489864,0.179773707790592,0.407017918923954,-0.628634505846526,-1.68581847263975,55,"211401/58198/21803/271127/17260/107515/16202/20682/319757/18763/13383/15205"
"GOBP_RIG_I_SIGNALING_PATHWAY",0.00652327221438646,0.179773707790592,0.238352921646911,0.865135521176926,1.83479137374257,29,"80861/246727/231655/78781/234311/217069/230073/68077/270151/11796"
"GOBP_ADIPOSE_TISSUE_DEVELOPMENT",0.00657894736842105,0.179984633115636,0.22623238004642,0.807027468149199,1.87063929030285,62,"16956/12977/227731/59027/268396/67041"
"GOBP_MONOAMINE_TRANSPORT",0.00687453965136263,0.183647953820888,0.274717458595242,-0.630359929534463,-1.63732248214764,45,"21817/11542/110355/16416/71279/17257/20963/76306/11461/54393/30931/12846/18436/243328"
"GOBP_NEGATIVE_REGULATION_OF_ORGAN_GROWTH",0.00690884778248273,0.183647953820888,0.260820567718869,-0.753228214670006,-1.71042260401677,22,"19735/19211/18479/232334"
"GOBP_NUTRIENT_STORAGE",0.0069060773480663,0.183647953820888,0.215782858966574,0.773332031019866,1.85018049611939,83,"16956/11816/11520/56489/67963/11307/672511/14421/20652/12266/15211/76763/20778/66905/11303"
"GOBP_SYNAPSE_ORGANIZATION",0.00690701451269448,0.183647953820888,0.407017918923954,-0.363321489967681,-1.25829892606088,479,"13051/104156/18750/243743/19211/11350/22142/75415/242687/217692/16416/13631/17257/12569/19277/11852/99633/67943/76499/20661/77097/140580/66610/269523/11651/109711/65945/18163/22343/330662/11843/18027/70729/217333/12488/238130/22631/11461/73178/12540/26416/99152/19353/56376/12928/11845/16795/19141/14270/12217/19280/210293/13845/12929/67453/17260/20430/83945/19024/68942/234664/13169/16001/16154/53328/259277/68404/12830/228880/18015/18391/20615/20853/66725/22192/70237/11487/18844/216963/207683/13602/72993/56212/13048/16337/12273/223870/19164/80913/13383"
"GOBP_CHEMOKINE_PRODUCTION",0.00700934579439252,0.183713482778903,0.215782858966574,0.77748787817147,1.84100784228234,76,"16956/246730/19106/56644/246727/23960/24088/11820/15368/15251"
"GOBP_POSITIVE_REGULATION_OF_TYPE_I_INTERFERON_PRODUCTION",0.00697350069735007,0.183713482778903,0.215782858966574,0.775141071068444,1.84113099672659,78,"20846/80861/246730/246728/54123/246727/56489/23960/24088/78781/71586/97165/230073/100038882"
"GOBP_MONOCYTE_CHEMOTACTIC_PROTEIN_1_PRODUCTION",0.00711030082041933,0.183789017068494,0.232056818075608,0.891612485703548,1.78714634825713,19,"246730/56644/246727/23960/59079/16176"
"GOBP_PROTEASOME_MEDIATED_UBIQUITIN_DEPENDENT_PROTEIN_CATABOLIC_PROCESS",0.00710986721121934,0.183789017068494,0.407017918923954,-0.375101249191659,-1.28346249758674,419,"15216/210973/207521/75841/58799/433693/14154/109689/50789/12398/414872/27373/14629/65256/21927/19053/66105/240263/223455/75717/269523/11651/26440/56353/52323/67819/74287/80890/22346/69077/386649/19359/232539/68970/99152/225131/211770/22214/56371/15511/211255/59003/193740/93765/66413/56317/19358/117198/66313/67338/20437/67245/66884/93687/66689/22123/74841/67128/52717/81601/224938/212114/68034/108660/56407/66440/106021/66597/22032/70247/19181/213753/56469/75788/76425/224111/56637/78913/69554/74125/22670/101358/56436/226541/94232/13198/19822/26965/19167/63958/12328/69957/66725/75452/77733/20439/270201/14198/12995/56812/23996/79263/14155/223870/242785/15204/224023/19164/17463/12606/19172/216080"
"GOBP_OLEFINIC_COMPOUND_METABOLIC_PROCESS",0.00721804511278195,0.185296117004841,0.297232921999731,-0.52722649826933,-1.54358172235487,97,"19224/23945/72759/66082/105014/11689/12912/20851/76267/11666/59045/14081/16890/56316/269060/17252"
"GOBP_NEGATIVE_REGULATION_OF_CALCIUM_MEDIATED_SIGNALING",0.00744236703575967,0.18975504523828,0.22623238004642,0.8815562007854,1.78586685523348,21,"12483/56193"
"GOBP_NEGATIVE_REGULATION_OF_INNATE_IMMUNE_RESPONSE",0.00756658595641646,0.190332645400328,0.204544131818546,0.75593468526012,1.82578274299946,92,"80861/246730/14964/24110/434341/20847/246727/56417/56045/23960/14991/547253/15018/14824/226695/100038882/20085/227331"
"GOBP_POSITIVE_REGULATION_OF_INTERLEUKIN_1_PRODUCTION",0.00756600128783001,0.190332645400328,0.211070537868325,0.796399755547175,1.8366186048996,59,"16956/56644/11820/383619/226695/22177/217203/20302"
"GOBP_NEGATIVE_REGULATION_OF_EPITHELIAL_CELL_DIFFERENTIATION",0.00778681432773836,0.192194040087431,0.215782858966574,0.83107469628391,1.80915450519211,36,"20846"
"GOBP_POSITIVE_REGULATION_OF_CHEMOKINE_PRODUCTION",0.00775569558894813,0.192194040087431,0.208826601974224,0.800051416131945,1.83831091445825,57,"16956/246730/19106/56644/246727/23960/24088/11820/15368/15251"
"GOBP_REGULATION_OF_INFLAMMATORY_RESPONSE",0.00779442211667276,0.192194040087431,0.180467893079923,0.582698794633303,1.58236879473543,329,"16956/19219/13011/24110/11816/58203/16000/24088/16852/217344/19264/14824/11820/11539/383619/26410/19241/226695/12266/15944/210808/14127/243272/14191/20085/18753/12053/14683/12775/27052/432940/20302/74748/20304/270151/16176/80859/21934/17948/12363/11796/15040/11501/83490/18787/57783/14469/21929/18035/21926/14360/216161/14775/22040/18023/70110/63873"
"GOBP_MESENCHYME_MORPHOGENESIS",0.0078740157480315,0.192887653749164,0.260820567718869,-0.604722017993099,-1.60376903921463,51,"21803/13805/17127/67888/21812/17126/12162/17701/20682"
"GOBP_POSITIVE_REGULATION_OF_EXTRACELLULAR_MATRIX_ORGANIZATION",0.00801098649576562,0.194968684325517,0.245188063659135,-0.704915610275079,-1.65277588367884,26,"21803/11350/17127/14086/21812/76499"
"GOBP_PLATELET_AGGREGATION",0.00821917808219178,0.198745028722934,0.265216893779997,-0.573214003801522,-1.5849823965013,67,"16194/14766/12495/30955/16923/18750/70839/26365/16456/16416/16195/20910/20963/17096/109711/108101"
"GOBP_GENERATION_OF_PRECURSOR_METABOLITES_AND_ENERGY",0.00855201499531397,0.205467642323312,0.168819300017839,0.551202293568353,1.522778418196,417,"246730/227659/18605/23960/12857/16000/227731/18746/17722/11820/20463/14751/20185/14387/66218/17708/21991/12862/15251/66494/245944/67041/11977/12868/110094/15975/170768/17992/68077/17711/18655/12867/66416/67130/17719/12859/17709/16889/17716/66142/22272/22228/78330/384783/11949/66046/16828/11947/67530/66916/67264/108037/14433/28080/66171/66576/12861/27357/110323/54405/18648/11983/21926/67273/17705/18810/27425/67184/12856/11674/67126/11739/22040/67267/13806/12864/63873/11957/11958/71679/57423/17706/14533/68165/17721/12974/170718/66152/56312/66043/66594/66128/110095/20779/66091/17720/110842/104130/66377/12858/18293/17710/14466/68202/66414/14297/14936/66148/224792/12534/67892/18640/17991/17717/18641/17718"
"GOBP_VASCULAR_ASSOCIATED_SMOOTH_MUSCLE_CELL_DIFFERENTIATION",0.00869177624247827,0.207495397177125,0.232056818075608,-0.741546109734021,-1.68389500460421,22,"19317/13805/18021/18018/18591/18569/18019/15205"
"GOBP_NEGATIVE_REGULATION_OF_INTERLEUKIN_6_PRODUCTION",0.00892857142857143,0.210467205750225,0.238352921646911,-0.642143214667258,-1.63131091854655,40,"105855/12988/319430/109815/242248/171285/19261/109689/21898/57781/16331/27218"
"GOBP_POTASSIUM_ION_IMPORT_ACROSS_PLASMA_MEMBRANE",0.00888037611004701,0.210467205750225,0.202498775969141,0.832378116870712,1.80215431617054,34,"232975/20496/16518/11928/11933"
"GOBP_CELLULAR_RESPONSE_TO_LIPOPROTEIN_PARTICLE_STIMULUS",0.00922862615357827,0.212645243282498,0.198584486969905,0.830751687485449,1.79863298772954,34,"16956/11816/11820/11307/12527/14127/20778/11303"
"GOBP_MEMBRANE_LIPID_BIOSYNTHETIC_PROCESS",0.00942760942760943,0.212645243282498,0.274717458595242,-0.47504694058633,-1.45293899552722,132,"242083/67556/26889/54613/57874/76893/20448/76303/20454/68059/57370/22234/330217/30960/67630/329777/433931/16795/56386/69048/75292/110417/227102/20444/70750/56375/223753/55981/17250/18436/20598"
"GOBP_NEGATIVE_REGULATION_OF_ACTIN_FILAMENT_BUNDLE_ASSEMBLY",0.00932835820895522,0.212645243282498,0.229089382980959,-0.676953277168128,-1.63449684169974,31,"21872/242687/16456/22376/76499/18708/13609/50768/224105"
"GOBP_NEGATIVE_REGULATION_OF_STRIATED_MUSCLE_CELL_DIFFERENTIATION",0.00939187602723644,0.212645243282498,0.229089382980959,-0.668592682293997,-1.63696370292047,33,"19735/433759/231633/22433/18479/327826"
"GOBP_PULMONARY_VALVE_DEVELOPMENT",0.0093603744149766,0.212645243282498,0.223479119117479,-0.737269950579393,-1.67418474795954,22,"21937/18018/21938/18129/17126"
"GOBP_REGULATION_OF_MUSCLE_CELL_DIFFERENTIATION",0.00933676754668384,0.212645243282498,0.269842314478839,-0.492789699024476,-1.47756821583063,117,"19735/21803/433759/13805/231633/18021/22433/17257/433693/18479/18018/19205/17125/327826/18129/26416/18591/16002/17260/18569/56469/19653/16777/56190"
"GOBP_SMAD_PROTEIN_SIGNAL_TRANSDUCTION",0.00953159041394335,0.212645243282498,0.245188063659135,-0.563877950290931,-1.56731150623362,68,"15216/21803/13805/17127/328365/26365/65112/16476/22433/21812/17125/52662/20481/17126/12929"
"GOBP_TRIGLYCERIDE_METABOLIC_PROCESS",0.00928074245939675,0.212645243282498,0.186472629239996,0.748625992094556,1.77963155580378,79,"16956/11816/12266/20778/20660/11813/16889/11810/26457/11812/76483"
"GOBP_VASCULOGENESIS",0.00953159041394335,0.212645243282498,0.245188063659135,-0.564180556853302,-1.5681526080125,68,"74376/21803/19317/13805/16410/328365/26365/67888"
"GOBP_NEGATIVE_REGULATION_OF_MUSCLE_HYPERTROPHY",0.00961098398169336,0.213147739428324,0.223479119117479,-0.693955753342416,-1.6401059129485,27,"19735/17127/18479/21937/21938/56458/74155"
"GOBP_INTERLEUKIN_1_BETA_PRODUCTION",0.00975383186251742,0.21378574164161,0.181914998907505,0.744864769330236,1.77120852774552,80,"16956/56644/16000/11820/383619/226695/18854/12775/22177/217203/20302"
"GOBP_MESENCHYMAL_CELL_PROLIFERATION",0.00975100121887515,0.21378574164161,0.193113963346815,0.828207669660162,1.79312501892146,34,"20846"
"GOBP_POSITIVE_REGULATION_OF_KINASE_ACTIVITY",0.00982717722805829,0.214141047969549,0.269842314478839,-0.4712629153273,-1.44120971012435,133,"320664/30955/68652/320207/215653/11350/142980/64143/26395/54396/16911/26408/12283/23991/11514/16822/12978/22034/18591/21899/22596/213452/22032/71943/17002"
"GOBP_CONNECTIVE_TISSUE_DEVELOPMENT",0.01002957438601,0.21603933792394,0.16324176812788,0.607657901082785,1.60948782977562,239,"16956/12977/16948/12505/229534/16000/227731/59027/268396/15251/109181/67041/11977/72043/13601/20660/12633/16889/11545/15902/83925/213053"
"GOBP_PROTON_TRANSMEMBRANE_TRANSPORT",0.0100111234705228,0.21603933792394,0.170004278488927,0.668626528909713,1.70433470262863,154,"232975/12857/66335/17722/11928/20463/66144/65221/66218/11966/17708/73834/18173/12868/18174/17992/17711/66416/11964/67130/17719/12859/17709/17716/66142/26373/22228/78330/11949/66046/11947/66916/67264/67942/11974/28080/66576/110323/11984/54405/67273/17705/27425/12856/27060/67126/11739/11957/11958/71679/57423/17706/17721/57738/66152/66043/66091/18674/17720/66377/12858/17710/68202/66414/11951/17991/17717/68267/17718"
"GOBP_REGULATION_OF_RIG_I_SIGNALING_PATHWAY",0.0103467053911781,0.221596867463631,0.191387828756382,0.870166764762476,1.76279400261782,21,"80861/231655/78781/234311/68077/270151/11796"
"GOBP_REGULATION_OF_TRANSMEMBRANE_RECEPTOR_PROTEIN_SERINE_THREONINE_KINASE_SIGNALING_PATHWAY",0.0104347826086957,0.222213438735178,0.297232921999731,-0.41782632728177,-1.35976127577465,228,"353310/15216/21803/433759/11350/13805/17127/26365/16969/65112/68526/22433/21812/77578/50523/328572/80288/66105/52463/224109/52662/18129/20481/17126/101706/193740/19646/98403/11798/66313/229285/24063/12929/170676/114715/75788/11480/50766/103425/11481/17283/22059/380664/23863/12162/16202/170749/26356/17701/72183/17684"
"GOBP_ENERGY_DERIVATION_BY_OXIDATION_OF_ORGANIC_COMPOUNDS",0.0106225296442688,0.223669893857974,0.155354732375283,0.581404722013769,1.56916740211437,305,"246730/18605/23960/12857/16000/227731/17722/20463/14387/66218/17708/12862/66494/245944/11977/12868/110094/15975/17992/68077/17711/12867/66416/67130/17719/12859/17709/17716/66142/22272/78330/384783/11949/66046/16828/11947/67530/66916/67264/108037/28080/66576/12861/27357/110323/54405/11983/21926/67273/17705/18810/27425/67184/67126/22040/67267/12864/63873/11957/11958/71679/57423/17706/14533/17721/12974/170718/66152/56312/66043/66594/66128/110095/66091/17720/110842/104130/66377/12858/18293/17710/14466/68202/66414/14297/14936/66148/224792/12534/67892/17991/17717/17718/67885/227197/66945"
"GOBP_PROTEIN_DEPHOSPHORYLATION",0.01061388410786,0.223669893857974,0.238352921646911,-0.535258220508621,-1.53473355067951,83,"80281/26377/235584/19211/19267/67603/19053/71978/19052/19060/19055/237860/19280/19046/56294/52468/19248/19045/227292/24000/67857"
"GOBP_ORGAN_GROWTH",0.0107744107744108,0.224750768308223,0.256635016972443,-0.46958336060179,-1.43622854496644,132,"19735/19211/11350/74131/67603/70350/18479/21812/50523/11651/232334/17125/230709/26416/20481/16002/17126/11909/56376/373864/13609/17260/13982/11481"
"GOBP_RESPONSE_TO_PLATELET_DERIVED_GROWTH_FACTOR",0.010793793568698,0.224750768308223,0.208826601974224,-0.716149466420355,-1.63808225868456,23,"433759/16416/22612/12912/21898/12402/18591/19684/74155/71785/13198/23789"
"GOBP_SODIUM_ION_HOMEOSTASIS",0.0109308885754584,0.225432514599418,0.183397180948084,0.838436519974675,1.77816776288124,29,"232975/20496/11928/11933"
"GOBP_TYPE_I_INTERFERON_PRODUCTION",0.0109468296843901,0.225432514599418,0.164313492356652,0.685869916793362,1.72220392294949,130,"20846/80861/246730/246728/54123/246727/56489/23960/24088/78781/71586/97165/327959/15944/230073/100038882/20612/22177/22031/15900/270151/15510"
"GOBP_OLIGOSACCHARIDE_BIOSYNTHETIC_PROCESS",0.0113509904295571,0.231261665663998,0.202498775969141,-0.73711607104853,-1.6588423763787,21,"54613/14595/217664/93961/20444/171167/53618"
"GOBP_POSITIVE_REGULATION_OF_MESENCHYMAL_CELL_PROLIFERATION",0.0116596830023684,0.231261665663998,0.180467893079923,0.877615519172955,1.74814905648641,18,"20846"
"GOBP_POTASSIUM_ION_HOMEOSTASIS",0.0115211521152115,0.231261665663998,0.180467893079923,0.857790889444646,1.76011490777658,23,"232975/20496/16518/11928/83704/11933/22627/16531/232341"
"GOBP_REGULATION_OF_EPITHELIAL_TO_MESENCHYMAL_TRANSITION",0.0116618075801749,0.231261665663998,0.229089382980959,-0.522833757294246,-1.51527293690518,89,"353310/21803/19317/19211/13805/17127/21812/80288/19052/52662/17126/207806/24063/114715/67773"
"GOBP_REGULATION_OF_EXTRACELLULAR_MATRIX_DISASSEMBLY",0.0116279069767442,0.231261665663998,0.198584486969905,-0.771249384345262,-1.65599439228901,17,"21803/13010/14086/76499"
"GOBP_RESPONSE_TO_TYPE_II_INTERFERON",0.0113951789627465,0.231261665663998,0.16324176812788,0.69716295807582,1.72475527959536,113,"20846/66141/434341/20684/22352/69550/24088/547253/66102/107508/74117/15944/226421/236573/18173/22121/16149/15900/20302/20304/80285/16573/14528/14433/14469/20296/21926/80876/18712/11465/20909/70789/11629/16365/55943/12313/20911/16160/56403/76074/17472/16859/227753/626578/11898"
"GOBP_VESICLE_TARGETING_TO_FROM_OR_WITHIN_GOLGI",0.0114272388059701,0.231261665663998,0.206652311234449,-0.669033145332402,-1.61537376347861,31,"21787/217449/77038/68581/66682/20224/56334/67511/320714/66397/67857/227648/60409"
"GOBP_NEUTRAL_LIPID_METABOLIC_PROCESS",0.0117682109340086,0.232143445161392,0.162190534576841,0.708470738279709,1.73040901728117,101,"16956/11816/104418/12266/20778/20660/11813/16889/11810/26457/227333/11812/76483"
"GOBP_PROTON_MOTIVE_FORCE_DRIVEN_ATP_SYNTHESIS",0.0120256129939091,0.234749986985267,0.164313492356652,0.73809686029013,1.74107594603984,73,"17722/66218/66416/67130/17719/70257/17716/78330/11949/66046/11947/66916/67264/67942/28080/11984/54405/11983/67273/17705/27425/67184/67126/11957/11958/71679/57423/17706/17721/66043/66091/17720/104130/66377/68202/66414/11951/66477/17991/17717/17718/227197/66945/228033/595136"
"GOBP_REGULATION_OF_DENDRITIC_CELL_DIFFERENTIATION",0.0120240480961924,0.234749986985267,0.177673526439218,0.875490138394765,1.74391544584383,18,"14964/16854/14991/16852/15018"
"GOBP_ANTIGEN_PROCESSING_AND_PRESENTATION",0.0121530382595649,0.23575919087681,0.160146983509279,0.712933105381125,1.72916266733966,96,"14190/21354/13011/14964/13033/14991/76438/13039/17476/15018/14127/13036/19186/12010/18173/16913/12775/16149/11776/65972/13040/67844/13034/19698/15040/11774/15006/14990/20592/22040/12514/18733"
"GOBP_GLYCEROLIPID_CATABOLIC_PROCESS",0.0124750499001996,0.23575919087681,0.166521148019972,0.780399309913901,1.75537628522823,47,"16956/241274/20778/20660/11813/18606/11758/227333/11812/56209"
"GOBP_HEART_GROWTH",0.0122549019607843,0.23575919087681,0.215782858966574,-0.554288697706826,-1.5406579619631,68,"19735/11350/67603/70350/18479/21812/232334/17125/26416/20481/56376/13609/17260"
"GOBP_MELANOCYTE_DIFFERENTIATION",0.0123974475843209,0.23575919087681,0.175004015942342,0.868973575156218,1.74176895957996,19,"24136/18605/17342/76633"
"GOBP_REGULATION_OF_FAT_CELL_DIFFERENTIATION",0.0124706572769953,0.23575919087681,0.15627914647544,0.698061007781354,1.72002420315012,110,"16956/18605"
"GOBP_REGULATION_OF_MESENCHYMAL_CELL_PROLIFERATION",0.0124621684173046,0.23575919087681,0.172450317477257,0.847755120269131,1.76164473249747,25,"20846"
"GOBP_RESPONSE_TO_LIPOPROTEIN_PARTICLE",0.0125176304654443,0.23575919087681,0.171214318379654,0.831208925543239,1.76283938069013,29,"16956/11816/11820/12527/14127"
"GOBP_REGULATION_OF_IMMUNE_EFFECTOR_PROCESS",0.0127986348122867,0.239846416382253,0.140389202001749,0.566521113767057,1.53766522650825,325,"80861/58185/14190/12483/14964/56644/26362/16854/14744/14991/69550/54725/16852/19264/15018/14824/234311/14751/16186/12266/16768/11801/60533/210808/14127/230073/12010/14191/107823/20085/16783/18566/12053/22177/329260/16149/74748/17164/270151/16176/12515/15510/14389/17319/80859/19294/15040/16409/16414/378460/15006/12523/21926/14990/53331/56228/22040/327957/243910/18733/71740/20909/68585/16477/26409/20911/16160/56722/12487/17057/14130/19354"
"GOBP_EMBRYONIC_ORGAN_DEVELOPMENT",0.012870733072188,0.23999755002269,0.303779434551183,-0.390450375181585,-1.31674473082021,330,"58198/21803/16923/243743/50785/13805/17127/26395/21812/73710/212937/65256/22761/22295/11651/11863/12370/99683/327826/14784/21349/18129/19359/12540/18591/19353/16002/17126/110796/12151/17260/56334/16658/230857/20462/20732/76779/73750/11911/15531/22059/12162/13854/20733/17701/192170/320398/17684/20682/26413/319757/70615/67561/18763/77044/19164/13383/15205/12606/24069/72999/97031/68592/12142/11477/19206/100169/20692/277939/76365/17311"
"GOBP_POSITIVE_REGULATION_OF_ERAD_PATHWAY",0.0129442738043001,0.240173951576816,0.18806904097585,-0.764271057941064,-1.64101082195822,17,"22433/54609/193670/56085/27061/64209/216157"
"GOBP_NEURON_PROJECTION_GUIDANCE",0.0130772374335922,0.241445743355189,0.256635016972443,-0.430279436228137,-1.37461043657348,196,"20352/243743/214968/268739/12569/19277/73710/223435/93691/16911/228994/14009/12978/18129/108902/19353/22323/225020/20437/13845/20430/230857/53328/232906/12162/12805/13641/18844/319757/18424/20662/73086"
"GOBP_ANTIMICROBIAL_HUMORAL_IMMUNE_RESPONSE_MEDIATED_BY_ANTIMICROBIAL_PEPTIDE",0.0137468030690537,0.250111737392298,0.155354732375283,0.746337871280392,1.73365059675465,63,"16854/11820/14109/20293/55985/12010/68024/20085/20305/20303/17329/67248/19946/20302/20304/15945/67067/20308/14433/20296"
"GOBP_POSITIVE_REGULATION_OF_INFLAMMATORY_RESPONSE",0.0136752136752137,0.250111737392298,0.146922135732098,0.673736220510422,1.69038414721083,128,"16956/19219/58203/24088/16852/14824/11820/383619/26410/12266/14127/20085/12775/20302/16176/80859/21934/17948/12363/15040/11501/18787/57783/14469/18035/21926/70110/63873/13211/18081/56312/19766/16160/12487"
"GOBP_POSTSYNAPTIC_SPECIALIZATION_ORGANIZATION",0.0137160274320549,0.250111737392298,0.196710025346243,-0.592152712493768,-1.55762795551387,49,"19211/11350/16416/66610/12928/11845/19280/12929/228880/216963/13383"
"GOBP_EXCITATORY_SYNAPSE_ASSEMBLY",0.0138758231420508,0.25123954172177,0.18806904097585,-0.638562502701597,-1.58199603228496,35,"19211/99633/66610/14270/19280"
"GOBP_NUCLEOSIDE_TRIPHOSPHATE_METABOLIC_PROCESS",0.0142421159715158,0.25663197433289,0.135862926377654,0.585611977779264,1.55993726909041,257,"22169/227659/18605/56045/16000/227731/18746/17722/11820/14751/20185/66218/11966/19241/21991/15251/12257/11977/170768/18655/66437/66416/11964/67130/17719/70257/16889/17716/18103/22228/78330/11949/66046/16828/11545/11947/66916/67264/67942/14433/28080/11984/54405/18648/192185/11983/67273/17705/27425/67184/11674/67126/22040/13806/11957/11958/71679/57423/17706/11637/19384/17721/67059/56312/66043/20779/66091/17720/104130/66377/18293/68202/66414/11951/66477/18640/17991/17717/18641/17718/74143/227197/66945"
"GOBP_CARDIAC_EPITHELIAL_TO_MESENCHYMAL_TRANSITION",0.0150742115027829,0.260360113882168,0.179054499269993,-0.663559442732199,-1.59460531429796,30,"21803/13805/67888/21812/24063/18569/17701"
"GOBP_CARDIOCYTE_DIFFERENTIATION",0.0147551978537894,0.260360113882168,0.218259775284787,-0.467188882514356,-1.41958217909138,128,"74376/19735/21803/13805/18479/65256/327826/230709/12540/17258/56376/16795/11793/24063/17260/18569/11364/12162/216850/17684/26413/14369/15205/103806/20182/20544/11477/13018/76365/108655"
"GOBP_CELLULAR_RESPONSE_TO_INTERFERON_BETA",0.0145596590909091,0.260360113882168,0.159153456855406,0.83428760746875,1.74862376744336,27,"20846/246730/15951/23960/383619/226695/15944"
"GOBP_MITOCHONDRIAL_ELECTRON_TRANSPORT_CYTOCHROME_C_TO_OXYGEN",0.0150624540778839,0.260360113882168,0.159153456855406,0.873189955217698,1.72012739281672,17,"12857/20463/17708/12862/12868/17992/12867/12859/17709/66142/12861/110323/12864/12858/17710"
"GOBP_REGULATION_OF_CHONDROCYTE_DIFFERENTIATION",0.0147878787878788,0.260360113882168,0.184915881971771,-0.6126637928023,-1.57095320830112,42,"17132/17127/21812"
"GOBP_REGULATION_OF_G_PROTEIN_COUPLED_RECEPTOR_SIGNALING_PATHWAY",0.0149750415973378,0.260360113882168,0.215782858966574,-0.466665050300314,-1.41675526548652,127,"11555/19735/67298/16923/18750/23945/66082/110355/16416/18576/109689/105171/26431/54609/19055/238871/239217"
"GOBP_REGULATION_OF_MICROGLIAL_CELL_ACTIVATION",0.0150624540778839,0.260360113882168,0.159153456855406,0.873124663781688,1.71999877293633,17,"13011/19264/14824/20302"
"GOBP_RESPONSE_TO_TRANSFORMING_GROWTH_FACTOR_BETA",0.0147533425541724,0.260360113882168,0.256635016972443,-0.40704025763483,-1.33274040498598,245,"353310/15446/21803/433759/11350/11906/14815/13805/17127/328365/26365/16969/65112/16476/22433/19303/110829/21812/12193/77578/22612/50523/328572/80288/12912/52463/224109/17125/52662/12488/230597/20481/17126/12928/193740/19646/98403/66313/24063/12929/170676/114715/17260/224105/75788/17283/71785/22059/107321/380664/23863/170749/26356/17129/72183/17684/53618/20682"
"GOBP_TRIGLYCERIDE_CATABOLIC_PROCESS",0.0150624540778839,0.260360113882168,0.159153456855406,0.872597096631479,1.71895949997951,17,"16956"
"GOBP_ATP_SYNTHESIS_COUPLED_ELECTRON_TRANSPORT",0.0151607034566404,0.260652828236184,0.143909619745855,0.702909384584406,1.69542629168722,90,"12857/17722/20463/66218/17708/12862/12868/17992/17711/12867/66416/67130/17719/12859/17709/17716/66142/22272/78330/66046/67530/66916/67264/66576/12861/110323/54405/67273/12864/17721/66152/66594/66091/17720/66377/12858/17710/68202/66414/66148/12534/67892/17991/17717/17718/227197/66945"
"GOBP_NEUTRAL_LIPID_CATABOLIC_PROCESS",0.015444700869874,0.263121540274034,0.154446348855961,0.831832890393413,1.73748821945248,26,"16956"
"GOBP_REGULATION_OF_PATTERN_RECOGNITION_RECEPTOR_SIGNALING_PATHWAY",0.0153763150795792,0.263121540274034,0.134646973904378,0.628252540617473,1.62219287611307,176,"80861/19106/58185/54123/246746/231655/78781/11820/234311/65221/226695/15944/226421/18521/69104/68077/59079/270151/11796/11545/22627/56174/14469/21929/66878/19063/21897/13057/22040/70110/67705/64383/68585/57738/16365/76457/18081/16784/26409/20779/59125"
"GOBP_INTERLEUKIN_1_PRODUCTION",0.0156155245603396,0.264827991186212,0.141766537975907,0.701006187727444,1.69083575688954,90,"16956/56644/16000/11820/383619/226695/18854/12775/22177/217203/20302"
"GOBP_PALLIUM_DEVELOPMENT",0.0158262789841737,0.266586000956543,0.220823464091113,-0.441247735138874,-1.38710868688651,166,"14766/433759/19211/22142/22151/70839/328365/433693/12569/73710/67439/320165/19353/228662/12928/16795/67760/14055/70223/14270/12227/19280/12929/20462/223697/217734/77582/56637/16777/18015/246179/73242/171167/216850/319757/102774"
"GOBP_PHAGOCYTOSIS_RECOGNITION",0.0158614402917046,0.266586000956543,0.154446348855961,0.859481920168276,1.72274390461202,19,"56644/12268/20778"
"GOBP_REGULATION_OF_TYPE_2_IMMUNE_RESPONSE",0.0160227879651059,0.268095577201862,0.151812881287453,0.833694029914243,1.73242562763498,25,"58185/12053/329260/16149/13601"
"GOBP_POSITIVE_REGULATION_OF_TRANSFERASE_ACTIVITY",0.0164227061763656,0.271956945766522,0.213387923018053,-0.444433761727404,-1.39023159945711,156,"320664/30955/68652/320207/215653/11350/142980/64143/26395/54396/105171/16911/26408/12283/23991/11514/16822/12978/22034/18591/56371/21899/22596/12151/213452/214987/22032/71943/17002"
"GOBP_POSTSYNAPSE_ASSEMBLY",0.0164712451144612,0.271956945766522,0.18806904097585,-0.525315479651287,-1.48747080954258,76,"19211/11350/75415/140580/66610/330662/217333/238130/19353/12928/19280/210293/12929/234664/18391/22192/56212/223870/80913/14674/16798/212139/170758"
"GOBP_REGULATION_OF_MONOCYTE_DIFFERENTIATION",0.0163265306122449,0.271956945766522,0.1535535368591,0.869974525962473,1.69909105574131,16,"12977/54123/16149"
"GOBP_REGULATION_OF_ORGAN_GROWTH",0.0166122004357298,0.273081259794366,0.184915881971771,-0.545305718414068,-1.5156895680074,68,"19735/19211/74131/67603/70350/18479/21812/50523/11651/232334/26416/16002/17260"
"GOBP_POSITIVE_REGULATION_OF_MIRNA_TRANSCRIPTION",0.0168650793650794,0.276027587162958,0.175004015942342,-0.595821114754543,-1.55434039356885,46,"21803/14815/17127/16476/23871/56484/17125/18129/18591/18986/19697/223701/22059"
"GOBP_OXIDATIVE_PHOSPHORYLATION",0.0169419737399407,0.276080511205642,0.131183404131763,0.651205592087129,1.64238570917408,138,"12857/17722/20463/66218/17708/12862/11977/12868/17992/17711/12867/66416/67130/17719/12859/17709/17716/66142/22272/78330/11949/66046/11947/67530/66916/67264/108037/28080/66576/12861/110323/54405/11983/21926/67273/17705/27425/67184/67126/67267/12864/11957/11958/71679/57423/17706/17721/66152/56312/66043/66594/66091/17720/104130/66377/12858/17710/68202/66414/14297/66148/12534/67892/17991/17717/17718/227197/66945"
"GOBP_NEGATIVE_REGULATION_OF_T_CELL_DIFFERENTIATION",0.0170415814587594,0.276501503495369,0.143909619745855,0.778990459831281,1.71978373477685,41,"14190/16852/16768/12053/16149/12515"
"GOBP_NEGATIVE_REGULATION_OF_ENDOTHELIAL_CELL_PROLIFERATION",0.0172173913043478,0.278149925037481,0.144645572264101,0.796563496857922,1.72848968242222,35,"20846/11816"
"GOBP_NEGATIVE_REGULATION_OF_COLD_INDUCED_THERMOGENESIS",0.0173679060665362,0.279377304452265,0.171214318379654,-0.603142952560918,-1.54825428083719,43,"19317/21887/66082/105171/21898/224860/209446/240028/27399/11481/11911/13198/107515/18162"
"GOBP_PRIMARY_MIRNA_PROCESSING",0.0175515577007459,0.281124949839298,0.161159145661682,-0.748848121364199,-1.60789533817005,17,"21803/17127/20383/17125/17126/68092/94223/13207/433702/20848/56335"
"GOBP_NEGATIVE_REGULATION_OF_CYTOKINE_PRODUCTION",0.0179298067141404,0.285961342828077,0.120854561651304,0.576651643653769,1.53606897459468,257,"93695/80861/246730/19219/26362/246727/23960/16000/11746/14991/69550/19264/14268/67972/12522/327959/15944/15368/18854/16768/60533/12257/20612/18173/11513/12053/12775/22177"
"GOBP_PIGMENT_CELL_DIFFERENTIATION",0.0180530973451327,0.286707664616769,0.142470368773132,0.815904720706138,1.7197124295521,28,"24136/18605/17342/12512/11776/76633/67844"
"GOBP_SPHINGOLIPID_BIOSYNTHETIC_PROCESS",0.0182252763668957,0.288220826257912,0.184915881971771,-0.494864994741262,-1.44603580595468,95,"242083/26889/57874/76893/20448/76303/20454/68059/57370/22234/30960/67630/16795/56386/75292/227102/20444/70750/56375/223753/17250/18436/20598"
"GOBP_POSITIVE_REGULATION_OF_RESPONSE_TO_CYTOKINE_STIMULUS",0.018309186435281,0.288331221678291,0.134050934338562,0.725958828294373,1.68874448072538,64,"12977/54123/26362/434341/56489/58203/246746/24088/547253/71586/80985/15944/230598/230073/15251/16149/80285/12363"
"GOBP_ANTIGEN_PROCESSING_AND_PRESENTATION_VIA_MHC_CLASS_IB",0.0184151785714286,0.288786984459056,0.144645572264101,0.872959588588795,1.69409646776814,15,"14964/14991/15018/12010/11776/15040/11774/15006/14990"
"GOBP_CELLULAR_RESPONSE_TO_TYPE_II_INTERFERON",0.0186972255729795,0.289575212593087,0.129015392724128,0.686471607427279,1.66209296814935,94,"20846/434341/20684/22352/24088/547253/107508/74117/15944/226421/236573/22121/15900/20302/20304/80285/16573/14433/14469/20296/21926/18712/11465/20909/11629/16365/55943/12313/20911/16160/56403/76074/17472/16859/227753/626578/11898"
"GOBP_CELL_CELL_JUNCTION_ASSEMBLY",0.0186735350933677,0.289575212593087,0.189706833450518,-0.46960171601963,-1.40804195189896,117,"21872/353310/18613/18750/16456/14086/19277/328133/11461/19353/83964"
"GOBP_DEVELOPMENT_OF_PRIMARY_SEXUAL_CHARACTERISTICS",0.0185471406491499,0.289575212593087,0.208826601974224,-0.427550989613402,-1.34837607592909,176,"14766/58198/268903/53791/142980/70350/56218/21812/56484/11727/16848/20851/27057/12443/12402/14366/12488/22764/19353/81897/12929/263876/13982/73469/11480"
"GOBP_NEGATIVE_REGULATION_OF_LYMPHOCYTE_ACTIVATION",0.0188732394366197,0.291098359705558,0.124026527381656,0.639322503966157,1.61862151662349,144,"93695/15951/14190/26362/16854/14991/16852/15018/226695/16768/60533/14191/18566/12053/22177/16149/12515/15040/16988/15902/21929/229473/27027/11920/193385/18733"
"GOBP_REGULATION_OF_CYTOPLASMIC_PATTERN_RECOGNITION_RECEPTOR_SIGNALING_PATHWAY",0.0190244600200257,0.292228180963346,0.124499976253388,0.651758612411323,1.6317626386712,126,"80861/19106/58185/231655/78781/234311/65221/226695/15944/226421/18521/69104/68077/59079/270151/11796/11545/56174/14469/21929/66878/19063/22040/67705/64383/68585/57738/16784/26409/20779/59125"
"GOBP_NITRIC_OXIDE_MEDIATED_SIGNAL_TRANSDUCTION",0.0191431175934366,0.292476433329011,0.140389202001749,0.850146967996399,1.70403294446664,19,"11816/20778"
"GOBP_RIBOSOMAL_SMALL_SUBUNIT_BIOGENESIS",0.0191966922622563,0.292476433329011,0.125952931638622,0.669232026980324,1.64187590590266,105,"20115/20055/20044/27207/76846/20042/18148/14109/66475/20068/20102/54127/20091/66481/16785/20085/20104/78294/20116/57294/20088/68052/75617/20103/20054/267019/67941/66878/75416/14113"
"GOBP_POSITIVE_REGULATION_OF_INTERFERON_BETA_PRODUCTION",0.0194453838349679,0.29506598628931,0.134050934338562,0.763944907067733,1.69776326973986,43,"246730/246728/54123/246727/23960/24088/78781/71586/97165/230073/100038882"
"GOBP_THYMUS_DEVELOPMENT",0.019546332046332,0.295401824635696,0.160146983509279,-0.60458537886555,-1.53589839028048,40,"11350/68964/26395/21812/16911/268564/230709/228790/13845/12929/16658/17684/26413/19164/15205/12125"
"GOBP_NEGATIVE_REGULATION_OF_MACROPHAGE_ACTIVATION",0.0197172619047619,0.295732602739726,0.139715216553372,0.868808455206768,1.6860406304858,15,"13011/19264/14824"
"GOBP_PROTEIN_ACYLATION",0.0197260273972603,0.295732602739726,0.170004278488927,-0.540739625880652,-1.49518815386146,67,"239667/14645/22433/75965/328572/228136/28019/244349/56458/81601/229906/208884/80795/217127/224454/73242/57437/19042"
"GOBP_REGULATION_OF_DEFENSE_RESPONSE_TO_VIRUS",0.0198341733051536,0.296169249194087,0.130086070372915,0.742422112790281,1.69991196850614,56,"20846/14190/383619/80985/15944/18854/230073/18521/22031/16176/209200/80285/21929/15519/27027/18733/13211/224647/16160"
"GOBP_PANCREAS_DEVELOPMENT",0.0200527704485488,0.297994388850692,0.165406383146814,-0.558836458363004,-1.51681805536339,59,"16194/22433/19726/20677/627049/11651/13666/16002/17126/56637/11481/19653/68151/14912/20682/319757/16337/15205/21416"
"GOBP_POSITIVE_CHEMOTAXIS",0.0201154163231657,0.297994388850692,0.130086070372915,0.752216698289489,1.69857878890643,49,"93695/16854/18186/11820/97165/20305/20302/20304/15945/17319/20308/22340/20296"
"GOBP_ENDOPLASMIC_RETICULUM_ORGANIZATION",0.0203167015237526,0.299791327996161,0.175004015942342,-0.490455756326201,-1.43315165231091,95,"72265/104001/14792/13476/19325/20168/66087/89867/30960/67878/109168/13666/66270/68944/53421/56334/69162/103425/70361/69683/12328/66725/54208/230866/70675/73024/227648/67767/226407/236792/68018/13829/71446/67604/77626"
"GOBP_POSITIVE_REGULATION_OF_IMMUNE_EFFECTOR_PROCESS",0.0205416721182782,0.301922302350222,0.114417265153214,0.592623859602328,1.55399136343898,209,"80861/58185/14964/56644/14744/14991/54725/19264/15018/234311/14751/16186/12266/16768/210808/14127/230073/12010/14191/107823/20085/16783/22177/329260/16149/17164/16176/15510/14389/17319/80859/19294/15040/16409/16414/15006/21926/14990/53331/327957/243910/18733"
"GOBP_REGULATION_OF_COLLAGEN_METABOLIC_PROCESS",0.0206621272599202,0.302506456914769,0.1535535368591,-0.631029686751903,-1.54499551077036,33,"16194/74048/21803/13010"
"GOBP_REGULATION_OF_MORPHOGENESIS_OF_A_BRANCHING_STRUCTURE",0.0211081794195251,0.306641304125504,0.1535535368591,-0.608091434695249,-1.5364983683069,39,"104156/21803/11350/12388/13982/107515/12162/66725/20682/319757"
"GOBP_REGULATION_OF_NEUROBLAST_PROLIFERATION",0.0211081794195251,0.306641304125504,0.1535535368591,-0.608033067677458,-1.53635088912452,39,"13051/21803/216858/12227/18015/22059/66725/319757/99982/244667"
"GOBP_T_CELL_TOLERANCE_INDUCTION",0.0212053571428571,0.30686362382791,0.134646973904378,0.864853091622283,1.67836471104485,15,"14964/14991/15018"
"GOBP_POSITIVE_REGULATION_OF_CATALYTIC_ACTIVITY",0.0214211076280042,0.307610388466512,0.22623238004642,-0.383085893384026,-1.28152676425181,298,"320664/30955/74048/68652/21817/320207/215653/11350/142980/11542/64143/217692/98910/170625/14020/26395/110829/54396/105171/12946/68041/16911/269523/26408/12283/11651/23991/11514/16822/12978/22034/217463/26416/18591/228850/56371/107746/192786/193740/14270/21899/22596/210293/12151/213452/214987/13982/22032/71943"
"GOBP_POSITIVE_REGULATION_OF_SIGNAL_TRANSDUCTION_BY_P53_CLASS_MEDIATOR",0.0214173776771722,0.307610388466512,0.129547467550097,0.780492842371192,1.68981922531479,34,"20115/67427/19941/65019/226695/18854/67281/58801/67025/20054/276770/70103/20586/11920/17872"
"GOBP_POSITIVE_REGULATION_OF_INTERFERON_ALPHA_PRODUCTION",0.0216580862772945,0.309826363997328,0.130086070372915,0.814205318316648,1.70066868613679,26,"20846/54123/78781/71586/230073"
"GOBP_DETECTION_OF_EXTERNAL_BIOTIC_STIMULUS",0.0218356115746494,0.311178221223521,0.129547467550097,0.813624929312138,1.69945640050865,26,"14964/56644/24088/15018/12268/20778/17948/14990/21897"
"GOBP_POSITIVE_REGULATION_OF_NITRIC_OXIDE_METABOLIC_PROCESS",0.0219441110920624,0.311539880200947,0.126949802769892,0.765432410651547,1.68099439478682,39,"20846/56644/11816/11820/15251/18438/217203/16176/16414/109900/21926/15519"
"GOBP_DETECTION_OF_OTHER_ORGANISM",0.0220601640838651,0.312005641457835,0.13063133623686,0.84305575140564,1.68981932359649,19,"14964/56644/24088/15018/17948/14990/21897"
"GOBP_ELECTRON_TRANSPORT_CHAIN",0.0222059897735573,0.312887404779297,0.116319528645477,0.652482759737226,1.61421812743433,113,"12857/17722/20463/66218/17708/12862/245944/12868/17992/17711/12867/66416/67130/17719/12859/17709/17716/66142/22272/78330/66046/67530/66916/67264/66576/12861/110323/54405/67273/18810/12864/68165/17721/66152/66594/66091/17720/110842/66377/12858/17710/14466/68202/66414/66148/12534/67892/17991/17717/17718/227197/66945"
"GOBP_DENDRITIC_SPINE_MORPHOGENESIS",0.0226060452120904,0.316479773595102,0.152675855527469,-0.567606236913006,-1.50533514927613,51,"19211/217692/13631/12569/77097/66610/18163/73178/12540/56376/210293/13845/66725/70237/13048"
"GOBP_POSITIVE_REGULATION_OF_SUBSTRATE_ADHESION_DEPENDENT_CELL_SPREADING",0.0226298237255836,0.316479773595102,0.147704896905467,-0.605081000241947,-1.51216289938036,37,"320664/11350/16416/110829/50918/23991/330662/12540/19353/12928/12929"
"GOBP_ATP_METABOLIC_PROCESS",0.023003528950464,0.320510135711298,0.107942085094929,0.583625114735418,1.53268239084985,214,"227659/18605/16000/227731/18746/17722/11820/14751/20185/66218/11966/19241/21991/15251/12257/11977/170768/18655/66437/66416/11964/67130/17719/70257/16889/17716/22228/78330/11949/66046/16828/11545/11947/66916/67264/67942/14433/28080/11984/54405/18648/192185/11983/67273/17705/27425/67184/11674/67126/22040/13806/11957/11958/71679/57423/17706/11637/17721/67059/56312/66043/20779/66091/17720/104130/66377/18293/68202/66414/11951/66477/18640/17991/17717/18641/17718/227197/66945"
"GOBP_LAYER_FORMATION_IN_CEREBRAL_CORTEX",0.0231301340250757,0.321080527133273,0.139050712469267,-0.761682501596861,-1.58922537570445,15,"14766/12569"
"GOBP_MRNA_3_END_PROCESSING",0.0234639574262216,0.321265968845298,0.146151534304949,-0.592511800885049,-1.51301690159705,41,"75137/83410/98985/67337/20492/54451/70470/214498/68092/228410/432508/74737/74320/269061/214627/330216/433702"
"GOBP_POSITIVE_REGULATION_OF_CELL_ADHESION",0.0235215053763441,0.321265968845298,0.245188063659135,-0.362069341893527,-1.2377227053359,411,"320664/21872/16194/14766/74048/14537/21817/21803/18750/105855/11350/11906/74131/70839/16410/17127/328365/12721/16456/223601/16416/12988/23871/102657/22433/171285/16195/20677/19261/110829/56484/11689/22612/328572/54519/74734/20963/12946/50918/16423/20851/268564/17973/17096/11651/23991/330662/16197/209446/22034/83436/19055/11461/12540/18591/19353/93760/16002/12928/18754/27218/19159/211922/207952/12929/12151/81601/83945"
"GOBP_POSITIVE_REGULATION_OF_PROTEIN_MODIFICATION_PROCESS",0.0234798314268513,0.321265968845298,0.232056818075608,-0.368814623588356,-1.24744756076286,355,"320664/30955/68652/320207/21803/215653/11350/239667/142980/54354/64143/242248/22433/26395/16792/109689/108705/54396/105171/269523/26408/12283/11651/50995/11863/23991/11514/16822/67819/12978/22034/18591/56371/19353/56085/58184/93765/76273/11798/78246/67245/21899/22596/244666/102323/268752/13205/12151/81601/83945/229615/22032/71943/114893/56469/17002/11480/56637"
"GOBP_REGULATION_OF_CELL_ADHESION_MEDIATED_BY_INTEGRIN",0.0235151515151515,0.321265968845298,0.146151534304949,-0.590013850638415,-1.51287567911102,42,"30955/105855/70839/16416/18576/20963/17096/108101/23991/20947/83964/12928/12929"
"GOBP_VESICLE_TARGETING_ROUGH_ER_TO_CIS_GOLGI",0.0235720761559383,0.321265968845298,0.141072897117004,-0.682533214314532,-1.57196643749683,24,"21787/217449/68581/66682/20224/56334/320714/66397/67857/227648/60409"
"GOBP_ARACHIDONATE_METABOLIC_PROCESS",0.0236672794117647,0.321394794330776,0.141766537975907,-0.655622640833208,-1.55752068461396,28,"19224/23945/66082/11689"
"GOBP_SYNAPSE_ASSEMBLY",0.0237791932059448,0.321748794714372,0.193113963346815,-0.409149923963921,-1.31944148101003,213,"18750/243743/19211/11350/75415/13631/17257/99633/140580/66610/65945/22343/330662/217333/238130/19353/56376/12928/11845/16795/14270/12217/19280/210293/13845/12929/67453/17260/234664/13169"
"GOBP_CELLULAR_RESPONSE_TO_NUTRIENT_LEVELS",0.0239178473937346,0.322460762704019,0.105519930289441,0.576164439071022,1.51823446314699,225,"16956/19106/11520/56486/226695/218035/12575/58801/110147/15382/66905/11910/69029/74137/21934/208643/22228"
"GOBP_POSTSYNAPSE_ORGANIZATION",0.0241423125794155,0.324320385475446,0.191387828756382,-0.406736740988193,-1.3090717237414,210,"104156/19211/11350/75415/242687/217692/16416/13631/12569/67943/77097/140580/66610/11651/109711/18163/330662/11843/70729/217333/238130/11461/73178/12540/19353/56376/12928/11845/19141/19280/210293/13845/12929/83945/68942/234664/13169/16001/228880/18015/18391/66725/22192/70237/11487/216963/56212/13048/16337/223870/19164/80913/13383"
"GOBP_INTERLEUKIN_6_MEDIATED_SIGNALING_PATHWAY",0.0242844752818734,0.325065047701648,0.135862926377654,-0.741989969400751,-1.57404975146007,16,"16194/16195"
"GOBP_REGULATION_OF_SPROUTING_ANGIOGENESIS",0.0247061645478532,0.329532757029729,0.141766537975907,-0.599248251671722,-1.51415380709285,39,"21872/21817/26365/14645/13855/11689/17125"
"GOBP_EOSINOPHIL_MIGRATION",0.0250463821892393,0.332885959025777,0.123558344666082,0.853120076419082,1.6661737189527,16,"19219/16854/20293/20303/20302/20304/11501/20296"
"GOBP_INTERFERON_ALPHA_PRODUCTION",0.0254222531777816,0.336687649859808,0.118729771541953,0.776517592811952,1.67217648303924,32,"20846/54123/78781/71586/230073"
"GOBP_PLASMINOGEN_ACTIVATION",0.0260521042084168,0.343746274094881,0.119991298354729,0.839547101546359,1.67231941708056,18,"64138/12306/20720/15451/18793/18655/18787/13806"
"GOBP_RESPONSE_TO_INTERLEUKIN_6",0.0262059369202226,0.343746274094881,0.13525091239264,-0.637440497659127,-1.53183865627876,30,"16194/20345/54613/16195"
"GOBP_RESPONSE_TO_PURINE_CONTAINING_COMPOUND",0.0262965668371074,0.343746274094881,0.106710889259626,0.640610794097142,1.58484732512805,113,"20846/18605/65973/28240/11820/11539/18442/18438/270627/12215/16176"
"GOBP_TRNA_METHYLATION",0.0263220866235942,0.343746274094881,0.137111915255226,-0.594714222187253,-1.49505714987619,38,"67674/11651/67667/78890/52575/98685/54632/83669/70359/209584/14911/75284/328162/74753/17299/76357/106338/212528"
"GOBP_CELLULAR_RESPONSE_TO_LIPID",0.0265233794443809,0.343977945181798,0.0937158165018434,0.498988174906466,1.39167971453688,498,"16956/232975/19219/22169/26362/20750/22352/16000/24088/11502/11928/20185/97165/55985/15944/60533/20183/12257/12010/17390/245944/18753/217124/20778/13555/104111/14683/12775/107476/70790/11303/11991/231130/17329/15900/270627/235283/70097/16176/20602/66437/12633/17079/15945/17319/224902/80859/13163/11545/18787/57783/17698/14469/12894/21929/18035/20296/20586/21926/216161/67184/20592/11920/17977/51788/18712/327957/17084/12514/18023/18733/26400/266632/19384/18626/20787/319236"
"GOBP_TYPE_2_IMMUNE_RESPONSE",0.0264670033083754,0.343977945181798,0.116319528645477,0.76567448913308,1.65773649908095,34,"58185/12053/329260/16149/13601"
"GOBP_DEVELOPMENTAL_PIGMENTATION",0.0268780151619573,0.344323654198545,0.114790404232843,0.758523931168173,1.65769473181617,37,"24136/18605/17342/12512/77573/11776/76633/67844"
"GOBP_EXPORT_ACROSS_PLASMA_MEMBRANE",0.0267601146862058,0.344323654198545,0.110534700747335,0.707520165153515,1.6475029649138,65,"232975/18301/11307/11928/67972/11303/11933/26457/22627/12315/57738/12313"
"GOBP_POSITIVE_REGULATION_OF_INTERLEUKIN_6_PRODUCTION",0.026729799908355,0.344323654198545,0.108256440008936,0.677141932060533,1.62274746642451,84,"16956/56644/24088/11820/71586/226421/14127/230073/22177/217203/16149/12215/16176/15510"
"GOBP_RESPONSE_TO_ESTRADIOL",0.026917510853835,0.344323654198545,0.149308206900753,-0.491447212144029,-1.41319206804934,85,"353310/15446/268903/21803/18750/56338/20910/20851/12443/12370/17979/94186"
"GOBP_ANTIMICROBIAL_HUMORAL_RESPONSE",0.0277478032989055,0.346276576843352,0.106710889259626,0.678206748139825,1.61660869371287,81,"16854/17105/15018/11820/14109/20293/55985/12010/68024/20085/18173/20305/20303/17329/67248/19946/20302/20304/15945/15040/67067/20308/14433/20296/16365/15331/53357/12051/20299"
"GOBP_CHOLESTEROL_EFFLUX",0.0274919885309496,0.346276576843352,0.112250868978221,0.741511285373748,1.65429611655037,45,"11816/67963/11307/20652/20778/11303/16971/11813/16889/11812"
"GOBP_DETECTION_OF_BACTERIUM",0.0280148423005566,0.346276576843352,0.116711254186642,0.848907068892752,1.6579455660676,16,"14964/24088/15018/17948/14990/21897"
"GOBP_ENDOCRINE_HORMONE_SECRETION",0.0273055126223596,0.346276576843352,0.113681552791533,0.756196137834245,1.65597708701003,38,"80885/20750/12257/16176"
"GOBP_MYELOID_CELL_HOMEOSTASIS",0.0274217996417252,0.346276576843352,0.101377203467264,0.607918165292859,1.55638425595546,161,"20846/12977/80885/26362/56417/20044/14751/18477/20068/97165/15258/15368/14127/15251/12010/100038882/20085/12053/18174"
"GOBP_NEGATIVE_REGULATION_OF_CELL_CYCLE_G1_S_PHASE_TRANSITION",0.0282141712087207,0.346276576843352,0.107942085094929,0.704893783592323,1.63416680899841,61,"93695/104418/19241/12575/227331/26992/12795/237886"
"GOBP_NEGATIVE_REGULATION_OF_LYMPHOCYTE_DIFFERENTIATION",0.0283594394064303,0.346276576843352,0.109215847765851,0.734100063397173,1.65766965750264,49,"14190/16852/16768/12053/16149/12515/15902/229473"
"GOBP_NEGATIVE_REGULATION_OF_MYELOID_LEUKOCYTE_DIFFERENTIATION",0.0283636363636364,0.346276576843352,0.132881872272143,-0.582082029762808,-1.49253741267747,42,"19317/142980/26365/57259/22761/21898/17096/18708/211770/16331/229615/16658/17002/18015/102791/72828"
"GOBP_NEUROTROPHIN_SIGNALING_PATHWAY",0.0277060342803475,0.346276576843352,0.132308522605383,-0.621540835800966,-1.51242160087076,32,"12721/20661/12488/107746/24063/20430/109905/20662/56392"
"GOBP_POSITIVE_REGULATION_OF_HOMOTYPIC_CELL_CELL_ADHESION",0.0273200346921075,0.346276576843352,0.12797030576243,-0.735810550176807,-1.56094079622517,16,"16194/16456/16195"
"GOBP_POSITIVE_REGULATION_OF_LEUKOCYTE_MEDIATED_IMMUNITY",0.0278901734104046,0.346276576843352,0.102976480753546,0.634708701465587,1.57868085943751,118,"58185/14964/56644/14991/54725/19264/15018/12266/16768/14127/230073/12010/107823/16783/22177/329260/16176/15510/19294/15040/16409/16414/15006/21926/14990/53331/327957"
"GOBP_POTASSIUM_ION_TRANSPORT",0.0278498293515358,0.346276576843352,0.100098503124201,0.600923685540636,1.54532426867617,171,"232975/18301/20496/16518/11928/11539/12512/380728/15451/83704/11933/12289/16491/16573/22627/16531"
"GOBP_PROTEIN_CATABOLIC_PROCESS_IN_THE_VACUOLE",0.0283185840707965,0.346276576843352,0.113318868985054,0.789306637388099,1.66365066973692,28,"13011/74772/14824/13036/16971/12752/83768/27060/16784/224703/84092/14466/231855/12751"
"GOBP_TORC1_SIGNALING",0.0281337918099406,0.346276576843352,0.151812881287453,-0.470615727486317,-1.39432739342494,108,"20111/140742/68526/70510/328572/20963/237782/18145/11651/232087/22346/22631/56692/68441/225131/76630/93765/67245/93687/20224/83429/18749/22258/72124/66397/268706/219024/74370/224023/216080/73086/110379"
"GOBP_POSITIVE_REGULATION_OF_MACROAUTOPHAGY",0.0285882699675803,0.346759986532333,0.146151534304949,-0.481677879639381,-1.39958060648003,91,"11555/72512/18718/140742/64143/29810/170625/54396/237782/66839/108083/14679/18475/225131"
"GOBP_RESPONSE_TO_NERVE_GROWTH_FACTOR",0.0285218253968254,0.346759986532333,0.134050934338562,-0.570999409342507,-1.48958710033403,46,"12721/13631/56484/27373/20661/12912/11651/12402/23991/12488/107746/12928/11845/78618/77407/16819/109905/192170/13629/15205/56392"
"GOBP_PROTEIN_DEACETYLATION",0.028783449516528,0.348001189638538,0.126949802769892,-0.680413967422035,-1.5563427759939,23,"72948/433759/328572/320365"
"GOBP_PIGMENTATION",0.0291320754716981,0.351083661954741,0.102976480753546,0.656410332890206,1.58736246226378,93,"11816/24136/18605/17918/14694/17342/12512/94245/77573/11977/73822/11776/17101/13191/76633/67844/320713/11774"
"GOBP_DEOXYRIBONUCLEOTIDE_METABOLIC_PROCESS",0.0293115201090661,0.351714349391796,0.109215847765851,0.746802597642157,1.64872232298231,41,"22169/56045/22436"
"GOBP_POSITIVE_REGULATION_OF_CHOLESTEROL_EFFLUX",0.0294064258486114,0.351714349391796,0.11260357881031,0.825118058249316,1.66427525466735,20,"11816/11307/11303/16971"
"GOBP_REGULATION_OF_RNA_SPLICING",0.0294659300184162,0.351714349391796,0.161159145661682,-0.421911126580182,-1.32739369656009,167,"216825/19317/13548/20383/16969/13992/19655/19205/56758/67010/72397/28000/101206/231151/77604/60532/72462/18708/66810/230257/54633/105559/74255/15387/67760/193740/20382/50912/110213/109095/20462/19656/60365/68035/19653/56190/75710/67959/12696/107817/268859/22185/14007/229700/78943/13207/72195/433702/225027/27374/236732/83486/57317/20220/108014/22668/68675/102162/67493/66587/19712"
"GOBP_RESPONSE_TO_INTERLEUKIN_7",0.0297694681430387,0.354209417778124,0.111901382188671,0.822344370858781,1.66591483809667,21,"20846/16186/15510/22608/11947"
"GOBP_AXIS_SPECIFICATION",0.0301369863013699,0.356319951601054,0.137111915255226,-0.519593877136935,-1.43671847360704,67,"70350/212937/19821/327826/18129/20481/17126/218850/56334/71458/13198/68151/17684/319757/18424/67122/16825/19206/277939/72634"
"GOBP_ERAD_PATHWAY",0.0301242236024845,0.356319951601054,0.146151534304949,-0.467118157726475,-1.3818533444534,106,"226144/27362/109815/192193/75841/22433/23802/223455/269523/22644/67819/54609/76867/193670/226418/56085/12745/17155/30931/227619/226641/66597/68889/68292/215160/116891/27061/97863/63958/64209/68366/56812/216157"
"GOBP_POSITIVE_REGULATION_OF_LIPID_TRANSPORT",0.0303273427471117,0.35744302080558,0.104084546739236,0.699961281657463,1.62246655391056,62,"11816/20750/12306/11307/14077/18438/66494/18753/11303/16971/11980/16176/17319/21934/13167/20280"
"GOBP_AEROBIC_RESPIRATION",0.0311534846246811,0.362583422122566,0.0937158165018434,0.587067792741558,1.51984429120738,181,"12857/17722/20463/66218/17708/12862/11977/12868/17992/68077/17711/12867/66416/67130/17719/12859/17709/17716/66142/22272/78330/11949/66046/11947/67530/66916/67264/108037/28080/66576/12861/110323/54405/11983/21926/67273/17705/27425/67184/67126/67267/12864/63873/11957/11958/71679/57423/17706/14533/17721/12974/170718/66152/56312/66043/66594/66128/66091/17720/104130/66377/12858/18293/17710/68202/66414/14297/66148/12534/67892/17991/17717/17718/227197/66945"
"GOBP_CARDIAC_MUSCLE_CELL_DIFFERENTIATION",0.0311554748941319,0.362583422122566,0.141766537975907,-0.470736586466479,-1.37888192239098,99,"74376/19735/21803/18479/65256/327826/230709/17258/56376/16795/11793/17260/11364/216850/14369/103806/20182/20544/11477/13018/76365/108655"
"GOBP_GLYCOSYLATION",0.0313439244310863,0.362583422122566,0.168819300017839,-0.397490983258977,-1.28867254494589,221,"14537/233115/67075/228875/54613/20448/56374/218989/56737/20454/14426/14595/18145/97484/217664/93961/52463/269181/17308/171212/57370/102580/108902/54616/16795/56386/17155/117592/20444/56375/227619/217734/68292/16430/224143/216395/97440/246179/66059/13200/18822/171167/50798/72050/53618/66357/73068/14423/109785/338337/19164/208211/68304/207958/380959/103963/20014/57170/74498/66789/16834/97884/68273/227671/14345/237500/68857/13135/208624/140481/70551"
"GOBP_MUSCLE_HYPERTROPHY",0.0313111545988258,0.362583422122566,0.135862926377654,-0.505338756435453,-1.42310998822711,74,"19735/18750/17127/16195/18479/21937/109689/21938/11938/19055/17258/56376/56458/74155/229877/224105"
"GOBP_POSITIVE_REGULATION_OF_PEPTIDYL_TYROSINE_PHOSPHORYLATION",0.0310019841269841,0.362583422122566,0.128489714653408,-0.567574208937514,-1.48065165441963,46,"320664/21803/11350/242248"
"GOBP_REGULATION_OF_RESPIRATORY_BURST",0.0311688311688312,0.362583422122566,0.110534700747335,0.842031547490203,1.64451742930037,16,"56644/14824/227541/20085/74748"
"GOBP_INTERLEUKIN_6_PRODUCTION",0.0318516421291053,0.365076314066932,0.0951997347571879,0.609653882434294,1.53548361016685,134,"16956/14964/56644/24088/15018/11820/71586/226421/14127/230073/22177/217203/16149/12215/17164/270151/16176/15510"
"GOBP_NEGATIVE_REGULATION_OF_TRANSPORTER_ACTIVITY",0.0316989737742303,0.365076314066932,0.121736367223309,-0.658799583387505,-1.53132191848914,25,"80281/12314/56085/76273/81897"
"GOBP_REGULATION_OF_DEFENSE_RESPONSE_TO_VIRUS_BY_HOST",0.0318394185845302,0.365076314066932,0.105519930289441,0.750133638711984,1.6329550857945,36,"20846/383619/80985/18854/230073/16176/209200/80285/21929/15519/18733/13211/16160"
"GOBP_CARDIAC_MUSCLE_TISSUE_MORPHOGENESIS",0.0321722302854378,0.36534276226057,0.124499976253388,-0.580492513866943,-1.48232488098856,41,"21803/13805/21812/22761/13609/63958/68927/109620"
"GOBP_DEFENSE_RESPONSE_TO_BACTERIUM",0.0326762799312078,0.36534276226057,0.0907499282531725,0.574220695727103,1.49668679652968,199,"246730/246728/246727/23960/98999/24088/17105/17476/15018/14824/11820/672511/14109/97165/55985/15944/14127/12010/236573/100038882/14191/68024/20085/18753/18173/17101/67248/15900/19946/268749/74748/16176/71648/80859/17948/12363/15040/18787/67067/56174/14469"
"GOBP_IMMUNE_RESPONSE_REGULATING_CELL_SURFACE_RECEPTOR_SIGNALING_PATHWAY",0.0327521793275218,0.36534276226057,0.0878685871563087,0.540531861122883,1.45278254482693,288,"246730/15951/12483/56644/12517/23960/16854/23880/14991/24088/76438/68119/19264/15018/18751/101476/239743/104418/226695/12266/226421/14127/14191/18753/12775/27050/22177/231130/329260/22031/268749/80859/19294/16889/16409/83490/56743/378460/12267/15461/21929/18035/246256/30954/232341/21897/14360/16885/13057/327957/243910/70110/18733/27419/26400/266632"
"GOBP_INTERFERON_BETA_PRODUCTION",0.032413350449294,0.36534276226057,0.100604308574775,0.694779026585675,1.61045441017041,62,"246730/246728/54123/246727/23960/24088/78781/71586/97165/230073/100038882/22031/270151/19698"
"GOBP_POSITIVE_REGULATION_OF_CELL_KILLING",0.032435129740519,0.36534276226057,0.102435227350191,0.724481343368847,1.62959827499113,47,"14964/14991/54725/19264/15018/16768/11801/12010/16783/22177/19294/15040/16409/15006/14990/53331"
"GOBP_POSITIVE_REGULATION_OF_STRESS_ACTIVATED_PROTEIN_KINASE_SIGNALING_CASCADE",0.0326344576116682,0.36534276226057,0.107014828121207,0.818095671388533,1.63978938730687,19,"19106/330177"
"GOBP_PROTEIN_LOCALIZATION_TO_CELL_JUNCTION",0.0320956576463184,0.36534276226057,0.142470368773132,-0.461574275496732,-1.37117113653422,109,"21872/18613/16456/26395/12388/65945/22034/11461/56692/83493/83964/69091/12217/224105/20853/22330/109905/53330/11487/216963/109620"
"GOBP_REGULATION_OF_BMP_SIGNALING_PATHWAY",0.0327169274537696,0.36534276226057,0.134050934338562,-0.492941340471511,-1.40882449355706,81,"11350/13805/68526/66105/18129/20481/17126/101706/11798/66313/229285/75788/50766/380664/23863/16202/170749/17701/15205/216080/19042"
"GOBP_SMALL_GTPASE_MEDIATED_SIGNAL_TRANSDUCTION",0.0327137546468401,0.36534276226057,0.218259775284787,-0.351007912259315,-1.20824791013406,456,"14766/30955/18613/21817/19731/11350/75415/242687/16410/72318/16456/64143/217692/27387/223601/544817/268739/270160/20469/22376/57874/244418/26395/72536/109689/56470/27261/223435/11852/21927/19338/74734/19053/140580/233489/11855/26431/72754/78255/241308/12402/57912/330662/217944/71520/14784/12488/238130/18129/20947/12540/19414/71972/228850/19684/107746/19353/211255/12928/11845/19769/192786/18805/54366/228998/14270/93687/70719/19159/24063/210293/69288/99326/12929/50768/20430/83945/13169/74206/77407/69993"
"GOBP_CATECHOLAMINE_SECRETION",0.0329519450800915,0.366159412798511,0.119566417816168,-0.644011945688834,-1.52206793451361,27,"21817/11542/110355/17257/54393/12846"
"GOBP_MONOCYTE_DIFFERENTIATION",0.0332161687170475,0.366159412798511,0.104084546739236,0.767607113037158,1.63617889476982,30,"12977/54123/17886/226695/16149/14104"
"GOBP_REGULATION_OF_MUSCLE_ADAPTATION",0.0331034482758621,0.366159412798511,0.131183404131763,-0.51142023785268,-1.42754840496801,70,"19735/18750/17127/16195/18479/21937/109689/56484/21938/11938/19055/17258/56458/74155"
"GOBP_VESICLE_TARGETING",0.0331564986737401,0.366159412798511,0.128489714653408,-0.528165678405087,-1.44551563906233,62,"210998/76499/21787/102058/217449/77038/56418/211446/68581/66682/20224/70591/56334/75914/59045/67511/66975/320714/66397/67857/19164/227648/60409/53413"
"GOBP_METANEPHRIC_NEPHRON_DEVELOPMENT",0.0337357954545455,0.366497859025033,0.103804265291514,0.782575871217387,1.64023863711733,27,"20846"
"GOBP_NEGATIVE_REGULATION_OF_CANONICAL_NF_KAPPAB_SIGNAL_TRANSDUCTION",0.0335780103076683,0.366497859025033,0.0974433570168394,0.675138318404337,1.59256481047966,73,"20846/11746/19241/15944/243272/231130/380924/270151/71648/57783/21929/18035/30954/66878/27215/18626/19766/59004/71966"
"GOBP_POSITIVE_REGULATION_OF_NERVOUS_SYSTEM_PROCESS",0.0334266713335667,0.366497859025033,0.103526179501938,0.762810606640161,1.6353922883546,31,"16411/13011/16000/230598"
"GOBP_PROTEIN_N_LINKED_GLYCOSYLATION",0.0334967320261438,0.366497859025033,0.129547467550097,-0.51127108582713,-1.42108953756389,68,"67075/56737/14595/217664/269181/17308/102580/68292/16430/66059/13200/53618/66357/109785/208211/207958/380959/103963/20014/57170/74498/66789/14345/13135/208624/67422"
"GOBP_REGULATION_OF_LEUKOCYTE_PROLIFERATION",0.0337151783389742,0.366497859025033,0.0885639937858774,0.558502209320122,1.47027136767904,223,"93695/15951/12977/12483/16854/16000/14991/69550/19264/15018/20293/226695/60533/22329/12575/22121/12053/27050/12982/22177/16149/20304/16176/17319/15040/384783/16988/70103/21929/229473/246256/27027/11920/193385/18733/12984/11629/12048/320484/16160/12487/14130/19354/19247/58205/16184/16859"
"GOBP_POSITIVE_REGULATION_OF_ERK1_AND_ERK2_CASCADE",0.0340317817465898,0.368644849671152,0.0917080492176841,0.597805953277875,1.5140443541773,145,"93695/11816/12505/16000/14538/19264/59027/18186/11820/114249/12775/16149/20302/16176/12633/17319/21934/15461/22340/21926/327957/63873/26400/27632/218461/18590/15559"
"GOBP_ANTIGEN_PROCESSING_AND_PRESENTATION_OF_PEPTIDE_ANTIGEN_VIA_MHC_CLASS_I",0.0344767543095943,0.368781486146096,0.101638713652309,0.756987328847051,1.63011942159986,32,"21354/14964/14991/17476/15018/14127/12010/65972/15040/15006/14990"
"GOBP_DETECTION_OF_BIOTIC_STIMULUS",0.0346086956521739,0.368781486146096,0.101377203467264,0.748662219840844,1.62454710480541,35,"14964/56644/24088/15018/12257/12268/20778/17948/14990/21897"
"GOBP_ENDOCRINE_PROCESS",0.0346347607052897,0.368781486146096,0.0963025229566543,0.680892805298644,1.5934292784881,67,"80885/20750/64138/12257/16176"
"GOBP_LONG_CHAIN_FATTY_ACID_BIOSYNTHETIC_PROCESS",0.034280347499413,0.368781486146096,0.118729771541953,-0.610019833446106,-1.48438705861463,32,"19317/72759/17001/11689/76267/11666"
"GOBP_NEGATIVE_REGULATION_OF_HIPPO_SIGNALING",0.0344052170002249,0.368781486146096,0.115931642749028,-0.670646493040572,-1.53400117379121,23,"19070/269523/232334/19052/94186/26416/66641/51792/83997"
"GOBP_REGULATION_OF_EXTRINSIC_APOPTOTIC_SIGNALING_PATHWAY_VIA_DEATH_DOMAIN_RECEPTORS",0.0343712778628552,0.368781486146096,0.100604308574775,0.732466533212075,1.62021596997217,42,"20684/16854/18611/97165/15368/58801/11910/23873/12633/18787/21929/14775/20909/12048/66168"
"GOBP_NEUTROPHIL_HOMEOSTASIS",0.0348520602650209,0.37004397131246,0.103250260704189,0.812691831451404,1.63921137252117,20,"12977/80885/26362"
"GOBP_REGULATION_OF_AUTOPHAGY",0.0350058343057176,0.370626742875225,0.186472629239996,-0.363958823875979,-1.22935297818653,343,"11555/72512/68652/18718/140742/11350/320706/64143/29810/22433/252972/170625/56374/26395/13690/56484/12569/54396/81003/328572/237782/18145/171543/11651/15568/66839/108083/102058/14679/338364/75669/54609/114143/100502698/22346/18475/13144/210146/230709/68441/68970/225131/56085/20333/69091/225020/81897/78246/11793/17425/320717/67773/56458/81601/56367/226641/66597/16154/56637/72739/51897/67526/71742/22059/94232/83669/13198/66725/68837/23897/12995/72183/100855/67154/18760/60599/74370/21871/18412/224023/100504663"
"GOBP_COLLATERAL_SPROUTING",0.0362215909090909,0.375563075886005,0.100098503124201,0.779059903053826,1.63286934930658,27,"24136/20750/11820/18080/20354"
"GOBP_DENDRITIC_CELL_DIFFERENTIATION",0.0355877888345421,0.375563075886005,0.0983849253696529,0.722929592888926,1.61284075056618,45,"14964/26362/16854/14991/16852/15018/28240/330177/12775/15900/19698/14990/27215/18733/74481/14130/14456/16859"
"GOBP_ENDOLYSOSOMAL_TOLL_LIKE_RECEPTOR_SIGNALING_PATHWAY",0.0362737015663644,0.375563075886005,0.0963025229566543,0.710260893208002,1.6107085472099,51,"246730/58185/23960/76438/226421/231130/83490/21929/19063/21926/327957/266632/68585/26409/20779"
"GOBP_LEUKOCYTE_PROLIFERATION",0.0360079740842263,0.375563075886005,0.0837037443963104,0.536562129172039,1.44155177479274,286,"93695/15951/12977/12483/16854/16000/14991/69550/54725/19264/15018/20293/226695/60533/22329/12575/18753/18173/22121/12053/94176/27050/12982/22177/16149/20304/16176/15510/17079/17319/80859/16889/15040/384783/16988/70103/13026/17698/21929/229473/246256/14360/27027/27060/15452/11920/193385/27215/18733/12984/11629/12048/320484/16477/16160/12487/14130/19354/19247/58205/16184/16859/14466"
"GOBP_NEGATIVE_REGULATION_OF_LEUKOCYTE_PROLIFERATION",0.0360470444478387,0.375563075886005,0.0928974976713944,0.654245772491901,1.56787760359119,84,"93695/15951/14991/15018/20293/226695/60533/12053/22177/15040/16988/21929/229473/27027/11920/193385/18733"
"GOBP_REGULATION_OF_KIDNEY_DEVELOPMENT",0.0357596660010891,0.375563075886005,0.101902204113224,0.808820925166369,1.63851888375013,21,"20846"
"GOBP_REGULATION_OF_STEROL_TRANSPORT",0.0362608117099135,0.375563075886005,0.0967541689411413,0.716627998001108,1.61193350255591,47,"11816/12306/11307/12257/11303/16971/11813/11812/20280/18035"
"GOBP_VASOCONSTRICTION",0.0360890708983875,0.375563075886005,0.120854561651304,-0.542173031145251,-1.44883293211802,53,"104099/11350/15466/26395/27360/238130/74840/230857/229877/18436"
"GOBP_ACTIVIN_RECEPTOR_SIGNALING_PATHWAY",0.0366283165062221,0.376117617165262,0.114790404232843,-0.602668864952029,-1.47555766452876,33,"17127/21812/20481/17126/75788/11480/103425/11481/380664/23863/228839/17684"
"GOBP_POSITIVE_REGULATION_OF_MIRNA_METABOLIC_PROCESS",0.0365760731521463,0.376117617165262,0.119566417816168,-0.54543780959371,-1.44654278464426,51,"21803/14815/17127/16476/23871/56484/17125/18129/18591/18986/19697/223701/22059"
"GOBP_RESPONSE_TO_COPPER_ION",0.0365702112551039,0.376117617165262,0.0996000488530923,0.782047873565736,1.63349992896493,26,"11820/17708/11977/17711/13163/17748/56208/18023/20655/66043/17750/12534"
"GOBP_CELL_COMMUNICATION_BY_ELECTRICAL_COUPLING",0.0371681415929204,0.376605776415119,0.0986244904449457,0.77022538214574,1.62343240530117,28,"232975/65973/11928/109552"
"GOBP_MAINTENANCE_OF_CELL_NUMBER",0.0371609067261241,0.376605776415119,0.143909619745855,-0.412005131311016,-1.29732922383856,170,"210982/433759/13209/20677/56484/12193/77578/72068/80288/52463/268996/218100/15568/17979/66213/68036/21349/11461/20481/93760/243842/320191/19646/56458/234959/108098/214498/66083/12162/232791/26356/171167/210529/68975/20682/19708/319757/27377/140482/77889/14369"
"GOBP_REGULATION_OF_CELLULAR_RESPIRATION",0.0369236004764336,0.376605776415119,0.0969823177419894,0.725477213299908,1.6047555943407,42,"246730/23960/66494/11977/15975/68077/108037/21926/22040/67267/63873"
"GOBP_REGULATION_OF_HEMOPOIESIS",0.0371782650142993,0.376605776415119,0.0804588724057859,0.512880494357026,1.40508728946389,364,"20846/14190/12977/14964/16948/54123/26362/16854/14744/12986/14991/16852/19264/15018/20588/12522/17342/97165/16186/330177/16768/226421/68094/15251/12010/66494/100038882/26992/12053/22177/16149/11776/20302/74748/12515/80859/21934/13655/320713/11501/69068/15902/11774/66923/229473/18035/20586/21926/14990"
"GOBP_RESPONSE_TO_ORGANOPHOSPHORUS",0.0371149511645379,0.376605776415119,0.0907499282531725,0.641012730660794,1.554295599866,95,"20846/18605/65973/11820/18442/18438/270627/12215/16176"
"GOBP_ANTIGEN_PROCESSING_AND_PRESENTATION_OF_PEPTIDE_ANTIGEN",0.0378090159961222,0.378164552266489,0.0933040495921608,0.694416309481851,1.59558880236739,57,"21354/14964/13033/14991/13039/17476/15018/14127/12010/18173/16149/65972/13040/13034/15040/15006/14990"
"GOBP_FATTY_ACID_BIOSYNTHETIC_PROCESS",0.0376848691695108,0.378164552266489,0.0875267616598382,0.60037799654061,1.50927166247414,132,"16956/16592/20250/107476/16149/16176/11813/17319/14104"
"GOBP_NEGATIVE_REGULATION_OF_CYTOSKELETON_ORGANIZATION",0.0377358490566038,0.378164552266489,0.138395468894856,-0.422780144382768,-1.31291374894424,148,"21872/242687/13548/12721/16456/223601/23999/22376/56275/65256/76499/68041/50918/27360/23991/14228/18708/20947/237860/19684/13609/50768/13589/224105"
"GOBP_NEUROTRANSMITTER_REUPTAKE",0.0378366347651903,0.378164552266489,0.109869472131707,-0.678850612855652,-1.52771891438175,21,"26889/16416/76306/30931/243328"
"GOBP_RIBONUCLEOPROTEIN_COMPLEX_BIOGENESIS",0.03743625405656,0.378164552266489,0.0790299034720993,0.493568942170329,1.36965188107959,448,"20115/56417/224742/11837/20055/66489/20044/27207/76846/20042/18148/14109/66475/19941/20068/20102/54127/20091/13669/66481/320790/19989/16785/20085/22121/20104/100503670/78294/20116/57294/75705/67115/68077/72459/59050/68135/73830/20088/67204/57444/54709/319322/66596/192196/57808/68052/67025/75617/67671/20103/27176/26905/212880/20054/267019/19942/226982/67941/69878/18572/100019/217869/68193/66878/53890/15519/16341/66085/11920/70930/20643/75416/14113/19384/68011/66580/13211/20641/78655/74351/269254/72584/98221/231386/116940/18114/213895/56200/69713/72554/56321/118451/66405/107686/66877/56347/20817/234549/56195/228889/192119/74778/71990/67684/72515/22184/57815/72047"
"GOBP_DETECTION_OF_STIMULUS",0.0379452054794521,0.378241037598368,0.0855536111942314,0.580312223354008,1.49103357492145,168,"14964/56644/67775/24088/54725/65973/15018/11539/12257/12268/20778/20720/15451/18174/17948/18796/21926/14990/21897/12315/14360/18739/545205/12313/15370/17035/266690/21853/17869/22139/14913/16328/19271"
"GOBP_NEGATIVE_REGULATION_OF_PROTEIN_SECRETION",0.0385438972162741,0.38318972617134,0.0933040495921608,0.704590964136522,1.59960118778112,52,"58185/11816/217344/67397/16176/22228/52055/20787/218461/16160/19247/27414/18641"
"GOBP_HOST_MEDIATED_SUPPRESSION_OF_SYMBIONT_INVASION",0.0386508659981768,0.383236628997796,0.0981470491928706,0.808956054650816,1.62146995712932,19,"66141/217069/16149/17069/54198/80876/319236/227753/667823"
"GOBP_EPITHELIAL_TO_MESENCHYMAL_TRANSITION",0.0397786233137323,0.383265501747734,0.134050934338562,-0.422284329630246,-1.30713515506146,145,"353310/21803/19317/19211/13805/17127/67888/110829/21812/100182/80288/19052/52662/17126/218850/207806/24063/227059/114715/67773/18569"
"GOBP_ESTROGEN_RECEPTOR_SIGNALING_PATHWAY",0.0394038898711796,0.383265501747734,0.114790404232843,-0.548850387756989,-1.43981238128692,48,"433759/18479/72068/101206/27057/94186/58184/13982/381022/77889/22378/24074/13207/66663/16798/228545/67490/71732/234594/18600/59035/67890/112406"
"GOBP_INORGANIC_ION_IMPORT_ACROSS_PLASMA_MEMBRANE",0.0394975786924939,0.383265501747734,0.0882143061853503,0.64017770053872,1.54619892549906,92,"232975/20496/16518/28240/11928/12286/11933/12289/213053/14360/72027/63873"
"GOBP_LIPOPROTEIN_CATABOLIC_PROCESS",0.0390625,0.383265501747734,0.0986244904449457,0.82883412786036,1.60846502716557,15,"11816/13033/11813/16889/19063/11920"
"GOBP_NEGATIVE_REGULATION_OF_LEUKOCYTE_CELL_CELL_ADHESION",0.0397293795883115,0.383265501747734,0.0857131468775338,0.610562118631949,1.52078562193496,119,"93695/14190/16854/14991/16852/15018/16768/60533/18566/12053/16149/12515"
"GOBP_PHOSPHATIDYLINOSITOL_METABOLIC_PROCESS",0.0395596835225318,0.383265501747734,0.134050934338562,-0.427150216540213,-1.31096932332397,139,"30955/18718/320207/19211/67556/224860/234515/23827/108083/72519/75669/18708/83493/329777/18591/433931/16331/69048/27399/110417/107650/77582/234779/55981/242291/18719/76500/170749/233011/14731/219024/100504663/18706/14755/18803/67292/55980/74596/233315"
"GOBP_POSITIVE_REGULATION_OF_STEROL_TRANSPORT",0.0395951704545455,0.383265501747734,0.095636421370719,0.770554088456556,1.61504160089812,27,"11816/12306/11307/11303/16971/20280"
"GOBP_POSITIVE_REGULATION_OF_T_CELL_MEDIATED_IMMUNITY",0.0395713107996702,0.383265501747734,0.0920996025791478,0.706333398576086,1.59496981580672,49,"58185/14964/14991/19264/15018/12010/329260/16176/15510/19294/15040/15006/14990/53331"
"GOBP_PROTEIN_DEGLYCOSYLATION",0.039394613843757,0.383265501747734,0.107630389664896,-0.686164504256336,-1.52788777367794,20,"192193/75841/23802/223455/22644/193670/17155/11593/227619/66597"
"GOBP_REGULATION_OF_LYMPHOCYTE_ACTIVATION",0.0397158164453762,0.383265501747734,0.0768410915258218,0.493645500907876,1.367241542038,433,"93695/15951/14190/12483/56644/26362/16854/14744/16000/14991/16852/19264/15018/20588/12522/26410/16186/226695/16768/60533/68094/12010/22329/12575/66494/14191/107823/22121/26992/18566/12053/12775/27050/22177/231130/16149/11776/74748/20304/16176/12515/15510/58194/17319/80859/15040/13655/384783/11501/16988/70103/15902/11774/66923/21929/229473/246256/20296/20586/14360/27027/11920/22040/193385/243910/18733/17387"
"GOBP_SYNAPTIC_TRANSMISSION_CHOLINERGIC",0.038961038961039,0.383265501747734,0.0986244904449457,0.822913158980923,1.60717853954338,16,"11816"
"GOBP_RESPONSE_TO_CARBOHYDRATE",0.0400591477349106,0.384978681308833,0.0823897152356557,0.571996782595188,1.47991767247889,180,"16956/56644/16000/18751/14694/15251/67041/109552/16176/66437/14718/22228/384783/213053/192185/20586/21926/14775/13057/27419/52055/20787/20909"
"GOBP_LEUKOCYTE_APOPTOTIC_PROCESS",0.0407385697538101,0.390506801629873,0.0853949304825912,0.621632440842056,1.53219677664568,109,"80885/54123/26362/16854/13039/60533/14127/15251/102595/66494/18566/12053/12775/16149/20304/17319/80859/16889/384783/11501/12018/30954/18733/50883/12048/19766/14456/16184/16859/17869/12051/11491/20442/16453"
"GOBP_CANONICAL_WNT_SIGNALING_PATHWAY",0.0410697230181471,0.391937978011004,0.155354732375283,-0.373719025067248,-1.23863711253066,266,"353310/21803/433759/621976/17127/21887/100201/15242/20677/56484/19277/27373/77578/23802/50523/80288/21888/100503386/269523/18163/19052/13726/271457/14366/13144/70495/68031/26416/56505/11798/66313/20437/93687/56458/13205/16646/68889/76425/56637/56736/269424/16008/13198/213326/107515/66725/16202/16480/20439/68911/68151/20479/19045/20682/629378/214897/14369/19164/21416/19042/77938"
"GOBP_MONOCARBOXYLIC_ACID_BIOSYNTHETIC_PROCESS",0.0414670863555495,0.391937978011004,0.0816849181752493,0.573137770242968,1.47230120166587,169,"16956/16592/20250/107476/16149/67092/16176/11813/17319/14104"
"GOBP_MORPHOGENESIS_OF_AN_ENDOTHELIUM",0.0411462160176341,0.391937978011004,0.0954173509538673,0.81475852113462,1.60502126983937,17,"16411/12215/15945"
"GOBP_POSITIVE_REGULATION_OF_DEFENSE_RESPONSE_TO_VIRUS_BY_HOST",0.0413633942836854,0.391937978011004,0.0935092741782427,0.770493589954441,1.6093659569969,26,"20846/383619/80985/18854/230073/209200/80285"
"GOBP_REGULATION_OF_MEMBRANE_PROTEIN_ECTODOMAIN_PROTEOLYSIS",0.0413633942836854,0.391937978011004,0.0935092741782427,0.769699541790953,1.60770739150175,26,"11816/11502/11820/21858/19877/230598/16176/11501/21926"
"GOBP_TIGHT_JUNCTION_ASSEMBLY",0.041515308770109,0.391937978011004,0.113318868985054,-0.534756878322655,-1.43406544735168,55,"21872/18613/16456/328133/19353/224105/268980"
"GOBP_ANTIGEN_PROCESSING_AND_PRESENTATION_OF_ENDOGENOUS_PEPTIDE_ANTIGEN",0.0437238112588814,0.392711574932679,0.0920996025791478,0.802789137499886,1.59910011003508,18,"21354/14964/14991/15018/12010/15040/15006/14990"
"GOBP_CARDIAC_CELL_DEVELOPMENT",0.0425118088357877,0.392711574932679,0.115931642749028,-0.493167827525694,-1.3876518776519,73,"74376/19735/18479/65256/230709/17258/56376/16795/11793/24063/18569"
"GOBP_EMBRYONIC_DIGIT_MORPHOGENESIS",0.0444556706238949,0.392711574932679,0.107942085094929,-0.54139818657001,-1.42026284324122,48,"58198/433759"
"GOBP_LAMELLIPODIUM_ASSEMBLY",0.0448990435706695,0.392711574932679,0.110200614426747,-0.517834993964672,-1.41235722503247,61,"70839/242687/14086/23999/22376/19277/66610/17973/18708/12540/19353/73341/14270/13609/20430"
"GOBP_LONG_CHAIN_FATTY_ACID_TRANSPORT",0.0436983296777459,0.392711574932679,0.0885639937858774,0.708441807193642,1.57726021863394,44,"16592/11816/11520/107508/14077/17319/22228/26457/384783/12894"
"GOBP_METANEPHRIC_NEPHRON_MORPHOGENESIS",0.0445269016697588,0.392711574932679,0.0920996025791478,0.812697522947658,1.58722704062607,16,"20846"
"GOBP_MONOSACCHARIDE_METABOLIC_PROCESS",0.0440357466649398,0.392711574932679,0.0769581592091491,0.540436640926402,1.42571588756532,230,"246730/16592/76969/23960/16000/18746/17160/14751/14387/17158/21991/12091/17159/58801/19386/170768/11910/18655/16889/14718/14873/384783/69976/16828/16332/72674/213053/14433/12894/18648/71665/21926/71755/11674/13806/18023/270198"
"GOBP_MUSCLE_HYPERTROPHY_IN_RESPONSE_TO_STRESS",0.0441274793848897,0.392711574932679,0.101638713652309,-0.661390122128745,-1.50187764203446,22,"17127/11938/19055/56458/74155/208727/230674"
"GOBP_NEGATIVE_REGULATION_OF_CYTOPLASMIC_PATTERN_RECOGNITION_RECEPTOR_SIGNALING_PATHWAY",0.0426563257392147,0.392711574932679,0.0876971923285634,0.686109087937438,1.57650095910383,57,"80861/226695/15944/226421/18521/69104/59079/270151/11545/21929/66878/19063/22040/64383/16784"
"GOBP_NEGATIVE_REGULATION_OF_IMMUNE_EFFECTOR_PROCESS",0.0428403755868545,0.392711574932679,0.0832590466084807,0.614367177531404,1.51380238001494,110,"14190/12483/14964/26362/16854/14991/69550/16852/19264/15018/14824/60533/20085/18566/12053/74748/270151/12515/19294/15040/15006/12523/21926/14990"
"GOBP_NEGATIVE_REGULATION_OF_TUMOR_NECROSIS_FACTOR_SUPERFAMILY_CYTOKINE_PRODUCTION",0.0450435905715208,0.392711574932679,0.0852370970743608,0.677333042700097,1.55784869124895,58,"93695/26362/16000/60533/12257"
"GOBP_NUCLEOSIDE_TRIPHOSPHATE_BIOSYNTHETIC_PROCESS",0.0439354652837799,0.392711574932679,0.0814078219628671,0.60274924083746,1.50143049111655,120,"22169/17722/66218/19241/66416/67130/17719/70257/16889/17716/18103/78330/11949/66046/11545/11947/66916/67264/67942/28080/11984/54405/11983/67273/17705/27425/67184/11674/67126/13806/11957/11958/71679/57423/17706/17721/66043/66091/17720/104130/66377/68202/66414/11951/66477/17991/17717/17718/227197/66945"
"GOBP_NUCLEOTIDE_METABOLIC_PROCESS",0.0424714917384222,0.392711574932679,0.0741759589930858,0.490162693950081,1.35818626603601,441,"22169/227659/18605/56045/22436/16000/227731/18746/17722/59027/15254/11820/14751/20185/66218/11966/11821/19241/21991/210808/15251/12257/11977/11513/104111/170768/18655/66437/17524/66416/74167/11964/67130/17719/70257/16889/17716/14718/18103/22228/78330/11949/66046/16828/11545/11947/66916/67264/67942/13178/14433/28080/66171/20135/11984/54405/18648/192185/12799/11983/67273/17705/27425/67184/15452/11674/67126/22040/13806/11957/11958/71679/57423/17706/11637/71207/19384/17721/70789/67059/218461/11565/56312/66043/22021/20779/66091/17720/104130/66377/18293/107029/68202/66414/104444/14913/74354/11951/66477/18640/17991/17717/18641/68267/17718"
"GOBP_ORGANIC_ACID_BIOSYNTHETIC_PROCESS",0.0455188375980455,0.392711574932679,0.0753641771859303,0.534138006836571,1.41475757970429,239,"16956/16592/107272/20250/107476/16149/67092/14660/16176/11813/17319/14104/17948/14718/12752/11812/109900/108037/20280/18823"
"GOBP_POSITIVE_REGULATION_OF_T_CELL_MEDIATED_CYTOTOXICITY",0.0455445544554455,0.392711574932679,0.0896376494762061,0.77666427440682,1.59364990295708,23,"14964/14991/19264/15018/12010/19294/15040/15006/14990/53331"
"GOBP_POSITIVE_REGULATION_OF_VIRAL_LIFE_CYCLE",0.0455445544554455,0.392711574932679,0.0896376494762061,0.777071001854448,1.59448447354157,23,"26362/16852/16149/12215"
"GOBP_PURINE_DEOXYRIBONUCLEOTIDE_METABOLIC_PROCESS",0.0445269016697588,0.392711574932679,0.0920996025791478,0.813824364966214,1.58942780299074,16,"56045/22436/13178"
"GOBP_PYROPTOTIC_INFLAMMATORY_RESPONSE",0.0446397188049209,0.392711574932679,0.0894560863550852,0.746850885696647,1.59193633821609,30,"24136/58203/383619/17948/12363/14469/65964/13211/18081"
"GOBP_REGULATION_OF_CALCIUM_ION_DEPENDENT_EXOCYTOSIS",0.042910447761194,0.392711574932679,0.105519930289441,-0.605368186959831,-1.46165536533121,31,"56807/20910/11938/19055/20912"
"GOBP_REGULATION_OF_CALCIUM_MEDIATED_SIGNALING",0.0450630575207628,0.392711574932679,0.0831123213823906,0.642310844989419,1.53380161023182,82,"12483/56644/16000/19264/56193/15254/11820/54446/18438/20303/20302"
"GOBP_REGULATION_OF_CELLULAR_RESPONSE_TO_VASCULAR_ENDOTHELIAL_GROWTH_FACTOR_STIMULUS",0.0454965357967667,0.392711574932679,0.101902204113224,-0.615147055857775,-1.46897772478085,29,"14766/19245/16416"
"GOBP_REGULATION_OF_CELL_CYCLE_G1_S_PHASE_TRANSITION",0.0420445177246496,0.392711574932679,0.0812702847276304,0.574878110525239,1.47406579642034,163,"93695/104418/20588/19241/68094/19186/12575/227331/13555/26992/72776/12795/237886/270627/19188/208643/11504/69068/67941/15902/66923/20135/20296/20586/22040/12580/67155/11629/72584/21781/116748/19645/57376/11789/11491/235041"
"GOBP_REGULATION_OF_CHOLESTEROL_EFFLUX",0.0447813822284908,0.392711574932679,0.0894560863550852,0.753382133480718,1.59778324413465,29,"11816/11307/11303/16971"
"GOBP_REGULATION_OF_INTRACELLULAR_ESTROGEN_RECEPTOR_SIGNALING_PATHWAY",0.0429678328246067,0.392711574932679,0.105814018510618,-0.594986158025941,-1.45674753885549,33,"433759/18479/72068/94186/58184/381022/77889/22378/66663/16798/228545/67490/71732/234594/59035/67890"
"GOBP_REGULATION_OF_LEUKOCYTE_APOPTOTIC_PROCESS",0.0418968692449355,0.392711574932679,0.0861969619137114,0.64549931130459,1.54434342317261,83,"80885/54123/26362/16854/60533/14127/15251/66494/18566/12053/12775/16149/20304/17319/384783/11501"
"GOBP_REGULATION_OF_NEUROINFLAMMATORY_RESPONSE",0.0452725056590632,0.392711574932679,0.0883886491452962,0.738231536061712,1.58973012983529,32,"13011/16000/19264/14824/243272/20302/16176"
"GOBP_REGULATION_OF_PEROXISOME_PROLIFERATOR_ACTIVATED_RECEPTOR_SIGNALING_PATHWAY",0.0442708333333333,0.392711574932679,0.0924960508813,0.820969679471951,1.59320299853343,15,"16592"
"GOBP_REGULATION_OF_PROTEIN_SECRETION",0.0434668761455878,0.392711574932679,0.0779134661483548,0.552917560219362,1.4492217102877,208,"58185/80885/11816/16000/20496/24088/217344/74772/18751/11502/11307/15251/67041/14683/67397/170756/12215/20304/109552/16176/22228/384783/11501/17929/12894/192185/21926/27060/67267/98170/13418/52055/20787/20909/218461"
"GOBP_REGULATION_OF_VASCULATURE_DEVELOPMENT",0.0428498985801217,0.392711574932679,0.0771938352436617,0.532839919666832,1.42205556676589,261,"20846/93695/16411/20684/13058/14991/20496/18746/18186/15018/14824/16402/18751/15258/19877/55985/12266/15368/18854/15251/13601/209743/70097/18655/23797/16176/15945/11504/16414/18787/12267/21929/232341/22340/21926/14360/109901"
"GOBP_REGULATION_OF_VASOCONSTRICTION",0.041988416988417,0.392711574932679,0.108573492628993,-0.56968702800989,-1.44724206021304,40,"104099/11350/15466/26395/27360/238130/230857/18436"
"GOBP_REGULATION_OF_VIRAL_ENTRY_INTO_HOST_CELL",0.0450172445089853,0.392711574932679,0.0905617673660515,0.795427010741031,1.60438797531483,20,"16852/12642/217069/16149/12215/19294/319236/16859/667823"
"GOBP_REGULATION_OF_VIRAL_TRANSCRIPTION",0.0455788514129444,0.392711574932679,0.0901888162992841,0.79728356495195,1.59807364126914,19,"66141/20684/74735/28036/233532/13211"
"GOBP_RESPIRATORY_BURST",0.0448695652173913,0.392711574932679,0.0887403498066145,0.730396110383586,1.58491086505879,35,"23833/56644/13058/14824/227541/20085/18173/74748/16889/17972/13057"
"GOBP_SEMI_LUNAR_VALVE_DEVELOPMENT",0.0417366274886064,0.392711574932679,0.108573492628993,-0.573509917680654,-1.44911933049307,39,"21803/21937/18018/21938/18129/17126"
"GOBP_SODIUM_ION_TRANSMEMBRANE_TRANSPORT",0.0449213161659514,0.392711574932679,0.080193537050732,0.598098227445376,1.49598496727524,124,"232975/18301/20496/28240/11928/21366/11933/170756"
"GOBP_SOMATIC_STEM_CELL_POPULATION_MAINTENANCE",0.0453580901856764,0.392711574932679,0.10954123067857,-0.515100541930839,-1.40975818667156,62,"20677/12193/77578/80288/66213/21349/20481/234959/108098/12162/68975/20682/319757/77889/15205/319583/16973/16825/20848/20375/16600/102162/19712/21427"
"GOBP_SPROUTING_ANGIOGENESIS",0.042483660130719,0.392711574932679,0.125952931638622,-0.442313844940878,-1.32800698515563,120,"21872/21817/21803/11350/13805/26365/14645/13855/11689/12388/11651/23991/17125"
"GOBP_VERY_LONG_CHAIN_FATTY_ACID_METABOLIC_PROCESS",0.0433673469387755,0.392711574932679,0.104651813957764,-0.61068452123194,-1.46754114281961,30,"19299/57874/106529/11666/14081/19302"
"GOBP_NEGATIVE_REGULATION_OF_NEURAL_PRECURSOR_CELL_PROLIFERATION",0.0458380843785633,0.394039312501961,0.100860025098152,-0.638830056971083,-1.48490450373293,25,"21803/216858/12227/20732/18015/22059/16202/20733/56392"
"GOBP_ADRENAL_GLAND_DEVELOPMENT",0.0463106580988256,0.394840909680263,0.0988657646175473,-0.692996585290223,-1.5055437713019,18,"58198/14815/17127"
"GOBP_ENDOTHELIAL_CELL_PROLIFERATION",0.0469855646759128,0.394840909680263,0.0779134661483548,0.584214599574849,1.47171635221239,135,"20846/11816/24136/18186/97165/15368/15251/20778/18187/13601/23797/16889/13655/13722/22340/20296/11983/21926/13057/17387/15559/15370/16160"
"GOBP_GOLGI_VESICLE_TRANSPORT",0.0467047223663726,0.394840909680263,0.151812881287453,-0.364667269003843,-1.21831093533518,293,"66676/235574/12988/24044/75841/68365/67864/78808/19325/16792/17912/270192/66913/19338/20661/11765/89867/97484/269523/72772/192292/13430/78287/21787/235623/102058/99683/11843/107767/93739/70349/30960/217449/109168/77038/53334/77929/19324/56418/20333/68581/66682/12033/19159/66964/20224/59021/54161/56334/69162/67074/68137/75914/67511/67180/66975/320714/70361/27061/226541/216363/53620/27054/66397/66725/68166/214895/59042/53330/100855/67804/108123/20932/106572/50850/67857/16553/98417/338337/18760/213827/77371/57437/207352/227648/60409/67458/110379/54399/19346/229593/67166/16834/73130/56389/70829/94221/103694/98710/12282/78610/208647"
"GOBP_MESONEPHRIC_TUBULE_MORPHOGENESIS",0.0468941811932237,0.394840909680263,0.103526179501938,-0.549466711623061,-1.42720715258121,45,"58198/21803/271127/107515/16202/20682/319757/13383/15205/19206/94275/74533"
"GOBP_NEGATIVE_REGULATION_OF_D_GLUCOSE_TRANSMEMBRANE_TRANSPORT",0.0470610119047619,0.394840909680263,0.0896376494762061,0.814025559077474,1.57972699118347,15,"16592/18605/18611/18751"
"GOBP_NEGATIVE_REGULATION_OF_VIRAL_TRANSCRIPTION",0.0465029761904762,0.394840909680263,0.0901888162992841,0.816273742430734,1.58408989586707,15,"66141/20684/74735/28036"
"GOBP_PHENOL_CONTAINING_COMPOUND_METABOLIC_PROCESS",0.0466321243523316,0.394840909680263,0.082532787767263,0.657423612106261,1.54460372985107,71,"24136/13030/54381/11977/73822/15451/11669/16409/14528/16414/15452"
"GOBP_POSITIVE_REGULATION_OF_VESICLE_FUSION",0.0471243042671614,0.394840909680263,0.0894560863550852,0.806946452609855,1.57599499660605,16,"12306/387524"
"GOBP_PRODUCTION_OF_MOLECULAR_MEDIATOR_OF_IMMUNE_RESPONSE",0.0463233342182108,0.394840909680263,0.0759225511621017,0.555850872896701,1.44753851973794,194,"58185/12483/56644/26362/56045/14991/69550/19264/15018/14751/16186/210808/14127/230073/12010/107823/12053/329260/16149/17164/270151/16176/15510/17319/80859/15040/13026/15006/21926/56228/22040/327957/18733/20909/68585/26409/56722/12487/14130"
"GOBP_REGULATION_OF_OSTEOBLAST_DIFFERENTIATION",0.0462464364903389,0.394840909680263,0.118729771541953,-0.442435615004429,-1.32198543928429,113,"16194/215653/19211/17127/231633/100201/16195/12609/17125/19055/20481/17966/320799/17260/381629/17002/11480/56637/50766/11481/17283/11911/12162/16202/17129/71952/20682/212943/18760/16478/12606/24069"
"GOBP_REGULATION_OF_TOLERANCE_INDUCTION",0.0471954982755491,0.394840909680263,0.0883886491452962,0.791020677249548,1.59550033587903,20,"14964/14991/15018/18566/14990/18733"
"GOBP_RESPONSE_TO_REACTIVE_OXYGEN_SPECIES",0.047098976109215,0.394840909680263,0.0763778694074653,0.562878732663687,1.44748856940847,171,"20846/11816/28240/14694/11502/101476/18477/15368/15251/17390/18753/11977/12795/27050/16068/22228/14528/12018/67067/12631/21929/14360/11920/56208/14775/22040/56349/54683/17721/20655/19766/269254/20779"
"GOBP_ADRENERGIC_RECEPTOR_SIGNALING_PATHWAY",0.0484835067522692,0.396388573464253,0.0965275765869161,-0.679323374526804,-1.49514357309902,19,"11555/19735/105171/238871"
"GOBP_ANTIGEN_PROCESSING_AND_PRESENTATION_OF_ENDOGENOUS_ANTIGEN",0.0479215828644037,0.396388573464253,0.0876971923285634,0.784612813000206,1.58947780717803,21,"21354/14964/14991/15018/12010/16149/15040/15006/14990"
"GOBP_CELL_JUNCTION_ASSEMBLY",0.0483870967741935,0.396388573464253,0.170004278488927,-0.350007445707275,-1.19720605807791,412,"21872/353310/18613/18750/243743/19211/11350/75415/17127/16456/14086/16416/13631/17257/110829/19277/99633/76499/328133/140580/66610/109711/65945/22343/330662/217333/244895/238130/13144/11461/12540/107746/19353/56376/83964/12928/11845/16795/14270/12217/19280/210293/13845/12929/67453/50768/17260/234664/13169/224105/108911"
"GOBP_HUMORAL_IMMUNE_RESPONSE",0.0487432301069296,0.396388573464253,0.0756977855210356,0.569742884847587,1.45336900631323,156,"16854/19264/17105/15018/11820/14109/20293/14751/12522/55985/12266/11801/12010/12268/68024/20085/18173/18566/20305/20303/12775/17329/67248/19946/20302/14962/20304/16176/15945/12260/15040/67067/20308/14433/20296/21926/16365/12262/15331/12487/14130/53357/12259/18987/12051/12772/20299/21425/17174/20400/22041"
"GOBP_IMMATURE_B_CELL_DIFFERENTIATION",0.0482057933419801,0.396388573464253,0.095636421370719,-0.721415591722106,-1.5052097985578,15,"11350/16792/270110/16019/241296"
"GOBP_NEGATIVE_REGULATION_OF_INTRINSIC_APOPTOTIC_SIGNALING_PATHWAY_IN_RESPONSE_TO_DNA_DAMAGE_BY_P53_CLASS_MEDIATOR",0.04860853432282,0.396388573464253,0.0880409553363699,0.804800084226545,1.57180306314872,16,"12505/16149/17319"
"GOBP_PEPTIDYL_LYSINE_ACETYLATION",0.0479896238651102,0.396388573464253,0.0958569623789466,-0.722301598725058,-1.50705842289825,15,"239667/328572/81601/217127/73242"
"GOBP_POSITIVE_REGULATION_OF_PATTERN_RECOGNITION_RECEPTOR_SIGNALING_PATHWAY",0.0479505027068832,0.396388573464253,0.0807267478771111,0.639599040445298,1.52045299983988,79,"80861/58185/231655/78781/234311/65221/69104/56174/14469/21897/13057/70110/67705/68585/76457/18081/26409/59125"
"GOBP_PROTEIN_LOCALIZATION_TO_EXTRACELLULAR_REGION",0.0483810941570525,0.396388573464253,0.0716628565191792,0.515706914135993,1.38846512726406,292,"58185/80885/11816/16000/20496/24088/217344/56193/432486/74772/18751/11502/338320/11307/15251/16181/67041/14683/67397/11303/170756/12215/20304/109552/16176/22228/384783/11501/76483/17929/12894/192185/21926/27060/67267/98170/13418/52055/338366/20787/20909/218461/16160/54160/53357/266690/19247/27426/69216/27414/18640/18641/77579/68267/70093"
"GOBP_REGULATION_OF_AMYLOID_BETA_CLEARANCE",0.0488611315209405,0.396388573464253,0.0873572860780536,0.803657006345774,1.58315200808717,17,"11816/11820/19877/16976/16971/21926"
"GOBP_REGULATION_OF_CARDIAC_MUSCLE_CELL_DIFFERENTIATION",0.0479896238651102,0.396388573464253,0.0958569623789466,-0.722342755475637,-1.50714429509863,15,"21803/327826/17260/14369"
"GOBP_RESPONSE_TO_HYDROGEN_PEROXIDE",0.048817465130382,0.396388573464253,0.0791568051442498,0.626946156391551,1.51220202821299,90,"20846/28240/11502/101476/15368/17390/18753/27050/16068/12018/12631/21929/14360/56208/14775/56349/17721/20655/19766/269254/20779"
"GOBP_RIBOSOMAL_SMALL_SUBUNIT_ASSEMBLY",0.048829188600472,0.396388573464253,0.0868545009090863,0.787523457708968,1.58844639264831,20,"20044/14109/54127/16785/20085/20104/57294/20103/20054/67941"
"GOBP_SURFACTANT_HOMEOSTASIS",0.0487940630797774,0.396388573464253,0.0878685871563087,0.804388149476017,1.57099853999398,16,"246730/23960/13036"
"GOBP_BASEMENT_MEMBRANE_ORGANIZATION",0.0490172862893677,0.396796520545465,0.0993535227577061,-0.573706468614776,-1.42963947686629,36,"18074/76499/16795/217734/16777/20733/246179"
"GOBP_TIGHT_JUNCTION_ORGANIZATION",0.0491498405951116,0.397012074462238,0.105228221404324,-0.513540269303542,-1.40064367636278,61,"21872/18613/16456/21812/328133/19353/224105/268980"
"GOBP_METANEPHROS_MORPHOGENESIS",0.0495552731893266,0.39942615895397,0.0861969619137114,0.781124817346854,1.58241178481556,21,"20846"
"GOBP_ANTERIOR_POSTERIOR_AXIS_SPECIFICATION",0.0502012787118162,0.400328494918909,0.0981470491928706,-0.572974582807377,-1.42781566469045,36,"70350/212937/19821/327826/20481/218850/56334/13198/68151/18424/67122/16825/72634/23872"
"GOBP_GLYCEROLIPID_METABOLIC_PROCESS",0.0500674929439195,0.400328494918909,0.0699966062484901,0.507216527498734,1.37349709181518,320,"16956/16592/11816/241274/104418/12266/14077/18717/20975/20778/27392/100434/224020/237542/20660/11813/114874/18606/78928/16889/11810/13167/11758/26457/227333/104015/12752/11812/16332/76483/56209/97212/18796/13026/12894/11920/56208/97287/14775"
"GOBP_LYMPHOCYTE_HOMEOSTASIS",0.0501541047912581,0.400328494918909,0.107014828121207,-0.480761960673967,-1.36306120834327,77,"21803/105855/11350/74131/12721/21935/53945/57916/20851/17096/11651/19052/16197/210293/17260/83945/51792/207615/14605"
"GOBP_NEUROBLAST_DIVISION",0.049935149156939,0.400328494918909,0.093923690818302,-0.717676723394586,-1.49740877331427,15,"19325/18222/100182"
"GOBP_POSITIVE_REGULATION_OF_TOR_SIGNALING",0.0498210845031654,0.400328494918909,0.10640946434982,-0.488026306776911,-1.36746326643044,71,"105855/68526/22433/70510/328572/20963/237782/11651/232087/56692/68441/225131/76630/93687/83429/22258/72124/268706/219024/74370/224023/18706/110379"
"GOBP_APICAL_JUNCTION_ASSEMBLY",0.050616312614739,0.402781188280344,0.102976480753546,-0.520534674753735,-1.40512034748996,57,"21872/18613/16456/328133/19353/224105/268980"
"GOBP_INTRACELLULAR_MONOATOMIC_ION_HOMEOSTASIS",0.0517080018717829,0.404596223414284,0.0671281164691295,0.483238556544692,1.33592690265846,421,"232975/11816/20496/16518/14319/19264/65973/14325/74772/28240/14824/18751/11820/11928/11927/11539/20293/66144/67972/11966/18442/22070/20321/15368/18854/29876/210808/99237/58800/15251/12010/320790/77573/245944/73834/18173/16783/11977/20305/12775/18174/11933/17329/20302/69029/170756/74748/20304/109552/11964/15945/14873/12752/20529/11947/72244/22627/12018/11774/213053/11974/16531/240283/20308/17748/18796/11984/232341/433375/19063/12315/27060/13057/72027/63873/13367/192176/20655/233979/12313/16784/15559/22215/11656/76524/217893/66168/110891/17750/66162/17869/14297/19349/12176/224079/12772/106957/53416/50527/68514/15194/19229"
"GOBP_LEUKOCYTE_TETHERING_OR_ROLLING",0.0512585812356979,0.404596223414284,0.0954173509538673,-0.62074797374107,-1.46708549828994,27,"13051/67374/14537/20345"
"GOBP_NEGATIVE_REGULATION_OF_DEFENSE_RESPONSE_TO_VIRUS",0.0516164584864071,0.404596223414284,0.0849239419737563,0.798396433206016,1.5727890213103,17,"14190/15944/18521"
"GOBP_POSITIVE_REGULATION_OF_MYELINATION",0.0513704846614631,0.404596223414284,0.0846140864395758,0.779048131617627,1.57820481059287,21,"16411/13011/16000/230598"
"GOBP_POSITIVE_REGULATION_OF_PHOSPHORYLATION",0.0512249443207127,0.404596223414284,0.134050934338562,-0.375423180159833,-1.22774160825379,238,"320664/30955/68652/320207/21803/215653/11350/142980/64143/242248/22433/26395/109689/54396/11727/16911/26408/12283/17096/11651/23991/11514/16822/12978/22034/18591/19353/58184/21899/22596/268752/213452/22032/71943/17002/11480"
"GOBP_POSITIVE_REGULATION_OF_SODIUM_ION_TRANSMEMBRANE_TRANSPORT",0.0515576607760976,0.404596223414284,0.0846140864395758,0.792903132807136,1.57940787647893,18,"18301/11933/20266/53416/14168/60595"
"GOBP_REGULATION_OF_PROTEIN_TRANSPORT",0.0515230842455973,0.404596223414284,0.0678548833422593,0.495674340606662,1.35835768739953,368,"58185/80885/11816/20684/18245/16000/20496/24088/216440/217344/65973/74772/18751/14694/11502/11820/72446/11307/99237/15251/67041/18753/14683/12795/70790/67397/67628/52822/55988/108989/170756/12215/20304/109552/16176/20660/18536/22228/384783/12752/11501/17929/22627/16589/66366/12894/18035/192185/21926/54198/15519/27060/56228/67267/98170/13418/52055/19384/20787/20909/192176/218461"
"GOBP_TRANSLATIONAL_INITIATION",0.0511011947603282,0.404596223414284,0.0752539051380473,0.595093657833518,1.48225684319509,119,"19106/224742/229663/18148/20068/73158/18854/56726/20091/13669/22121/227331/27050/75705/13164/68135/73830/108989/67204/54709/20304/20103/208643/26905/226982/13681/13685/16589/217869/230861/21926/16341/66085"
"GOBP_ADAPTIVE_IMMUNE_RESPONSE_BASED_ON_SOMATIC_RECOMBINATION_OF_IMMUNE_RECEPTORS_BUILT_FROM_IMMUNOGLOBULIN_SUPERFAMILY_DOMAINS",0.0537593508304805,0.408906107363124,0.0686043435198679,0.519872848766669,1.38746479865754,263,"58185/14964/56644/54123/14991/76438/54725/16852/19264/15018/17085/239743/55985/12266/60533/14127/13036/12010/12268/107823/18753/18173/18034/18566/12053/329260/16149/16068/20849/16176/12515/15510/80859/19294/19698/12260/55960/15040/13026/15461/21929/15006/246256/21926/14990/53331/20592/27060/15452/22040/243910/18733"
"GOBP_ASTROCYTE_DEVELOPMENT",0.0536602091548088,0.408906107363124,0.0803258897498862,0.706192429657298,1.5508952839929,39,"24136/22352/14824/11820/14580/16971/16176/18823/21926/27419"
"GOBP_CARDIAC_VENTRICLE_DEVELOPMENT",0.0536526220066687,0.408906107363124,0.107630389664896,-0.452048702021284,-1.32758014357705,100,"58198/21803/13805/20677/21812/22761/16911/327826/230709/17260/71770/23863/63958/68927/17684/109620/207728/15205/24069/74868/229700/12142/11477"
"GOBP_CGMP_MEDIATED_SIGNALING",0.0534513274336283,0.408906107363124,0.0818244882946139,0.74641253968423,1.57324120021955,28,"11816"
"GOBP_CHONDROCYTE_DIFFERENTIATION",0.0539557441648985,0.408906107363124,0.10732131625112,-0.451038119841475,-1.32461225797232,100,"17132/21803/17127/269941/21812/13521/13666/26416/11909/373864/17260/21810/242291"
"GOBP_DENTATE_GYRUS_DEVELOPMENT",0.052819255627368,0.408906107363124,0.0926961428741135,-0.650512149477704,-1.4771760576463,22,"19211/22142/16795/12227/217734/73242/319757"
"GOBP_DEOXYRIBONUCLEOTIDE_BIOSYNTHETIC_PROCESS",0.0537574404761905,0.408906107363124,0.0837037443963104,0.804288993482526,1.56083186522551,15,"22169/13178/20135"
"GOBP_NEGATIVE_REGULATION_OF_MYELOID_CELL_DIFFERENTIATION",0.0534850640113798,0.408906107363124,0.104367053045525,-0.472731523491987,-1.35106491278458,81,"19317/142980/26365/57259/22761/21898/20851/17096/23991/18708/211770/16331/229615/16658/214498/17002/18015/102791/72828"
"GOBP_ORGANIC_CATION_TRANSPORT",0.0539300057372347,0.408906107363124,0.104367053045525,-0.470972950954083,-1.35040987993593,83,"19735/26943/50934/11542/68682/71279/74136/76306/11461/67760/54393"
"GOBP_POSITIVE_REGULATION_OF_ADAPTIVE_IMMUNE_RESPONSE",0.0525154457193292,0.408906107363124,0.0750347375750997,0.605817691622757,1.49038964047364,107,"58185/14964/56644/14991/19264/15018/12266/14127/12010/107823/18173/329260/16176/15510/80859/19294/15040/15006/21926/14990/53331"
"GOBP_POSITIVE_REGULATION_OF_NEUROBLAST_PROLIFERATION",0.0531013962005035,0.408906107363124,0.0937158165018434,-0.625396460193031,-1.46633181628904,26,"13051"
"GOBP_POSITIVE_REGULATION_OF_OLIGODENDROCYTE_DIFFERENTIATION",0.0529712886712664,0.408906107363124,0.0924960508813,-0.665903021533442,-1.48277137442256,20,"433759/19317/21938"
"GOBP_PYRIMIDINE_NUCLEOSIDE_TRIPHOSPHATE_BIOSYNTHETIC_PROCESS",0.0540044085231447,0.408906107363124,0.0829663391489805,0.794595349710423,1.56530113416263,17,"22169/18103"
"GOBP_REACTIVE_NITROGEN_SPECIES_METABOLIC_PROCESS",0.0538940809968847,0.408906107363124,0.0762633077782967,0.639212059131599,1.51358554490952,76,"20846/56644/11816/11605/16000/11820/109754/15251/12257/18438/217203/16176/14528/16414/109900/21926/15519"
"GOBP_REGULATION_OF_MEGAKARYOCYTE_DIFFERENTIATION",0.0532822566602821,0.408906107363124,0.0812702847276304,0.723636356246806,1.5608822484362,33,"16948/97165/226421"
"GOBP_RESPONSE_TO_DSRNA",0.0538513974096796,0.408906107363124,0.0799307015710976,0.701709973078146,1.54917095966987,41,"246730/246727/23960/76438/18148/71586/667373/230073/58801"
"GOBP_NEGATIVE_REGULATION_OF_EPITHELIAL_TO_MESENCHYMAL_TRANSITION",0.0542380840572904,0.409022814983349,0.093923690818302,-0.588282760747573,-1.43149332035108,32,"19211/19052/52662/207806/24063/114715/67773/56637"
"GOBP_POSITIVE_REGULATION_OF_MEMBRANE_PROTEIN_ECTODOMAIN_PROTEOLYSIS",0.0541880969875092,0.409022814983349,0.0828210936072908,0.792793615887566,1.56175183577143,17,"11816/11502/11820/230598/16176/11501/21926"
"GOBP_RIBOSOME_BIOGENESIS",0.0543478260869565,0.409027414003841,0.0672877185291006,0.505914976394314,1.36542628420657,305,"20115/224742/11837/20055/66489/20044/27207/76846/20042/18148/14109/66475/19941/20068/20102/54127/20091/66481/320790/19989/16785/20085/20104/100503670/78294/20116/57294/67115/68077/59050/20088/57444/66596/57808/68052/67025/75617/67671/20103/27176/20054/267019/19942/226982/67941/18572/100019/217869/68193/66878/70930/75416/14113/19384/66580"
"GOBP_PINOCYTOSIS",0.0545784224841342,0.40993973440989,0.0819647472921866,0.772733711015021,1.57426723653324,22,"26362/94176/17164/12752/19063"
"GOBP_DISRUPTION_OF_ANATOMICAL_STRUCTURE_IN_ANOTHER_ORGANISM",0.0548102094240838,0.410832509378275,0.0775512583160702,0.671875831417547,1.53325062466964,54,"16854/17105/20293/55985/20085/17329/19946/20302/224020/15945/67067/14433/14469/18081/15331"
"GOBP_REGULATION_OF_UBIQUITIN_PROTEIN_LIGASE_ACTIVITY",0.0549165120593692,0.410832509378275,0.0826765785309944,0.794758903928535,1.55219228245999,16,"20115/65019/100503670/67025/68612"
"GOBP_PROTEIN_LOCALIZATION_TO_CYTOSKELETON",0.0552589428723972,0.412570752760448,0.0993535227577061,-0.498782342854526,-1.36815574402021,63,"78749/80281/11350/386649/320191/101706/69654/209586/101994/13589/56637"
"GOBP_CHROMOSOME_CONDENSATION",0.0554796858996244,0.412575124507525,0.078777842678775,0.702294545121975,1.54629653614527,40,"21973/93762/70099/22385/14211/56702/14958/68298/54392/80838/15078/67956/107970/226026/12534/54194/210106/18817/14957/50709/76044/268697/108907/78658/56215"
"GOBP_NEUROMUSCULAR_JUNCTION_DEVELOPMENT",0.0553884711779449,0.412575124507525,0.0960789906091538,-0.535767434940455,-1.40164607029561,47,"104156/67943/22343/19353/12928/16795/12929/83945/19024/12830/66725"
"GOBP_COLUMNAR_CUBOIDAL_EPITHELIAL_CELL_DIFFERENTIATION",0.0565984869711404,0.414412450468247,0.100604308574775,-0.476613341468785,-1.35129900091146,77,"21872/21803/11350/22433/16195/20677/627049/77929/17126/81897"
"GOBP_EPHRIN_RECEPTOR_SIGNALING_PATHWAY",0.0568961137922276,0.414412450468247,0.0954173509538673,-0.52774933873567,-1.38821811700692,49,"11350/217692/18479/12569/22612/17973/268996/17096/12928/13845"
"GOBP_ERYTHROCYTE_HOMEOSTASIS",0.0561558146147285,0.414412450468247,0.0711887468782548,0.576355676301155,1.44721613010927,130,"20846/26362/56417/20044/14751/18477/20068/97165/15258/15368/15251/12010/100038882/20085/12053/18174/20088"
"GOBP_LYMPHOCYTE_MEDIATED_IMMUNITY",0.056172520661157,0.414412450468247,0.067691459732905,0.52471603974258,1.38663053253122,234,"58185/14964/54123/14991/76438/54725/19264/15018/18477/12266/16768/69582/60533/14127/13036/12010/12268/107823/18753/16783/18566/12053/22177/329260/16149/17101/16176/15510/80859/19294/12260/55960/15040/16573/75345/13026/15006/246256/21926/14990/53331/20592/27060/15452/22040/18733/71740/12984/12262/26409/16160/12487/17057/14130"
"GOBP_METANEPHROS_DEVELOPMENT",0.0562659846547315,0.414412450468247,0.0755861140764237,0.651176335487154,1.5126021150087,63,"20846/13036/71175"
"GOBP_NEGATIVE_REGULATION_OF_CELL_CYCLE_PROCESS",0.056471764117941,0.414412450468247,0.0663458340758821,0.510122497343358,1.36948896279688,284,"93695/327762/14991/15018/18148/104418/19241/330177/12575/16319/227331/13555/26992/12053/12795/237886/68077/19360/93762/68953/75430/108989/22385/209200/80285/108000/11787/67941/70103/20296/66977/11920/22589/22040/68729/50883/65964/235559/24010/76843/66468/19247/21781/21853/19645/15270/17245/11789/56696/235041/12534/52276/66371/66077/18817"
"GOBP_PROTEIN_PALMITOYLATION",0.0568902991840435,0.414412450468247,0.0900040036985574,-0.635746919618737,-1.46421126389625,24,"14645/75965/228136/208884/80795/224454/57437"
"GOBP_PYRIDINE_CONTAINING_COMPOUND_BIOSYNTHETIC_PROCESS",0.0567000911577028,0.414412450468247,0.0805924900764779,0.781899849695416,1.5672385520525,19,"107272/59027/192185/70789"
"GOBP_REGULATION_OF_CARDIOCYTE_DIFFERENTIATION",0.0568308446623579,0.414412450468247,0.0892755851408452,-0.645990532750661,-1.46690841856161,22,"21803/327826/17260/14369"
"GOBP_REGULATION_OF_ESTABLISHMENT_OF_PROTEIN_LOCALIZATION",0.0570535817613702,0.414412450468247,0.0633877114836093,0.474819617151179,1.31810152735487,453,"58185/80885/11816/20684/13033/18245/16000/20496/24088/216440/217344/65973/74772/18751/14694/11502/11820/72446/11307/99237/15251/107823/67041/18753/14683/12795/70790/67397/67628/52822/55988/268749/108989/170756/12215/20304/109552/16176/20660/18536/22228/384783/66169/12752/11501/16409/66177/17929/21454/59026/16414/22627/16589/66366/15461/12894/18035/192185/11983/21926/14360/54198/15519/27060/56228/19155/67267/98170/224008/13418/52055/19384/20787/20909/192176/13830/218461/16160/18826/19354/53357/17846/22195/19247/14456/72826"
"GOBP_REGULATION_OF_MUSCLE_HYPERTROPHY",0.056982955990842,0.414412450468247,0.0954173509538673,-0.51888172033912,-1.38151959125098,52,"19735/18750/17127/16195/18479/21937/109689/21938/19055/17258/56458/74155"
"GOBP_REGULATION_OF_NITRIC_OXIDE_METABOLIC_PROCESS",0.0565035415325177,0.414412450468247,0.0756977855210356,0.66023520617715,1.52260250562426,59,"20846/56644/11816/11605/16000/11820/15251/12257/18438/217203/16176"
"GOBP_MONONUCLEAR_CELL_DIFFERENTIATION",0.0577167263072839,0.416805954142004,0.062918812636024,0.473118023511472,1.31436762430674,457,"58185/14190/12977/19219/14964/54123/21985/26362/16854/14744/14991/24088/16852/19264/13039/15018/28240/17886/11820/17085/18148/20588/12522/16186/330177/226695/16768/68094/227525/14127/12010/320790/22329/66494/245944/11977/26992/12053/94176/12775/19934/16149/11776/15900/20849/74748/16176/12515/12633/80859/19698/14104/16889/22228/13655/11501/11545/15902/12018/11774/66923/229473/20586/14990/27060/11920/27215/243910/18733/27419/17387/75725/16169/67155/74481/12262/20655/16477/19766/16160/64930/277360/17474/12487"
"GOBP_REGULATION_OF_MUSCLE_SYSTEM_PROCESS",0.0576194086429113,0.416805954142004,0.116319528645477,-0.397378896235437,-1.25256858008232,173,"11555/19735/30955/18750/12314/17127/110355/16195/18479/21937/26395/109689/56484/21938/212937/11938/238130/19055/238871/13144/17258"
"GOBP_REGULATION_OF_STEM_CELL_POPULATION_MAINTENANCE",0.0576615056059797,0.416805954142004,0.0972120409994456,-0.497366552454348,-1.36427224293786,63,"210982/433759/72068/52463/268996/218100/15568/17979/68036/21349/11461/93760/243842/19646/12162/232791/26356/19708/319757/77889"
"GOBP_LIPOPROTEIN_LOCALIZATION",0.057965796579658,0.416997707448288,0.0791568051442498,0.759849070769475,1.5591465164516,23,"11816/18751/338320/75909/16971/11810"
"GOBP_RENAL_SYSTEM_VASCULATURE_DEVELOPMENT",0.0579044117647059,0.416997707448288,0.0898202850323628,-0.608258198124875,-1.44500001397378,28,"16194/18613/16416/18129/18591"
"GOBP_MONOATOMIC_ION_HOMEOSTASIS",0.0583581747305664,0.419016166456251,0.0623299809682921,0.47100621747384,1.31265795871481,484,"232975/11816/11732/20496/16518/14319/19264/65973/14325/74772/28240/14824/18751/11820/11928/11927/11539/20293/66144/67972/11966/18442/22070/20321/15368/18854/29876/210808/99237/58800/15251/12010/320790/77573/245944/73834/18173/16783/11977/20305/12775/18174/83704/11933/17329/20302/69029/170756/74748/20304/109552/11964/15945/14873/12752/20529/11947/72244/22627/70103/12018/11774/213053/11974/16531/240283/20308/17748/18796/11984/232341/433375/19063/12315/27060/13057/27419/72027/63873/13367/192176/20655/233979/12313/16784/15559/22215/11656/76524/217893/66168/110891/17846/17750/66162/17869/14297/19349/12176/224079/12772/106957/53416/50527/68514/15194/19229/246198"
"GOBP_CARDIAC_CHAMBER_DEVELOPMENT",0.0589630633683497,0.419065265310034,0.108573492628993,-0.417472214077186,-1.27670773376531,133,"58198/21803/13805/266781/20677/21812/22761/16911/327826/18129/230709/17260/71770/15531/22059/23863/12162/63958/22666/68927/17684/319757/109620/207728/15205/24069/20662/74868/103806/229700/12142/11477"
"GOBP_CELL_SURFACE_PATTERN_RECOGNITION_RECEPTOR_SIGNALING_PATHWAY",0.0587219343696028,0.419065265310034,0.0732425961656048,0.638779456412671,1.50079965604852,71,"246730/56644/23960/24088/226421/231130/22031/83490/21929/18035/21897/13057/327957/70110/27419/266632/16365/18081/26409"
"GOBP_MONOCARBOXYLIC_ACID_METABOLIC_PROCESS",0.0585874799357945,0.419065265310034,0.0622012112321493,0.470498869536805,1.31124401918986,484,"16956/16592/227659/16000/18746/74617/11820/72054/14751/20185/21991/12266/14077/15251/20250/74159/27052/107476/170768/16149/67092/18655/16176/58810/11813/17319/14104/16889/13167/22228/26457/384783/11812/16828/72674/97212/108037/14433/20280/66885/12894/102857/18823/93747/18648/13849/11674/14775/22040/13806/18023/20397/56360/20787/70789/64383/66887/105727/56312/57875"
"GOBP_POSITIVE_REGULATION_OF_GLIAL_CELL_DIFFERENTIATION",0.0585993330157218,0.419065265310034,0.0909392279226991,-0.56281375341875,-1.40653247555374,37,"21803/433759/19317/16195/21938"
"GOBP_PYRIMIDINE_DEOXYRIBONUCLEOTIDE_METABOLIC_PROCESS",0.0589301903898459,0.419065265310034,0.078777842678775,0.76654457397279,1.5616582930782,22,"22169"
"GOBP_T_CELL_ACTIVATION",0.0591138659320478,0.419065265310034,0.061945887634562,0.471605427063089,1.31339010624142,477,"93695/58185/14190/19219/56644/12505/328833/16854/14744/16000/14991/54725/16852/19264/13039/15018/17886/17085/20588/12522/26410/16186/16554/16768/60533/68094/14127/12010/320790/22329/66494/18173/11977/26992/18566/12053/94176/12775/27050/19934/22177/16149/11776/20849/20304/16176/12515/15510/80859/19698/16889/15040/13655/11501/75345/70103/11774/66923/98365/17698/229473/20296/12523/20586/14360/27027/27060/22040/193385/27215/243910/18733/67155/11629/20655/320484/16477/16160/64930/277360/20779/18826/17474/12487/14130/19354/19247/58205/16184/16859/14466/227753/17869/57376/12571/12400/17974/12051/12772/11491"
"GOBP_VITAMIN_BIOSYNTHETIC_PROCESS",0.059147685525349,0.419065265310034,0.0791568051442498,0.788765000904037,1.55381572639813,17,"107272/21926/67283"
"GOBP_ANTIGEN_PROCESSING_AND_PRESENTATION_OF_EXOGENOUS_ANTIGEN",0.0594059405940594,0.419825126992375,0.0760356521608407,0.699749837027612,1.54069365436419,40,"13033/14991/13039/17476/15018/14127/19186/12010/16149/11776/65972/13040/13034/15040/11774/15006"
"GOBP_PHENOL_CONTAINING_COMPOUND_BIOSYNTHETIC_PROCESS",0.0595909732016925,0.419825126992375,0.0771938352436617,0.730872441377693,1.55004437792784,29,"24136/11977/73822/11669/14528"
"GOBP_REGULATION_OF_PEPTIDYL_SERINE_PHOSPHORYLATION",0.0594965675057208,0.419825126992375,0.0883886491452962,-0.611909459521502,-1.44619641514109,27,"215653/19211/54396/11651/58184"
"GOBP_NEGATIVE_REGULATION_OF_INFLAMMATORY_RESPONSE",0.0600985221674877,0.422606493590514,0.0683519284059275,0.563067199158474,1.42361151235504,142,"19219/13011/11816/16000/217344/19264/14824/11539/19241/15944/243272/14191/20085/18753/14683/27052/432940/74748/270151"
"GOBP_REGULATION_OF_NEURAL_PRECURSOR_CELL_PROLIFERATION",0.0603129445234708,0.423320067554249,0.0981470491928706,-0.469288697038371,-1.34122532775347,81,"13051/14766/21803/56484/17096/216858/12227/56458/20732/18015/22059/66725/16202/20733"
"GOBP_FORMATION_OF_CYTOPLASMIC_TRANSLATION_INITIATION_COMPLEX",0.060453869047619,0.423412241750164,0.078777842678775,0.79222722963691,1.53742437673117,15,"13669/68135/73830/54709/217869/16341/66085/78655/98221/56347"
"GOBP_NEGATIVE_REGULATION_OF_T_CELL_PROLIFERATION",0.0606644198363024,0.423412241750164,0.0728383861629769,0.649529080918536,1.50279093432482,60,"93695/14991/15018/60533"
"GOBP_REGULATION_OF_D_GLUCOSE_TRANSMEMBRANE_TRANSPORT",0.0606889890534449,0.423412241750164,0.0729388423496436,0.653698079171281,1.50752689943787,59,"16592/18605/16000/18611/18751/12266/16176/237542/384783"
"GOBP_TRANSFORMING_GROWTH_FACTOR_BETA_RECEPTOR_SIGNALING_PATHWAY",0.0607779578606159,0.423412241750164,0.117106883409404,-0.386128702465349,-1.23346456622211,194,"353310/15446/21803/433759/13805/17127/328365/26365/16969/65112/16476/22433/19303/21812/77578/50523/328572/80288/12912/52463/224109/17125/52662/230597/20481/17126/193740/19646/98403/66313/24063/170676/114715/75788/17283/22059/107321/380664/23863/170749/26356/17129/72183/17684/53618"
"GOBP_REGULATION_OF_INTRINSIC_APOPTOTIC_SIGNALING_PATHWAY_IN_RESPONSE_TO_DNA_DAMAGE_BY_P53_CLASS_MEDIATOR",0.061213335762434,0.424960484247584,0.0774315909249512,0.77854570279143,1.55080887476668,18,"12505/19941/16149/17319"
"GOBP_RIBOSE_PHOSPHATE_METABOLIC_PROCESS",0.0612269641125121,0.424960484247584,0.0625897727442784,0.494035747487331,1.34471085367755,339,"227659/18605/22436/16000/227731/18746/17722/15254/11820/14751/20185/66218/11966/11821/19241/21991/15251/12257/11977/11513/104111/170768/18655/66437/17524/66416/74167/11964/67130/17719/70257/16889/17716/18103/22228/78330/11949/66046/16828/11545/11947/66916/67264/67942/13178/14433/28080/11984/54405/18648/192185/11983/67273/17705/27425/67184/15452/11674/67126/22040/13806/11957/11958/71679/57423/17706/11637/71207/19384/17721/67059/218461/11565/56312/66043/22021/20779/66091/17720/104130/66377/18293/68202/66414/74354/11951/66477/18640/17991/17717/18641/17718/74143/227197/66945/66588"
"GOBP_GLYCOLIPID_BIOSYNTHETIC_PROCESS",0.0613817781447839,0.425247512914326,0.095636421370719,-0.477619438128777,-1.33830293142949,71,"67556/54613/20448/20454/68059/57370/22234/330217/329777/433931/16795/56386/69048/110417/20444/56375/223753/55981"
"GOBP_DEPHOSPHORYLATION",0.0616815988973122,0.425703680020809,0.107014828121207,-0.410043461650578,-1.26810652705595,144,"80281/26377/235584/19211/19267/67603/19053/71978/19052/72519/19060/19055/81535/83493/70686/237860/16331/19280/216152/19046/56294/52468/170749/19248/19045/227292/219024/24000/67857"
"GOBP_HETEROTYPIC_CELL_CELL_ADHESION",0.0617099135063207,0.425703680020809,0.0735499839648035,0.677570914595546,1.52408119783274,47,"16411/12505/14538/19264/16402/22329/16181/16176/16409/16414/17123/232341/21926/18733"
"GOBP_MORPHOGENESIS_OF_AN_EPITHELIUM",0.0619019492025989,0.425703680020809,0.061381954012731,0.479383351984572,1.31992022783361,399,"20846/16411/12977/20115/24136/12505/64138/16000/17769/18186/16402/21815/270163/18854/29876/13036/15251/225164/114249/17390/11977/231532"
"GOBP_RESPONSE_TO_PROSTAGLANDIN_E",0.0618987111998548,0.425703680020809,0.0768410915258218,0.766566467195066,1.55291930891919,21,"19219/217124/14683/12775/107476"
"GOBP_NEGATIVE_REGULATION_OF_PROTEIN_LOCALIZATION_TO_CELL_PERIPHERY",0.062027924010071,0.425788753094773,0.0865239251810879,-0.616094583942627,-1.44452223154508,26,"21803/12988/56374/18222/66610/233489/56334/226849"
"GOBP_BROWN_FAT_CELL_DIFFERENTIATION",0.063030303030303,0.425840572715573,0.0883886491452962,-0.541925349166644,-1.38957022747998,42,"11555/19735/209446/26416/68427/104776"
"GOBP_CELLULAR_RESPONSE_TO_FLUID_SHEAR_STRESS",0.0623840445269017,0.425840572715573,0.0868545009090863,-0.590519659202175,-1.41908279216703,30,"211401/11350/22433/11651/19052/17260/18749"
"GOBP_CELLULAR_RESPONSE_TO_VIRUS",0.0627846454131425,0.425840572715573,0.072048676645702,0.661272349940417,1.51211197881252,55,"246730/56417/56489/23960/99899/71586/15944/15251/15975/20304/15945/276770/66878/15519"
"GOBP_PYRIMIDINE_NUCLEOSIDE_TRIPHOSPHATE_METABOLIC_PROCESS",0.0625566636446056,0.425840572715573,0.0763778694074653,0.760370768225554,1.54908058361108,22,"22169/18103"
"GOBP_REGULATION_OF_ACTIVIN_RECEPTOR_SIGNALING_PATHWAY",0.0629868684620521,0.425840572715573,0.0846140864395758,-0.655478405113322,-1.45955880094378,20,"20481/75788/11480/103425/11481/380664/23863/11477"
"GOBP_REGULATION_OF_PIGMENTATION",0.0630580357142857,0.425840572715573,0.0770757391871296,0.788438143449057,1.53007114112804,15,"24136/77573"
"GOBP_REGULATION_OF_POSTSYNAPTIC_MEMBRANE_POTENTIAL",0.0622069396686465,0.425840572715573,0.101377203467264,-0.440095354902071,-1.30390246908369,108,"11555/19211/17257/63959/52882/11651/19055/54393/17260/56637/228880/18436/66725/192170/13048/18439/20238/11554"
"GOBP_RESPONSE_TO_CAMP",0.0625696545136125,0.425840572715573,0.0713773181547492,0.642519479827677,1.49464567827743,64,"20846/11820"
"GOBP_RIBOSOME_ASSEMBLY",0.062802712302228,0.425840572715573,0.0717587601968224,0.653096833785654,1.50210603002031,58,"20044/18148/14109/54127/16785/20085/20104/100503670/57294/68077/67025/67671/20103/20054/226982/67941/100019/217869/68193"
"GOBP_DETECTION_OF_CHEMICAL_STIMULUS",0.0632870519857927,0.426193065345277,0.071472137805893,0.65258629101183,1.50093179468571,58,"56644/67775/24088/65973/12268/20778/18174/18796/21897/12315/545205/12313/15370/266690"
"GOBP_GLOMERULAR_MESANGIUM_DEVELOPMENT",0.0633376567228707,0.426193065345277,0.0831123213823906,-0.703082765707546,-1.46695896274415,15,"16194/16416/18591/71785/12162"
"GOBP_NEGATIVE_REGULATION_OF_OSTEOCLAST_DIFFERENTIATION",0.063689936536718,0.427030200607548,0.0849239419737563,-0.625271176607875,-1.44008420886721,24,"142980/57259/21898/18708/16331/229615/16658/17002/18015/102791/72828"
"GOBP_SENSORY_PERCEPTION_OF_TASTE",0.0636280765724704,0.427030200607548,0.0759225511621017,0.771982475574546,1.54736018647485,19,"67775/18796"
"GOBP_POSITIVE_REGULATION_OF_EXCITATORY_POSTSYNAPTIC_POTENTIAL",0.0640074211502783,0.428392525841506,0.0857131468775338,-0.588316644021759,-1.41378870773699,30,"11555/19211"
"GOBP_CELL_COMMUNICATION_BY_ELECTRICAL_COUPLING_INVOLVED_IN_CARDIAC_CONDUCTION",0.0644400072608459,0.430407771560277,0.0752539051380473,0.768207508785103,1.54948583967894,20,"232975/11928/109552"
"GOBP_PURINERGIC_NUCLEOTIDE_RECEPTOR_SIGNALING_PATHWAY",0.0645381984036488,0.430407771560277,0.0846140864395758,-0.619533288249266,-1.44005085530196,25,"74191/23890/19204/70839/11542"
"GOBP_B_CELL_RECEPTOR_SIGNALING_PATHWAY",0.0650354153251771,0.430658545298169,0.070357361417532,0.646849643739395,1.49173336881327,59,"15951/12483/12517/76438/68119/19264/18751/101476/239743/226695"
"GOBP_CARDIAC_MUSCLE_CELL_PROLIFERATION",0.0648282535074988,0.430658545298169,0.0870211644808265,-0.545537113565622,-1.39306402343434,41,"11350/21812/232334/17125/26416/20481/17260"
"GOBP_MESODERM_DEVELOPMENT",0.064728798321846,0.430658545298169,0.0972120409994456,-0.446639853409486,-1.3060529574597,96,"17127/16416/67943/19052/17125/22778/21349/17126/12229/72475/11480/103425/11481/23863/12162/224143/216850/68151/17684/319757"
"GOBP_RESPONSE_TO_PROSTAGLANDIN",0.0649557522123894,0.430658545298169,0.0739656151550254,0.728053129166414,1.53454439449521,28,"19219/217124/14683/12775/107476"
"GOBP_CARDIAC_CONDUCTION",0.065775151609392,0.431743026676009,0.0686890698977699,0.623662531210919,1.47679904405305,75,"232975/16518/11928/67972/12289/109552/22627/12315/100986/192176/12313/20779/110891/20266"
"GOBP_FATTY_ACID_METABOLIC_PROCESS",0.0657230769230769,0.431743026676009,0.0607718687747803,0.495053345507985,1.33787848879961,311,"16956/16592/72054/20185/12266/14077/20250/74159/27052/107476/16149/18655/16176/11813/17319/14104/16889/13167/26457/384783/11812/72674/97212/20280/66885/12894/18823/93747/13849/14775/22040/18023/20397/56360/20787/64383/66887"
"GOBP_POSITIVE_REGULATION_OF_MONOATOMIC_ION_TRANSPORT",0.0654153242751086,0.431743026676009,0.0652191815441775,0.555480396303091,1.40906970114855,147,"18301/16854/16518/65973/11539/67972/19241/12257/18438/75909/20303/11933/17329/12289/13040/20302/20304/109552/15945/14873/16573/12018/20296/12856"
"GOBP_POSITIVE_REGULATION_OF_REACTIVE_OXYGEN_SPECIES_BIOSYNTHETIC_PROCESS",0.0656981786643539,0.431743026676009,0.0816849181752493,-0.691243600265518,-1.46639693535889,16,"56484/21898/21899/234779/12725/16819/213696/53881"
"GOBP_VASCULAR_ASSOCIATED_SMOOTH_MUSCLE_CELL_PROLIFERATION",0.0654375486886523,0.431743026676009,0.0898202850323628,-0.505342238997938,-1.36060758133218,56,"15446/19211/16476/22433/18479/17261/54598/26408/18591/60611/17260/18569/12576/18015/13198"
"GOBP_CELLULAR_RESPONSE_TO_PROSTAGLANDIN_E_STIMULUS",0.0662202380952381,0.432616919316746,0.0751440930078969,0.78347026449883,1.52043029830794,15,"19219/14683/12775/107476"
"GOBP_NEGATIVE_REGULATION_OF_CELL_CELL_ADHESION",0.0664196514340607,0.432616919316746,0.0640052201911665,0.543118330045917,1.39361551394176,165,"93695/14190/18301/16854/14991/16852/15018/12527/16768/60533/16181/18753/18566/12053/20720/16149"
"GOBP_POSITIVE_REGULATION_OF_ENDOCYTOSIS",0.066211020931226,0.432616919316746,0.0653662929462658,0.568512040014752,1.42658028090513,129,"56644/11816/26362/246746/12306/19264/11820/16186/12266/14127/12512/94245/225164/12010/227541/12268/18173/94176/12775/16971/227333/12752/18787/20296/19063/13057/16169/80838/20655/11773/14130/12475/14456"
"GOBP_POSITIVE_REGULATION_OF_TRANSFORMING_GROWTH_FACTOR_BETA_PRODUCTION",0.0665801988759187,0.432616919316746,0.0809972046193163,-0.699867624288031,-1.46025067639169,15,"17127/12912/70495/11909"
"GOBP_REGULATION_OF_HEART_GROWTH",0.0667162698412698,0.432616919316746,0.0868545009090863,-0.526669735542228,-1.37394265451762,46,"19735/67603/70350/18479/21812/232334/26416/17260"
"GOBP_RESPONSE_TO_STEROL_DEPLETION",0.0662571303203159,0.432616919316746,0.0818244882946139,-0.680975890802333,-1.46216292595165,17,"226144/23802/72754/17096/235623/56334/219024/72999"
"GOBP_THYROID_HORMONE_METABOLIC_PROCESS",0.0666048237476809,0.432616919316746,0.0748173840772458,0.779643475364342,1.52267131522396,16,"13030/54381/15451"
"GOBP_BONE_MORPHOGENESIS",0.0685633001422475,0.432692110746359,0.0919032203847858,-0.464085853819027,-1.32635562143803,81,"21803/231633/269941/212937/71375/230709/20481/11909/373864/17260/17002/242291/17701/17684/20682"
"GOBP_CELLULAR_PIGMENTATION",0.0682918953826284,0.432692110746359,0.0686890698977699,0.645710350374823,1.48511730691206,58,"11816/24136/17918/12512/94245/77573/11776/17101/13191/67844"
"GOBP_CELLULAR_RESPONSE_TO_DSRNA",0.0671176784760548,0.432692110746359,0.0729388423496436,0.739040481327629,1.53573448264152,25,"246730/246727/23960/18148/71586/667373/230073"
"GOBP_CELL_COMMUNICATION_INVOLVED_IN_CARDIAC_CONDUCTION",0.0674291567087743,0.432692110746359,0.0711887468782548,0.687347919307826,1.51338738729311,40,"232975/11928/12289/109552/12315/192176/12313"
"GOBP_COPII_COATED_VESICLE_CARGO_LOADING",0.0686904498116552,0.432692110746359,0.0807267478771111,-0.66910386054781,-1.45363652719866,18,"235623/99683/19324/20224/69162/27054/66397/20932/77371/110379/69608/218811/67231"
"GOBP_DECIDUALIZATION",0.0681362725450902,0.432692110746359,0.0732425961656048,0.769398677185549,1.53258863613913,18,"13030/20750/12215/11545/11546"
"GOBP_ERK1_AND_ERK2_CASCADE",0.0674415634180611,0.432692110746359,0.0611358774653469,0.50954371674271,1.35500603234701,251,"93695/19219/11816/12505/16000/14538/19264/59027/18186/14268/11820/13036/114249/13669/12775/16149/20302/11910/16176/12633/17319/21934/16332/57783/15461/56705/22340/21926/327957/63873/26400/27632/218461/18590/15559"
"GOBP_LEUKOCYTE_ADHESION_TO_VASCULAR_ENDOTHELIAL_CELL",0.0682148040638607,0.432692110746359,0.0847686054189199,-0.542272848181046,-1.3847285123259,41,"13051/67374/14537/20345/23871/11689"
"GOBP_OLIGODENDROCYTE_DIFFERENTIATION",0.0680580762250454,0.432692110746359,0.0951997347571879,-0.44357707342035,-1.2993262586994,99,"21803/72948/433759/19317/19211/12988/21938/17096/56386/94185/18015/108067/12805/14912/20682"
"GOBP_PIGMENT_BIOSYNTHETIC_PROCESS",0.0686456400742115,0.432692110746359,0.0700863026681222,0.67331861729932,1.50215970514582,45,"24136/12257/11977/73822/18174/68066/11983/18023/70118/11655/11656/14297"
"GOBP_POSITIVE_REGULATION_OF_PROTEIN_SERINE_THREONINE_KINASE_ACTIVITY",0.0686820472023336,0.432692110746359,0.0885639937858774,-0.497258093693088,-1.35245693636477,60,"30955/320207/64143/26395/54396/26408/12283/23991/22034/18591/21899"
"GOBP_POSITIVE_REGULATION_OF_TRANSPORTER_ACTIVITY",0.0683478260869565,0.432692110746359,0.0713773181547492,0.701099236898335,1.52133860277683,35,"65973/19241/75909/18753/13040/12856/20393/20266/15194/14168/60595/381812/116873/15114"
"GOBP_REGULATION_OF_LYMPHOCYTE_CHEMOTAXIS",0.0682519513523325,0.432692110746359,0.0730396943187741,0.757737297455659,1.53503307366523,21,"55985/20303/20302/170756/20304/15945/232341/20296/12772/11491/53416/19229"
"GOBP_REGULATION_OF_STEROID_HORMONE_SECRETION",0.0686456400742115,0.432692110746359,0.0736532668184816,0.777224782809052,1.51794752301552,16,"20750/12257"
"GOBP_REGULATION_OF_SYSTEMIC_ARTERIAL_BLOOD_PRESSURE",0.0679340229242382,0.432692110746359,0.0915140765993025,-0.468808611565398,-1.32023560273042,74,"11555/56485/13805/17257/19277/70495/18591/74840/271127/52150/230857"
"GOBP_RESPONSE_TO_XENOBIOTIC_STIMULUS",0.0670701581027668,0.432692110746359,0.0602370091541037,0.493285466381218,1.33134019122029,305,"20846/16948/320024/11520/13058/17769/67702/11928/383619/17931/21815/14077/12257/17390/67041/217124/13555/11303/13435/17711/11669/16176/12515/80859/108000/16889/17716/14873/12018/27973/12894/21926/14360/15519/13849/56208/14775/13057/76108/50883/20787/11655/20655/11565/15559/20624"
"GOBP_SECONDARY_METABOLITE_BIOSYNTHETIC_PROCESS",0.0684601113172542,0.432692110746359,0.0737569644215925,0.777606921899211,1.51869385419047,16,"24136/11977/73822"
"GOBP_REGULATION_OF_GENERATION_OF_PRECURSOR_METABOLITES_AND_ENERGY",0.0690940366972477,0.434504109968598,0.0641447501054599,0.571385647994712,1.42807804727098,123,"246730/227659/18605/23960/16000/11820/20185/15251/66494/11977/15975/68077"
"GOBP_POSITIVE_REGULATION_OF_CYTOKINE_PRODUCTION_INVOLVED_IN_IMMUNE_RESPONSE",0.0694684020699388,0.436126584519482,0.0670487152800428,0.625101015908308,1.46814109171701,70,"58185/56644/14991/15018/210808/14127/230073/12010/329260/16149/17164/16176/17319/15040/15006/327957/18733/68585/26409"
"GOBP_CELLULAR_RESPONSE_TO_INSULIN_STIMULUS",0.0701590271281572,0.439084332624057,0.0613201759333526,0.531257831597096,1.37864446632057,187,"20846/18605/13033/16000/17918/18746/59027/18751/107508/67972/20588/108100/18753/20402/17975/16176/237542/20660/12633/14718/22228/26457/384783/11545/72674/213053/83946/15461/233016/17977/192157"
"GOBP_FATTY_ACID_TRANSPORT",0.0702845591665371,0.439084332624057,0.0663458340758821,0.617784182654214,1.462879433535,75,"16592/11816/11520/107508/14077/18438/16176/66437/17319/21934/22228/26457/384783/58207/12894"
"GOBP_NUCLEOTIDE_BIOSYNTHETIC_PROCESS",0.0704816905105657,0.439084332624057,0.0605921158454878,0.524120946008267,1.37131963344608,206,"22169/17722/59027/66218/11821/19241/11513/104111/66416/67130/17719/70257/16889/17716/18103/78330/11949/66046/11545/11947/66916/67264/67942/13178/28080/20135/11984/54405/192185/11983/67273/17705/27425/67184/15452/11674/67126/13806/11957/11958/71679/57423/17706/11637/17721/70789/11565/66043/66091/17720/104130/66377/68202/66414/14913/11951/66477/17991/17717/17718/227197/66945/66588"
"GOBP_PHOSPHATIDYLINOSITOL_BIOSYNTHETIC_PROCESS",0.0706401766004415,0.439084332624057,0.0954173509538673,-0.427559906885664,-1.27692337652157,112,"30955/18718/19211/67556/234515/23827/108083/75669/18708/83493/329777/18591/433931/16331/69048/27399/110417/107650/77582/234779/55981/242291/18719/76500/170749/233011/14731"
"GOBP_PIGMENT_GRANULE_ORGANIZATION",0.0706086956521739,0.439084332624057,0.0701763259905319,0.6984037756407,1.51548963155035,35,"11816/24136/94245/11776/17101/67844/11774"
"GOBP_POSITIVE_REGULATION_OF_TORC1_SIGNALING",0.0706424366521628,0.439084332624057,0.0857131468775338,-0.507347040603337,-1.35576846912883,53,"68526/70510/328572/20963/11651/232087/56692/68441/225131/76630/93687/83429/22258/72124/268706/219024/224023/110379"
"GOBP_HEART_VALVE_DEVELOPMENT",0.0710090763481046,0.439256790000608,0.0873572860780536,-0.487953065892436,-1.33845112898818,63,"21803/20677/21937/18018/21938/22761/18129/17126/17260/22666/20682/207728/19878/12142/11477"
"GOBP_POSITIVE_REGULATION_OF_AUTOPHAGOSOME_ASSEMBLY",0.0708434801859641,0.439256790000608,0.0794123736887832,-0.654918328188271,-1.44142976086687,19,"18718/64143/170625/108083"
"GOBP_POSITIVE_REGULATION_OF_CALCIUM_MEDIATED_SIGNALING",0.0710217755443886,0.439256790000608,0.0686043435198679,0.667481457075254,1.49638132632426,46,"56644/16000/19264/15254/11820/18438/20303/20302"
"GOBP_REGULATION_OF_ANTIGEN_PROCESSING_AND_PRESENTATION",0.071156289707751,0.439363713055438,0.071472137805893,0.759606100539986,1.53213667278759,20,"14190/13011/18173/12775/16149/13040"
"GOBP_REGULATION_OF_CELL_MATURATION",0.0716141001855288,0.440958996995837,0.072048676645702,0.773600773766607,1.51086970502639,16,"56644"
"GOBP_TOLL_LIKE_RECEPTOR_9_SIGNALING_PATHWAY",0.0716499544211486,0.440958996995837,0.0713773181547492,0.761019837592577,1.52538669602818,19,"58185/226421/231130/83490/19063/266632/68585"
"GOBP_COLLAGEN_FIBRIL_ORGANIZATION",0.0722814838401528,0.441223129369532,0.0661924422634488,0.629490891134823,1.46433823329685,64,"16948/12306/11977/234407"
"GOBP_REGULATION_OF_B_CELL_DIFFERENTIATION",0.0720615671641791,0.441223129369532,0.080861650980769,-0.578313826843966,-1.39633288643197,31,"74039/105855/22433/12193/20963/12946/20851/16331/81897/12229"
"GOBP_REGULATION_OF_LIPID_TRANSPORT",0.0719329214474846,0.441223129369532,0.0636600886299947,0.5842159721966,1.43724662518314,107,"11816/20750/12306/11307/107508/14077/12257/18438/66494/18753/11303/16971/11980/16176/11813/66437/17319/21934/13167/384783/11812/20280/18035"
"GOBP_SEMINIFEROUS_TUBULE_DEVELOPMENT",0.0719861231569818,0.441223129369532,0.0779134661483548,-0.685106849608576,-1.45337849677524,16,"14766/263876/22187/67561"
"GOBP_VACUOLAR_ACIDIFICATION",0.0722618840327355,0.441223129369532,0.0693777189790397,0.698075789425246,1.51138079128799,34,"14824/66144/11966/29876/73834/18173/16783/11964/12752/11974/240283/11984/433375/19063/27060/16784/76524"
"GOBP_NEGATIVE_REGULATION_OF_SMAD_PROTEIN_SIGNAL_TRANSDUCTION",0.072400175515577,0.441229037125825,0.0781576498045414,-0.674738230008571,-1.4487696818141,17,"13805/65112/22433/52662/20481/12929"
"GOBP_REGULATION_OF_ADAPTIVE_IMMUNE_RESPONSE",0.0730495501544246,0.443025427150135,0.0601783862400583,0.529810111455155,1.37161139356446,181,"58185/14964/56644/54123/14991/16852/19264/15018/12266/60533/14127/12010/107823/18173/11513/18566/12053/329260/16176/12515/15510/80859/19294/15040/21929/15006/21926/14990/53331/243910/18733"
"GOBP_REGULATION_OF_INTRINSIC_APOPTOTIC_SIGNALING_PATHWAY_IN_RESPONSE_TO_DNA_DAMAGE",0.0729864331100807,0.443025427150135,0.0685199122966855,0.68523377168217,1.50057818121238,38,"12505/19941/22070/67991/27050/16149/50755/74996/17319"
"GOBP_VASCULAR_ASSOCIATED_SMOOTH_MUSCLE_CELL_MIGRATION",0.0729760547320411,0.443025427150135,0.0794123736887832,-0.611475918509339,-1.42132220519463,25,"22433/18479/238130/18591/17260/18015/13198"
"GOBP_REGULATION_OF_POSITIVE_CHEMOTAXIS",0.0732777534006143,0.443691469701943,0.0776714573195423,-0.673672305892513,-1.44648097417345,17,"16170/17127/13609/12913"
"GOBP_INNATE_IMMUNE_RESPONSE_ACTIVATING_CELL_SURFACE_RECEPTOR_SIGNALING_PATHWAY",0.0739269894608218,0.444748565809245,0.0640052201911665,0.604967816413645,1.44978466828406,84,"246730/56644/23960/24088/226421/22177/231130/22031/83490/21929/18035/21897/14360/13057/327957/70110/27419/266632/16365/18081/26409/20779/12475/16859"
"GOBP_NEGATIVE_REGULATION_OF_ESTABLISHMENT_OF_PROTEIN_LOCALIZATION",0.0738569753810082,0.444748565809245,0.062655195332066,0.579620935156881,1.42864701095832,109,"58185/11816/20684/216440/217344/67397/55988/16176/22228/18035/54198/56228/52055/20787/218461/16160/19247/72826"
"GOBP_SMALL_MOLECULE_BIOSYNTHETIC_PROCESS",0.0737327188940092,0.444748565809245,0.0551956030688697,0.461765268025783,1.28424449607649,469,"16956/16592/107272/11816/56193/11307/14751/109754/11821/21991/20250/19386/107476/16149/67815/67092/11910/18655/73212/14660/16176/11813/17319/14104/16889/17948/14718/12752/11812/14528/213053/109900/108037/20280/18823/18648/21926/68603/110391/15452/66190/20768/13806/68165/20787/21877/70789/67283/64383"
"GOBP_TROPHOBLAST_CELL_MIGRATION",0.0737868380234877,0.444748565809245,0.0777921919210674,-0.662005848372566,-1.43821600674315,18,"17127/16416/21812/17126/66313/229096/11481"
"GOBP_GRANULOCYTE_DIFFERENTIATION",0.0745915226142553,0.446595889390142,0.0800618093065621,-0.554667123898743,-1.38219465916111,36,"98386/26365/12398/22761/17096/21349/211770/16331/15163/23897/17684/12606/67767/20375/20850/104416/20687"
"GOBP_PEPTIDYL_TYROSINE_DEPHOSPHORYLATION",0.0745604273314044,0.446595889390142,0.0775512583160702,-0.632619888245133,-1.42367901064511,21,"235584/67603/19280/56294/19248"
"GOBP_POSITIVE_REGULATION_OF_LEUKOCYTE_APOPTOTIC_PROCESS",0.0745132743362832,0.446595889390142,0.0688594151123592,0.715439679447844,1.50795856197081,28,"80885/60533/66494/18566/20304/11501"
"GOBP_EMBRYONIC_AXIS_SPECIFICATION",0.0750572082379863,0.447952892477663,0.0784040413719235,-0.596806113898288,-1.41050093118173,27,"70350/212937/327826/17126/218850/56334/67122/19206/277939/72634"
"GOBP_FAT_CELL_DIFFERENTIATION",0.075019638648861,0.447952892477663,0.0585444411550859,0.517611246467004,1.35668227931023,208,"16956/18605/14077/20318/13555/16913/71175/237542"
"GOBP_ADAPTIVE_IMMUNE_RESPONSE",0.0756532066508313,0.450767528984524,0.0553343907639583,0.473605327512177,1.29865640425897,375,"58185/21354/14964/56644/54123/14991/76438/54725/16852/19264/13039/17476/15018/18751/17085/239743/55985/12266/16768/60533/227525/14127/13036/12010/12268/107823/18753/18173/18034/11513/18566/12053/329260/16149/16068/20849/13040/16176/12515/15510/80859/19294/21934/19698/12260/55960/15040/75345/56743/13026/15461/21929/15006/246256/12523/21926/14990/14360/53331/20592/27060/15452/22040/243910/18733"
"GOBP_CELLULAR_RESPONSE_TO_EXOGENOUS_DSRNA",0.0758432087511395,0.450767528984524,0.0692905673045036,0.754502697279266,1.51232375254234,19,"246730/246727/23960/71586/667373/230073"
"GOBP_MITOCHONDRIAL_ELECTRON_TRANSPORT_NADH_TO_UBIQUINONE",0.0760098928276999,0.450767528984524,0.0656633389321157,0.652385227042767,1.47314957427904,49,"17722/66218/17992/66416/67130/17719/17716/78330/66046/66916/67264/54405/67273/17721/66091/17720/66377/68202/66148/17991/17717/17718/227197"
"GOBP_REGULATION_OF_CELLULAR_RESPONSE_TO_GROWTH_FACTOR_STIMULUS",0.0759187620889749,0.450767528984524,0.114417265153214,-0.356957573405616,-1.18550677590009,270,"14766/353310/433759/19245/11350/407831/13805/17127/16416/13855/16969/65112/68526/12361/22433/15242/77578/50523/328572/80288/66105/52463/224109/11863/52662/14366/18129/20481/17126/101706/193740/19646/98403/11798/66313/229285/24063/170676/114715/20430/213452/75788/50766/17283/22059/380664/23863/16202/170749/26356/17701/72183/15239/17684"
"GOBP_INORGANIC_ION_HOMEOSTASIS",0.0761570005858231,0.45092644264718,0.0547397849350589,0.46689788092573,1.28936510843181,414,"232975/11816/18605/11732/20496/16518/14319/19264/65973/14325/74772/28240/18751/11820/11928/11927/11539/20293/67972/22070/20321/15368/18854/58800/15251/12010/320790/245944/18173/11977/20305/12775/18174/83704/11933/17329/20302/69029/170756/20304/109552/11964/15945/14873/12752/20529/72244/22627/70103/12018/11774/213053/16531/20308/17748/18796/232341/12315/27060/13057/27419/72027/63873/13367/192176/20655/233979/12313/15559/11656/217893/66168/110891/17846/17750/66162/17869/14297/12176/224079/12772/106957/53416/50527/68514/15194/19229/246198"
"GOBP_DEOXYRIBONUCLEOTIDE_CATABOLIC_PROCESS",0.0763494318181818,0.451352792515056,0.0681021234212085,0.717714751447773,1.50429307758031,27,"56045/22436"
"GOBP_ANTIGEN_PROCESSING_AND_PRESENTATION_OF_EXOGENOUS_PEPTIDE_ANTIGEN",0.0765217391304348,0.451380812134178,0.0672877185291006,0.690074165368663,1.49741493258334,35,"13033/14991/13039/17476/15018/14127/12010/16149/65972/13040/13034/15040/15006"
"GOBP_GLUCOSE_METABOLIC_PROCESS",0.0768704691560662,0.451380812134178,0.0591495893440378,0.529895958310912,1.36170258488724,170,"246730/16592/23960/16000/18746/14751/14387/21991/58801/19386/11910/18655/16889/14718/384783/16828/16332/72674/213053/14433/12894/18648/21926/13806/18023"
"GOBP_INTEGRIN_MEDIATED_SIGNALING_PATHWAY",0.0768778480082317,0.451380812134178,0.0614439060918817,0.578338254490279,1.4242158798334,108,"16411/23880/56193/13518/18186/14268/17886/16402/11502/14127/12512/100038882/14191/22177/59079/18103/11504/16409/16414/18787/378460/17123/16419/21894"
"GOBP_NEGATIVE_REGULATION_OF_TISSUE_REMODELING",0.0769563337656723,0.451380812134178,0.0751440930078969,-0.692289632623741,-1.44443944713998,15,"13010/231633/12988/16331/72828/18439"
"GOBP_SMOOTH_MUSCLE_TISSUE_DEVELOPMENT",0.0766809084776254,0.451380812134178,0.0768410915258218,-0.617835694986947,-1.41320455881777,23,"13805/18015/20682/319757/13383/19206/22682"
"GOBP_AUTOPHAGOSOME_ORGANIZATION",0.079476861167002,0.453493420494332,0.0926961428741135,-0.41224970449513,-1.25264610469191,128,"72512/18718/80877/64143/29810/170625/54396/19338/237782/67841/11938/15568/108083/93739/54609/271457/22034/386649/210146/19324/66270/56085/20333/225020/78246/11793/75788/51897/67526/71742/66840/66725/13641"
"GOBP_BILE_ACID_METABOLIC_PROCESS",0.0774582560296846,0.453493420494332,0.0776714573195423,-0.576317994018112,-1.38495465033675,30,"19299/76303/18145/228983/74155"
"GOBP_CELLULAR_RESPONSE_TO_GLUCOCORTICOID_STIMULUS",0.08001016002032,0.453493420494332,0.0800618093065621,-0.51045720143002,-1.3427320187259,49,"21803/14815/56484/12193/20317/12151/74155/233893"
"GOBP_CELLULAR_RESPONSE_TO_PROSTAGLANDIN_STIMULUS",0.0805834092980857,0.453493420494332,0.0671281164691295,0.750426697001612,1.50415382544003,19,"19219/14683/12775/107476"
"GOBP_CHRONIC_INFLAMMATORY_RESPONSE",0.0796130952380952,0.453493420494332,0.0682683723194118,0.769800449668713,1.4939021688029,15,"55985/22329/20304/80859/21929/21926"
"GOBP_CYTOKINE_PRODUCTION_INVOLVED_IN_IMMUNE_RESPONSE",0.0804751299183371,0.453493420494332,0.060295791275842,0.579390497266709,1.41780336628542,102,"58185/56644/26362/14991/69550/15018/210808/14127/230073/12010/12053/329260/16149/17164/270151/16176/17319/15040/15006/21926/56228/327957/18733/68585/26409/56722"
"GOBP_GLIOGENESIS",0.079914757591902,0.453493420494332,0.117106883409404,-0.346906722087175,-1.16687487953717,314,"13051/14766/15212/104156/21803/72948/433759/19317/19211/11350/321019/22142/70839/14815/328365/12988/17257/76893/16195/20677/26395/12569/21938/15979/12912/21898/269951/17874/224109/17096/11651/18027/12978/14784/21349"
"GOBP_GLOMERULAR_EPITHELIUM_DEVELOPMENT",0.079102447869447,0.453493420494332,0.0759225511621017,-0.611613343382301,-1.40862836907911,24,"18613/70350/19277/12488/18129/228790"
"GOBP_MULTICELLULAR_ORGANISMAL_LEVEL_CHEMICAL_HOMEOSTASIS",0.0800260247234873,0.453493420494332,0.0634554993001747,0.637642829664421,1.45807905173467,55,"246730/23960/15368/13036/12010/18173/14683/18174"
"GOBP_MUSCLE_ORGAN_MORPHOGENESIS",0.0786196159833939,0.453493420494332,0.0816849181752493,-0.500493332576806,-1.34218038883312,55,"21803/13805/21812/22761/13609/63958/68927/109620"
"GOBP_NEGATIVE_REGULATION_OF_PROTEIN_LOCALIZATION_TO_MEMBRANE",0.078125,0.453493420494332,0.0775512583160702,-0.573055168229554,-1.38363590838824,31,"21803/12988/56374/18222/66610/233489/56334/226849/16413/104215/13132/13829"
"GOBP_NEURAL_NUCLEUS_DEVELOPMENT",0.0776291633884081,0.453493420494332,0.0826765785309944,-0.495704367513374,-1.33809393862611,57,"12709/12314/70350/12569/22661/99683/11461/12540/22629/11909/16795"
"GOBP_NONRIBOSOMAL_PEPTIDE_BIOSYNTHETIC_PROCESS",0.0799827064418504,0.453493420494332,0.0736532668184816,-0.687198034946238,-1.43381599679813,15,"23887/14629/26570/68044/14630"
"GOBP_POSITIVE_REGULATION_OF_ACTIN_FILAMENT_BUNDLE_ASSEMBLY",0.0800945378151261,0.453493420494332,0.0814078219628671,-0.49294588462879,-1.33421650471693,58,"211401/11350/17127/19303/18479/21812/16423/72754/20947/12540/19353"
"GOBP_POSITIVE_REGULATION_OF_B_CELL_ACTIVATION",0.0784477945281965,0.453493420494332,0.0849239419737563,-0.460465149586721,-1.30384215838561,76,"21803/105855/321019/74131/22433/433693/20963/21898/20851/75698/20852/16331/117149/81897/67245/12229/227059/12151/17260"
"GOBP_POSITIVE_REGULATION_OF_CELLULAR_RESPONSE_TO_TRANSFORMING_GROWTH_FACTOR_BETA_STIMULUS",0.0789103690685413,0.453493420494332,0.0665778123685814,0.702220263422573,1.49680475203738,30,"24136/53378/15258/114249/14718"
"GOBP_POSITIVE_REGULATION_OF_RAS_PROTEIN_SIGNAL_TRANSDUCTION",0.0788690476190476,0.453493420494332,0.0686043435198679,0.770891569793155,1.49601963537626,15,"12977/16000"
"GOBP_POSITIVE_REGULATION_OF_TYPE_I_INTERFERON_MEDIATED_SIGNALING_PATHWAY",0.0783384951721625,0.453493420494332,0.0681021234212085,0.756084067699069,1.5060668603697,18,"54123/434341/56489/58203"
"GOBP_PROTEIN_ACETYLATION",0.0805114847264977,0.453493420494332,0.0769581592091491,-0.549808260383994,-1.37008668500813,36,"239667/22433/328572/28019/244349/56458/81601/229906/217127/73242"
"GOBP_REGULATION_OF_ENDOCRINE_PROCESS",0.0802919708029197,0.453493420494332,0.06642290670214,0.721518532820322,1.49932367537775,25,"20750/12257"
"GOBP_REGULATION_OF_GLIOGENESIS",0.0793002915451895,0.453493420494332,0.0863599961425958,-0.44575007719983,-1.29186958412895,89,"104156/21803/433759/19317/17257/76893/16195/21938/269951/17096/20481/20732/19697/18015/22059"
"GOBP_REGULATION_OF_MIRNA_METABOLIC_PROCESS",0.0796757058987979,0.453493420494332,0.0843074724832269,-0.462615767665606,-1.30279562232699,74,"21803/19317/14815/17127/18021/16476/23871/56484/17125/18129/18591/18986/13982/19697/223701/22059"
"GOBP_REGULATION_OF_PLATELET_ACTIVATION",0.0783026016670876,0.453493420494332,0.0807267478771111,-0.51355685335984,-1.34722600631493,48,"16194/14766/16923/18750/26365/16456/16195/20963/21898/17096/54368"
"GOBP_REGULATION_OF_SECRETION",0.0798898071625344,0.453493420494332,0.0527683194655535,0.45726932703379,1.2734650102606,477,"58185/246728/80885/11816/20750/16000/14991/20496/24088/12306/217344/53378/74772/18751/11502/11307/11539/18442/14127/15251/94245/12257/18438/320790/14191/67041/16783/14683/171580/67397/16149/68953/170756/12215/20304/109552/16176/14389/17319/21934/22228/384783/11501/16409/13722/17929/16414/378460/12894/15006/232341/12523/192185/21926/12315/27060/13057/67267/98170/18733/13418/52055/20787/20909/73205/218461/233979/226089/208092/20911/16160/20393/14130/19354/53357"
"GOBP_REGULATION_OF_TRANSLATIONAL_INITIATION",0.0803144751040543,0.453493420494332,0.0615683355795463,0.599783847557606,1.4296758104658,81,"19106/229663/18148/73158/18854/56726/22121/227331/75705/13164/68135/73830/108989/20304/208643/226982/13685/16589/217869/230861/21926/16341/17872"
"GOBP_RESPONSE_TO_TUMOR_NECROSIS_FACTOR",0.0781914893617021,0.453493420494332,0.057746241136524,0.521559605595938,1.35671031252991,192,"20846/11746/11502/18518/66102/383619/19241/230598/114249/22329/27050/22031/432940/16068/20302/59079/17164/20304/21934/17948/12363/11796/14528/276770/12631/14469/52700/21929/18035/20296/21926/13057/26400/16365/19766/26409/59004/71966/14456/14466/56449/53323/11898"
"GOBP_VENTRICULAR_CARDIAC_MUSCLE_TISSUE_MORPHOGENESIS",0.0804327375352775,0.453493420494332,0.0767245323920217,-0.553168013864815,-1.3704368788,35,"21803/13805/21812/63958/68927/109620"
"GOBP_POSITIVE_REGULATION_OF_PROTEIN_DEPOLYMERIZATION",0.0807657247037375,0.453837985291766,0.0670487152800428,0.749738924357642,1.50277525527776,19,"56193/18008/28006/12631/63873/22388/56431"
"GOBP_T_CELL_MEDIATED_IMMUNITY",0.0810367942797557,0.454679498443899,0.0601783862400583,0.580571489169277,1.41802065456406,101,"58185/14964/14991/76438/54725/19264/15018/60533/13036/12010/18566/329260/16176/15510/80859/19294/55960/15040/15006/14990/53331/20592/15452/22040/18733"
"GOBP_MEMBRANE_LIPID_METABOLIC_PROCESS",0.0814090019569472,0.456085111113061,0.0991087684263433,-0.382672330504389,-1.21283358729802,184,"242083/15212/67556/26889/192654/56442/54613/319660/57874/76893/20448/21937/76303/20454/68059/57370/22234/330217/30960/106529/67630/81535/329777/433931/16795/56386/69048/75292/110417/227102/20444/70750/56375/223753/55981/17250/18436/20598"
"GOBP_ENTEROENDOCRINE_CELL_DIFFERENTIATION",0.0818700114025085,0.456620242167563,0.0748173840772458,-0.600283891888577,-1.39530731977445,25,"19726/11651/56637/19653/14912/319757/15205/18607"
"GOBP_NEGATIVE_REGULATION_OF_CATALYTIC_ACTIVITY",0.0816553256492154,0.456620242167563,0.057746241136524,0.537090427255227,1.37007517131011,156,"20115/11816/56417/11605/23790/19264/21858/18148/18008/65019/17931/12575/78388/100503670/225896/75296/54153/13601/209200/67025/80285/68045/14433/11983/15259/54683/97998/208092/19777/23825/19645/11789/69660/12772/19271"
"GOBP_PULMONARY_VALVE_MORPHOGENESIS",0.0817637934854864,0.456620242167563,0.0737569644215925,-0.65391297209243,-1.42063413154477,18,"18018/18129/17126"
"GOBP_REGULATION_OF_HYDROLASE_ACTIVITY",0.0821954129656635,0.45775394917579,0.0561393712402482,0.516315069032011,1.34487372437253,195,"246730/246727/23960/23790/19156/74772/14824/14694/338320/21858/18148/16765/228482/66494/18753/54126/225896/27050/54153/13601/231821/20401/50778/20354"
"GOBP_BRANCH_ELONGATION_OF_AN_EPITHELIUM",0.0827929096411587,0.458963417841363,0.0723419514602353,-0.685171815010438,-1.42958835584277,15,"21803/24063/13982/20682"
"GOBP_CELL_CYCLE_G1_S_PHASE_TRANSITION",0.0830183761240714,0.458963417841363,0.0553343907639583,0.50494871511029,1.32859686147142,221,"93695/104418/20588/19241/68094/19186/12575/227331/13555/26992/72776/12795/237886/270627/19188/208643/11504/12450/69068/67941/13685/15902/66923/20135/20296/20586/12442/22040/12580/12453/67155/11629/72584/21781/404710/116748/19645/17869/57376/12571/11789/11491/56696/235041/12534"
"GOBP_FEMALE_GENITALIA_DEVELOPMENT",0.0831473214285714,0.458963417841363,0.0667337413459785,0.765017606131282,1.48462041229485,15,"26362/320790/12018"
"GOBP_NEGATIVE_REGULATION_OF_MITOTIC_CELL_CYCLE_PHASE_TRANSITION",0.0831399317406143,0.458963417841363,0.0566777211926817,0.525106045258998,1.35035302300865,171,"93695/104418/330177/12575/16319/227331/26992/12795/237886/68077/19360/75430/108989/108000/67941/20296/66977/11920/22040/235559/24010/76843/66468/21781/19645/11789/56696/235041/12534/52276/66371/18817/381921"
"GOBP_POSITIVE_REGULATION_OF_CYTOPLASMIC_TRANSLATION",0.0831473214285714,0.458963417841363,0.0667337413459785,0.765152606620444,1.48488239905212,15,"18746/229663/18458/11991/22608/13211/56403/56449"
"GOBP_POSTSYNAPTIC_DENSITY_ASSEMBLY",0.0829555757026292,0.458963417841363,0.0740705739921771,-0.607275268100943,-1.3986371941405,24,"19211/66610/19280"
"GOBP_RESPONSE_TO_PROTOZOAN",0.0833628318584071,0.459476314419573,0.0649277319696751,0.706482283400436,1.48907872842136,28,"56644/236573/18173/17101/15900/15461/14469/27027/74481/16160/76074/17472/626578/12051"
"GOBP_EMBRYONIC_APPENDAGE_MORPHOGENESIS",0.083551673944687,0.459840930902624,0.0840040435343081,-0.443580456759915,-1.28250946341636,88,"58198/433759/56758/18129/20481/230857/242291/233812/12162/17701/140482/19164/12125/16973/244585/19206/277939"
"GOBP_ATP_BIOSYNTHETIC_PROCESS",0.0852179122360341,0.461850877158884,0.0587625026852205,0.578890706996487,1.40666705707746,97,"17722/66218/19241/66416/67130/17719/70257/16889/17716/78330/11949/66046/11545/11947/66916/67264/67942/28080/11984/54405/11983/67273/17705/27425/67184/11674/67126/13806/11957/11958/71679/57423/17706/17721/66043/66091/17720/104130/66377/68202/66414/11951/66477/17991/17717/17718/227197/66945"
"GOBP_BONE_DEVELOPMENT",0.0852723604572966,0.461850877158884,0.0554741407704174,0.519724477882581,1.34385617492629,179,"19219/16948/80752/16000/12306/19264/268396/107823/109181/72043/14683/72055/22177/270106/17937/13601/233781/16889/20354/16332/17936/27973/75547/70508/233328/18733/63873/17387"
"GOBP_CELL_SURFACE_RECEPTOR_SIGNALING_PATHWAY_VIA_JAK_STAT",0.0850365507981501,0.461850877158884,0.0587077763275074,0.57724386751377,1.40782654858944,100,"20846/20847/19264/547253/12982/15975/20849/80285/72674/20296/21926/12984/16169/12313/16160"
"GOBP_HYDROGEN_PEROXIDE_CATABOLIC_PROCESS",0.084412032816773,0.461850877158884,0.0655143420284748,0.744315913264196,1.49190538229189,19,"18477/14778/11758/53381/14775/54683"
"GOBP_INFLAMMATORY_CELL_APOPTOTIC_PROCESS",0.084412032816773,0.461850877158884,0.0655143420284748,0.744525172227463,1.49232482055464,19,"80885/54123/13039/102595/20304"
"GOBP_MESENCHYMAL_CELL_DIFFERENTIATION",0.0847080387536004,0.461850877158884,0.0548754448345273,0.509784998801009,1.33616933336012,208,"20846/20115/24136/16000/14538/23790/53378/18186/14268/19877/15251/15451/18187/16176/20354/11501/72674"
"GOBP_POSITIVE_REGULATION_OF_T_CELL_CYTOKINE_PRODUCTION",0.0846781504986401,0.461850877158884,0.0652191815441775,0.731218977224022,1.48969051325981,22,"58185/15018/12010/329260/16176"
"GOBP_REGULATION_OF_MYELOID_CELL_DIFFERENTIATION",0.0851349536726198,0.461850877158884,0.0554741407704174,0.517404673718303,1.34024448645445,184,"20846/12977/16948/54123/12986/17342/97165/330177/226421/15251/12010/100038882/22177/16149/20302"
"GOBP_REGULATION_OF_POSTSYNAPTIC_SPECIALIZATION_ASSEMBLY",0.0852335620987381,0.461850877158884,0.0721460585392844,-0.639112599576177,-1.40664244978843,19,"11350/66610/19280"
"GOBP_T_CELL_MEDIATED_CYTOTOXICITY",0.0850345874810191,0.461850877158884,0.062655195332066,0.654124190610236,1.45632859808575,44,"14964/14991/54725/19264/15018/13036/12010/19294/55960/15040/15006/14990/53331/15452/18733/16160/14130"
"GOBP_VESICLE_COATING",0.0850404954740352,0.461850877158884,0.0750347375750997,-0.543875779094182,-1.35920442831448,37,"21787/217449/77038/68581/66682/20224/56334/67511/66975/320714/66397/67857/227648/60409"
"GOBP_ASTROCYTE_ACTIVATION",0.0856885688568857,0.462025073124352,0.0645685196273197,0.725744183918439,1.48916615117468,23,"24136/14824/11820/16971/16176/21926/27419"
"GOBP_B_CELL_MEDIATED_IMMUNITY",0.0857605177993527,0.462025073124352,0.058008949856548,0.569516141354475,1.40108314579525,107,"54123/14991/19264/15018/12266/14127/12268/107823/18753/12053/16149/15510/80859/19294/12260/15040/13026/246256/21926/27060/22040/12984/12262/12487/14130/12259"
"GOBP_CELL_SURFACE_TOLL_LIKE_RECEPTOR_SIGNALING_PATHWAY",0.0857997481108312,0.462025073124352,0.0601199218047462,0.611518804092413,1.43107983988684,67,"246730/23960/24088/226421/231130/22031/83490/21929/18035/21897/13057/327957/70110/27419/266632/16365/18081/26409/12475/16859/69368/108960/64685"
"GOBP_HEART_MORPHOGENESIS",0.0859208847299022,0.462025073124352,0.100604308574775,-0.373209797539341,-1.20204260612302,211,"21803/13805/17127/328365/16476/67888/20677/21812/65256/22761/99683/18129/230709/12540/19353/17126/11909/228790/24063/12929/13609/50768/17260/56334/18569/76779/22059/12162/63958/16202/17701/68927/17684/20682/319757/109620/16337/77044/19164/15205/24069/20662"
"GOBP_SUPEROXIDE_METABOLIC_PROCESS",0.0855666774297707,0.462025073124352,0.0610138668284157,0.626431484118861,1.44077640712975,58,"56644/13058/11820/18477/268396/18753/11977/22177/16409/14528/16414/17972/13057/27419/20655/277360/19354/266690"
"GOBP_PROTEIN_RNA_COMPLEX_ORGANIZATION",0.0866006600660066,0.465013286428929,0.0544711998459118,0.511171158733511,1.33418684263815,202,"56417/20044/14109/54127/13669/16785/20085/22121/20104/100503670/57294/75705/68077/72459/68135/73830/67204/54709/319322/192196/67025/67671/20103/26905/212880/20054/16573/67941/69878/100019/217869/68193/53890/15519/16341/66085/11920/20643/68011/13211/20641/78655/74351/269254/98221/231386/116940/66405/107686/66877/56347/20817/56195/192119/74778/67684/22184/72047/66361/229937"
"GOBP_INTRACELLULAR_MRNA_LOCALIZATION",0.0867302688638335,0.465042986697636,0.0707234449047984,-0.669682999838232,-1.42065850338075,16,"19317/237400/20853/29813/80913/320267"
"GOBP_DENDRITIC_SPINE_MAINTENANCE",0.0873116718097658,0.465496651412521,0.0642148359994021,0.733126225486639,1.48517567641468,21,"11816/11820/12631/14360/14130"
"GOBP_MUSCLE_ADAPTATION",0.0869437076333628,0.465496651412521,0.0828210936072908,-0.437039219126597,-1.26987690574187,91,"19735/18750/17127/16195/18479/21937/109689/56484/21938/65256/11938/19055/17258/18591/56458/74155"
"GOBP_REGULATION_OF_CHEMOTAXIS",0.0872713414634146,0.465496651412521,0.0943434935405217,-0.383554382792493,-1.20895939853567,174,"13051/16194/102103/21803/243743/105855/321019/16170/70839/17127/223601/319430/19277/73710/17096/228994/12978/20947/18591/19353/83964/217835/19141/117149/27218"
"GOBP_REGULATION_OF_HETEROTYPIC_CELL_CELL_ADHESION",0.087252020573108,0.465496651412521,0.0646399151525937,0.751049517100381,1.4795186774727,17,"12505/14538/16181/16176/232341/21926"
"GOBP_VENTRICULAR_SEPTUM_DEVELOPMENT",0.0876108572964257,0.466428257311085,0.0786526746440488,-0.474569315203277,-1.30493588702025,64,"58198/20677/21812/22761/16911/327826/71770/23863/17684/207728/15205/24069/229700/12142/11477"
"GOBP_B_CELL_DIFFERENTIATION",0.0878535773710482,0.466458642333294,0.0876971923285634,-0.409315426060153,-1.24264670075977,127,"74039/105855/11350/321019/27362/102545/17095/16969/22433/15242/16792/12193/16848/328572/20963/12946/20851/23849/224860/268564/270110/17305/18708/16019/18129/16331/81897/12229/210293/241296"
"GOBP_CARBOHYDRATE_METABOLIC_PROCESS",0.0889400921658986,0.466458642333294,0.0498968359090995,0.453595561377156,1.26156019756454,471,"246730/16592/76969/227659/18605/23960/54371/11605/16000/110006/18746/17160/56193/432486/11820/108150/14421/14751/20185/14387/17158/21991/12091/15211/15251/17159/58801/19386/110094/170768/11910/18655/11669/241230/16889/14718/14873/22228/384783/69976/16828/16332/11545/72674/213053/19703/14433/14667/66171/56174/12894/27357/18648/71665/21926/71755/11674/22040/13806/18023"
"GOBP_EMBRYONIC_HEART_TUBE_DEVELOPMENT",0.0893150684931507,0.466458642333294,0.0786526746440488,-0.469907124103266,-1.29933064222925,67,"243743/13805/17127/65256/18129/12540/17260/56334/230857/76779/17684/319757/19164/15205/24069/11477/277939/71492"
"GOBP_ENDOTHELIAL_CELL_MIGRATION",0.0894833948339483,0.466458642333294,0.0534740728047682,0.507568166300833,1.32598372576454,204,"20846/11816/24136/20684/18186/14268/17886/14824/14751/19241/55985/15368/15251/18438/20778/269608/18187/70097/12215/23797/20401/13655/12752/11947/16414"
"GOBP_POSITIVE_REGULATION_OF_ERYTHROCYTE_DIFFERENTIATION",0.0889044452222611,0.466458642333294,0.0623946459917812,0.688287809556524,1.4756226068684,31,"20846/97165/15251/100038882"
"GOBP_POSITIVE_REGULATION_OF_LYMPHOCYTE_CHEMOTAXIS",0.0879406307977737,0.466458642333294,0.0647115329729563,0.754678554448198,1.47391394064569,16,"55985/20303/20302/20304/232341/12772/11491/53416/19229"
"GOBP_POSITIVE_REGULATION_OF_MONOATOMIC_ION_TRANSMEMBRANE_TRANSPORT",0.0889383815887157,0.466458642333294,0.0571796738976665,0.572138343560165,1.40005691033479,102,"18301/16518/65973/19241/18438/75909/11933/17329/13040/109552/15945/14873/12018/12856"
"GOBP_POSITIVE_REGULATION_OF_PHOSPHATIDYLINOSITOL_3_KINASE_PROTEIN_KINASE_B_SIGNAL_TRANSDUCTION",0.0883977900552486,0.466458642333294,0.0920996025791478,-0.387432584180915,-1.2170026335858,165,"320664/13051/30955/18613/320207/21803/18750/70839/14388/13805/22433/67888/21812/17289/12402/12978/12540/18591/54616/19353/16002"
"GOBP_PROTEIN_N_LINKED_GLYCOSYLATION_VIA_ASPARAGINE",0.0894545454545455,0.466458642333294,0.0737569644215925,-0.524578963321016,-1.34509173729212,42,"67075/56737/217664/17308/102580/68292/16430/66059/13200/53618/66357/208211/207958/380959/103963/57170/66789/13135/208624/67422"
"GOBP_REGULATION_OF_ALTERNATIVE_MRNA_SPLICING_VIA_SPLICEOSOME",0.0894081788163576,0.466458642333294,0.0755861140764237,-0.499159943063764,-1.32381034340135,51,"13548/16969/13992/19655/19205/67010/60532/74255/20382/109095/20462/60365/19653/67959/268859/14007/229700/13207/83486/20220/68675/19712"
"GOBP_REGULATION_OF_NEURONAL_SYNAPTIC_PLASTICITY",0.0889720234222511,0.466458642333294,0.060003465477807,0.62680808845793,1.43330356858141,55,"11816/11820/20972/12752/15461"
"GOBP_REGULATION_OF_PROTEIN_SUMOYLATION",0.0890273759180948,0.466458642333294,0.0707234449047984,-0.619161581213684,-1.39339177245435,21,"66867/50995/11863/229615/237107/56469/19697/54473"
"GOBP_RESPONSE_TO_FLUID_SHEAR_STRESS",0.088750299832094,0.466458642333294,0.0736532668184816,-0.535233454004068,-1.35240406593239,39,"211401/21803/11350/22433/11651/19052"
"GOBP_RESPONSE_TO_INSULIN",0.0891976110101272,0.466458642333294,0.0531387686615832,0.498482073910653,1.31432161207844,228,"20846/18605/13033/16000/17918/18746/59027/18751/320528/107508/67972/20588/14077/108100/18753/20104/20402/17975/16176/237542/20660/12633/21934/14718/22228/26457/384783/16332/11545/72674/213053/97212/83946/15461/233016/17977/192157"
"GOBP_TOLL_LIKE_RECEPTOR_3_SIGNALING_PATHWAY",0.0890265486725664,0.466458642333294,0.0627208096593469,0.698909226856466,1.47311671822843,28,"246730/23960/76438/231130/21929/21926/327957/26409/20779"
"GOBP_REGULATION_OF_NERVOUS_SYSTEM_PROCESS",0.0899700598802395,0.467787717318787,0.0570783025835191,0.573663308199346,1.3957921105186,98,"16411/16592/13011/16000/11820/11539/108100/230598"
"GOBP_REGULATION_OF_STRESS_ACTIVATED_PROTEIN_KINASE_SIGNALING_CASCADE",0.0899879787051348,0.467787717318787,0.061381954012731,0.667099371805323,1.46086606264914,38,"19106/18518/18477/330177"
"GOBP_RESPONSE_TO_ATP",0.0902617055367634,0.468560765030179,0.0624594990102385,0.709985244457276,1.47535737165707,25,"18605/65973/18442/18438/270627/16176"
"GOBP_HYDROGEN_PEROXIDE_METABOLIC_PROCESS",0.0906749098402885,0.469405472488123,0.0611358774653469,0.66565820893256,1.45771009215876,38,"13058/18477/14778/11758/53381/14360/14775/13057/54683/20655/19354"
"GOBP_REGULATION_OF_GLIAL_CELL_DIFFERENTIATION",0.0906377204884668,0.469405472488123,0.0776714573195423,-0.470238375289284,-1.29920326646723,66,"21803/433759/19317/16195/21938/94185/20732/19697/18015/14912/15205/56708/27374/12724/17136"
"GOBP_DETECTION_OF_STIMULUS_INVOLVED_IN_SENSORY_PERCEPTION",0.0909656352044783,0.46991567203981,0.0579034702901396,0.596049071199785,1.41141186860696,75,"67775/11539/20720/15451/18796/21926/14360/545205/17035/17869/16328"
"GOBP_NEGATIVE_REGULATION_OF_PROTEOLYSIS_INVOLVED_IN_PROTEIN_CATABOLIC_PROCESS",0.0910242203577648,0.46991567203981,0.058436248184976,0.608764772333111,1.42117092237747,66,"20115/30940/20588/65019/15258/18854/100503670/225896/270627/68077/68135/56207/67025"
"GOBP_POSITIVE_REGULATION_OF_EPITHELIAL_TO_MESENCHYMAL_TRANSITION",0.0918341388959552,0.472145888315556,0.0746018195047473,-0.497525159794081,-1.32465787182979,52,"353310/21803/13805/17127/21812/80288"
"GOBP_REGULATION_OF_EPITHELIAL_CELL_DIFFERENTIATION",0.091745799853908,0.472145888315556,0.0557565734717297,0.559737600586102,1.38477004639412,113,"20846/24136/22436/17931/19877"
"GOBP_TUMOR_NECROSIS_FACTOR_MEDIATED_SIGNALING_PATHWAY",0.091701122268163,0.472145888315556,0.0560911259623886,0.566501036471826,1.38983844907847,105,"20846/11746/383619/19241/230598/22031/432940/17164/21934/17948/12363/11796/276770/52700/21929/18035/21926"
"GOBP_CELL_CELL_ADHESION_MEDIATED_BY_INTEGRIN",0.092730916378211,0.472864591272836,0.0623299809682921,0.738356845933186,1.47075546793516,18,"16402/11502/55985/114249/22329/20304/232341"
"GOBP_GRANULOCYTE_MIGRATION",0.092485549132948,0.472864591272836,0.0551956030688697,0.552840204460141,1.37505322850228,118,"12977/19219/16854/12986/20293/55985/14127/227541/76763/18717/20303/12775/16149/17329/20302/12215/74748/20304/16176/17524/15945/140497/11501/16414/12267/20296/193385/63873/266632/68585/277360/22388/19354"
"GOBP_MYELOID_CELL_APOPTOTIC_PROCESS",0.0923478260869565,0.472864591272836,0.0609531156006142,0.671447171043202,1.4569955967324,35,"80885/54123/13039/14127/102595/20304/17319/16889"
"GOBP_NEGATIVE_REGULATION_OF_MOLECULAR_FUNCTION",0.0925538461538462,0.472864591272836,0.0506111894965511,0.477076190527874,1.2892953428499,311,"20115/11816/434341/56417/15958/11605/23790/19264/14694/21858/18148/383619/16765/18008/65019/17931/19877/226695/667373/16976/12575/13555/78388/100503670/225896/75296/22031/432940/54153/13601/59079/209200/67025/80285/68045/15902/14433/18035/11983/12315/671535/107182/18712/193385/15259/54683/68729/233532/192176/97998/16365/12313/224647/56312/208092/64930/19777/17846/21781/23825/19645/12051/11789/69660/12772/19271/53416/320209"
"GOBP_REGULATION_OF_CANONICAL_WNT_SIGNALING_PATHWAY",0.0926808142052837,0.472864591272836,0.097676284397018,-0.365507568728688,-1.18737111830619,225,"353310/21803/433759/621976/17127/21887/100201/15242/20677/56484/19277/27373/23802/50523/21888/100503386/269523/18163/19052/13726/13144/70495/68031/26416/56505/11798/66313/93687/56458/13205/16646/68889/76425/56637/56736/269424/16008/13198/213326/107515/66725/16202/16480/20439/68151/19045/20682/629378/214897/14369/19164/21416/19042/77938"
"GOBP_STEM_CELL_DIVISION",0.092275181967598,0.472864591272836,0.0713773181547492,-0.555902957812209,-1.35270217651856,32,"104156/12193/17979/12151/171167/27377/77889/14369"
"GOBP_CARDIAC_SEPTUM_DEVELOPMENT",0.0937685459940653,0.473093724605339,0.0799307015710976,-0.432229180348672,-1.26234496046176,94,"58198/13805/266781/20677/21812/22761/16911/327826/18129/71770/15531/22059/23863/12162/22666/17684/319757/207728/15205/24069/103806/229700/12142/11477"
"GOBP_LEUKOCYTE_MEDIATED_IMMUNITY",0.0940381069452981,0.473093724605339,0.0501437564723626,0.474751141314744,1.284414348767,316,"58185/14964/56644/54123/380732/14991/69550/76438/54725/19264/15018/18477/12266/16768/69582/60533/14127/13036/230073/12010/12268/14191/107823/18753/16783/18566/12053/22177/329260/16149/17101/20302/16176/15510/14389/80859/19294/12260/55960/15040/16573/16409/75345/16414/56743/378460/20619/13026/15006/246256/12523/21926/14990/53331/20592/27060/15452/22040/327957/18733/266632/71740/12984/20909/12262/26409/20911/16160/12487/22388/17057/14130/19354/12259/56200/16859"
"GOBP_MODIFIED_AMINO_ACID_BIOSYNTHETIC_PROCESS",0.0930844699688921,0.473093724605339,0.0717587601968224,-0.534995068774859,-1.34492866133024,38,"12709/52466/23887/14629"
"GOBP_NEGATIVE_REGULATION_OF_TRANSFERASE_ACTIVITY",0.0936369119420989,0.473093724605339,0.0560911259623886,0.575542638638312,1.3935104703543,94,"20115/11816/56417/23790/19264/18148/65019/12575/78388/100503670/75296/209200/67025/68045"
"GOBP_PEPTIDE_METABOLIC_PROCESS",0.0930653928512601,0.473093724605339,0.0589828311509697,0.629747082473901,1.42968648819028,52,"12874/54381/13036"
"GOBP_POSITIVE_REGULATION_OF_FIBROBLAST_MIGRATION",0.093601383484652,0.473093724605339,0.0678548833422593,-0.674460759317802,-1.40724009200366,15,"21803/16416/18479/11651/18754"
"GOBP_POSITIVE_REGULATION_OF_STEM_CELL_POPULATION_MAINTENANCE",0.0939877300613497,0.473093724605339,0.0723419514602353,-0.515713001914537,-1.33013014513409,44,"210982/433759/52463/268996/218100/17979/11461/93760/243842/19646"
"GOBP_PURINE_NUCLEOTIDE_BIOSYNTHETIC_PROCESS",0.0939278937381404,0.473093724605339,0.052891019675301,0.516414396290611,1.33109606854141,174,"17722/59027/66218/11821/19241/11513/104111/66416/67130/17719/70257/16889/17716/18103/78330/11949/66046/11545/11947/66916/67264/67942/13178/28080/11984/54405/192185/11983/67273/17705/27425/67184/15452/11674/67126/13806/11957/11958/71679/57423/17706/11637/17721/70789/11565/66043/66091/17720/104130/66377/68202/66414/14913/11951/66477/17991/17717/17718/227197/66945"
"GOBP_REGULATION_OF_INTEGRIN_ACTIVATION",0.0931919642857143,0.473093724605339,0.0628526173488668,0.755168664166692,1.46550720475172,15,"19219/56193/55985"
"GOBP_REGULATION_OF_MRNA_SPLICING_VIA_SPLICEOSOME",0.0935165820137436,0.473093724605339,0.0803258897498862,-0.431561592748499,-1.26105811124395,95,"19317/13548/20383/16969/13992/19655/19205/67010/28000/60532/74255/15387/20382/50912/109095/20462/19656/60365/68035/19653/67959/12696/107817/268859/22185/14007/229700/13207/433702/225027/27374/236732/83486/57317/20220/108014/22668/68675/67493/19712"
"GOBP_CELLULAR_RESPONSE_TO_STEROL_DEPLETION",0.0946822308690013,0.473832091757559,0.0674483969481329,-0.673441228748804,-1.40511287515391,15,"226144/23802/72754/235623/56334"
"GOBP_POSITIVE_REGULATION_OF_MULTICELLULAR_ORGANISM_GROWTH",0.0946209834901473,0.473832091757559,0.0608321173593861,0.703116274153904,1.46863180977365,26,"12977/320790/71175"
"GOBP_PYRIDINE_CONTAINING_COMPOUND_METABOLIC_PROCESS",0.0944567015995587,0.473832091757559,0.0532220567988579,0.524159701817025,1.34093143254305,160,"107272/227659/16000/18746/59027/11820/14751/20185/21991/15251/170768/18655/16889/14718/22228/16828/14433/66171/18648/192185/11674/22040/13806/70789/56312/20779/18293/107029/18640/18641/68267"
"GOBP_SYNAPTIC_VESICLE_TRANSPORT",0.0946905647615827,0.473832091757559,0.0592614910050427,0.646401790783107,1.4365397396233,43,"17858/94245/11776/16561/16573/104015/11774"
"GOBP_SENSORY_PERCEPTION_OF_CHEMICAL_STIMULUS",0.0948456939731782,0.473975548015296,0.0577985195763119,0.619109738089173,1.42255380820302,57,"67775/12010/104111/14683/18796/545205"
"GOBP_RESPONSE_TO_ENDOPLASMIC_RETICULUM_STRESS",0.0950141110065851,0.474184937486926,0.100604308574775,-0.355637175393549,-1.17311593548543,258,"26943/11350/226144/17118/27362/56807/109815/16476/192193/75841/22433/14792/11689/23802/19053/80517/223455/269523/26408/17973/11938/12443/11651/69232/22644/68212/108954/67819/54609/76867/67878/13666/18708/100037258/193670/226418/56085/74840/193740/226090/12745/13205/17155/68944/56334/110213/30931/227619/214424/226641/14827/66597/68889/68292/215160/70231/116891/56637/11911/80795/27061/22059/13198/97863/12913/63958/66725/64209"
"GOBP_REGULATION_OF_COAGULATION",0.0956535789303603,0.476741507753977,0.0575384272415454,0.618241420574286,1.4205586394768,57,"11816/11747/12306/12527/18753/20720/18793/15442/18787/27973"
"GOBP_MYD88_INDEPENDENT_TOLL_LIKE_RECEPTOR_SIGNALING_PATHWAY",0.0964749536178108,0.478924670410006,0.0616308146670763,0.74573043215855,1.4564379409534,16,"54123/246746/60533/22031"
"GOBP_PHOSPHATIDYLSERINE_METABOLIC_PROCESS",0.0963721344313376,0.478924670410006,0.0678548833422593,-0.621243000477966,-1.38332656239922,20,"192654/56442/14792"
"GOBP_REGULATION_OF_CALCIUM_ION_TRANSPORT_INTO_CYTOSOL",0.0964749536178108,0.478924670410006,0.0616308146670763,0.745750244830022,1.45647663580237,16,"65973/18854/18438/12018"
"GOBP_NEGATIVE_REGULATION_OF_PROTEOLYSIS",0.0967601336626471,0.479178167944952,0.0540314682667677,0.551621322922176,1.36840751501124,116,"20115/64138/21858/30940/20588/65019/15258/19877/18854/100503670/20720/225896/270627/68077/55988/13601/68135/56207/67025/12752/18787/13014/14433"
"GOBP_PROTEIN_DEACYLATION",0.0967817164179104,0.479178167944952,0.0693777189790397,-0.557008087311646,-1.34489039379595,31,"72948/433759/328572/320365"
"GOBP_MIRNA_TRANSCRIPTION",0.097016930932545,0.479709046352479,0.0746018195047473,-0.468426795134993,-1.28804563597144,64,"21803/14815/17127/18021/16476/23871/56484/17125/18129/18591/18986/13982/19697/223701/22059"
"GOBP_REGULATION_OF_CATECHOLAMINE_METABOLIC_PROCESS",0.0974025974025974,0.480981469123762,0.0613201759333526,0.744948394232472,1.45491059319114,16,"11977/11669/16409/16414/15452"
"GOBP_POSITIVE_REGULATION_OF_PROTEIN_MATURATION",0.0978320276917471,0.482054970397829,0.0605921158454878,0.734122691952894,1.46232132778614,18,"12306/17886/15451/11501/13806/17387/20779/227753/67759"
"GOBP_TISSUE_MORPHOGENESIS",0.097877223178428,0.482054970397829,0.047258457118424,0.447137154971492,1.24537589388123,480,"20846/16411/12977/20115/24136/12505/64138/16000/17769/18186/16402/14751/21815/270163/18854/29876/13036/15251/225164/114249/320790/17390/11977/231532/18187"
"GOBP_COLUMNAR_CUBOIDAL_EPITHELIAL_CELL_DEVELOPMENT",0.0981526819496995,0.482777233526869,0.067207783715993,-0.612941373703827,-1.37939351056251,21,"21803/22433/16195/77929/81897"
"GOBP_NEGATIVE_REGULATION_OF_UBIQUITIN_DEPENDENT_PROTEIN_CATABOLIC_PROCESS",0.0982849604221636,0.482794274786722,0.0573326669871646,0.626581957220296,1.41914037271979,50,"20115/20588/65019/15258/18854/100503670/225896/270627/68077/68135/56207/67025"
"GOBP_CELL_PROLIFERATION_INVOLVED_IN_KIDNEY_DEVELOPMENT",0.100018218254691,0.485471553486259,0.0598876344343645,0.731886661176867,1.45786731004603,18,"20846"
"GOBP_CRANIAL_SKELETAL_SYSTEM_DEVELOPMENT",0.0993772703684484,0.485471553486259,0.0723419514602353,-0.487626362307003,-1.30767484393223,55,"21803/17127/21812/212937/71375/17126/12929/15531/192170"
"GOBP_MICROTUBULE_POLYMERIZATION",0.0994796449341904,0.485471553486259,0.078777842678775,-0.422403289643638,-1.24183647095649,102,"72948/11350/22142/13548/17257/18479/12569/76499/19053/68475/19052/14228/19353/328580/15511/101706/193740/13589/229589/277468/12576/76789"
"GOBP_PEROXISOME_PROLIFERATOR_ACTIVATED_RECEPTOR_SIGNALING_PATHWAY",0.0998753783158269,0.485471553486259,0.0592054667890258,0.697616858906058,1.44965572653002,25,"16592"
"GOBP_PHOSPHATIDYLGLYCEROL_METABOLIC_PROCESS",0.100022888532845,0.485471553486259,0.0675291436315801,-0.582360510081198,-1.36542785070898,26,"192654/17257/110911/210992/66826"
"GOBP_PHOSPHATIDYLINOSITOL_3_KINASE_PROTEIN_KINASE_B_SIGNAL_TRANSDUCTION",0.099304865938431,0.485471553486259,0.101117648743061,-0.349385469021007,-1.16319615209101,280,"320664/13051/30955/18613/320207/210973/21803/16923/18750/140742/19211/70839/14388/13805/26365/242248/22433/67888/18576/21812/17289/11651/12402/23991/19052/75669/12978/100502698/18708/12488/12540/18591/54616/19353/16002"
"GOBP_POSITIVE_REGULATION_OF_INFLAMMASOME_MEDIATED_SIGNALING_PATHWAY",0.100643382352941,0.485471553486259,0.0674483969481329,-0.568749661103155,-1.35114211493606,28,"50523/21898/17874/19052/228136/21899/12229/216877/52150/13205/234779/73242/18760/18439/228607"
"GOBP_POSITIVE_REGULATION_OF_PROTEOLYSIS_INVOLVED_IN_PROTEIN_CATABOLIC_PROCESS",0.0996978851963746,0.485471553486259,0.082532787767263,-0.40267067871018,-1.22557775602663,129,"68545/19211/75841/22433/16792/12398/414872/27373/14629/269523/11651/54609/193670/211770/56371/56085/15511/193740/19358/93687/68034/19181/56469/75788/56637/27061/66725/64209/56812/216157/23996/19164/12606/66498/244667/22218/13132/67490/16151/71492/237500"
"GOBP_PROTEIN_HOMOTETRAMERIZATION",0.100642398286938,0.485471553486259,0.0565787817675287,0.621581785526671,1.41114918163913,52,"56045/16518/28240/58800/12010/107476/14660/108037/15452/11674/21877"
"GOBP_PURINE_CONTAINING_COMPOUND_METABOLIC_PROCESS",0.100503087125543,0.485471553486259,0.0464876729628047,0.445148647350766,1.24157134322781,497,"227659/18605/56045/22436/16000/227731/18746/17722/59027/15254/11820/14751/20185/66218/11966/11821/19241/21991/210808/15251/12257/11977/11513/104111/107476/170768/18655/66437/17524/66416/74167/11964/67130/17719/70257/14104/16889/17716/14718/18103/22228/78330/11949/66046/16828/11545/11947/66916/67264/67942/13178/14433/28080/66171/11984/54405/18648/19063/192185/11983/67273/17705/27425/67184/68603/15452/11674/67126/22040/13806/11957/11958/71679/57423/17706/11637/71207/56360/19384/17721/70789/67059/218461/11565/56312/66043/22021/20779/66091/17720/104130/66377/18293/107029/68202/66414/22139/14913/74354/11951/66477/18640/17991/17717/18641/68267/17718/74143/227197/236900/66945"
"GOBP_PYRIMIDINE_NUCLEOTIDE_BIOSYNTHETIC_PROCESS",0.100455022751138,0.485471553486259,0.0584902753594963,0.674717028842946,1.44652816332927,31,"22169/18103/13178"
"GOBP_REGULATION_OF_ERYTHROCYTE_DIFFERENTIATION",0.099510878731658,0.485471553486259,0.057642075315137,0.637728334657233,1.4227585314576,45,"20846/97165/15251/12010/100038882"
"GOBP_REGULATION_OF_LAMELLIPODIUM_ASSEMBLY",0.100258276590749,0.485471553486259,0.0683519284059275,-0.55050284274624,-1.33956184815633,32,"242687/14086/23999/22376/66610/18708/12540/19353/20430"
"GOBP_SYNAPTIC_VESICLE_CLUSTERING",0.100302637267618,0.485471553486259,0.0654401996471083,-0.667499442813775,-1.3927155351006,15,"19211/12217/13016"
"GOBP_POSITIVE_REGULATION_OF_SODIUM_ION_TRANSPORT",0.100846262341326,0.48582492449266,0.0585987461758163,0.682081045046254,1.4465669100509,29,"18301/11933/20266/53416/246198/229709/14168/60595"
"GOBP_REGULATION_OF_MACROPHAGE_ACTIVATION",0.101071723000824,0.486286030561091,0.0564803168541392,0.62416134251133,1.41545454470994,51,"13011/19264/14824/15944/231130/16149/20302/15510/17319"
"GOBP_AMYLOID_BETA_CLEARANCE",0.102860096485183,0.486608034975517,0.0572815437800962,0.653868616520602,1.42897872613832,37,"11816/11820/19877/12266/16976/22177/16971/16409/16414/21926"
"GOBP_ANTIGEN_RECEPTOR_MEDIATED_SIGNALING_PATHWAY",0.102213001383126,0.486608034975517,0.051090574302609,0.519444625392644,1.32734320503239,159,"15951/12483/12517/16854/23880/76438/68119/19264/15018/18751/101476/239743/104418/226695/12775/27050/329260/268749/80859/19294/16889/56743/378460/15461/18035/30954/232341/14360"
"GOBP_INNERVATION",0.10304114490161,0.486608034975517,0.0583823590311228,0.6995622695542,1.44527822336482,24,"18186/320790/22329/72043/20720"
"GOBP_INTEGRIN_ACTIVATION",0.101431127012522,0.486608034975517,0.058872381059619,0.701451347085671,1.44918101048944,24,"19219/56193/14268/55985"
"GOBP_MEMBRANE_PROTEIN_ECTODOMAIN_PROTEOLYSIS",0.102960745176314,0.486608034975517,0.0561877308987032,0.62919814974307,1.41527484293947,47,"11816/17886/11502/11820/21858/19877/230598/16176/11501/21926"
"GOBP_NEGATIVE_REGULATION_OF_MYOBLAST_DIFFERENTIATION",0.102990780301327,0.486608034975517,0.0658886340177412,-0.59667225496277,-1.36479642998173,23,"21803/11906/20677/434156/13198/20682/16173"
"GOBP_NEGATIVE_REGULATION_OF_PRODUCTION_OF_MOLECULAR_MEDIATOR_OF_IMMUNE_RESPONSE",0.102385512798189,0.486608034975517,0.057746241136524,0.666421311112716,1.43746950455961,33,"12483/26362/14991/69550/12053/270151/15006/21926/18733"
"GOBP_PHOSPHOLIPID_METABOLIC_PROCESS",0.101692851053465,0.486608034975517,0.0478123851715253,0.467865353303734,1.27052868827641,329,"16956/16592/241274/104418/14077/18753/18717/20975/20778/27392/100434/224020/237542/71772/11813/114874/18606/78928/13167/11758/227333/104015/12752/11812/16332/56209/97212/18796/13026/20280/68603/11920/56208/97287"
"GOBP_POSITIVE_REGULATION_OF_GLIOGENESIS",0.102110817941953,0.486608034975517,0.0719516678892624,-0.477510816326811,-1.29608048472266,59,"104156/21803/433759/19317/17257/16195/21938/17096"
"GOBP_POSITIVE_REGULATION_OF_MAPK_CASCADE",0.102847530938364,0.486608034975517,0.0471677872332913,0.461612088342136,1.2602612755833,353,"93695/19106/56644/11816/12505/16000/14538/19264/59027/53378/18186/11502/11820/11539/15258/330177/19877/114249/12775/67397/217203/16149/50932/121021/70097/20302/16176/12633/17319/70834/21934/17948/29875/11501/15461/22340/21926/327957/17873/63873/26400/20410/319236/27632/218461/20655/18590/15559/83409/19766/26409/12175"
"GOBP_POSITIVE_REGULATION_OF_MYELOID_LEUKOCYTE_MEDIATED_IMMUNITY",0.102014884734072,0.486608034975517,0.0591495893440378,0.717586048794503,1.45369420483723,21,"12266/14127/230073/22177/15040/16409/16414/20909/56200"
"GOBP_POSITIVE_REGULATION_OF_PHAGOCYTOSIS",0.103086120536436,0.486608034975517,0.0552880218325674,0.611855366912542,1.40588514236151,57,"56644/246746/19264/16186/12266/14127/227541/12268/18173/94176/20296/13057/16169/20655/14130/14456"
"GOBP_POSITIVE_REGULATION_OF_VIRAL_PROCESS",0.102070293692826,0.486608034975517,0.0553808666173036,0.604447378258187,1.39848709935859,60,"26362/56417/16852/73158/667373/18458/21973/16149/12215/20304/233532/13211/13830/12487/16859/19349/20817/110532/16543/268373"
"GOBP_PURINE_NUCLEOTIDE_CATABOLIC_PROCESS",0.102564102564103,0.486608034975517,0.0518138223104503,0.536624734960423,1.34637550626429,128,"227659/56045/22436/16000/18746/15254/11820/14751/20185/21991/15251/170768/18655/74167/16889/22228/16828/14433/18648/15452/11674/22040/13806/71207/218461/56312/20779"
"GOBP_TRNA_MODIFICATION",0.101291837933059,0.486608034975517,0.0763778694074653,-0.430206624670675,-1.24784404943532,90,"67674/11651/67667/78890/52575/98685/54632/69786/100087/83669/68916/234734/72133/72085/70359/66628/209584/74195/14911/58523/75284/68857/67049/66246/328162/74753/17299/100233175/233189/76357/224907/106338"
"GOBP_AXIS_ELONGATION",0.103440521700022,0.487658330233274,0.0657381960282851,-0.59623089208175,-1.36378687996607,23,"21803/24063/13982/20682"
"GOBP_REGULATION_OF_PROTEOLYSIS",0.103568844948155,0.487658330233274,0.0470775782332911,0.463702300056028,1.26479811301458,344,"20115/11816/64138/212167/56486/12306/65973/74772/17886/14824/14694/11502/11820/21858/18002/30940/20588/65019/20747/15258/19877/226695/18854/19186/230598/66494/100503670/20720/12795/15451/225896/103724/22031/270627/68077/55988/18793/13601/68135/56207/16176/67673/19188/67025/12752/11501/18787/12018/13014/14433/12631/11983/21926/14775/214854/13806/18023/17387/22284/13418/64383/22215/56312/76524/20779/207304/17846/14466/227753/50868/71816/53323"
"GOBP_DIGESTIVE_SYSTEM_DEVELOPMENT",0.10405698358625,0.488728790076771,0.0774315909249512,-0.41775224514564,-1.23058048307627,104,"58198/21803/17127/22433/16195/77929/16002/17126/81897/13845/12929/11481/107515/68151/20682/319757/18763/16337/15205/12396"
"GOBP_POSITIVE_REGULATION_OF_MACROPHAGE_CHEMOTAXIS",0.104011617353422,0.488728790076771,0.0585444411550859,0.720861076612743,1.45398738988325,20,"12977/20304/12267/20296/63873"
"GOBP_INTRINSIC_APOPTOTIC_SIGNALING_PATHWAY_BY_P53_CLASS_MEDIATOR",0.104350518656139,0.489494047463339,0.0536865909405767,0.580123345437892,1.37947109178995,80,"20115/12505/15254/19941/15258/226695/18854/12575/58801/13555/16149/66940/17319/276770/67941"
"GOBP_BONE_CELL_DEVELOPMENT",0.104638218923933,0.489618033117231,0.0590382721694151,0.738257381278379,1.44184280795735,16,"80752/12306/22177/233328/18733/20779"
"GOBP_MONONUCLEAR_CELL_MIGRATION",0.104637336504162,0.489618033117231,0.0876971923285634,-0.372503221067181,-1.18208699289705,186,"13051/16194/67374/30955/18613/102103/12774/21803/11350/321019/70839/12721/16456/16416/19261/19277/11689/65256/14595/16423/17096/11651/20868/12978/73178/12540/57781/18591/83964/12928/19141/27218/12929/13609"
"GOBP_MITOCHONDRIAL_TRANSCRIPTION",0.105192779139737,0.491599172338821,0.0648554401962692,-0.602155371744437,-1.3673680020245,22,"56484/67773/76719/69821/59016/15278/67851/216151/66410/224481/76781/226976/208595"
"GOBP_POSITIVE_REGULATION_OF_MORPHOGENESIS_OF_AN_EPITHELIUM",0.105805077223504,0.492340561460687,0.0573326669871646,0.689632752203444,1.44046814755711,26,"16411"
"GOBP_PRE_MIRNA_PROCESSING",0.105654761904762,0.492340561460687,0.0588173707216382,0.742185071492739,1.4403107824025,15,"56417/214290"
"GOBP_REGULATION_OF_ENDOCYTOSIS",0.105743628756181,0.492340561460687,0.0478436678923893,0.478320552656358,1.27656778164035,263,"12483/56644/11816/26362/16854/246746/24088/12306/19264/53378/14694/11820/16186/19877/12266/14127/12512/94245/225164/16976/12010/227541/12268/14191/18173/20778/94176/12775/55988/16971/54189/11813/227333/12752/11812/18787/20296/19063/12315/54198/13057/216724/20239/18733/68420/11465/56378/16169/80838/20655/11773/20779/11305/14130/12475/14456"
"GOBP_VIRAL_PROTEIN_PROCESSING",0.105876865671642,0.492340561460687,0.0661924422634488,-0.551636561027159,-1.33192089790425,31,"76687/20448/217664/269181/17308/93687/20444/227619/214424/56637/53618/14423"
"GOBP_PLATELET_ACTIVATION",0.106165512693703,0.493071055236676,0.0791568051442498,-0.404187613545986,-1.2176620620892,122,"16194/14766/12495/30955/16923/18750/70839/26365/16456/16416/16195/20910/17289/20963/21898/17096/109711/54368/108101/11461/26416/19414/18591"
"GOBP_AGGREPHAGY",0.107111882046834,0.496236506689166,0.0633201262592919,-0.649312487118075,-1.37744471100271,16,"29810/56085/11793/81601/12995/18412/242557"
"GOBP_CELLULAR_RESPONSE_TO_ALCOHOL",0.107071941347182,0.496236506689166,0.0525655298882517,0.574308496612816,1.377948064434,85,"19219/13058/73158/20104/11513/104111/14683/12775/107476/11303/13435/235283"
"GOBP_ALCOHOL_CATABOLIC_PROCESS",0.108794197642792,0.498843047660513,0.0571289261785879,0.703902791836636,1.43404006722719,22,"11816/21991/20778/11669"
"GOBP_EMBRYONIC_DIGESTIVE_TRACT_DEVELOPMENT",0.108387677085676,0.498843047660513,0.0641447501054599,-0.591565171380925,-1.35311475820606,23,"58198"
"GOBP_MANNOSYLATION",0.108257693159176,0.498843047660513,0.0636600886299947,-0.619935288690756,-1.36443452025909,19,"218989/108902/16795/217734/216395/246179/68273/237500/70551/99011/227697"
"GOBP_NEGATIVE_REGULATION_OF_COAGULATION",0.108740184363264,0.498843047660513,0.0553343907639583,0.641888828990923,1.41329657157827,40,"11816/11747/12306/12527/18753/20720/18793"
"GOBP_POSITIVE_REGULATION_OF_HUMORAL_IMMUNE_RESPONSE",0.109002976190476,0.498843047660513,0.0578509291080086,0.738393424284662,1.43295257679231,15,"19264/12266/12775/16176/21926/16365/14130"
"GOBP_POSITIVE_REGULATION_OF_MYELOID_CELL_DIFFERENTIATION",0.109005457853244,0.498843047660513,0.0518526599597102,0.567600510066443,1.36905958157138,90,"20846/12977/97165/226421/15251/100038882/22177/16149"
"GOBP_POSITIVE_REGULATION_OF_NEURAL_PRECURSOR_CELL_PROLIFERATION",0.108521303258145,0.498843047660513,0.0678548833422593,-0.497459512532759,-1.30142693527128,47,"13051/14766"
"GOBP_POSTSYNAPTIC_DENSITY_ORGANIZATION",0.108349420849421,0.498843047660513,0.0665778123685814,-0.518450998272125,-1.31708122875817,40,"19211/16416/66610/11845/19280/228880/216963/13383"
"GOBP_POST_TRANSCRIPTIONAL_REGULATION_OF_GENE_EXPRESSION",0.108820819898664,0.498843047660513,0.0446715359620162,0.443737341116355,1.23421274802923,472,"229003/19106/56417/56489/22352/224742/14538/18746/14694/11820/20044/229663/76846/18148/107508/19941/20102/73158/19877/18854/18458/56726/17454/18753/18173/22121/230753/227331/13555/100503670/27050/11991/75705/13164/17975/68135/73830/108989/17164/20304/70640/19652/67673/67671/80285/70439/208643/11810/223453/22608/226982/214290/276770/67941/13685/16589/110954/108037/14433/217869/230861/74645/21926/381633/16341/20823/67267/20239/17872/233908/66870/13418/19384/18626/65964/619605/13211"
"GOBP_REGULATION_OF_SMOOTH_MUSCLE_CONTRACTION",0.108384945212006,0.498843047660513,0.0661161203199431,-0.529151805866415,-1.32240762584077,37,"11555/19735/26395/238130/13144"
"GOBP_MYELOID_CELL_DIFFERENTIATION",0.109756097560976,0.50118046736518,0.0451481889855519,0.45217331754899,1.24271756911289,388,"20846/12977/16948/54123/56417/80752/12986/326618/24088/12306/17886/11820/20044/18148/17342/97165/15258/330177/226695/18854/226421/14127/15251/12010/77573/100038882/245944/20085/12053/12775/22177/18174/16149/15900/20302/214133/12633/14389/21934/19698/14104/16889/100900/22228/11545/15902/11774/20364/18035/11983/21926/216161/27060/233016/233328/216984/26934/18023/18733/27419/192176/11655/74481/12262/11656/16477/19766/16160/67739/20779/22388/545486/15526/19354/19247/630146/16859/14466/19645/17869"
"GOBP_REGULATION_OF_B_CELL_PROLIFERATION",0.109783661608008,0.50118046736518,0.0534318440975073,0.604321471177703,1.38992394231189,58,"15951/12483/19264/226695/12575/12053/22177/16149/17319/384783"
"GOBP_NEGATIVE_REGULATION_OF_LEUKOCYTE_APOPTOTIC_PROCESS",0.110323218997361,0.503030930416193,0.0539014313173232,0.616028550111411,1.39523804689412,50,"54123/26362/14127/15251/18566/12053/12775/16149/20304/17319/384783"
"GOBP_RIBOSE_PHOSPHATE_BIOSYNTHETIC_PROCESS",0.110684931506849,0.504066978478337,0.0486766874868098,0.509043521718462,1.30791830920209,168,"17722/66218/11821/19241/11513/104111/66416/67130/17719/70257/16889/17716/18103/78330/11949/66046/11545/11947/66916/67264/67942/13178/28080/11984/54405/11983/67273/17705/27425/67184/15452/11674/67126/13806/11957/11958/71679/57423/17706/11637/17721/11565/66043/66091/17720/104130/66377/68202/66414/11951/66477/17991/17717/17718/227197/66945/66588"
"GOBP_REGULATION_OF_NEUROTRANSMITTER_SECRETION",0.110864128924701,0.504270333992452,0.0708158139319178,-0.448474476874318,-1.26189588042658,73,"12361/78808/20910/11938/271457/19055/67760/17260/18015/18436/67847/20615/66725/56316/109905/216963/12322/78506/226407/228545/215449/78771/213760"
"GOBP_MACROPHAGE_CHEMOTAXIS",0.111304347826087,0.504436149518953,0.0551956030688697,0.653616162991258,1.41830349802772,35,"12977/16854/17390/22121/20302/74748/20304/17319/12267/20296/63873"
"GOBP_POSITIVE_REGULATION_OF_GLYCOPROTEIN_METABOLIC_PROCESS",0.111131520940485,0.504436149518953,0.0568770392020171,0.726281596577942,1.43072748570603,17,"16000/20652/51801/12775"
"GOBP_POSITIVE_REGULATION_OF_MAP_KINASE_ACTIVITY",0.111241768579492,0.504436149518953,0.0647833742605669,-0.531436639188445,-1.31659884670656,35,"30955/320207/26408/22034/18591/21899"
"GOBP_GLYCOSPHINGOLIPID_BIOSYNTHETIC_PROCESS",0.111763324724114,0.505407012512427,0.0645685196273197,-0.537616400810234,-1.32529074652122,34,"20448/20454/68059/57370/22234/16795/56386/20444/56375/223753"
"GOBP_REGULATION_OF_T_HELPER_17_TYPE_IMMUNE_RESPONSE",0.111788263973533,0.505407012512427,0.0551036070153613,0.656852869939681,1.41683039509079,33,"56644/16852/12515/80859/243910/16477/16160/16453/74143/57261/16950/16452/319817/230738"
"GOBP_CARBOHYDRATE_DERIVATIVE_CATABOLIC_PROCESS",0.112569868711816,0.508327551725164,0.0468688605343353,0.48505637033948,1.27815819248715,225,"227659/12505/56045/22436/11605/16000/110006/18746/13039/15254/11820/14751/20185/21991/12091/15211/15251/18753/27052/170768/14420/18655/15442/74167/16889/22228/16828/19703/14433/14667/56174/18648/71665/109901/15452/11674/22040/13806/27419/245847/71207/18010/218461/56312"
"GOBP_MATERNAL_PLACENTA_DEVELOPMENT",0.11328125,0.510924338146811,0.0552880218325674,0.678471705327156,1.42204167825582,27,"13030/20750/12215/11545/11546"
"GOBP_ACID_SECRETION",0.113527122911421,0.511417856576932,0.0631855595077774,-0.572339695590014,-1.34193261201029,26,"15466/19218/54393/18015/208890/18670/18439"
"GOBP_CELL_MIGRATION_INVOLVED_IN_HEART_DEVELOPMENT",0.114050303555941,0.511649509967674,0.0612585710281592,-0.64312406778185,-1.36431666302386,16,"13805/12540/12162"
"GOBP_REGULATION_OF_SODIUM_ION_TRANSMEMBRANE_TRANSPORT",0.113913043478261,0.511649509967674,0.0545157133850823,0.650372803875723,1.41126562497717,35,"18301/11933/232341/17846/20266/53416/14168/83814/22288/60595"
"GOBP_REGULATION_OF_STRIATED_MUSCLE_CELL_DIFFERENTIATION",0.114124597207304,0.511649509967674,0.0685199122966855,-0.45868821395573,-1.26509030547399,65,"19735/21803/433759/231633/22433/18479/327826/26416"
"GOBP_SUPEROXIDE_ANION_GENERATION",0.113877764234721,0.511649509967674,0.0545603266717044,0.652200070510911,1.41205679036433,34,"56644/13058/11820/268396/18753/22177/16409/16414/17972/13057/20655/19354"
"GOBP_NEGATIVE_REGULATION_OF_OSTEOBLAST_DIFFERENTIATION",0.114623552123552,0.513272489078941,0.0646399151525937,-0.514466979383862,-1.3069601632954,40,"19211/17127/100201/20481/17966/56637/50766/17283/71952/20682/24069/16973/19206"
"GOBP_ALTERNATIVE_MRNA_SPLICING_VIA_SPLICEOSOME",0.11848601206802,0.513591265004027,0.0679370144586811,-0.4505749469374,-1.25540866774579,69,"13548/16969/13992/19655/19205/67010/60532/54633/74255/20382/109095/20462/60365/19653/68092/67959/268859/14007/229700/68183/13207/433702/83486/20220/108014/68675/19712"
"GOBP_AMP_METABOLIC_PROCESS",0.115084407333454,0.513591265004027,0.0554741407704174,0.703680645939451,1.42552447720627,21,"22436/11821/15452/11637/11565"
"GOBP_ANDROGEN_METABOLIC_PROCESS",0.11921381337252,0.513591265004027,0.0547849027087005,0.719395444609885,1.41716221441474,17,"20750/101476"
"GOBP_B_CELL_PROLIFERATION",0.118177577359664,0.513591265004027,0.0503221564896615,0.571315723196078,1.3528446421661,75,"15951/12483/19264/226695/12575/18753/12053/22177/16149/15510/17079/17319/80859/384783"
"GOBP_CALCIUM_ION_TRANSPORT_INTO_CYTOSOL",0.117011701170117,0.513591265004027,0.0547397849350589,0.689226079577762,1.41423406615874,23,"65973/18854/18438/12018"
"GOBP_CANONICAL_NF_KAPPAB_SIGNAL_TRANSDUCTION",0.117087042532146,0.513591265004027,0.04461938659259,0.46637393405166,1.25709566924148,297,"20846/56644/56489/11746/69550/24088/16852/78781/59027/18751/18477/54446/19241/15944/15368/217069/243272/18034/12775/269608/217203/231130/16149/22031/76025/66940/380924/13601/268749/270151/16176/71648/12633/21934/19698/11796/71481/11501/11545/59026/14433/57783/75547/21929/18035/30954/66878/53381/21926/56786/66589/27215/266632/18626/319236/192176/15559/19766/26409/56722/17474/59004/71966"
"GOBP_CELL_KILLING",0.118627587164884,0.513591265004027,0.0472281823651549,0.510483123646016,1.30181075278263,155,"14964/16854/14991/54725/19264/17105/15018/20293/18477/55985/12266/16768/11801/69582/13036/12010/20085/16783/22177/17329/17101/19946/20302/15945/19294/55960/15040/16573/16409/75345/67067/14433/14469/15006/246256/14990/53331/15452/18733/71740/18081/15331/20911/16160/17057/14130"
"GOBP_DNA_DOUBLE_STRAND_BREAK_PROCESSING",0.115405651777575,0.513591265004027,0.0555209399162646,0.713116855554783,1.42937005113797,19,"327762/19360/11920/117599/52864"
"GOBP_GLYCOSYL_COMPOUND_CATABOLIC_PROCESS",0.116899618805591,0.513591265004027,0.0550120303971731,0.708690477723954,1.4294391129881,20,"22436/11605"
"GOBP_GRANULOCYTE_CHEMOTAXIS",0.118413173652695,0.513591265004027,0.0492427760728062,0.551218626728029,1.34118148984094,98,"12977/16854/12986/20293/55985/14127/227541/76763/18717/20303/12775/16149/17329/20302/12215/20304/16176/17524/15945/140497/16414/12267/20296/193385/63873"
"GOBP_HEMATOPOIETIC_OR_LYMPHOID_ORGAN_DEVELOPMENT",0.119142857142857,0.513591265004027,0.0692037251597512,-0.433238272839973,-1.23955479117898,82,"21803/11350/68964/26395/21812/53945/20851/16911/268564/16197/12488/230709/228790/13845/12929/16658/22059/17684/26413/19164/15205/12125/66711/229700/16973/67017"
"GOBP_INTRINSIC_APOPTOTIC_SIGNALING_PATHWAY_IN_RESPONSE_TO_DNA_DAMAGE",0.11974014469216,0.513591265004027,0.0485785891955028,0.544754599556482,1.33616949119425,104,"12505/56489/19941/15258/226695/22070/18854/12575/67991/13555/27050/16149/66940/329679/50755/74996/17319/67941/12018/21926/11920/50883/12925/12048/56312/19777/59004/17869/12044/12051"
"GOBP_INTRINSIC_APOPTOTIC_SIGNALING_PATHWAY_IN_RESPONSE_TO_DNA_DAMAGE_BY_P53_CLASS_MEDIATOR",0.119594145043247,0.513591265004027,0.0518526599597102,0.617101405261125,1.38806526173877,47,"12505/19941/15258/226695/18854/12575/16149/66940/17319/67941/50883/56312/19777"
"GOBP_MESENCHYME_DEVELOPMENT",0.115291106845809,0.513591265004027,0.0458608917237512,0.476662608886098,1.26674025909452,249,"20846/20115/24136/16000/14538/23790/53378/18186/14268/19877/15251/15451/18187/16176/20354/11501/72674/20336/12631"
"GOBP_MICROTUBULE_POLYMERIZATION_OR_DEPOLYMERIZATION",0.118398343113566,0.513591265004027,0.0766084781008854,-0.387088120426528,-1.19377905046541,142,"72948/11350/22142/13548/17257/18479/12569/270058/76499/19053/68041/68475/23991/19052/14228/19353/328580/15511/101706/193740/13589/229589/277468/12576/76789"
"GOBP_NEGATIVE_REGULATION_OF_AMIDE_METABOLIC_PROCESS",0.119259393719368,0.513591265004027,0.0544267856756359,0.70000886390857,1.4180861382521,21,"11816/16000/19877/18655/20660"
"GOBP_NEGATIVE_REGULATION_OF_AMYLOID_PRECURSOR_PROTEIN_CATABOLIC_PROCESS",0.119764878765614,0.513591265004027,0.0546498540116765,0.718384687754898,1.41517108918094,17,"11816/16000/19877/20660"
"GOBP_NEGATIVE_REGULATION_OF_CELL_ADHESION",0.119519365972133,0.513591265004027,0.0449347017586579,0.47522116730757,1.26303739387739,248,"93695/14190/18301/16854/14538/14991/23790/16852/19264/15018/12527/16768/60533/17390/16181/18753/18566/12053/20720/16149/12515/20354/15040/11947/18787/12631/229473/232341/27027/193385/18733/63873/17387"
"GOBP_NEGATIVE_REGULATION_OF_EXTRINSIC_APOPTOTIC_SIGNALING_PATHWAY_VIA_DEATH_DOMAIN_RECEPTORS",0.115568968578022,0.513591265004027,0.0546947688323271,0.680892606614753,1.42221219714684,26,"18611/97165/15368/23873/12633/18787/21929/14775/12048/66168/69660"
"GOBP_NEGATIVE_REGULATION_OF_INTRINSIC_APOPTOTIC_SIGNALING_PATHWAY_IN_RESPONSE_TO_DNA_DAMAGE",0.119534555712271,0.513591265004027,0.0535163927028445,0.665243064992665,1.4108566891695,29,"12505/22070/16149/74996/17319"
"GOBP_NUCLEOBASE_CONTAINING_COMPOUND_CATABOLIC_PROCESS",0.116329562335733,0.513591265004027,0.0428654269061935,0.437457599525534,1.22023719929156,500,"246728/227659/18605/327762/56045/56489/22436/22352/16000/18746/78781/15254/11820/72446/229663/18148/14751/20185/73158/19877/21991/18458/15251/17454/245944/18753/18173/230753/276950/227331/13555/237886/170768/11991/13164/18655/57444/17164/70640/11783/50755/67673/326622/74167/70439/16889/11810/103677/319885/68510/22228/22608/16828/214290/380773/14433/18648/12799/74645/381633/16341/15452/11674/11920/20823/22040/13806/233908/66870/71207/68544/619605/13211/218461/56312/107702/20779/56403"
"GOBP_NUCLEOSIDE_DIPHOSPHATE_METABOLIC_PROCESS",0.119552752293578,0.513591265004027,0.0478436678923893,0.529115829571988,1.32243206200083,123,"22169/227659/16000/18746/11820/14751/20185/21991/15251/170768/18655/17524/74167/16889/22228/16828/14433/20135/18648/11674/22040/13806/11637"
"GOBP_NUCLEOSIDE_PHOSPHATE_CATABOLIC_PROCESS",0.115611698475903,0.513591265004027,0.047594922428523,0.507922851630681,1.30280069730554,164,"227659/18605/56045/22436/16000/18746/15254/11820/14751/20185/21991/15251/170768/18655/74167/16889/22228/16828/14433/18648/12799/15452/11674/22040/13806/71207/218461/56312/20779"
"GOBP_POSITIVE_REGULATION_OF_RESPONSE_TO_ENDOPLASMIC_RETICULUM_STRESS",0.117675083373035,0.513591265004027,0.0633201262592919,-0.522017730382512,-1.30457879918149,37,"26943/22433/17973/54609/67878/18708/193670/56085/226641/27061/13198/64209/216157/12125/78943"
"GOBP_PROTEIN_DNA_COMPLEX_DISASSEMBLY",0.115447449627882,0.513591265004027,0.0553808666173036,0.70330749752459,1.42476854878606,21,"20588/65019/68094/70472/320817/114741/20586/17869/57376/56086"
"GOBP_PROTEIN_LIPID_COMPLEX_ASSEMBLY",0.115898166280933,0.513591265004027,0.0546947688323271,0.682135599985132,1.41748549531771,25,"11816/20652/11303/11812"
"GOBP_REGULATION_OF_ACTIN_FILAMENT_BASED_MOVEMENT",0.115929203539823,0.513591265004027,0.0545157133850823,0.67309932519649,1.41871623792264,28,"24136/16518/11539/109552"
"GOBP_REGULATION_OF_AMINE_METABOLIC_PROCESS",0.119416590701914,0.513591265004027,0.0545157133850823,0.709218395282755,1.42155598488083,19,"11977/11669/16409/16414/15452"
"GOBP_REGULATION_OF_EXTRINSIC_APOPTOTIC_SIGNALING_PATHWAY",0.117613956105796,0.513591265004027,0.0477811569268953,0.519344136809464,1.31296228667724,141,"20684/16854/16000/18611/19264/18186/11820/97165/15368/18854/58801/11910/16176/23873/12633/18787/14051/83946/21929/21926/14360/14775/20909/97998/12048/19766/80707/20779/66168"
"GOBP_REGULATION_OF_KETONE_BIOSYNTHETIC_PROCESS",0.117376042123738,0.513591265004027,0.060711786175293,-0.629336206509674,-1.3512843575612,17,"12912/320717/56316/57869/13132/12724/100198/19712/13653"
"GOBP_REGULATION_OF_MYELINATION",0.116167466490154,0.513591265004027,0.0525252258532999,0.616710107881441,1.39120115709819,48,"16411/13011/16000/230598"
"GOBP_REGULATION_OF_NEURON_MIGRATION",0.118527607361963,0.513591265004027,0.0640748785378994,-0.500590617463401,-1.29112639818552,44,"14766/75717/269473/19353/14270/22367/214812"
"GOBP_REGULATION_OF_T_CELL_APOPTOTIC_PROCESS",0.117263843648208,0.513591265004027,0.0532638345255108,0.636117523257052,1.39700119323477,39,"16854/60533/15251/66494/18566/20304/11501/16859/12051/20442/16453"
"GOBP_SYNAPTIC_VESICLE_LUMEN_ACIDIFICATION",0.119109461966605,0.513591265004027,0.0551036070153613,0.72380346077743,1.4136137893934,16,"66335/66144/11966/73834/11964/11984"
"GOBP_TISSUE_REMODELING",0.116819141449683,0.513591265004027,0.0479693468044241,0.519879966298592,1.3144205632499,142,"93695/26362/20750/16000/17342/19877/18854/15251/320790/17390/11977/121021/21934/16889/11501/12018/21929/109901/27060/233328/17387/12333"
"GOBP_T_CELL_DIFFERENTIATION_INVOLVED_IN_IMMUNE_RESPONSE",0.117916603024286,0.513591265004027,0.0498968359090995,0.563808816065233,1.35275600376792,85,"14190/19219/14744/16852/17085/14127/11977/12053/20849/12515/80859/19698"
"GOBP_ZYMOGEN_ACTIVATION",0.118927389865924,0.513591265004027,0.0533057017908063,0.648824122224813,1.4047476364454,34,"64138/12306/13039/13036/20720/15451/18793/18655/18787/13806/17387"
"GOBP_NUCLEOSIDE_PHOSPHATE_BIOSYNTHETIC_PROCESS",0.120084356779556,0.514372764811172,0.0440812781729208,0.465052826800527,1.25208643640142,292,"22169/17722/59027/66218/11821/19241/11513/104111/227620/107476/18655/66416/67130/17719/70257/14104/16889/17716/18103/78330/11949/66046/11545/11947/66916/67264/67942/13178/28080/56174/20135/11984/54405/19063/192185/11983/67273/17705/27425/67184/15452/11674/67126/13806/245847/11957/11958/71679/57423/17706/11637/21877/17721/70789/11565/66043/66091/17720/104130/66377/68202/66414/69064/14913/11951/66477/17991/17717/17718/227197/236900/66945/66588"
"GOBP_SEX_DIFFERENTIATION",0.120288013553579,0.514656934701843,0.0844603778325338,-0.362185985637673,-1.16568626522837,210,"14766/58198/268903/53791/142980/70350/56218/21812/56484/11727/212937/17289/16848/20851/27057/12443/12402/14228/14366/12488/22764/19353/58184/81897/12929/263876/13982/73469/11480/107515/17129/22187/17684/20682/241846/67561/18763/16337"
"GOBP_POSITIVE_REGULATION_OF_MACROPHAGE_MIGRATION",0.120738636363636,0.514821853345744,0.0534318440975073,0.672863916164839,1.41028804159113,27,"12977/18438/20302/20304/12267/20296/63873/17387/68585"
"GOBP_POSITIVE_REGULATION_OF_NERVOUS_SYSTEM_DEVELOPMENT",0.120658135283364,0.514821853345744,0.0876971923285634,-0.351725005330214,-1.15146428323519,243,"13051/21817/104156/21803/18750/433759/19317/13631/23999/17257/16195/18479/26395/21938/18222/17096/65945/20317/56381/14366"
"GOBP_REGULATION_OF_PROTEIN_MATURATION",0.120527617477329,0.514821853345744,0.0513917494830751,0.606188631631352,1.37469656506085,51,"64138/12306/17886/20720/15451/55988/18793/12752/11501/18787/13806/17387/20779/227753"
"GOBP_ANTIGEN_PROCESSING_AND_PRESENTATION_OF_EXOGENOUS_PEPTIDE_ANTIGEN_VIA_MHC_CLASS_II",0.121486854034452,0.51633567673915,0.0538582753911296,0.692919677291802,1.41166449704492,22,"13033/13039/14127/12010/16149/65972/13040/13034"
"GOBP_CARDIAC_VENTRICLE_MORPHOGENESIS",0.121920243840488,0.51633567673915,0.0642851373333349,-0.48584979923543,-1.27800348373457,49,"21803/13805/20677/21812/17260/63958/68927/109620"
"GOBP_NUCLEOSIDE_MONOPHOSPHATE_CATABOLIC_PROCESS",0.121279761904762,0.51633567673915,0.0546498540116765,0.726424606891623,1.4097254634941,15,"22436/15452"
"GOBP_REGULATION_OF_LYSOSOMAL_LUMEN_PH",0.121792618629174,0.51633567673915,0.052891019675301,0.658549317156125,1.40371874569089,30,"14824/66144/77573/73834/16783/11964/12752/11984/433375/19063/27060/16784/76524"
"GOBP_REGULATION_OF_TOLL_LIKE_RECEPTOR_SIGNALING_PATHWAY",0.121887515235939,0.51633567673915,0.0526059181483477,0.645546082041728,1.39765046012037,34,"54123/246746/11820/11796/22627"
"GOBP_SIGNAL_TRANSDUCTION_BY_P53_CLASS_MEDIATOR",0.121670947681493,0.51633567673915,0.04588889823293,0.499582009435222,1.28889756982011,175,"20115/12505/20684/67427/15254/18148/19941/65019/15258/226695/18854/67281/12575/58801/13555/100503670/12795/16149/66940/270627/68077/17319/67025/20054/276770/67941/70103/20586/11920/22589/17872/50883/56312/80707/20393/19777/67956"
"GOBP_POSITIVE_REGULATION_OF_CATION_CHANNEL_ACTIVITY",0.122592259225923,0.518595697041487,0.0533897062472259,0.684787738046107,1.40512696186118,23,"65973/19241/13040/20266/15194/14168/381812/116873/15114"
"GOBP_ORGANOPHOSPHATE_CATABOLIC_PROCESS",0.123020547048816,0.519820755737273,0.0448026117999576,0.4845522060787,1.27196090523406,215,"227659/18605/56045/22436/16000/18746/15254/11820/241274/14751/20185/21991/15251/18753/20778/170768/18655/71772/11813/74167/18606/16889/11758/22228/11812/16828/56209/14433/18648/12799/15452/11674/22040/13806/71207/218461/56312/20779"
"GOBP_EPITHELIAL_CELL_DEVELOPMENT",0.123461691147281,0.520469317949268,0.0805924900764779,-0.366912257532506,-1.16604981284962,187,"21872/18613/21803/22344/16456/22433/19726/16195/21937/14595/50918/17874/11651/327826/238871/18129/77929/19324/18591/19684/107746/19353/192786/81897/228790/19280"
"GOBP_NEGATIVE_REGULATION_OF_GLUCONEOGENESIS",0.123590633130963,0.520469317949268,0.0587077763275074,-0.634185447006018,-1.34535436650932,16,"320706/328572"
"GOBP_POSITIVE_REGULATION_OF_CELL_CELL_ADHESION",0.123540856031128,0.520469317949268,0.0894560863550852,-0.344623549796858,-1.14428977761585,272,"21872/16194/74048/14537/21803/105855/11350/74131/328365/12721/16456/223601/12988/23871/102657/22433/171285/16195/20677/19261/56484/11689/22612/328572/74734/20963/12946/16423/20851/268564/17973/17096/11651/16197/22034/19055/11461/93760/16002/27218/211922/207952/12151/81601/83945"
"GOBP_NEGATIVE_REGULATION_OF_B_CELL_PROLIFERATION",0.123747680890538,0.52054580019948,0.0539880274007771,0.718936813020007,1.40410905399102,16,"15951/226695/22177"
"GOBP_DNA_TEMPLATED_DNA_REPLICATION_MAINTENANCE_OF_FIDELITY",0.124152405553762,0.521271686178163,0.050002257314372,0.593111470069194,1.36414122619609,58,"327762/56045/665775/237886/19360/50755/11545/20892/72749/22589/21853/320209/216049/19691"
"GOBP_NEGATIVE_REGULATION_OF_MITOTIC_CELL_CYCLE",0.124198403350347,0.521271686178163,0.0445673965109315,0.483777500491953,1.26992728489956,215,"93695/104418/330177/18854/12575/16319/227331/26992/12053/12795/237886/68077/19360/75430/108989/108000/67941/20296/21926/66977/11920/22040/50883/65964/235559/24010/76843/66468/21781/19645/11789/56696/235041/12534/52276/66371/66077/18817/12387/381921"
"GOBP_LUNG_MORPHOGENESIS",0.124441502564951,0.521707775853956,0.0506111894965511,0.609467316396747,1.37486255689469,48,"64138/16000/15258/13036/22121/11774/21926"
"GOBP_NEGATIVE_REGULATION_OF_CATABOLIC_PROCESS",0.124771536493237,0.522506948353804,0.0427253227144247,0.457405802879714,1.24168447354618,327,"80885/20115/56489/12306/74772/229663/21858/30940/11539/320528/20185/20588/65019/15258/73158/19877/15368/18854/18458/12257/18173/110147/230753/13555/100503670/20720/225896/11991/13164/270627/68077/55988/19025/68135/17164/56207/16176/20660/67025/70439/208643/11810/223453/22608/11812/380773/230861/232341/74645/21926/381633/14360/54198/56208/98170/233908/22284/192176/64383/619605/13211/12048/56312/226089/107702/64930/84092/54170/56403"
"GOBP_POSITIVE_REGULATION_OF_B_CELL_DIFFERENTIATION",0.12510841283608,0.522749533232583,0.0583286073011755,-0.632665716197642,-1.34213042548604,16,"105855/22433/20963/20851/16331/12229"
"GOBP_SEX_CHROMOSOME_DOSAGE_COMPENSATION",0.125027858257187,0.522749533232583,0.0592054667890258,-0.585832900680623,-1.33030310865325,22,"98386/19820/321000/56381/15387/67773/109095/229700/69587/56335"
"GOBP_CELLULAR_EXTRAVASATION",0.125402792696026,0.52339606572907,0.0652191815441775,-0.452975487038865,-1.24933425327893,65,"13051/67374/30955/18613/14537/20345/16456/19261/16423"
"GOBP_BONE_REMODELING",0.126745435016112,0.524165519684655,0.0648554401962692,-0.452660847248851,-1.24846645738631,65,"11555/18750/215653/231633/16416/12988/100201/20963/12978/22034/18129/16331/13609/18015/27273/107515"
"GOBP_CD4_POSITIVE_ALPHA_BETA_T_CELL_DIFFERENTIATION",0.127381845461365,0.524165519684655,0.0473800742322709,0.546625133158634,1.32579587923917,96,"58185/19219/14744/16852/13039/17085/12522/16186/11977/12053/20849/12515/80859/19698"
"GOBP_CELLULAR_RESPONSE_TO_DEXAMETHASONE_STIMULUS",0.127718013275349,0.524165519684655,0.0593739823723063,-0.563890108805139,-1.32212134231852,26,"21803/14815/20317/12151/74155"
"GOBP_DOPAMINE_TRANSPORT",0.127260242618448,0.524165519684655,0.0594870687313202,-0.564094048486181,-1.32259950818922,26,"21817/71279/54393/30931/12846/243328"
"GOBP_ENDOTHELIAL_CELL_DIFFERENTIATION",0.126625386996904,0.524165519684655,0.0699072347347811,-0.408675160309523,-1.20687505862974,105,"21872/18613/22344/26365/16456/67888/21937/50918/17874/14366/238871/19324/19684/107746/192786/19280/13609/60611"
"GOBP_HEART_VALVE_MORPHOGENESIS",0.128487330432557,0.524165519684655,0.0627866166785788,-0.474658867114216,-1.26841683132828,53,"21803/20677/18018/22761/18129/17126/17260"
"GOBP_INTRACELLULAR_COPPER_ION_HOMEOSTASIS",0.129500367376929,0.524165519684655,0.0524048161202553,0.70933432393136,1.39734246136084,17,"11820/11927/11977/20529/17750/12870"
"GOBP_MODULATION_OF_EXCITATORY_POSTSYNAPTIC_POTENTIAL",0.129079754601227,0.524165519684655,0.0612585710281592,-0.495519008486046,-1.27804567313094,44,"11555/19211"
"GOBP_NEGATIVE_REGULATION_OF_NOTCH_SIGNALING_PATHWAY",0.127634383139948,0.524165519684655,0.0604731002477099,-0.518307482290458,-1.29158877993263,36,"16969/109689/213541/16848/11651/320705/51813/12162/66725/15204/12396/67122/56335/215705"
"GOBP_NEGATIVE_REGULATION_OF_TRANSPORT",0.129609346476816,0.524165519684655,0.0417986650035886,0.453981830775204,1.23373334297766,332,"58185/16592/11816/18605/20684/16854/246746/18245/18611/14991/24088/216440/12306/217344/53378/18751/14694/11539/12257/16976/12010/20720/67397/16149/55988/108989/16176/11813/66437/14873/22228/384783/11812/22627/18035/15006/232341/12523/21926/12315/54198/56228/20239/18733/68420/228071/52055/20787/73205/218461/12313"
"GOBP_NEGATIVE_REGULATION_OF_TYPE_I_INTERFERON_PRODUCTION",0.128409846972721,0.524165519684655,0.0498968359090995,0.609682553523876,1.37137780925418,47,"80861/327959/15944/20612/22177/270151/19698/338467/18733/16365/224647/19247/23825/54644"
"GOBP_NEGATIVE_REGULATION_OF_VASCULAR_PERMEABILITY",0.126716141001855,0.524165519684655,0.0533057017908063,0.715187465012164,1.39678644456411,16,"11816"
"GOBP_PEPTIDYL_TYROSINE_MODIFICATION",0.12691466083151,0.524165519684655,0.0701763259905319,-0.406225323269316,-1.20355326661661,108,"320664/21803/11350/13548/22022/242248/20963/66610/17096/12978/18591/12229/74155/16001"
"GOBP_PERK_MEDIATED_UNFOLDED_PROTEIN_RESPONSE",0.129750393523724,0.524165519684655,0.0583286073011755,-0.57593799166929,-1.31736997720824,23,"17973/11651/69232/108954/67878/13666/56334/11911/13198"
"GOBP_POSITIVE_REGULATION_OF_AXONOGENESIS",0.128436018957346,0.524165519684655,0.0485134835352845,0.57290225310471,1.33981717752525,68,"24136/18186/14268/230598/67095/52822/18080/20354/71653/16885/54214"
"GOBP_PROTEIN_TETRAMERIZATION",0.127992633517495,0.524165519684655,0.0478436678923893,0.557796505813773,1.33451631959323,83,"56045/16518/28240/11820/58800/12010/107476/14660/108037/20135/15452/11674/21877"
"GOBP_PURINE_CONTAINING_COMPOUND_CATABOLIC_PROCESS",0.12807881773399,0.524165519684655,0.0456108467661738,0.511670004456149,1.29366318968531,142,"227659/56045/22436/16000/18746/15254/11820/14751/20185/21991/15251/170768/18655/74167/16889/22228/16828/14433/18648/15452/11674/22040/13806/71207/218461/56312/20779"
"GOBP_PURINE_RIBONUCLEOSIDE_METABOLIC_PROCESS",0.126981235197668,0.524165519684655,0.0527275912884147,0.705793930331478,1.4058924055326,18,"22436/11821/15452"
"GOBP_REGULATION_OF_AMYLOID_FIBRIL_FORMATION",0.129278273809524,0.524165519684655,0.0528091333836556,0.718599635390897,1.39454004511615,15,"11816/11820/56612/67199/84092"
"GOBP_REGULATION_OF_BEHAVIOR",0.129240443488334,0.524165519684655,0.0495841253138098,0.605574486491145,1.36608094394584,48,"11816/11539/383619/20302/11545"
"GOBP_REGULATION_OF_HEMATOPOIETIC_STEM_CELL_DIFFERENTIATION",0.126530612244898,0.524165519684655,0.0533476589218,0.71548860784736,1.39737458718497,16,"19106/19241"
"GOBP_REGULATION_OF_INTRINSIC_APOPTOTIC_SIGNALING_PATHWAY_BY_P53_CLASS_MEDIATOR",0.12624064078008,0.524165519684655,0.0516208105781906,0.646176426673205,1.39380132720715,33,"20115/12505/19941/16149/17319/276770"
"GOBP_REGULATION_OF_LEUKOCYTE_DIFFERENTIATION",0.129444166249374,0.524165519684655,0.0424944299209872,0.461918966416724,1.23938623437907,280,"14190/12977/14964/54123/26362/16854/14744/14991/16852/19264/15018/20588/12522/17342/16186/330177/16768/68094/66494/26992/12053/22177/16149/11776/20302/74748/12515/80859/21934/13655/11501/15902/11774/66923/229473/20586/21926/14990/216984/243910/18733/17387/16169/67155/12262/20655/16477/19766/16160/12487/14130/14456/630146/16184/16859/19645/17869/57376/12571/12400/12772"
"GOBP_REGULATION_OF_MRNA_PROCESSING",0.126001923693492,0.524165519684655,0.0713773181547492,-0.400442068564857,-1.20044260646665,116,"19317/13548/20383/16969/13992/19655/19205/67010/28000/60532/74255/15387/20382/67773/50912/109095/20462/19656/60365/214498/68035/19653/68092/67959/68927/56504/12696/107817/268859/22185/14007/229700/13207/268420/433702/225027/27374/236732/83486/57317/20220/108014/22668/68675/107951/67493/19712"
"GOBP_REGULATION_OF_MYELOID_CELL_APOPTOTIC_PROCESS",0.129203539823009,0.524165519684655,0.0514297351265247,0.66260005368445,1.3965865366692,28,"80885/54123/14127/20304/17319"
"GOBP_REGULATION_OF_PH",0.128268225161489,0.524165519684655,0.0478436678923893,0.559401188903932,1.3358180871453,82,"14824/66144/11966/29876/210808/99237/77573/73834/18173/16783/74748/11964/12752/11947/11974/240283/11984/433375/19063/27060/233979/16784/22215/76524"
"GOBP_RNA_SURVEILLANCE",0.127203430204859,0.524165519684655,0.0607718687747803,-0.515604870111998,-1.28855236738789,37,"77305/19052/231868/72656/101861/50912/51792/330474/70885"
"GOBP_SECONDARY_METABOLIC_PROCESS",0.128678391084799,0.524165519684655,0.051090574302609,0.639297653004159,1.38412219318122,34,"24136/11977/73822/58810/12894"
"GOBP_SKELETAL_SYSTEM_DEVELOPMENT",0.129782711384034,0.524165519684655,0.0410683665294573,0.44165874649839,1.21608168558578,398,"19219/16948/12505/80752/229534/11732/16000/12306/19264/101476/18477/208618/15211/268396/15251/320790/17390/14191/107823/109181/11977/72043/14683/72055/22177/270106/17937/13601/71175/67671/233781/16889/20354/16332/83925/17936/213053/27973/75547/70508/71371/233328/18733/63873/17387/30791/20397"
"GOBP_T_CELL_APOPTOTIC_PROCESS",0.127846454131425,0.524165519684655,0.0494126590359321,0.593839670098147,1.35791565870007,55,"16854/60533/15251/66494/18566/20304/16889/11501/12018/30954/50883/19766/16184/16859/12051/20442/16453"
"GOBP_STEROID_HORMONE_SECRETION",0.129969141404974,0.524353435937396,0.0519696484213363,0.696907603117395,1.40567288167066,20,"20750/12257"
"GOBP_GROWTH_PLATE_CARTILAGE_DEVELOPMENT",0.13238875359752,0.526185629356847,0.0572305462580584,-0.601363789284477,-1.323559939726,19,"230709/11909/373864/20682"
"GOBP_LYMPH_NODE_DEVELOPMENT",0.13238875359752,0.526185629356847,0.0572305462580584,-0.601263319625527,-1.32333881298356,19,"21803/16197/12488"
"GOBP_LYSOSOMAL_LUMEN_ACIDIFICATION",0.131484794275492,0.526185629356847,0.0512405630810422,0.674122230343643,1.39271973604675,24,"14824/66144/73834/16783/11964/12752/11984/433375/19063/27060/16784/76524"
"GOBP_MAINTENANCE_OF_BLOOD_BRAIN_BARRIER",0.132133554345252,0.526185629356847,0.0593739823723063,-0.515512237278484,-1.2846232098454,36,"21872/67374/18613/16456/12488/11461/83964"
"GOBP_MONOSACCHARIDE_TRANSMEMBRANE_TRANSPORT",0.131110095934217,0.526185629356847,0.047017692971269,0.552785521018923,1.32939390076393,88,"16592/227659/18605/16000/18611/18751/12266/16176/237542/26457/384783"
"GOBP_NEGATIVE_REGULATION_OF_MONOATOMIC_ION_TRANSMEMBRANE_TRANSPORT",0.131302521008403,0.526185629356847,0.062918812636024,-0.46152818783545,-1.24918078191455,58,"21803/12314/58799/12283/19055/56085/81897/18754/110213/66383"
"GOBP_PHOSPHOLIPID_BIOSYNTHETIC_PROCESS",0.132173913043478,0.526185629356847,0.0815460312657354,-0.353764803406316,-1.15128140328875,228,"270084/30955/18718/15212/19211/67556/68682/56442/22433/14593/14792/110911/76303/234515/210992/23827/108083/75669/30960/18708/67630/83493/329777/18591/433931/18805/16331/69048/27399/110417/227102/14245/76267/107650/77582/234779/218121/55981/242291/13139/66586/18719/76500/170749/233011/14731"
"GOBP_POSITIVE_REGULATION_OF_CATABOLIC_PROCESS",0.13189448441247,0.526185629356847,0.111555069436528,-0.316479187341975,-1.10089549926164,499,"11555/72512/68545/74048/18718/140742/19317/19211/64143/218203/29810/75841/22433/252972/170625/56374/26395/16792/69125/56484/12193/54396/12398/414872/21938/27373/81003/213541/14629/72068/237782/269523/210992/11651/15568/11863/66839/108083/228994/232334/14679/338364/54609/76867/18475/52846/193670/210146/225131/213988/211770/56371/19684/56085/15511/20333/58184/193740/19358/81897/18754/11793/93687/12227/56458/81601/68034/229096/75901/11666/56367/226641/66597/19181/56469/75788/56637/18983/211948/12576/51897/27061/237400/66725/232791/64209/14555/210529/12995/216963/20682/67154/56812/66616/216157/23996/16337/78893/18760/60599/74370/18412/19164/80913/18439"
"GOBP_POSITIVE_REGULATION_OF_FATTY_ACID_TRANSPORT",0.131168831168831,0.526185629356847,0.0523249586548089,0.710618635240226,1.38786335823337,16,"14077/18438/16176/17319/21934"
"GOBP_REGULATION_OF_CELL_CYCLE_PHASE_TRANSITION",0.132044329167649,0.526185629356847,0.0406333427646156,0.44062870772941,1.21423989117105,404,"93695/327762/237459/18148/104418/20588/19241/330177/68094/19186/12575/16319/217124/227331/13555/26992/72776/12795/237886/270627/68077/19360/75430/108989/209200/19188/18557/80285/208643/108000/11787/67849/229841/11504/69068/67941/68612/15902/66923/20135/20296/20586/66977/11920/22040/12580/50883/65964/235559/64383/67155/11629/24010/72584/76843/18647/66468/19247/21781/21853/116748/19645/57376/15270/12571/11789/11491/56696/235041/12534/12531/52276/66371/116871/18817/12567"
"GOBP_REGULATION_OF_STEM_CELL_PROLIFERATION",0.13209361974992,0.526185629356847,0.0481595274507768,0.580543693378371,1.34588395723599,61,"19106/19264/97165"
"GOBP_REGULATION_OF_SUBSTRATE_ADHESION_DEPENDENT_CELL_SPREADING",0.131318262636525,0.526185629356847,0.0618193194977296,-0.477271920141899,-1.26576163267604,51,"320664/11350/16416/110829/50918/23991/330662/12540/19353/12928/12929/108911"
"GOBP_RETICULOPHAGY",0.130649876321115,0.526185629356847,0.0581149628110713,-0.575285854152107,-1.31587831248291,23,"72512/66270/71742/21767/66663/67490"
"GOBP_T_CELL_MEDIATED_IMMUNE_RESPONSE_TO_TUMOR_CELL",0.13191094619666,0.526185629356847,0.0521662308787955,0.710437613984047,1.38750981730994,16,"15018/60533/18566/15510"
"GOBP_REGULATION_OF_COLLATERAL_SPROUTING",0.132623071271124,0.526558549919675,0.0517363831268346,0.706677234929417,1.39210816892529,17,"20750/20354"
"GOBP_APICAL_PROTEIN_LOCALIZATION",0.136619109381755,0.526917039244908,0.0555678476762568,-0.637418313499808,-1.32995225258409,15,"11843/11461/19684/83964"
"GOBP_BIOLOGICAL_PROCESS_INVOLVED_IN_SYMBIOTIC_INTERACTION",0.136947411112613,0.526917039244908,0.0429830944553198,0.491392617956465,1.26776933346266,175,"26362/13030/69550/16852/13039/75608/18186/14268/17886/16402/12642/667373/217069/16785/20612/16783/20778/16149/68953/12215/15510/19294/13858/16419/67067/14433/30954/14775/71740/319236/233979/208092/20779/100317/14456/16859/19349/12534/77579/66371/667823/230979/16790"
"GOBP_BODY_FLUID_SECRETION",0.133577455819137,0.526917039244908,0.0476877974326015,0.575842601086234,1.33954017287135,64,"246728/22436/11539/18442/15251/20602/17709/232341/17977/13057"
"GOBP_BONE_MATURATION",0.133933393339334,0.526917039244908,0.0509047480122043,0.67465110142582,1.38432743431941,23,"16000/233781/20354"
"GOBP_CARBOHYDRATE_HOMEOSTASIS",0.135872430152873,0.526917039244908,0.0425633582370147,0.481100727457804,1.25683952898739,204,"246730/16592/23960/16000/14694/14751/15251/67041/20104/170756/109552/66437/22228/384783/72674/213053/192185/20586/14775/13057/63873/52055/20909/218461/110095/22282/53357/266690/19247/14456"
"GOBP_CARBOHYDRATE_TRANSPORT",0.133213859020311,0.526917039244908,0.0461145881357585,0.538348468329171,1.31155289261694,99,"16592/227659/18605/16000/18611/18751/12266/73822/16176/237542/26457/384783"
"GOBP_EPITHELIAL_TUBE_BRANCHING_INVOLVED_IN_LUNG_MORPHOGENESIS",0.133345202065159,0.526917039244908,0.0507207371426146,0.66787348499337,1.38784865898514,25,"64138/13036/21926"
"GOBP_ICOSANOID_METABOLIC_PROCESS",0.136706737489516,0.526917039244908,0.0636600886299947,-0.435584974784618,-1.22667284162049,74,"19224/15446/23945/11690/66082/56351/17001/21937/23887/11689/20963"
"GOBP_INTRACELLULAR_PH_REDUCTION",0.133080474934037,0.526917039244908,0.0487095049209452,0.597710664516896,1.35375001697165,50,"14824/66144/11966/29876/73834/18173/16783/74748/11964/12752/11974/240283/11984/433375/19063/27060/233979/16784/22215/76524"
"GOBP_LIPID_EXPORT_FROM_CELL",0.134906960716747,0.526917039244908,0.0495153471939912,0.624334692106578,1.3644346440082,37,"20750/12257/18438/16176/17319/21934"
"GOBP_MACROMOLECULE_DEACYLATION",0.135284240825138,0.526917039244908,0.0590382721694151,-0.505452068863586,-1.27715378766264,39,"72948/433759/328572/320365/68904"
"GOBP_MODULATION_BY_HOST_OF_VIRAL_PROCESS",0.136494010460604,0.526917039244908,0.0486439291756181,0.608175152913406,1.35402860885896,44,"11816/80287/20293/216238/16004/224020/14104/67241/13627/12631"
"GOBP_NEGATIVE_REGULATION_OF_BMP_SIGNALING_PATHWAY",0.137212121212121,0.526917039244908,0.0589275343258683,-0.49609928322043,-1.27206596793701,42,"11350/68526/66105/20481/66313/229285/75788/50766/380664/23863/170749/216080/19042"
"GOBP_NEGATIVE_REGULATION_OF_DEVELOPMENTAL_GROWTH",0.136172597366209,0.526917039244908,0.0638665387777927,-0.433864221845722,-1.23009626147813,77,"11555/19735/214968/19211/239667/18479/232334/19141/229285/19280"
"GOBP_NEGATIVE_REGULATION_OF_EPITHELIAL_CELL_PROLIFERATION",0.135550996483001,0.526917039244908,0.0452019785026896,0.529296856896966,1.3046084546805,109,"20846/11816"
"GOBP_NEGATIVE_REGULATION_OF_LIPID_LOCALIZATION",0.135310156782549,0.526917039244908,0.0491415959420531,0.616312582662569,1.36063842865414,41,"11816/11307/12257/11303/11813/66437/384783/11812/18035/21926/11305/19247"
"GOBP_NEGATIVE_REGULATION_OF_SECRETION",0.136324786324786,0.526917039244908,0.0443610124692024,0.514815395198156,1.29165652118829,128,"58185/11816/14991/217344/11539/12257/67397/16149/16176/22228/15006/232341/12523/21926/18733/52055/20787/73205/218461/16160/14130/19247/16859/19349/12772/53416/27414/18641"
"GOBP_NUCLEOSOME_ORGANIZATION",0.134304207119741,0.526917039244908,0.045528294368098,0.532950364961466,1.31112662077856,107,"18148/20588/97165/68094/68024/70472/244059/67628/93762/320817/53605/13163/114741/56702/50927/20586/53890/14958/22589/233532/80838/15078/104248/319153/107970/57376/15270/217578/170644/56086/319149/17216/93696/107435/319181/14957/50709/12648/235626/110749/319150/360198"
"GOBP_POSITIVE_REGULATION_OF_CALCIUM_ION_TRANSPORT",0.134259966396823,0.526917039244908,0.0464876729628047,0.552264087240983,1.32348198499607,84,"16854/65973/67972/12257/18438/75909/20303/17329/12289/20302/20304/109552/15945/14873/12018/20296"
"GOBP_POSITIVE_REGULATION_OF_PRODUCTION_OF_MOLECULAR_MEDIATOR_OF_IMMUNE_RESPONSE",0.136605729091694,0.526917039244908,0.0445673965109315,0.520774146127942,1.29714210813043,119,"58185/56644/14991/19264/15018/14751/16186/210808/14127/230073/12010/107823/329260/16149/17164/16176/17319/15040/15006/327957/18733/20909/68585/26409/12487"
"GOBP_POSITIVE_REGULATION_OF_PROTEIN_TRANSPORT",0.134492223238792,0.526917039244908,0.0426094714733257,0.478699906141161,1.25713390003213,214,"80885/11816/18245/16000/24088/65973/74772/18751/14694/11502/11820/72446/11307/99237/15251/67041/18753/12795/70790/67628/52822/108989/12215/16176/20660/18536/384783/12752/11501/17929/22627/66366/192185/21926/15519/98170/19384/20909/192176"
"GOBP_POSITIVE_REGULATION_OF_SYNAPSE_ASSEMBLY",0.136617572371762,0.526917039244908,0.0605325265846256,-0.474658966122316,-1.25365206627726,50,"18750/13631/65945/13845/70237/13048"
"GOBP_POSITIVE_REGULATION_OF_TRANSMEMBRANE_TRANSPORT",0.136134453781513,0.526917039244908,0.043980694668116,0.503688387128505,1.27861199249714,148,"18301/16000/16518/65973/19241/12266/18438/75909/11933/17329/13040/109552/237542/15945/14873/384783/12018"
"GOBP_REGULATION_OF_BICELLULAR_TIGHT_JUNCTION_ASSEMBLY",0.13643445359448,0.526917039244908,0.0564803168541392,-0.592488026952259,-1.31929764191465,20,"21872/16456"
"GOBP_REGULATION_OF_CALCINEURIN_MEDIATED_SIGNALING",0.136802205375603,0.526917039244908,0.0491415959420531,0.623182814855512,1.36191730635762,37,"56644/16000/54446"
"GOBP_REGULATION_OF_CELL_JUNCTION_ASSEMBLY",0.135652173913043,0.526917039244908,0.0804588724057859,-0.352819310395634,-1.14820441962713,228,"21872/18750/19211/11350/75415/17127/16456/13631/110829/76499/140580/66610/65945/22343/330662/217333/244895/238130/13144/107746/19353/56376/11845/14270/19280/210293/13845/50768/17260/234664/108911"
"GOBP_REGULATION_OF_SYSTEM_PROCESS",0.134542884071631,0.526917039244908,0.0401900048998496,0.43919938036083,1.21056889052677,405,"16411/232975/16592/13011/11816/20750/16000/52690/16518/65973/11820/11928/11539/67972/14387/19877/108100/230598/12257/114249/18438/17390/12289/20302/14660/109552/18557/14790/14873/11545/14528/22627/11546/232341/21926/12315/15519/100986/56208/13057/13806/63873"
"GOBP_REGULATION_OF_T_CELL_MEDIATED_IMMUNITY",0.134462925540183,0.526917039244908,0.0468985269479182,0.557678710517157,1.32206220399906,77,"58185/14964/14991/19264/15018/60533/12010/18566/329260/16176/15510/19294/15040/15006/14990/53331"
"GOBP_REGULATION_OF_WNT_SIGNALING_PATHWAY",0.135627530364372,0.526917039244908,0.0870211644808265,-0.338492939236662,-1.13043784106339,286,"58198/353310/21803/433759/11350/621976/17127/21887/58799/100201/15242/20677/56484/19277/27373/23802/67943/50523/21888/100503386/269523/18163/232334/19052/13726/20729/13144/70495/68031/26416/20481/56505/11798/66313/93687/56458/13205/16646/68889/360216/214498/76425/56637/56736/269424/16008/13198/213326/107515/66725/16202/16480/20439/68151/12995/19045/20682"
"GOBP_RENAL_TUBULE_DEVELOPMENT",0.134941634241245,0.526917039244908,0.0468392438701435,0.561119947983443,1.32686679002683,74,"20846"
"GOBP_RESPONSE_TO_AMYLOID_BETA",0.137183518120139,0.526917039244908,0.0480009043621564,0.597490477198302,1.34784468846946,48,"232975/16000/11820/12286/22329/17390/22177/16971/12363/11545/21926/14360"
"GOBP_RRNA_PROCESSING",0.133054502679388,0.526917039244908,0.0428654269061935,0.479167905634145,1.2583629331284,214,"20115/20055/66489/20044/19941/20068/54127/66481/320790/19989/20085/20104/100503670/20116/57294/67115/68077/59050/20088/57444/57808/67025/75617/27176/20054/19942/18572/66878/70930/75416/14113/66580/18114/213895/56200/69713/72554"
"GOBP_ANIMAL_ORGAN_MATURATION",0.137388193202147,0.527025987291564,0.0500375312463182,0.667702615507652,1.37945697170304,24,"16000/233781/20354"
"GOBP_TYPE_2_MITOPHAGY",0.137662337662338,0.527025987291564,0.0509788589717893,0.705146144390174,1.37717538981767,16,"320528/71648/66169/59026/11983/14466/22333/15277/12539"
"GOBP_VASCULAR_TRANSPORT",0.137538940809969,0.527025987291564,0.0463720284138497,0.557827677183546,1.32087606401313,76,"16592/11816/20496/21366/100434/16971/11980/26457"
"GOBP_BILE_ACID_BIOSYNTHETIC_PROCESS",0.138070609399595,0.527033480394508,0.0564312611344041,-0.571378624460054,-1.30694112277704,23,"19299/76303/228983/74155"
"GOBP_ENDOTHELIAL_CELL_DEVELOPMENT",0.138398914518318,0.527033480394508,0.0622655030196783,-0.446059344628439,-1.2323999657046,66,"21872/18613/22344/16456/21937/50918/17874/238871/19324/19684/107746/192786/19280"
"GOBP_IONOTROPIC_GLUTAMATE_RECEPTOR_SIGNALING_PATHWAY",0.139476102941176,0.527033480394508,0.0567771390242865,-0.544653384303478,-1.29389813463363,28,"11555/12569"
"GOBP_MITOTIC_CHROMOSOME_CONDENSATION",0.138276553106212,0.527033480394508,0.05035804219297,0.695167240189359,1.38472477809248,18,"93762/70099/22385/14211/68298/54392/67956/54194/210106/18817"
"GOBP_NEGATIVE_REGULATION_OF_RECEPTOR_INTERNALIZATION",0.139508928571429,0.527033480394508,0.0506841501632225,0.707859773492987,1.37369788662061,15,"12306/53378/16976/20239/68420"
"GOBP_NEUTROPHIL_MEDIATED_IMMUNITY",0.138060577600376,0.527033480394508,0.057746241136524,-0.52833763076446,-1.28562630046875,32,"16194/20963/17874"
"GOBP_ODONTOGENESIS_OF_DENTIN_CONTAINING_TOOTH",0.139557579700716,0.527033480394508,0.0471075969382511,0.584426774071357,1.33639146698283,55,"12977/80752/12986/12215/18787/18029/27060"
"GOBP_POSITIVE_REGULATION_OF_AMYLOID_PRECURSOR_PROTEIN_CATABOLIC_PROCESS",0.138640429338104,0.527033480394508,0.049792010581661,0.666695480918959,1.37737625672972,24,"11816/212167/11820/11307"
"GOBP_REGULATION_OF_GLUCONEOGENESIS",0.139632936507937,0.527033480394508,0.0590938580196366,-0.485857705974536,-1.267474816219,46,"320706/14815/109815/328572/56458/11364/209011/21416/12952/13194/68734/19082"
"GOBP_REGULATION_OF_TUBE_SIZE",0.138198757763975,0.527033480394508,0.0668907051006929,-0.404050223422323,-1.19528248544391,106,"11555/19735/18613/104099/11350/15466/14388/26395/14629/27360/238130/74840/11793/230857/229877"
"GOBP_STRIATED_MUSCLE_ADAPTATION",0.139237508879943,0.527033480394508,0.057746241136524,-0.512079363722781,-1.27606871059742,36,"17127/65256/11938/19055/56458/74155"
"GOBP_SUBSTRATE_ADHESION_DEPENDENT_CELL_SPREADING",0.138864628820961,0.527033480394508,0.0644973452335783,-0.418448069345104,-1.20984502519205,88,"320664/11350/16410/64099/16416/19303/110829/17289/50918/108101/23991/330662/14366/244895/18708/19324/12540/19353/12928/14270/13845/12929/108911/16777/16421/107321/16202"
"GOBP_SYNCYTIUM_FORMATION",0.139488870568838,0.527033480394508,0.0474718353392469,0.590453812447611,1.33901360969837,51,"19221/17886/11502/20293/12527/94176/22177/17329/12633/15945/216161/193385"
"GOBP_WNT_SIGNALING_PATHWAY",0.139248704663212,0.527033480394508,0.0974433570168394,-0.327047364756619,-1.11341061375543,394,"58198/353310/21803/433759/11350/621976/17127/21887/58799/100201/15242/20677/56484/19277/27373/77578/23802/67943/50523/12388/80288/21888/100503386/269523/12443/18163/232334/19052/13726/271457/14366/20729/13144/70495/68031/12540/26416/20481/19353/56505/11798/66313/20437/93687/56458/13205/56805/16646/268980/68889/360216/234779/75788/214498/76425/56637/56736/269424/16008/13198/213326/107515/66725/16202/16480/20439/68911/68151/12995/20479/19045/20682"
"GOBP_PHOSPHOLIPID_TRANSPORT",0.140118667275217,0.527783718513003,0.0453100651044091,0.545985419802898,1.31224304360536,87,"11816/67963/11307/75909/66494/11982/20778/11303/50771/11980/237542/11813/71795/13167/56356/11812/76295/20280/18738/66390/18739/320940"
"GOBP_REGULATION_OF_ACTIN_FILAMENT_BUNDLE_ASSEMBLY",0.140350877192982,0.527783718513003,0.0654401996471083,-0.409590102299683,-1.19977160027165,99,"211401/21872/11350/242687/17127/16456/22376/19303/18479/21812/76499/16423/72754/18708/20947/12540/19684/19353"
"GOBP_REGULATION_OF_SIGNAL_TRANSDUCTION_BY_P53_CLASS_MEDIATOR",0.140535792709706,0.527783718513003,0.0442842613574546,0.524250959194255,1.29546883865145,112,"20115/12505/67427/18148/19941/65019/15258/226695/18854/67281/58801/100503670/12795/16149/270627/68077/17319/67025/20054/276770/70103/20586/11920/17872/50883"
"GOBP_RESPONSE_TO_THYROID_HORMONE",0.140462743669156,0.527783718513003,0.0499319098614031,0.693043130519144,1.38049369940855,18,"13030/13039/13036/15451/13040"
"GOBP_STEROL_TRANSPORT",0.140495867768595,0.527783718513003,0.0449347017586579,0.537532064206339,1.30338085691611,95,"11816/67963/12306/11307/20652/12257/245944/20778/11303/235283/16971/11813/16889/11812/20280/18035/233979/227446/11305/17846/76205/321007/18830/64291/224705/20288/12759"
"GOBP_AMYLOID_PRECURSOR_PROTEIN_METABOLIC_PROCESS",0.140838436175224,0.528097436713899,0.0459731894695299,0.560499362673953,1.31688212930418,71,"11816/212167/16000/11502/11820/11307/20652/19877/16432/20660/12752/56705/21926/27419/68585"
"GOBP_RESPONSE_TO_VITAMIN",0.140901130393249,0.528097436713899,0.0463144910700218,0.570117224780823,1.32622165223491,64,"20750/17769/217069/12257/11303/13435/17711/15945/80859/16889/14276/56208/14775/18712/70789/233979"
"GOBP_CELL_RECOGNITION",0.141559202813599,0.528976961261585,0.0441317957775226,0.525414702043396,1.29503973728052,109,"56644/16854/54725/18186/11820/12527/12268/20778/94176/12775/12215/21454/17698/14276/12461/11674"
"GOBP_CIRCULATORY_SYSTEM_PROCESS",0.141290546000231,0.528976961261585,0.0386397875986196,0.430632100661423,1.19653944723072,459,"20846/232975/16592/11816/24136/64138/54610/20496/16518/65973/74617/11820/11928/11539/67972/14387/109754/18442/19877/21366/18438/320790/17390/20778/100434/12289/16971/11980/109552/15945/14873/26457/14528/22627/70103/15902/108078/16531/19703/12267/232341/22340/21926/12315/14360/18810/15519/100986/14775/13057/22040/63873/20787/192176/57738/20655/12313/105727/15559"
"GOBP_NEGATIVE_REGULATION_OF_TORC1_SIGNALING",0.141478282956566,0.528976961261585,0.0594304508449092,-0.475090260424868,-1.24970105754253,49,"140742/70510/18145/22346/22631/93765/67245/20224/18749/72124/66397"
"GOBP_RESPONSE_TO_PEPTIDE_HORMONE",0.141775801994473,0.529258671190523,0.039452416158292,0.443761116606753,1.21152579187785,353,"20846/20847/18605/13033/13058/16000/17918/18746/59027/18751/320528/107508/67972/20588/19877/14077/108100/18753/20104/14683/20402/12982/17975/17711/20849/12215/16176/237542/20660/12633/21934/14718/22228/26457/384783/16332/11545/72674/213053/97212/12631/83946/15461/14360/233016/17977/192157/13057"
"GOBP_NEUROTROPHIN_TRK_RECEPTOR_SIGNALING_PATHWAY",0.142221233029156,0.529339802773861,0.055241759405866,-0.582062099055144,-1.30990126727686,21,"20661/12488/24063/20430/20662/67605/320150/225849"
"GOBP_POSITIVE_REGULATION_OF_SECRETION",0.141942915653398,0.529339802773861,0.0408597348088626,0.46608225073206,1.23665607481098,242,"80885/20750/16000/14991/20496/24088/12306/53378/74772/18751/11502/11307/11539/18442/14127/15251/94245/18438/14191/67041/16783/68953/12215/16176/14389/17319/21934/384783/11501/16409/13722/17929/16414"
"GOBP_PYRIDINE_CONTAINING_COMPOUND_CATABOLIC_PROCESS",0.142129698966602,0.529339802773861,0.0445673965109315,0.534664039341124,1.29919910901194,97,"227659/16000/18746/11820/14751/20185/21991/15251/170768/18655/16889/22228/16828/14433/18648/11674/22040/13806/56312/20779/18293/18640/18641"
"GOBP_PHOSPHATIDYLCHOLINE_BIOSYNTHETIC_PROCESS",0.142675621709929,0.530002785706353,0.0494126590359321,0.679341404617838,1.37621775765841,21,"16592/14077/100434"
"GOBP_REGULATION_OF_T_CELL_ACTIVATION",0.142682180036742,0.530002785706353,0.0397394428476769,0.449413129311912,1.21770410986539,321,"93695/14190/16854/14744/16000/14991/16852/19264/15018/20588/12522/26410/16186/16768/60533/68094/12010/22329/66494/26992/18566/12053/12775/27050/16149/11776/20304/16176/12515/15510/80859/15040/13655/11501/70103/11774/66923/229473/20296/20586/14360/27027/22040/193385/243910/18733/67155/11629/20655/320484/16477/16160/20779/12487/19354/19247/58205/16184/16859"
"GOBP_NUCLEOPHAGY",0.143017764785248,0.530723348925853,0.0553808666173036,-0.568819756239011,-1.30108810349581,23,"67841/11793/51897/67526/71742/66840/242557"
"GOBP_KIDNEY_MORPHOGENESIS",0.143348982785603,0.531038510609143,0.0454461345170903,0.557065356592613,1.31155141170324,72,"20846"
"GOBP_REGULATION_OF_BLOOD_PRESSURE",0.14338606529788,0.531038510609143,0.0684357744975362,-0.386095011906619,-1.17991706680833,131,"11555/19224/56485/13805/17127/17257/19277/70495/18591/74840/271127/240028/52150/230857"
"GOBP_ACTIN_FILAMENT_BUNDLE_ORGANIZATION",0.148479427549195,0.531484438754564,0.0693777189790397,-0.370554448081346,-1.15985475924696,157,"211401/21872/11350/242687/17118/17127/16456/14086/22376/19303/18479/21812/109689/17912/76499/21927/16423/72754/13430/109711/18708/20947/12540/19684/19353"
"GOBP_BIOMINERAL_TISSUE_DEVELOPMENT",0.145909991508633,0.531484438754564,0.0425633582370147,0.505621548152688,1.27372972361318,135,"16948/20750/18605/80752/11732/16000/67972/19877/15251/100038882/14191/13601/20302"
"GOBP_CARDIAC_ATRIUM_DEVELOPMENT",0.150741163055872,0.531484438754564,0.054250115182477,-0.555175312696983,-1.2904563791093,25,"13805/20677/22761/18129/23863/319757/20662/11477"
"GOBP_CELLULAR_RESPONSE_TO_CORTICOSTEROID_STIMULUS",0.149974052932019,0.531484438754564,0.0582749924019855,-0.460613461231901,-1.23523394670424,55,"21803/14815/56484/12193/20317/12151/74155/233893"
"GOBP_CELLULAR_RESPONSE_TO_ESTROGEN_STIMULUS",0.149156939040208,0.531484438754564,0.0530144999143884,-0.629554733102728,-1.31354515187647,15,"20683/27057/13982/20723/22378"
"GOBP_CELL_SURFACE_RECEPTOR_SIGNALING_PATHWAY_VIA_STAT",0.149498765073369,0.531484438754564,0.0426094714733257,0.515008980339776,1.27758324363152,116,"20846/20847/16000/19264/547253/12982/15975/217039/20849/20304/80285/72674/20296/21926/27419/12984/16169/12313"
"GOBP_COPPER_ION_TRANSPORT",0.145089285714286,0.531484438754564,0.0496186107895771,0.703271634036884,1.3647939797871,15,"11927/11977/18174/20529/12856"
"GOBP_ENDOTHELIAL_CELL_APOPTOTIC_PROCESS",0.144235652615541,0.531484438754564,0.0588173707216382,-0.470194046469074,-1.24185948223576,50,"68545/21803/11350/16416/22433/56484/26408"
"GOBP_EPITHELIAL_TUBE_MORPHOGENESIS",0.144315603730779,0.531484438754564,0.0401305000852471,0.458133376808741,1.22511058530327,270,"16411/12977/20115/24136/64138/16000/17769/18186/21815/18854/29876/13036/15251/225164/114249"
"GOBP_ERBB_SIGNALING_PATHWAY",0.149902660609994,0.531484438754564,0.065588721362786,-0.392431512073789,-1.17717479154393,118,"21803/11350/14388/26365/64143/26395/72543/75717/11651/12402/11843/14784/58184/19141/21802/74155/56044/12328/19248/72183/20682/26413"
"GOBP_ERYTHROCYTE_MATURATION",0.150504607283896,0.531484438754564,0.0531803682854594,-0.60801392115723,-1.30550203903862,17,"16969/21349/230257/19353/59003/223770/67017/104416"
"GOBP_FOREBRAIN_DEVELOPMENT",0.146286990508096,0.531484438754564,0.0880409553363699,-0.332843851721264,-1.12171139985773,329,"14766/58198/237847/243743/433759/19211/22142/22151/70839/328365/433693/12569/73710/18222/100182/12912/67439/327826/12978/81489/320165/20481/19353/320191/228662/12928/16795/67760/14055/70223/14270/12227/19280/13845/12929/50768/20462/223697/217734/77582/67263/207615/56637/16777/15531/232906/18015/213326/66725/246179/73242/171167/17701/210529/216850/18844/22187"
"GOBP_HEPARAN_SULFATE_PROTEOGLYCAN_BIOSYNTHETIC_PROCESS",0.146799628942486,0.531484438754564,0.0555209399162646,-0.531081215939907,-1.27624576597786,30,"50785/68059/54616/117592/15531/58193/50786/21416"
"GOBP_LACTATION",0.143827267978409,0.531484438754564,0.0480959104839776,0.632494588172256,1.36203298647912,32,"246728/22436/15251/20602/17709"
"GOBP_LEUKOTRIENE_METABOLIC_PROCESS",0.150880320927123,0.531484438754564,0.0535588041272954,-0.571067282451399,-1.2967735001101,22,"11690/17001/23887/11689/20963"
"GOBP_LIGAND_GATED_ION_CHANNEL_SIGNALING_PATHWAY",0.149576669802446,0.531484438754564,0.0553808666173036,-0.509806339338918,-1.26301122075872,35,"11555/12569"
"GOBP_MEGAKARYOCYTE_DIFFERENTIATION",0.148548812664908,0.531484438754564,0.0590938580196366,-0.453647836074771,-1.23131055291274,59,"17132/18718/16923/14247/242687/328572/22761/54368/23991/21349"
"GOBP_MONOCARBOXYLIC_ACID_TRANSPORT",0.146391450739277,0.531484438754564,0.0432929962094138,0.520484666337747,1.28616200773913,112,"16592/11816/11520/107508/14077/18438/16176/66437/17319/21934/22228/26457/384783/58207/55951/12894/102857/21926"
"GOBP_NEGATIVE_REGULATION_OF_ANTIGEN_RECEPTOR_MEDIATED_SIGNALING_PATHWAY",0.145257262863143,0.531484438754564,0.0479693468044241,0.635940802817563,1.3633956787238,31,"12483/12517/16854/104418"
"GOBP_NEGATIVE_REGULATION_OF_LEUKOCYTE_MIGRATION",0.146617175636916,0.531484438754564,0.0467801592195373,0.601028410381929,1.33811724878215,44,"19219/11539/15368/74748/12515/17319/20296/193385/338366"
"GOBP_NEGATIVE_REGULATION_OF_STEROID_METABOLIC_PROCESS",0.147032129243057,0.531484438754564,0.0486112298055334,0.674644805757252,1.36670333279251,21,"11816/11928/12642/73212"
"GOBP_NEGATIVE_REGULATION_OF_T_HELPER_CELL_DIFFERENTIATION",0.146946216955333,0.531484438754564,0.0487423816606491,0.684063243429862,1.37113504697946,19,"16852/12053/12515/16453/15284/16950/319817/230738"
"GOBP_NEURAL_PRECURSOR_CELL_PROLIFERATION",0.147762747138398,0.531484438754564,0.0684357744975362,-0.375862216527631,-1.16445874763346,146,"13051/14766/21803/19325/56484/18222/100182/17096/18027/327826/216858/320191/12227/56458/56088/20732/18015/22059/66725/16202/20733/68703"
"GOBP_ODONTOGENESIS",0.148159462349168,0.531484438754564,0.0440309113940373,0.541377172874919,1.29893538384245,85,"12977/80752/12986/11732"
"GOBP_OLFACTORY_LOBE_DEVELOPMENT",0.150419776119403,0.531484438754564,0.0549663983626419,-0.52690150008194,-1.27219834339748,31,"58198/12978/20481/19353"
"GOBP_PHOSPHATIDYLINOSITOL_PHOSPHATE_BIOSYNTHETIC_PROCESS",0.148308318494022,0.531484438754564,0.058008949856548,-0.467143399813869,-1.24376661090443,52,"30955/18718/234515/23827/108083/75669/18708/27399/107650/242291/18719/76500/233011"
"GOBP_PIGMENT_METABOLIC_PROCESS",0.148530836293187,0.531484438754564,0.0453371931652217,0.572567240671461,1.31689002351979,58,"24136/15368/12257/11977/73822/18174/68066/11983/233016/18023/70118/11655/11656/67739/14297"
"GOBP_PLACENTA_BLOOD_VESSEL_DEVELOPMENT",0.149422632794457,0.531484438754564,0.0548754448345273,-0.534982884058986,-1.27754482824569,29,"50785/26395/11651/18129/56334/20732/26413/18763/15205/229700"
"GOBP_POSITIVE_REGULATION_OF_AMYLOID_BETA_FORMATION",0.145563854982693,0.531484438754564,0.0489741949025186,0.688018951029561,1.37048588340889,18,"11816/212167/11307"
"GOBP_POSITIVE_REGULATION_OF_CALCINEURIN_MEDIATED_SIGNALING",0.149680948040109,0.531484438754564,0.0482553756182689,0.681302947601058,1.36560231533914,19,"56644/16000"
"GOBP_POSITIVE_REGULATION_OF_NATURAL_KILLER_CELL_ACTIVATION",0.14866581956798,0.531484438754564,0.0483195582060627,0.673412364391049,1.364206638668,21,"26362/22121/22177/15040/246256/16169/16160/14456"
"GOBP_POSITIVE_REGULATION_OF_NATURAL_KILLER_CELL_MEDIATED_IMMUNITY",0.144027060708563,0.531484438754564,0.0486439291756181,0.65815425312611,1.36765198518924,25,"14991/54725/15018/16768/16783/19294/15040/15006"
"GOBP_POSITIVE_REGULATION_OF_NF_KAPPAB_TRANSCRIPTION_FACTOR_ACTIVITY",0.145163747143945,0.531484438754564,0.044463890880197,0.542974449860685,1.30393995395132,86,"19106/24088/18148/383619/226421/217069/27050/268749/74735/21926/68729/319236/13211/19766"
"GOBP_POSITIVE_REGULATION_OF_NON_CANONICAL_NF_KAPPAB_SIGNAL_TRANSDUCTION",0.147852960312297,0.531484438754564,0.0456384520219657,0.579130547699794,1.32428074234772,55,"19106/11820/80985/27050/70097/16176/21934/69068/21926/70110/19766/26409/16160"
"GOBP_POSITIVE_REGULATION_OF_PROTEASOMAL_PROTEIN_CATABOLIC_PROCESS",0.14535792435136,0.531484438754564,0.0653662929462658,-0.399235164823988,-1.18284301654324,108,"68545/22433/12398/414872/27373/14629/269523/11651/54609/193670/211770/56371/56085/15511/193740/19358/93687/68034/19181/56469/56637/27061/66725/64209/56812/216157/23996/19164/12606/66498/22218/13132"
"GOBP_PROTEIN_LOCALIZATION_TO_PHAGOPHORE_ASSEMBLY_SITE",0.147433084686266,0.531484438754564,0.0537722460118177,-0.6095821774088,-1.30886933321219,17,"80877/19338/51897/66840"
"GOBP_PROTEIN_O_LINKED_GLYCOSYLATION",0.144606413994169,0.531484438754564,0.0631855595077774,-0.416547965776183,-1.20723624031095,89,"14537/228875/20448/218989/14426/93961/52463/171212/108902/16795/117592/20444/217734/224143/216395/97440/246179/18822/171167/72050/73068/14423/109785"
"GOBP_PURINE_CONTAINING_COMPOUND_BIOSYNTHETIC_PROCESS",0.148784901758014,0.531484438754564,0.0400121594010984,0.46604342096609,1.23166061616517,235,"17722/59027/66218/11821/19241/11513/104111/107476/18655/66416/67130/17719/70257/14104/16889/17716/18103/78330/11949/66046/11545/11947/66916/67264/67942/13178/28080/11984/54405/19063/192185/11983/67273/17705/27425/67184/15452/11674/67126/13806/11957/11958/71679/57423/17706/11637/17721/70789/11565/66043/66091/17720/104130/66377/68202/66414/14913/11951/66477/17991/17717/17718/227197/236900/66945"
"GOBP_REGULATION_OF_AUTOPHAGOSOME_ASSEMBLY",0.143975751452387,0.531484438754564,0.0587077763275074,-0.477640327010326,-1.25300532161762,48,"18718/64143/170625/237782/108083/54609/271457/20333/225020/78246/66725/13641/100855"
"GOBP_REGULATION_OF_BIOLOGICAL_PROCESS_INVOLVED_IN_SYMBIOTIC_INTERACTION",0.150792268849034,0.531484438754564,0.0468688605343353,0.622293743952227,1.3422864258587,33,"69550/16852/12642/217069/16149/12215/19294"
"GOBP_REGULATION_OF_B_CELL_RECEPTOR_SIGNALING_PATHWAY",0.15025716385011,0.531484438754564,0.0483517351609411,0.690321342127076,1.35988812439183,17,"12483/12517/68119"
"GOBP_REGULATION_OF_CELLULAR_EXTRAVASATION",0.147658018457252,0.531484438754564,0.0474106087961033,0.626548905154404,1.35146480050416,33,"19219/54371"
"GOBP_REGULATION_OF_DNA_BINDING_TRANSCRIPTION_FACTOR_ACTIVITY",0.145042264859788,0.531484438754564,0.0414508753284105,0.48381042680787,1.253264284804,182,"19106/434341/18605/94094/24088/18148/383619/226421/217069/227541/27050/22031/432940/268749/59079/74735/15902/18035/71371/21926/671535/18712/68729/319236/192176/13211/16365/56312/19766/20393/17846/21781/16859/19645"
"GOBP_REGULATION_OF_HEART_RATE_BY_CARDIAC_CONDUCTION",0.14920913884007,0.531484438754564,0.0473800742322709,0.637689516711128,1.35925541978166,30,"16518/12289/22627/100986/20779/20266"
"GOBP_REGULATION_OF_PLATELET_DERIVED_GROWTH_FACTOR_RECEPTOR_SIGNALING_PATHWAY",0.145240253853128,0.531484438754564,0.0489076613902853,0.672251636250609,1.36955811629477,22,"16948/16971/16176/75725/20779/19271/16177/215114"
"GOBP_REGULATION_OF_RAS_PROTEIN_SIGNAL_TRANSDUCTION",0.145822698655777,0.531484438754564,0.0471376665555693,0.60776314688301,1.34437207966645,42,"12977/16000/54153"
"GOBP_REGULATION_OF_TISSUE_REMODELING",0.145200984413454,0.531484438754564,0.0463144910700218,0.584639197199371,1.33147821039879,53,"93695/20750/19877"
"GOBP_REGULATION_OF_T_CELL_MEDIATED_CYTOTOXICITY",0.148180393522549,0.531484438754564,0.0473191617520584,0.6282279062503,1.35284498451168,32,"14964/14991/19264/15018/12010/19294/15040/15006/14990/53331/18733/16160/14130"
"GOBP_RESPONSE_TO_INTERLEUKIN_17",0.14860396767083,0.531484438754564,0.0486439291756181,0.692252012521389,1.36369141943882,17,"56489/30940/16176/15945/80859"
"GOBP_RESPONSE_TO_POTASSIUM_ION",0.148623511904762,0.531484438754564,0.0489741949025186,0.700978525436917,1.36034389156974,15,"20496/20655/59125/53416/16513"
"GOBP_RIBONUCLEOSIDE_METABOLIC_PROCESS",0.149048050770626,0.531484438754564,0.0482233696391913,0.667895783626023,1.36068406825428,22,"22436/11821/15452"
"GOBP_RRNA_METABOLIC_PROCESS",0.150076180802438,0.531484438754564,0.0394145411934656,0.457727190006136,1.2199815853993,258,"20115/20055/66489/20044/19941/20068/54127/66481/320790/19989/20085/276950/20104/100503670/237886/20116/57294/67115/68077/17975/59050/20088/57444/66596/57808/67025/75617/20018/27176/20054/19942/18572/66878/20586/70930/75416/14113/68544/66580/72308/18114/213895/56200/69713/17869/72554"
"GOBP_NEURON_PROJECTION_ORGANIZATION",0.151214296624408,0.532160735913879,0.0435353717179313,0.539313263949698,1.2924457801932,84,"232975/11816/11820/108100/94245/13191"
"GOBP_INTERLEUKIN_12_PRODUCTION",0.152043948941671,0.53230904693566,0.0447763159319511,0.571585734745916,1.31335595881098,57,"14964/56644/14991/24088/15018/12775/15900/15510"
"GOBP_LIPID_DROPLET_ORGANIZATION",0.152102439868489,0.53230904693566,0.0464876729628047,0.616808030966416,1.34272049558389,36,"11520/19221/672511/76763/66905"
"GOBP_PRESYNAPTIC_ENDOCYTOSIS",0.151557632398754,0.53230904693566,0.0439556423350473,0.546972981167404,1.29517330895757,76,"17858/19877/18717/20975/12757/11776/11980/231580/104015/20403/12315/11465/56378/12313/11773"
"GOBP_REGULATION_OF_LYMPHOCYTE_APOPTOTIC_PROCESS",0.152081977878985,0.53230904693566,0.0449347017586579,0.576662212925842,1.31863647402204,55,"16854/60533/15251/66494/18566/12053/16149/20304/17319/384783/11501/16859/17869/12051/20442/16453"
"GOBP_REGULATION_OF_MICROTUBULE_POLYMERIZATION_OR_DEPOLYMERIZATION",0.152167323431343,0.53230904693566,0.0627866166785788,-0.403549624954357,-1.1851476768805,100,"11350/13548/17257/18479/12569/270058/76499/19053/68041/23991/19052/14228/19353/15511/101706/193740/13589/229589/277468/12576"
"GOBP_TISSUE_REGENERATION",0.152333759590793,0.53230904693566,0.044463890880197,0.56423675515119,1.31065221921624,63,"16000/54381/19221/12527/12575/245944/17938/12633/14775/18081/19242/68050/11490/57784"
"GOBP_T_CELL_CYTOKINE_PRODUCTION",0.152011144001393,0.53230904693566,0.0466625806686436,0.624446720306761,1.34470246427606,32,"58185/14991/15018/12010/329260/16176"
"GOBP_VASCULAR_ENDOTHELIAL_GROWTH_FACTOR_SIGNALING_PATHWAY",0.15239263803681,0.53230904693566,0.0560911259623886,-0.484738478850423,-1.2502404648162,44,"14766/19245/14388/16416"
"GOBP_ALPHA_BETA_T_CELL_DIFFERENTIATION",0.152693748199366,0.53236852860579,0.0419088969982131,0.510787011531538,1.27235530403025,120,"58185/19219/14744/16852/13039/17085/12522/16186/11977/12053/19934/11776/20849/12515/80859/19698"
"GOBP_REGULATION_OF_SYSTEMIC_ARTERIAL_BLOOD_PRESSURE_MEDIATED_BY_A_CHEMICAL_SIGNAL",0.152634054562559,0.53236852860579,0.0547849027087005,-0.508890131923184,-1.2607413779629,35,"11555/56485"
"GOBP_POSITIVE_REGULATION_OF_CARTILAGE_DEVELOPMENT",0.153262867647059,0.533856159796632,0.0539880274007771,-0.53780011470799,-1.27761726132724,28,"17127/17125/231225/20682"
"GOBP_REGULATION_OF_FIBROBLAST_APOPTOTIC_PROCESS",0.153556392643474,0.533886233420911,0.052891019675301,-0.59558195859185,-1.29390927327906,18,"30955/98267/12122/11800/22059/18706/12125"
"GOBP_VASCULAR_PROCESS_IN_CIRCULATORY_SYSTEM",0.153551680136112,0.533886233420911,0.0746018195047473,-0.353040723879041,-1.1370815948485,211,"21872/11555/19735/18613/104099/76408/21803/19245/11350/15466/14388/50934/26365/101488/63959/26395/14629/22612"
"GOBP_NEGATIVE_REGULATION_OF_CD4_POSITIVE_ALPHA_BETA_T_CELL_DIFFERENTIATION",0.153735373537354,0.534013141814645,0.0472281823651549,0.658101318002383,1.35036866781523,23,"16852/12053/12515/12400/16453/15284/16950/319817/230738"
"GOBP_LINOLEIC_ACID_METABOLIC_PROCESS",0.153946227233304,0.534250425620764,0.0522057901504851,-0.615390980416977,-1.30548398189051,16,"76267/11666/14081"
"GOBP_CALCIUM_DEPENDENT_CELL_CELL_ADHESION_VIA_PLASMA_MEMBRANE_CELL_ADHESION_MOLECULES",0.154266572637518,0.534266920903098,0.0466040845253941,0.635951450907229,1.34873462906285,29,"18301"
"GOBP_NEGATIVE_REGULATION_OF_PHOSPHATIDYLINOSITOL_3_KINASE_PROTEIN_KINASE_B_SIGNAL_TRANSDUCTION",0.154378622021893,0.534266920903098,0.0443098064347317,0.56609866451329,1.30550936538094,59,"16948/14991/15018/14694/101476/383619/20720/12795/68077"
"GOBP_POSITIVE_REGULATION_OF_BLOOD_VESSEL_ENDOTHELIAL_CELL_MIGRATION",0.154178308356617,0.534266920903098,0.0567771390242865,-0.464453061746757,-1.23176503986066,51,"21803/18750/11350/14388/23871/20683/11651/23991/26416/18591"
"GOBP_CD4_POSITIVE_ALPHA_BETA_T_CELL_ACTIVATION",0.154727378190255,0.53497990171317,0.0417547808135487,0.510888754942413,1.26909465925899,117,"58185/19219/14744/16852/13039/17085/12522/16186/60533/11977/12053/20849/12515/80859/19698"
"GOBP_SPHINGOLIPID_MEDIATED_SIGNALING_PATHWAY",0.155111891180342,0.535815085846933,0.0523249586548089,-0.605429993911624,-1.29995393862433,17,"30955/11651/19353/13609"
"GOBP_AMYLOID_FIBRIL_FORMATION",0.156008914795131,0.53607479275592,0.0456108467661738,0.606701677957479,1.332399968648,39,"11816/11820/12010/56612/233908/22284/67199/19766/84092/227753/230908/12955/12759/18550"
"GOBP_BRAIN_MORPHOGENESIS",0.155889145496536,0.53607479275592,0.0536439029062424,-0.530901513539171,-1.26779847195073,29,"19211/22142/56484/18015/319757/102774/19164/20662/103583/18472"
"GOBP_COENZYME_A_METABOLIC_PROCESS",0.15633130962706,0.53607479275592,0.0517750634568288,-0.614218918019698,-1.30299758099398,16,"74114/71743"
"GOBP_DNA_DAMAGE_RESPONSE_SIGNAL_TRANSDUCTION_BY_P53_CLASS_MEDIATOR",0.155552084960175,0.53607479275592,0.0433895242224597,0.546259341965364,1.28855581396404,73,"12505/20684/18148/19941/15258/226695/18854/12575/58801/12795/16149/17319/67941/70103/11920/22589/50883"
"GOBP_NEGATIVE_REGULATION_OF_LIPID_METABOLIC_PROCESS",0.156105813595817,0.53607479275592,0.0429359269874217,0.538708587588939,1.28640533712806,82,"80885/11816/11928/11539/12642/20185/73212/16176/20660/11813/11810/11812/21926/20787/218461/18590/57875/11305"
"GOBP_POSITIVE_REGULATION_OF_PROTEIN_IMPORT_INTO_NUCLEUS",0.15601818616894,0.53607479275592,0.0546498540116765,-0.499201408762148,-1.25494667447708,38,"21803/17127/29810/22433/328572/18708/26416/66810/15163/16480/319757/18760/19164/228607"
"GOBP_STRESS_ACTIVATED_PROTEIN_KINASE_SIGNALING_CASCADE",0.15598748146928,0.53607479275592,0.04461938659259,0.579420630842721,1.31543260770702,52,"19106/18518/18477/330177/97541/327957/26400/65964/26409"
"GOBP_TOR_SIGNALING",0.156215213358071,0.53607479275592,0.0688594151123592,-0.364734690634675,-1.14860487626639,169,"20111/140742/105855/68526/22433/70510/328572/20963/237782/18145/226591/11651/232087/22346/22631/56692/230709/68441/225131/76630/93765/67338/67245/93687/20224/83429/18749/22258/56637/72124/75425/66397/268706/219024/74370/224023/216080/73086/18706/110379"
"GOBP_POSITIVE_REGULATION_OF_RESPONSE_TO_WOUNDING",0.156559908957893,0.536367951347516,0.0442078566868354,0.571521748614427,1.30860415388201,56,"56644/14824/15442/18787/15461/22340/11465"
"GOBP_LAMELLIPODIUM_MORPHOGENESIS",0.157223537985061,0.536679253522777,0.0469580095971153,0.67782371291421,1.35017767838899,18,"12505/23790/54126/17925/18606"
"GOBP_NEGATIVE_REGULATION_OF_PROTEIN_METABOLIC_PROCESS",0.157051282051282,0.536679253522777,0.0361864516389604,0.422717248582253,1.17849646806339,491,"19106/20115/11816/56417/64138/16000/23790/12306/19264/547253/74772/14694/72446/21858/30940/18148/107508/20588/65019/15258/73158/19877/80985/18854/12257/12575/100038882/22121/227331/16432/78388/100503670/20720/225896/27050/75296/270627/68077/17975/55988/13601/209743/19025/68135/108989/56612/56207/209200/20660/17319/67025/208643/68045/13167/223453/22608/12752/14232/13685/18787/13014/66915/14433/21929/232341/12523/14360/54198/671535/16341/15259/98170/18733/66870/22284/13418/65964/192176/64383/68585/97998/73205"
"GOBP_SYNAPSE_PRUNING",0.157198612315698,0.536679253522777,0.0516208105781906,-0.612969855692089,-1.30034783325154,16,"13051"
"GOBP_T_CELL_HOMEOSTASIS",0.156994047619048,0.536679253522777,0.0555209399162646,-0.47521213105346,-1.23970331450006,46,"21803/105855/12721/20851/11651/19052/16197/83945/51792/14605"
"GOBP_NATURAL_KILLER_CELL_MEDIATED_IMMUNITY",0.157588161209068,0.536749404746866,0.0432689513601533,0.552445214945935,1.29283548512369,67,"14964/14991/54725/15018/18477/16768/69582/16783/22177/17101/19294/15040/16573/75345/15006/246256/14990/18733/71740/16160/17057/16859"
"GOBP_NEGATIVE_REGULATION_OF_VASCULATURE_DEVELOPMENT",0.157535263548627,0.536749404746866,0.0418867907176401,0.519583116305375,1.27145111084506,102,"20846/14991/20496/15018/19877/18854/209743/18655/15945/11504/18787/21926/14360"
"GOBP_REGULATION_OF_MITOTIC_CELL_CYCLE_PHASE_TRANSITION",0.157816927436245,0.536749404746866,0.0376471513771701,0.445911172247721,1.20484455367187,309,"93695/104418/20588/330177/68094/19186/12575/16319/217124/227331/13555/26992/72776/12795/237886/68077/19360/75430/108989/19188/208643/108000/67849/229841/11504/67941/68612/15902/66923/20135/20296/20586/66977/11920/22040/12580/65964/235559/64383/67155/11629/24010/72584/76843/66468/21781/116748/19645/57376/12571/11789/11491/56696/235041/12534/12531/52276/66371/116871/18817/12567/381921"
"GOBP_REGULATION_OF_PROGRAMMED_NECROTIC_CELL_DEATH",0.157757269719659,0.536749404746866,0.0457215328459934,0.6204046879243,1.33599822942524,32,"58203/12257/268749/12633/11796/11545/11739/56312/19766/56449/26926/74256/24105"
"GOBP_AXO_DENDRITIC_TRANSPORT",0.158546017014695,0.538709250233363,0.0427020872196148,0.539410297528698,1.28228460826181,79,"13518/11820/68196/15251/94245/16562/67095/11776/52822/13191/16561/16573/11774/70827/14533/20655"
"GOBP_PEPTIDE_BIOSYNTHETIC_PROCESS",0.158680632939603,0.538709250233363,0.0521267529114222,-0.566749608317788,-1.28696897169351,22,"23887/14629/26570/68044/14630"
"GOBP_KERATAN_SULFATE_PROTEOGLYCAN_METABOLIC_PROCESS",0.15899814471243,0.539298684508768,0.0471376665555693,0.686891113218793,1.34152266751381,16,"76969/54371/12091"
"GOBP_CELLULAR_DEFENSE_RESPONSE",0.159608570946516,0.54035978653813,0.0446454413139534,0.592580258567253,1.31930845793587,44,"15951/19039/14991/15018/226695/11801/22177/17329"
"GOBP_CELLULAR_RESPONSE_TO_AMYLOID_BETA",0.160020449897751,0.54035978653813,0.0448289482319963,0.5984409156681,1.32118300038472,41,"232975/16000/11820/12286/22329/22177/16971/12363/11545/21926/14360"
"GOBP_CELL_MORPHOGENESIS_INVOLVED_IN_NEURON_DIFFERENTIATION",0.160031847133758,0.54035978653813,0.100860025098152,-0.312502204463995,-1.08624160619025,497,"20352/18750/243743/214968/19211/11350/239667/217692/268739/13631/23999/19325/18479/26395/12569/20910/19277/73710/223435/270058/76499/18222/77097/66610/12912/93691/16911/233489/68475/13430/22295/18163/228994/99683/14009/12978/14366/12488/19055/18129/11461/73178/12540/17258/99152/108902/22629/54633/19353/22323/56376/228662/225020/20437/56386/72320/229285/19280/210293/13845/217331/67453/17260/20430/230857/224105/20512/53328/75788/73750/56637"
"GOBP_HORMONE_METABOLIC_PROCESS",0.15990990990991,0.54035978653813,0.0403096907892751,0.493934168149601,1.24970675027567,143,"13030/20750/64138/54381/13039/74617/11928/101476/15251/12257/15451"
"GOBP_REGULATION_OF_ANTIGEN_RECEPTOR_MEDIATED_SIGNALING_PATHWAY",0.159961221522055,0.54035978653813,0.0435353717179313,0.567314612428409,1.30354202608748,57,"12483/12517/16854/68119/19264/104418/12775/27050/19294/16889"
"GOBP_NEGATIVE_REGULATION_OF_RNA_CATABOLIC_PROCESS",0.160374462860651,0.541029241045652,0.0422441410140851,0.533422638887297,1.27620235949138,83,"56489/229663/73158/18458/18173/230753/13555/11991/13164/17164/70439/11810/22608/380773/74645/381633/233908/619605/13211/107702/56403/72826/56449/72416/210106/230908"
"GOBP_MUSCLE_TISSUE_DEVELOPMENT",0.160958904109589,0.542025132617017,0.0847686054189199,-0.329619408391372,-1.11197452379384,334,"74376/19735/21803/11350/13805/17127/18479/21812/77578/65256/328572/80288/12912/22761/30928/232334/217082/17125/327826/13726/19055/18129/230709/12540/17258/26416/20481/16002/56376/16795/11793/12227/67773/13609/17260/11364/18015/53620/12162/63958/224143/246179/17701/216850/68927/17129/56504/17684/20682/319757/109620/14251/13629/14369/77044/13383/22439/103806/20182/12632/13207/20544/70239/11477/13018/286940/19206"
"GOBP_REGULATION_OF_SMALL_GTPASE_MEDIATED_SIGNAL_TRANSDUCTION",0.160931174089069,0.542025132617017,0.079670326613859,-0.333931109863102,-1.1152030637591,286,"14766/30955/21817/11350/75415/16410/72318/16456/217692/223601/544817/268739/20469/244418/26395/72536/109689/223435/21927/19053/233489/11855/26431/72754/241308/12402/57912/12488/18129/20947/19414/71972/228850/19684/19353/211255/12928/11845/228998/14270/93687/70719/19159/24063/210293/99326/12929/50768"
"GOBP_GENITALIA_DEVELOPMENT",0.16170808540427,0.542445075563777,0.0452289365362808,0.621370621430641,1.33215861663698,31,"26362/320790/71175/12018"
"GOBP_MICROAUTOPHAGY",0.161807255731137,0.542445075563777,0.0515441499025212,-0.57042750124942,-1.28371819431142,21,"11793/116733/51897/67526/71742/20479/242557"
"GOBP_NEGATIVE_REGULATION_OF_ALPHA_BETA_T_CELL_DIFFERENTIATION",0.161725545890289,0.542445075563777,0.0455832854852302,0.639929747364128,1.33665115934105,26,"16852/12053/12515/12400/16453/15284/16950/319817/230738"
"GOBP_REGULATION_OF_RESPONSE_TO_ENDOPLASMIC_RETICULUM_STRESS",0.161280931586608,0.542445075563777,0.0596007554342557,-0.410108034001508,-1.18573175759789,88,"26943/27362/109815/22433/14792/11689/17973/11651/108954/54609/67878/13666/18708/193670/56085/74840/193740/110213/226641/27061/13198/12913/66725/64209"
"GOBP_RRNA_CATABOLIC_PROCESS",0.161462160176341,0.542445075563777,0.0464876729628047,0.681542544777813,1.34259446485507,17,"276950/237886/68544"
"GOBP_CELL_MATRIX_ADHESION",0.162376237623762,0.542895752554738,0.038532213432583,0.469045925084599,1.22423750078427,202,"16411/12977/12505/23790/12306/18186/14268/16402/11502/19877/12512/58800/114249/22329/20612/54126/12053/12775/50932/15442/16409/16414/18787/17123/16419/21894/12631"
"GOBP_NUCLEOSIDE_MONOPHOSPHATE_METABOLIC_PROCESS",0.162208936438011,0.542895752554738,0.0425633582370147,0.547339338902925,1.28400894909458,69,"22169/22436/11821/17524/13178/15452/11637/21877/11565"
"GOBP_SKELETAL_SYSTEM_MORPHOGENESIS",0.162311372837689,0.542895752554738,0.067207783715993,-0.364034185881201,-1.14437976979201,166,"21803/17127/231633/269941/21812/212937/19338/71375/230709/26416/20481/17126/11909/373864/12151/17260/17002/11481/242291/15531/12162/17701/192170/17684/20682/21833/67561/18763/19164/18439/13383/72999/215418"
"GOBP_RESPONSE_TO_OXIDATIVE_STRESS",0.162600648960461,0.543161526117477,0.0364798357316103,0.436133781146396,1.19057726278485,352,"20846/11816/74772/28240/14694/11502/72446/101476/30940/11927/18477/17708/15368/18854/217069/15251/17390/18753/11977/12795/27050/211329/18174/14778/16068/17716/11758/22228/11545/72244/14528/12018/67067/12631/21929/53381/14360/11920/56208/14775/22040/56349/18023/27419/17387/54683/20909/17721/64383/11629/20655/19663/19766/269254"
"GOBP_CARDIAC_ATRIUM_MORPHOGENESIS",0.164711091432367,0.54435864539711,0.0509047480122043,-0.581907984356387,-1.2807390641482,19,"13805/20677/22761/18129/319757/20662/11477"
"GOBP_CELL_DIFFERENTIATION_INVOLVED_IN_KIDNEY_DEVELOPMENT",0.163149078726968,0.54435864539711,0.0439306272279452,0.585243677662111,1.31201803633652,46,"20846/71602"
"GOBP_LYMPHOCYTE_APOPTOTIC_PROCESS",0.165137614678899,0.54435864539711,0.0418647144480324,0.537365314862614,1.27245191683319,75,"16854/60533/15251/66494/18566/12053/16149/20304/17319/80859/16889/384783/11501/12018/30954/50883/19766/16184/16859/17869/12051/20442/16453"
"GOBP_MAMMARY_GLAND_EPITHELIAL_CELL_PROLIFERATION",0.163705869125253,0.54435864539711,0.0515059350751614,-0.558013176962006,-1.27636970793627,23,"353310/12443/20852/13982/68911/26413"
"GOBP_NEGATIVE_REGULATION_OF_PROTEIN_BINDING",0.164215262156082,0.54435864539711,0.0445673965109315,0.607840602458646,1.32319942995963,36,"15958/14694/18008/19877/667373/16976"
"GOBP_NEGATIVE_REGULATION_OF_TOR_SIGNALING",0.163934426229508,0.54435864539711,0.057642075315137,-0.425617295597538,-1.19758144475934,73,"20111/140742/70510/18145/22346/22631/93765/67245/20224/18749/56637/72124/66397"
"GOBP_POSITIVE_REGULATION_OF_LIPID_CATABOLIC_PROCESS",0.164639680522781,0.54435864539711,0.0456937949406542,0.658949562421396,1.33490772539577,21,"11539/18753/16176/11813/384783/12894"
"GOBP_POSITIVE_REGULATION_OF_PROGRAMMED_CELL_DEATH",0.164954403786217,0.54435864539711,0.0353398441869359,0.423083741281974,1.17536754948443,457,"15951/80885/20115/15958/58203/13033/18611/14991/16852/19264/15018/14824/14694/11820/19941/12017/226695/16004/15368/18854/60533/241447/13036/12257/17390/12575/66494/67500/227541/18753/67991/58801/54126/13555/20104/18566/12053/21973/27050/15900/20302/11910/20304/11783/50755/15510/66437/12633/11787/12363/11501/11545/276770/12018/16531/20296/21926/67184/11920/56208/17977/56349/17873/18733/209497/72567/50883/65964/110854/56330/64383/20655/12048/15370/56312/19766/16160/80707"
"GOBP_POSITIVE_REGULATION_OF_VASCULAR_ASSOCIATED_SMOOTH_MUSCLE_CELL_PROLIFERATION",0.164592627377319,0.54435864539711,0.0525655298882517,-0.510524506867881,-1.24995398442996,33,"15446/16476/22433/18479/17261/54598/26408/18591/60611"
"GOBP_PYRIMIDINE_CONTAINING_COMPOUND_BIOSYNTHETIC_PROCESS",0.165073403892113,0.54435864539711,0.0441065180734917,0.595804489012227,1.31182909504074,40,"22169/18103/13178/21877/67283"
"GOBP_REGULATION_OF_AUTOPHAGOSOME_MATURATION",0.164984642387012,0.54435864539711,0.0506111894965511,-0.599021370824501,-1.28619361140724,17,"11555/54396/237782/100502698/78246/11793/67526/94232"
"GOBP_REGULATION_OF_DIGESTIVE_SYSTEM_PROCESS",0.164830222621992,0.54435864539711,0.0513160055618241,-0.557501808024061,-1.27520002978364,23,"14792/212937/19055/19218"
"GOBP_REGULATION_OF_SYSTEMIC_ARTERIAL_BLOOD_PRESSURE_BY_CIRCULATORY_RENIN_ANGIOTENSIN",0.164248511904762,0.54435864539711,0.0463720284138497,0.689575928483272,1.33821560582196,15,"64138"
"GOBP_SOMATIC_DIVERSIFICATION_OF_IMMUNE_RECEPTORS",0.164141808527253,0.54435864539711,0.042109215724516,0.540560771849265,1.27511361702519,73,"56417/56045/19264/97165/227525/107823/12053/15510/80859/13026/11920/12487/16881"
"GOBP_T_CELL_ACTIVATION_INVOLVED_IN_IMMUNE_RESPONSE",0.163751286197266,0.54435864539711,0.0407564308684108,0.511188955227708,1.25885400451749,108,"14190/19219/16854/14744/16852/17085/14127/18173/11977/12053/22177/16149/20849/12515/80859/19698"
"GOBP_DENDRITIC_CELL_MIGRATION",0.165357967667436,0.544606030595388,0.0519696484213363,-0.526044403031314,-1.25619964029756,29,"30955/12774/321019/11689/65256/12540/27218"
"GOBP_ALPHA_BETA_T_CELL_ACTIVATION",0.166186359269933,0.545919127412067,0.0388754749993405,0.479095083583627,1.23022911756983,167,"58185/19219/16854/14744/16852/19264/13039/15018/17085/12522/16186/60533/11977/12053/94176/19934/11776/20849/12515/80859/19698/15040"
"GOBP_NEGATIVE_REGULATION_OF_ERK1_AND_ERK2_CASCADE",0.166084385917764,0.545919127412067,0.0562362053989718,-0.437994217463444,-1.20436436652164,64,"235584/11350/67603/12988/22433/19261/21898/17096/81897/24063/114715/74155"
"GOBP_POSITIVE_REGULATION_OF_MITOTIC_CELL_CYCLE",0.166193629769789,0.545919127412067,0.0611971384770468,-0.389361608972,-1.16284275585585,112,"216825/21803/18750/11350/53376/20851/12443/11651/21349/19684/53317/56317/19141/382985/13205/108911/54451"
"GOBP_SYNAPTIC_VESICLE_RECYCLING",0.166359729895641,0.545986223860652,0.0413864895014492,0.530228637884614,1.26856077977825,83,"17858/19877/18717/20975/12757/11776/11980/231580/104015/20403/12315/11465/56378/11773"
"GOBP_MIRNA_METABOLIC_PROCESS",0.166814028882994,0.546520087634146,0.0589275343258683,-0.406612488530233,-1.18146790075882,91,"21803/19317/14815/17127/18021/16476/23871/56484/17125/18129/18591/18986/13982/19697/223701/22059"
"GOBP_POSITIVE_REGULATION_OF_DENDRITIC_SPINE_DEVELOPMENT",0.166810866931995,0.546520087634146,0.0441824649861948,0.605206380078666,1.31746502930019,36,"11816/50772/108100/12631/66225"
"GOBP_POSITIVE_REGULATION_OF_APOPTOTIC_SIGNALING_PATHWAY",0.167449807774455,0.547645619143681,0.0395284429316276,0.497051860725141,1.24726361657933,129,"20115/18611/19264/14694/11820/19941/18854/13036/17390/18753/67991/58801/27050/11910/11783/50755/66437/276770/21926/56208/72567/20655/56312/19766/80707/59004/17869/17974/21944"
"GOBP_REGULATION_OF_MICROTUBULE_POLYMERIZATION",0.167435549525102,0.547645619143681,0.0562847952048854,-0.43386032152783,-1.19869576057615,66,"11350/13548/17257/18479/12569/76499/19053/19052/14228/19353/15511/101706/193740/13589/229589/277468/12576"
"GOBP_DENDRITIC_CELL_CYTOKINE_PRODUCTION",0.168074944893461,0.548254911628103,0.0454734777155712,0.67615579637187,1.33198292101412,17,"56644/69550/230073"
"GOBP_PYRUVATE_METABOLIC_PROCESS",0.167784256559767,0.548254911628103,0.0400121594010984,0.503823711477123,1.24836185647934,115,"227659/16000/18746/11820/14751/20185/21991/15251/170768/18655/16889/22228/16828/14433/18648/11674/22040/13806/56312/20779/18293/107029/27364/18640/18641/231691/236900"
"GOBP_T_CELL_DIFFERENTIATION",0.167940844717383,0.548254911628103,0.0366839700815655,0.447448119612584,1.20021131473264,278,"58185/14190/19219/14744/14991/16852/19264/13039/15018/17085/20588/12522/16186/16768/68094/14127/12010/320790/66494/11977/26992/12053/94176/12775/19934/16149/11776/20849/16176/12515/80859/19698/16889/13655/11501/11774/66923/229473/20586/27060/243910/18733/67155/20655/16477/16160/64930/277360/17474/12487/16184/16859/14466/57376/12571/12400/12051/12772/11491"
"GOBP_AXONAL_TRANSPORT",0.170036618372871,0.549394177294413,0.0417328831423849,0.551017525497636,1.28179143044978,64,"13518/68196/15251/94245/16562/67095/11776/52822/13191/16561/16573/11774/14533/20655/11777/74143/13424/17754/11775/16571/234847/15114"
"GOBP_COTRANSLATIONAL_PROTEIN_TARGETING_TO_MEMBRANE",0.16915201424438,0.549394177294413,0.0503221564896615,-0.565919821064562,-1.27357388840968,21,"72265/107513/20818/53421/67437/69276/54208/67398"
"GOBP_EXTRINSIC_APOPTOTIC_SIGNALING_PATHWAY_VIA_DEATH_DOMAIN_RECEPTORS",0.169491525423729,0.549394177294413,0.0412584842934089,0.535587294863121,1.26824166192103,75,"20684/16854/56486/18611/97165/15368/58801/11910/23873/12633/13163/18787/21929/21926/14775/20909/12048/66168"
"GOBP_HOMEOSTASIS_OF_NUMBER_OF_CELLS",0.169904714763024,0.549394177294413,0.036171170470305,0.442447889115062,1.19321639989173,302,"20846/12977/80885/26362/56417/20044/383619/14751/18477/20068/97165/15258/15368/14127/15251/12010/100038882/245944/20085/58801/227331/12053/12775/18174/16149/20088/23797/17319/80859/16889/100900/70103/319352/15902/12018/11774/21929/20364/30954/11983/53890/12442/27060"
"GOBP_IMP_METABOLIC_PROCESS",0.169202226345084,0.549394177294413,0.0455557680590726,0.677791077694505,1.32374997589489,16,"22436/11821/15452/11565"
"GOBP_INTERMEDIATE_FILAMENT_ORGANIZATION",0.169917958067457,0.549394177294413,0.045014448139004,0.662904228329966,1.32872395788546,19,"22352/14580/18810/23950"
"GOBP_PROTEIN_LOCALIZATION_TO_ENDOPLASMIC_RETICULUM",0.169117647058824,0.549394177294413,0.0560911259623886,-0.430258571866441,-1.19591342416207,68,"72512/76687/72265/192193/19325/66913/89867/11651/93739/30960/433667/20818/66624/12033/17155/53421/67437/68137/68889/27061/69276/66725/64209/14731"
"GOBP_PYRIMIDINE_NUCLEOTIDE_METABOLIC_PROCESS",0.169617739533344,0.549394177294413,0.0427020872196148,0.575684795473869,1.29865449479717,48,"22169/18103/13178"
"GOBP_REGULATION_OF_FATTY_ACID_METABOLIC_PROCESS",0.169543302275852,0.549394177294413,0.0408390204953239,0.52631395246244,1.26129337508808,84,"16592/20185/14077/16149/18655/16176/11813/384783/11812/12894/22040/18023/20787/64383/66887/57875/212980"
"GOBP_RESPONSE_TO_STEROID_HORMONE",0.169132397191575,0.549394177294413,0.0365423481021467,0.446477932368366,1.19722949223455,276,"232975/16948/20750/13058/16000/19264/11502/11928/14751/20185/97165/12091/20183/12257/245944/16181/217124/70790/270627/20602/12633/224902/14718/22228/13163/11545/20586/21926/12315/20592/17977/13057/19384/18626/20787/16365/22215/16477/84092/20393/20779/19777/11305"
"GOBP_RETINOIC_ACID_RECEPTOR_SIGNALING_PATHWAY",0.169058452922646,0.549394177294413,0.0441317957775226,0.615729149296547,1.3200638450872,31,"20684/21815/18854/20183"
"GOBP_DEVELOPMENTAL_INDUCTION",0.170492533987074,0.549919119951422,0.0501437564723626,-0.559235626449299,-1.26990630173011,22,"58198/327826/24063"
"GOBP_REGULATION_OF_HEMATOPOIETIC_PROGENITOR_CELL_DIFFERENTIATION",0.170415814587594,0.549919119951422,0.0432929962094138,0.59071555396735,1.30412765493017,41,"19106/19241"
"GOBP_DNA_STRAND_ELONGATION_INVOLVED_IN_DNA_REPLICATION",0.171130952380952,0.550193454701388,0.0453371931652217,0.684545201410883,1.32845279769769,15,"327762"
"GOBP_NEGATIVE_REGULATION_OF_PROTEIN_MATURATION",0.170992920675259,0.550193454701388,0.0447500605207678,0.657161151122713,1.32550370363095,20,"64138/20720/55988/18787"
"GOBP_POSITIVE_REGULATION_OF_CELLULAR_COMPONENT_BIOGENESIS",0.171164772727273,0.550193454701388,0.0919032203847858,-0.317770246002772,-1.09317613658654,441,"211401/18718/21803/18750/72948/105855/11350/70839/242687/17127/64143/14086/13631/23999/17257/58799/19303/170625/18479/110829/21812/12569/50523/72068/20963/12912/16423/171543/21898/269523/17973/17874/72754/65945/12122/108083/19052/338364/20844/14784/18708/21349/234776/20947/73178/12540/228136/19353/22323/15511/101706/11845/193740/117149/18754/11793/21899/12229/13845/216877/52150/13205/207278/116733/218333/20430/13589/68112/237107/234779/56637/231225/12576/232906/228880/22059/56044/12162/27260"
"GOBP_TOLERANCE_INDUCTION",0.170839210155148,0.550193454701388,0.0440560759786921,0.622903825646267,1.32106304502701,29,"14964/14991/15018/18566/15040/21929/14990/18733/16365/16184/16859"
"GOBP_AMYLOID_PRECURSOR_PROTEIN_CATABOLIC_PROCESS",0.171763175016265,0.551171558185756,0.0419976236434102,0.563373425170642,1.28824939500635,55,"11816/212167/16000/11502/11820/11307/19877/20660/12752/56705/21926"
"GOBP_SODIUM_ION_TRANSPORT",0.171659143755984,0.551171558185756,0.038091938319143,0.475545498880436,1.2220352408822,170,"232975/18301/20496/28240/11928/21366/18438/20720/11933/170756"
"GOBP_NEGATIVE_REGULATION_OF_EXTRINSIC_APOPTOTIC_SIGNALING_PATHWAY",0.171972581873572,0.551371460104489,0.0404504773231687,0.52343228004227,1.25700990775914,86,"16854/16000/18611/18186/97165/15368/16176/23873/12633/18787/14051/83946/21929/21926/14360/14775/12048/19766/20779/66168"
"GOBP_HEMATOPOIETIC_STEM_CELL_PROLIFERATION",0.172733636681834,0.551922992569066,0.0436087756134531,0.613333222875304,1.31492721017591,31,"19106"
"GOBP_HUMORAL_IMMUNE_RESPONSE_MEDIATED_BY_CIRCULATING_IMMUNOGLOBULIN",0.172733636681834,0.551922992569066,0.0436087756134531,0.613452219301438,1.31518232702399,31,"19264/12266/12268/12260/21926/12262/14130/12259/12051/12759/12261"
"GOBP_REGULATION_OF_SUPEROXIDE_METABOLIC_PROCESS",0.172566371681416,0.551922992569066,0.0439056492517661,0.627239332388215,1.32205544205998,28,"56644/11820/18753/22177/16409/14528/16414/13057/20655"
"GOBP_SALIVARY_GLAND_DEVELOPMENT",0.172309833024119,0.551922992569066,0.0509417670628642,-0.518796777494208,-1.24672492795313,30,"21817/21803/22433"
"GOBP_REGULATION_OF_LEUKOCYTE_MEDIATED_IMMUNITY",0.173695308381655,0.554167046043458,0.0370359303299504,0.463919225443659,1.2119541449788,204,"58185/14964/56644/14991/69550/54725/19264/15018/12266/16768/60533/14127/230073/12010/14191/107823/16783/18566/12053/22177/329260/16176/15510/14389/19294/15040/16409/16414/378460/15006/12523/21926/14990/53331/327957/18733/71740/20909/26409/20911/16160/12487/17057/14130/19354/56200/16859"
"GOBP_T_CELL_PROLIFERATION",0.173731664648096,0.554167046043458,0.0374794960289456,0.472839926627287,1.22176424353621,177,"93695/16854/16000/14991/54725/19264/15018/60533/22329/18173/12053/94176/27050/20304/16176/16889/15040/70103/17698/229473/14360/27027/193385/18733/11629/320484/16160/12487/19354/19247/58205/16184/16859/17869/17974/12772"
"GOBP_EPITHELIAL_CELL_DIFFERENTIATION_INVOLVED_IN_KIDNEY_DEVELOPMENT",0.174009943425339,0.554582710848783,0.0429359269874217,0.592908242186838,1.30210769477425,39,"20846/71602"
"GOBP_BONE_MINERALIZATION",0.174516462424332,0.555670440013626,0.0394145411934656,0.509335118360914,1.24929288619454,104,"16948/18605/80752/11732/16000/67972/15251/100038882/14191/13601/20302"
"GOBP_POSITIVE_REGULATION_OF_LYMPHOCYTE_APOPTOTIC_PROCESS",0.17468772961058,0.555670440013626,0.0445155648828312,0.671249805928236,1.32231843907572,17,"60533/66494/18566/20304/11501/16859/17869"
"GOBP_REGULATION_OF_OXIDOREDUCTASE_ACTIVITY",0.17479601087942,0.555670440013626,0.0441824649861948,0.646491766831006,1.31707830615243,22,"11605/16176/14528/12856/54683"
"GOBP_REGULATION_OF_DEPHOSPHORYLATION",0.174977334542158,0.555775465986447,0.0441571113824828,0.64634151818726,1.31677220909233,22,"11539/18518/103677/29875/20779/19777"
"GOBP_B_CELL_HOMEOSTASIS",0.175230878522377,0.555956394677017,0.0510532623450575,-0.494742855258865,-1.23286725088426,36,"105855/11350/74131/57916/17096/16197/210293/17260/12328/102774/20662/12125"
"GOBP_MEMBRANE_PROTEIN_PROTEOLYSIS",0.175330965450436,0.555956394677017,0.0413437079847925,0.555188820450824,1.27692010105924,58,"11816/17886/11502/11820/21858/19877/13036/230598/16176/11501/21926"
"GOBP_NEGATIVE_REGULATION_OF_STEROID_BIOSYNTHETIC_PROCESS",0.175623975223174,0.556414758357105,0.0441824649861948,0.664501415136877,1.32364058807908,18,"11816/11928/73212"
"GOBP_POSITIVE_REGULATION_OF_ANIMAL_ORGAN_MORPHOGENESIS",0.176065276518586,0.556505692906151,0.0440057843225365,0.644809053740605,1.31365016519139,22,"12977"
"GOBP_POSITIVE_REGULATION_OF_NATURAL_KILLER_CELL_MEDIATED_CYTOTOXICITY",0.176246600181324,0.556505692906151,0.043980694668116,0.644369081382489,1.31275382268881,22,"14991/54725/16768/16783/19294/15040/15006/16160"
"GOBP_REGULATION_OF_PROTEIN_IMPORT_INTO_NUCLEUS",0.176239181746656,0.556505692906151,0.0537722460118177,-0.447021972095267,-1.20668170485149,57,"21803/17127/29810/22433/328572/18708/26416/66810/15163/18015/16480/319757/18760/19164/24069/228607"
"GOBP_SYNAPTIC_VESICLE_LOCALIZATION",0.175906356689969,0.556505692906151,0.0414293848252216,0.558297758016451,1.27832539534069,56,"17858/94245/11776/16561/16573/104015/11774"
"GOBP_MICROVILLUS_ASSEMBLY",0.1766092475068,0.556579435856523,0.0439306272279452,0.644001390718079,1.31200473751508,22,"18301/74012/50932"
"GOBP_POSITIVE_REGULATION_OF_CYTOSKELETON_ORGANIZATION",0.176690324990661,0.556579435856523,0.0647833742605669,-0.358416330961298,-1.12902714038435,171,"211401/105855/11350/242687/17127/17257/19303/18479/21812/12569/16423/27360/17973/72754/14784/20947/12540/19353/22323/15511/101706/11845/193740/18754/207278/20430/13589"
"GOBP_RESPONSE_TO_MECHANICAL_STIMULUS",0.176715455888277,0.556579435856523,0.0370683414687486,0.46857649024229,1.21376378960063,184,"20846/19219/16518/11820/14751/17390/20720/15451/17191/16176/15945/21934/14718/12363/16409/12018/18035/21926/14360/18810/13057/63873/17387"
"GOBP_POSITIVE_REGULATION_OF_T_HELPER_17_TYPE_IMMUNE_RESPONSE",0.176897321428571,0.556684433849106,0.0445155648828312,0.677733184730603,1.31523315552033,15,"56644/80859/243910/16160/74143/57261/16452"
"GOBP_GLIAL_CELL_ACTIVATION",0.177741137675185,0.55855993114972,0.0415155189937178,0.569704103266785,1.28644751966076,49,"13011/24136/19264/14824/11820/22177/16971/20302/16176/16409/16414/21926/21897/27419/11629"
"GOBP_REGULATION_OF_NON_CANONICAL_NF_KAPPAB_SIGNAL_TRANSDUCTION",0.177791354819001,0.55855993114972,0.0397587663467915,0.521443819487884,1.25110895278781,85,"19106/11820/18477/80985/27050/70097/16176/21934/72674/69068/21926/70110/19766/26409/16160/56722/16859/12051/64685/384309/22350/57373/67326/74256/72565/24105/60595"
"GOBP_ESTABLISHMENT_OF_ENDOTHELIAL_BARRIER",0.178054356108712,0.558730968131763,0.0525655298882517,-0.456789992679218,-1.21144199464285,51,"21872/18613/16456/21937/50918/17874/238871/19324/19684/107746/192786/19280"
"GOBP_NEURAL_CREST_CELL_DIFFERENTIATION",0.178143945282139,0.558730968131763,0.0401107148777776,0.528723564290191,1.25341962590524,77,"20115/24136/23790/18186/14268/15251/18187"
"GOBP_AUDITORY_RECEPTOR_CELL_DEVELOPMENT",0.179038333702637,0.559219206699488,0.0486766874868098,-0.584329769159152,-1.26946375064086,18,"22295/99683/218756/19353/73750/70615/97031/18472/19712"
"GOBP_COLLAGEN_BIOSYNTHETIC_PROCESS",0.179003386550556,0.559219206699488,0.0510532623450575,-0.479483442546233,-1.22439173620634,41,"16194/21803"
"GOBP_LEUKOCYTE_CELL_CELL_ADHESION",0.178571428571429,0.559219206699488,0.0345534485302443,0.431466079548409,1.17735130095826,348,"93695/14190/12505/16854/54371/14744/16000/14991/16852/19264/15018/16402/54446/20588/12522/26410/16186/19877/16768/60533/68094/12010/22329/26992/18566/12053/12775/27050/16149/11776/20304/16176/12515/15510/80859/20354/15040/13655/11501/16414/11774/108078/17123/66923/57783/17698/229473/232341/20296/20586/21926/14360/27027/193385/243910/18733"
"GOBP_MEMBRANE_LIPID_CATABOLIC_PROCESS",0.179153094462541,0.559219206699488,0.0422441410140851,0.589272370643272,1.29412282295559,39,"11605/12091/15211/245944/18753/14420/18606/14667/19063/71665/66190/20397/18010"
"GOBP_RECEPTOR_MEDIATED_ENDOCYTOSIS",0.179364669421488,0.559219206699488,0.0359288022544139,0.453480242482989,1.19883453696772,236,"17858/11816/12306/13039/53378/11820/66102/12527/12266/16004/14127/235567/12512/94245/16976/12010/20612/51801/18717/12775/12757/14457/16971/54189/20660/11813/231580/227333/12752/16409/11812/13858/20403/16414/18787/320129/19063/20239/18733/68420/80838/233979/11773/100317/11305/14130/67399/12475"
"GOBP_REGULATION_OF_REACTIVE_OXYGEN_SPECIES_BIOSYNTHETIC_PROCESS",0.179493251243192,0.559219206699488,0.0503939969883735,-0.492543979492596,-1.22738779445113,36,"56484/11689/21898/21899/11666/234779/12725/16819/213696/53881/20848/214084/11848"
"GOBP_RETROGRADE_AXONAL_TRANSPORT",0.178979851152659,0.559219206699488,0.0436333153096766,0.651384361836732,1.31385183470872,20,"13518/16562/52822/16561/16573/20655/13424/17754"
"GOBP_SUBSTRATE_DEPENDENT_CELL_MIGRATION",0.179478075625777,0.559219206699488,0.0430303966229415,0.623404837960107,1.30213480906374,26,"19264/53378/18186/14268/121021/11501/11947/71653"
"GOBP_CELLULAR_RESPONSE_TO_PEPTIDE_HORMONE_STIMULUS",0.17998487522057,0.559820176204726,0.0353542822631721,0.444012073986731,1.18734831247777,270,"20846/18605/13033/16000/17918/18746/59027/18751/107508/67972/20588/19877/108100/18753/14683/20402/12982/17975/16176/237542/20660/12633/14718/22228/26457/384783/11545/72674/213053/12631/83946/15461/14360/233016/17977/192157/13057"
"GOBP_RESPONSE_TO_TESTOSTERONE",0.179964850615114,0.559820176204726,0.0427253227144247,0.612094309305894,1.30469842382314,30,"20750/14751/12257/12633/17698/50927"
"GOBP_MYELOID_LEUKOCYTE_MEDIATED_IMMUNITY",0.1801613385121,0.559904391992829,0.0569774257112045,-0.399099129050088,-1.16620014926191,95,"13051/16194/30955/20910/20963/217303/17874/28040/17096/12402"
"GOBP_REGULATION_OF_LYMPHOCYTE_MEDIATED_IMMUNITY",0.180609960828204,0.560653149674534,0.0374794960289456,0.480757608732643,1.22182977981325,151,"58185/14964/14991/54725/19264/15018/12266/16768/60533/14127/12010/107823/16783/18566/12053/329260/16176/15510/19294/15040/15006/21926/14990/53331/18733/71740/26409/16160/12487/17057/14130"
"GOBP_U2_TYPE_PRESPLICEOSOME_ASSEMBLY",0.180701442050917,0.560653149674534,0.0429359269874217,0.626949797610478,1.30280877354091,25,"72459/319322/212880/69878/20643/68011/20641/107686/72047"
"GOBP_BIOLOGICAL_PROCESS_INVOLVED_IN_INTERACTION_WITH_HOST",0.180882148323362,0.560749621105012,0.037330182403031,0.479031976431146,1.2201068568205,153,"26362/13030/16852/13039/75608/18186/17886/16402/12642/667373/217069/16785/20612/16783/20778/16149/68953/12215/15510/19294/13858/16419/30954/71740/319236/233979/208092/20779/100317/14456/16859/19349/12534/77579/66371/667823/230979/16790"
"GOBP_NEGATIVE_REGULATION_OF_PROTEIN_UBIQUITINATION",0.181433275835032,0.561621452968996,0.0398947010447969,0.535634932813776,1.25801692048175,70,"20115/65019/80985/12257/100038882/100503670/225896/27050/270627/209743/209200/67025/21929/232341/14360/671535"
"GOBP_POSITIVE_REGULATION_OF_AMIDE_METABOLIC_PROCESS",0.181463068181818,0.561621452968996,0.0427718921296353,0.621309193552887,1.30223200374979,27,"11816/212167/11307/18753"
"GOBP_RECEPTOR_RECYCLING",0.181742043551089,0.562020774941816,0.0413650845498529,0.571651093797607,1.2815457461242,46,"13033/12306/71648/20660/13858/22284/74018/16558/18195/99371/56089/66508/338368/71382/105782/19326/101490"
"GOBP_LYMPHOCYTE_DIFFERENTIATION",0.182185273159145,0.562926961088603,0.0338989746763238,0.426323731301709,1.16906001608379,374,"58185/14190/19219/21985/26362/14744/14991/16852/19264/13039/15018/17085/20588/12522/16186/330177/16768/68094/227525/14127/12010/320790/22329/66494/11977/26992/12053/94176/12775/19934/16149/11776/15900/20849/74748/16176/12515/80859/19698/16889/13655/11501/15902/12018/11774/66923/229473/20586/27060/11920/243910/18733/17387/75725/16169/67155/20655/16477/16160/64930/277360/17474/12487/14130/14456/16184/16859/14466/57376/12571/12400/12051/12772/11491/19271/20442"
"GOBP_COPPER_ION_HOMEOSTASIS",0.182610274096932,0.563311364045516,0.0431492457223638,0.643265733774069,1.30313524200847,21,"11820/11927/11977/20529/17846/17750/12870"
"GOBP_RENAL_SYSTEM_DEVELOPMENT",0.182566585956416,0.563311364045516,0.0729388423496436,-0.332429260439351,-1.10467869998094,271,"211401/16194/58198/15446/18613/14537/21803/17127/16416/70350/266781/20677/21812/19108/19277/17125/18027/20317/12488/19055/18129/230709/18591/17126/271127/228790/24063/382985/12151/17260/53421/71770/11481/12846/18015/71785/107515/12162/22666/66725/16202/68911/75691/68927/17129"
"GOBP_AXON_DEVELOPMENT",0.182909604519774,0.563770721825751,0.0885639937858774,-0.316937539629805,-1.08738577792292,433,"20352/237847/18750/243743/214968/19211/11350/239667/217692/268739/23999/16476/76893/19325/18479/26395/12569/20910/19277/73710/223435/270058/76499/18222/12912/93691/16911/233489/68475/13430/223255/228994/14009/12978/12488/269473/18129/11461/99152/108902/19353/22323/225020/20437/56386/72320/229285/19280/13845/67453/20430/94185/230857/224105"
"GOBP_REGULATION_OF_CD8_POSITIVE_ALPHA_BETA_T_CELL_ACTIVATION",0.183691557722136,0.565715660100712,0.0480009043621564,-0.581044639372781,-1.26232676498643,18,"74048/15216/105855"
"GOBP_MUSCLE_ORGAN_DEVELOPMENT",0.184600197433366,0.566297098395695,0.0732425961656048,-0.331877051736589,-1.10278759621821,276,"53599/21803/11906/13805/17127/53376/70350/22433/21812/17261/77578/212937/65256/328572/80288/12912/22761/20392/30928/217082/83962/14009/13726/19055/17258/26416/20481/16002/16795/14201/17425/19009/12227/67773/13609/14300/17260/214812/18015/434156/53620/63958/246179/17701/68927/56504/17684/319757/109620/14251/13629"
"GOBP_NEGATIVE_REGULATION_OF_CELLULAR_RESPONSE_TO_GROWTH_FACTOR_STIMULUS",0.184307084391758,0.566297098395695,0.0546050400863614,-0.409752455944975,-1.17044789607975,80,"11350/13855/68526/12361/15242/66105/20481/66313/229285/24063/75788/50766/380664/23863/170749/15239/216080/19042"
"GOBP_NEGATIVE_REGULATION_OF_ENDOPLASMIC_RETICULUM_STRESS_INDUCED_INTRINSIC_APOPTOTIC_SIGNALING_PATHWAY",0.184635820234669,0.566297098395695,0.0478436678923893,-0.571317109107194,-1.25742928318659,19,"109815/22433/193740/110213/12913/66725/64209/12282/16151"
"GOBP_POSITIVE_REGULATION_OF_TRANSLATION",0.184528954191876,0.566297098395695,0.0376471513771701,0.492681367589843,1.22725468169253,120,"224742/18746/229663/18148/19941/20102/73158/18458/56726/100503670/11991/13164/20304/19652/208643/22608/276770/67941/16589/230861/21926/16341/20823/67267/17872/13211/56403/12487/56449/17974/12051/56347"
"GOBP_REGULATION_OF_SUPEROXIDE_ANION_GENERATION",0.184425485569069,0.566297098395695,0.0429123935596061,0.642099856181051,1.30077339355369,21,"56644/11820/18753/22177/16409/16414/13057/20655"
"GOBP_POSITIVE_REGULATION_OF_ESTABLISHMENT_OF_PROTEIN_LOCALIZATION",0.184869739478958,0.56655092687419,0.0346769792883295,0.440749134077007,1.18268909438871,279,"80885/11816/18245/16000/24088/65973/74772/18751/14694/11502/11820/72446/11307/99237/15251/67041/18753/12795/70790/67628/52822/268749/108989/12215/16176/20660/18536/384783/66169/12752/11501/16409/66177/17929/21454/59026/16414/22627/66366/15461/192185/21926/14360/15519/19155/98170/19384/20909/192176/13830"
"GOBP_CAMP_PKA_SIGNAL_TRANSDUCTION",0.185743197661345,0.567229833196346,0.0480959104839776,-0.543524782093696,-1.2432297229144,23,"11555/12912"
"GOBP_MYELOID_LEUKOCYTE_ACTIVATION",0.185912542550406,0.567229833196346,0.0354703050905573,0.457418032808316,1.19891316810395,208,"12977/13011/380732/246746/19264/14268/14824/11502/11820/15944/14127/14191/18753/18173/94176/22177/217203/231130/16149/20302/20304/15510/14389/17319/19294/19698/16409/16414/56743/378460/20619/246256/12523/21926/21897/216161/27027/22040/70110/27419/20909/11629/74481/15370/20911/277360/20779/17474/14130/19354/19247/12259/72826/16859/57914"
"GOBP_NATURAL_KILLER_CELL_ACTIVATION",0.185915492957746,0.567229833196346,0.0393014653454297,0.530332508305874,1.2486117503253,72,"26362/14991/19264/18477/14191/22121/16783/12506/22177/15040/75345/15902/15006/246256/14360"
"GOBP_REGULATION_OF_GRANULOCYTE_CHEMOTAXIS",0.185999323638823,0.567229833196346,0.0410473806466076,0.575390318009836,1.27872643517005,43,"12977/227541/76763/12775/16149/20304/17524/12267/20296/193385/63873"
"GOBP_RESPONSE_TO_CADMIUM_ION",0.185940246045694,0.567229833196346,0.041953199874439,0.607464571812248,1.29482999159164,30,"13058/14751/15368/18173/17711/14718/13163/17748/20655/17750/12534"
"GOBP_SENSORY_PERCEPTION_OF_PAIN",0.18565539983512,0.567229833196346,0.0405111989911376,0.561820342782296,1.27407947807543,51,"16592/11539/18438/20302/20296/21926/14360"
"GOBP_REGULATION_OF_PROTEIN_POLYMERIZATION",0.186692759295499,0.568881676292301,0.0644973452335783,-0.355034616003462,-1.12523919974798,184,"72948/105855/11350/13548/12721/223601/23999/17257/18479/12569/65256/76499/19053/50918/27360/17973/19052/14228/14784/237860/19684/19353/22323/15511/101706/11845/193740/18754/207278/20430/13589/15163/229589/277468"
"GOBP_BONE_RESORPTION",0.187748015873016,0.569247295825009,0.0504300211031557,-0.463668467085452,-1.20958893494731,46,"11555/18750/231633/16416/12988/100201/20963/12978/22034/16331/13609"
"GOBP_MESODERMAL_CELL_DIFFERENTIATION",0.187896645512239,0.569247295825009,0.0480009043621564,-0.53957183605525,-1.24270702012536,24,"16416/17125/21349/216850"
"GOBP_POSITIVE_REGULATION_OF_PHOSPHORUS_METABOLIC_PROCESS",0.188103711235384,0.569247295825009,0.0736532668184816,-0.328159977547431,-1.09628320438687,289,"320664/30955/68652/320207/21803/215653/11350/142980/64143/242248/22433/26395/109689/54396/11727/16911/269523/26408/12283/17096/11651/11863/23991/11514/16822/66826/12978/22034/18591/19353/58184/21899/22596/268752/213452/22032/71943/17002/11480"
"GOBP_REGULATION_OF_APOPTOTIC_SIGNALING_PATHWAY",0.187067815115856,0.569247295825009,0.0337949198546766,0.430366819797186,1.17084758940402,337,"20115/12505/20684/16854/16000/18611/19264/18186/14694/11820/19941/97165/22070/15368/18854/13036/15251/17390/66494/18753/67991/58801/27050/67397/16149/18793/11910/16176/11783/50755/23873/66437/12633/74996/17319/97541/11545/276770/18787/12018/14051/83946/21929/21926/14360/56208/14775/11739/13806/72567/20909/97998/20655/12048/56312/19766/80707/20779/66168/19777/59004/14130/19645/17869/74919/56449/14297/17974/21944/69660/56321/15194/17188/56274/16905/74143/12387/14479/74256/53610/21825/12759/268373/24105/19225/16452/15201/224619/15894"
"GOBP_REGULATION_OF_HEART_CONTRACTION",0.188164521544488,0.569247295825009,0.0366051247216999,0.47712578292821,1.21259961300497,151,"232975/16518/65973/11928/11539/67972/14387/18438/12289/109552/14873/14528/22627/21926/12315/15519/100986/20787/192176/12313/20193/20779/110891"
"GOBP_REGULATION_OF_RECEPTOR_CLUSTERING",0.187143483984204,0.569247295825009,0.047258457118424,-0.586808791404781,-1.25997127211603,17,"67943/19353/12928/12929"
"GOBP_REGULATION_OF_SYNAPSE_STRUCTURE_OR_ACTIVITY",0.188179669030733,0.569247295825009,0.070908526474039,-0.333005235250768,-1.10250966782694,263,"104156/18750/11350/22142/75415/217692/13631/12569/19277/11852/77097/140580/66610/269523/11651/65945/22343/330662/11843/217333/238130/22631/73178/12540/26416/99152/19353/56376/11845/14270/19280/210293/13845/17260/20430/68942/234664/16154/53328/259277/68404/228880/18015/18391/66725/22192/70237/11487/207683/13602/56212/13048/223870/19164/80913"
"GOBP_SYMBIONT_ENTRY_INTO_HOST",0.187975319271058,0.569247295825009,0.0371659974986293,0.490353872694364,1.22427481960734,122,"26362/13030/16852/13039/18186/17886/16402/12642/217069/16785/20612/16783/20778/16149/12215/19294/13858/16419/30954/71740/319236/233979/20779/100317/14456/16859/12534/77579/667823/230979/16790"
"GOBP_VESICLE_ORGANIZATION",0.187710437710438,0.569247295825009,0.0335508100250612,0.428064530064294,1.16806941554426,348,"17858/11816/24136/66335/23790/12306/53378/75608/74772/387524/66144/11966/216238/218035/226421/235567/94245/77573/73834/223593/20720/11303/11776/17101/68953/67844/11964/19294/104015/12752/13858/11774/20619/53612/11984/74732/53331/54198/216724/14533/338366/20909/73205/55943/11773/228960/208092/84092/330401/100317"
"GOBP_REGULATION_OF_NATURAL_KILLER_CELL_ACTIVATION",0.188403273550409,0.569464088118495,0.0414293848252216,0.596423076834121,1.28648344593478,33,"26362/14191/22121/22177/15040/246256/16169/16160/14456"
"GOBP_NEUROPEPTIDE_SIGNALING_PATHWAY",0.189090909090909,0.570904471149483,0.0496186107895771,-0.473540897662783,-1.21422320232524,42,"58861/20661"
"GOBP_RESPONSE_TO_NICOTINE",0.189184459222961,0.570904471149483,0.0414508753284105,0.600429066926665,1.28726194576765,31,"15368/12010/22329/17390/217124/17719/21926/14775"
"GOBP_NEGATIVE_REGULATION_OF_B_CELL_ACTIVATION",0.189359467973399,0.570972876881978,0.0414293848252216,0.60013875280373,1.28663954031902,31,"15951/226695/12053/22177/15902/21929/11920"
"GOBP_CELLULAR_RESPONSE_TO_RETINOIC_ACID",0.190184049079755,0.57100466540426,0.049792010581661,-0.468520232845481,-1.20841026501071,44,"23999/22612/12912/17096/20317/14366/22646/56637/20682/14369/20182"
"GOBP_CHEMICAL_SYNAPTIC_TRANSMISSION_POSTSYNAPTIC",0.18981077147016,0.57100466540426,0.0546498540116765,-0.400921785910259,-1.15917186315085,88,"11555/19211/17257/63959/11651/19055/17260/56637/228880/18436/66725/192170/13048/18439/20238"
"GOBP_ERYTHROCYTE_DEVELOPMENT",0.19002822201317,0.57100466540426,0.0486766874868098,-0.489330082632442,-1.21228265976642,35,"16923/105855/16969/21349/230257/19353/59003"
"GOBP_IRE1_MEDIATED_UNFOLDED_PROTEIN_RESPONSE",0.190741152904518,0.57100466540426,0.0471376665555693,-0.555643702939628,-1.25044800514673,21,"27362/22433/67878/110213/214424/12125/78943/67490/14828"
"GOBP_LYMPH_VESSEL_DEVELOPMENT",0.190716911764706,0.57100466540426,0.0479693468044241,-0.518015436648774,-1.2306160697935,28,"407831/20963/11481/18763/19056/56048/13836/320924"
"GOBP_NEGATIVE_REGULATION_OF_CYTOKINE_PRODUCTION_INVOLVED_IN_IMMUNE_RESPONSE",0.189952068169714,0.57100466540426,0.0416891763033315,0.615922473084409,1.28650604398928,26,"26362/14991/69550/12053/270151/15006/21926/18733"
"GOBP_POSITIVE_REGULATION_OF_ORGANIC_ACID_TRANSPORT",0.190333919156415,0.57100466540426,0.0414079229047718,0.60381964296561,1.2870607102099,30,"20496/14077/94245/18438/16176/17319/21934"
"GOBP_TAXIS",0.189649018441404,0.57100466540426,0.033136616625146,0.425243927270282,1.16548102772166,369,"93695/12977/16948/16854/12986/20496/68119/18186/28240/11820/12642/20293/66102/97165/19241/55985/14127/18438/22329/17390/227541/20085/18753/22121/76763/18717/54199/20305/20303/94176/12775/269608/18187/16149/17329/17101/18793/20302/170756/12215/74748/20304/16176/17524/15945/17319/21934/140497/18606/20354/13655/11501/16414/18787/12267/20308/15461/14276/232341/22340/20296/18810"
"GOBP_TETRAPYRROLE_BIOSYNTHETIC_PROCESS",0.190584529226461,0.57100466540426,0.0412797479600563,0.599229992916098,1.28469124686418,31,"12257/18174/68066/11983/18023/70118/11655/11656/14297"
"GOBP_MYELOID_LEUKOCYTE_CYTOKINE_PRODUCTION",0.191072310986658,0.571539522408614,0.0398362991887894,0.558683432015585,1.26835387754505,52,"26362/14991/15018/14127/230073/12053/16149/17164/270151/17319/56228/18733/68585/56722/56200"
"GOBP_TRANSCRIPTION_INITIATION_AT_RNA_POLYMERASE_II_PROMOTER",0.191896869244936,0.573548218444991,0.0615683355795463,-0.357201115597749,-1.1220395912783,165,"56275/328572/67674/12912/52463/19052/66213/230709/231868/93760/11909/72656/98403/21374/13557/70802/67773/23808/56458/21343/101861/229906/13982/234959/51792/30941/108098/18676/17283/22059/70885/217127/209011/68975/69920/327987/11811/21833/213464/27224/22378/11792/53892/99982/71902/23894/24074/70625/56771/20375/63856/18294/107951/67381/18600/218214/67089/21427/20933/239985/80509/28077/69882/381379/18130/56632/66464/13653/15289/68705"
"GOBP_LABYRINTHINE_LAYER_DEVELOPMENT",0.192869107441972,0.575899193226055,0.0487423816606491,-0.482166426247614,-1.21212228680278,38,"50785/26395/11651/12370/14784/56334/20732/12162/20733/26413/15205"
"GOBP_REGULATION_OF_DENDRITIC_SPINE_MORPHOGENESIS",0.192990764859105,0.575899193226055,0.0484486107620495,-0.485237462114471,-1.20918042491005,36,"217692/13631/12569/77097/66610/56376/66725/70237/13048"
"GOBP_CELL_AGGREGATION",0.193625325238508,0.576874180440325,0.0460862164815482,-0.593116084474731,-1.25823025088656,16,"26416/17002/20682/21833/18763"
"GOBP_POSITIVE_REGULATION_OF_OSTEOCLAST_DIFFERENTIATION",0.193519351935194,0.576874180440325,0.0415804222861655,0.625199390034091,1.2828566731972,23,"12977/22177/21934/21926"
"GOBP_ERYTHROSE_4_PHOSPHATE_PHOSPHOENOLPYRUVATE_FAMILY_AMINO_ACID_METABOLIC_PROCESS",0.194248608534323,0.576896818372933,0.0421990420359359,0.658377234977504,1.28583405360794,16,"11977/110391/70789"
"GOBP_NEGATIVE_REGULATION_OF_CELL_CYCLE",0.194033441597498,0.576896818372933,0.03290357014243,0.426527521064622,1.163682813047,347,"93695/327762/14991/15018/18148/104418/19241/330177/18854/12575/16319/227331/13555/26992/12053/12795/237886/68077/19360/93762/68953/75430/108989/22385/209200/80285/108000/11787/67941/70103/233726/20296/21926/66977/11920/22589/22040/18733/68729/50883/65964/235559/15370/56312/24010/76843/66468/19247/21781/21853/19645/15270/17245/12571/11789/56696/235041/12534/52276/66371/66077/18817/12387/381921"
"GOBP_POSITIVE_REGULATION_OF_SPROUTING_ANGIOGENESIS",0.193884334145801,0.576896818372933,0.0466040845253941,-0.574154293847874,-1.24735740293279,18,"21872/21817/17125"
"GOBP_PURINE_NUCLEOSIDE_METABOLIC_PROCESS",0.194239423942394,0.576896818372933,0.0414939423465147,0.624848051063809,1.28213575511928,23,"22436/11821/15452"
"GOBP_CELLULAR_RESPONSE_TO_PH",0.194530537830447,0.577276687085126,0.0417547808135487,0.644148169728814,1.29112935016718,19,"14744/52055"
"GOBP_CARBOHYDRATE_CATABOLIC_PROCESS",0.195719082260772,0.579427425208037,0.0357793259745138,0.474273440678706,1.20535047822403,151,"227659/16000/18746/17160/11820/14751/20185/14387/21991/12091/15251/17159/170768/18655/16889/22228/16828/14433/14667/18648/71755/11674/22040/13806/18010/56312/110095/20779"
"GOBP_MODULATION_BY_SYMBIONT_OF_ENTRY_INTO_HOST",0.195656044151682,0.579427425208037,0.0410683665294573,0.61390764101335,1.27570702455655,25,"16852/12642/217069/16149/12215/19294/319236/16859/667823"
"GOBP_POSITIVE_REGULATION_OF_DNA_BINDING",0.195478013174292,0.579427425208037,0.041089379907776,0.614194543315789,1.2763032107874,25,"16000/226695/59022/18793/14958/64383/19645/227737"
"GOBP_EPITHELIAL_CELL_MATURATION",0.196321737203634,0.58037723762907,0.0462857931634898,-0.57296953129845,-1.24478349143796,18,"21803/22433/19726"
"GOBP_NEGATIVE_REGULATION_OF_RELEASE_OF_CYTOCHROME_C_FROM_MITOCHONDRIA",0.196718322698268,0.58037723762907,0.0414939423465147,0.64249110513805,1.28780793309452,19,"16000/66494/12018/14775/12048/14297/16905/74143/12759/15234"
"GOBP_PARAXIAL_MESODERM_DEVELOPMENT",0.196796840719614,0.58037723762907,0.0459731894695299,-0.581013865041403,-1.24752864881381,17,"17127/17126/224143/234865"
"GOBP_POSITIVE_REGULATION_OF_POTASSIUM_ION_TRANSPORT",0.196814159292035,0.58037723762907,0.0407976722761687,0.606276147263343,1.27787056469949,28,"16518/11539/11933/16573/192176/53416"
"GOBP_REGULATION_OF_HUMORAL_IMMUNE_RESPONSE",0.196761274595159,0.58037723762907,0.0404302882705214,0.58770764209009,1.27242636774361,34,"19264/55985/12266/11801/12775/16176/21926/16365/14130"
"GOBP_MALE_SEX_DIFFERENTIATION",0.19749423013518,0.580436723866948,0.0571796738976665,-0.376283379999186,-1.13359732229294,122,"14766/53791/142980/56218/21812/20851/27057/12443/12402/14228/12488/81897/12929/263876/13982/73469/11480/107515/17129/22187/17684/20682/67561/16337"
"GOBP_POSITIVE_REGULATION_OF_INTRINSIC_APOPTOTIC_SIGNALING_PATHWAY",0.197608660526741,0.580436723866948,0.0386577899933456,0.544105224110061,1.25021286373215,57,"20115/14694/19941/17390/67991/58801/27050/50755/66437/276770/56208/72567/20655/56312/59004/17869/17974"
"GOBP_POSITIVE_REGULATION_OF_LAMELLIPODIUM_ASSEMBLY",0.197211603328086,0.580436723866948,0.046545782323203,-0.536450588848792,-1.22704858895795,23,"242687/14086/23999/18708/12540/19353/20430"
"GOBP_REGULATION_OF_TRIGLYCERIDE_METABOLIC_PROCESS",0.197439003287766,0.580436723866948,0.0402098897493978,0.581181584509244,1.26516579875558,36,"11816/12266/20778/20660/11813/11810/26457/11812/76483"
"GOBP_STEM_CELL_DIFFERENTIATION",0.197043045924375,0.580436723866948,0.0342692803320296,0.453083506552417,1.18808557011453,209,"19106/20115/24136/107932/23790/19264/18186/14268/19241/15251/244059/18187"
"GOBP_VENTRICULAR_CARDIAC_MUSCLE_CELL_ACTION_POTENTIAL",0.197869446962829,0.580747601579234,0.0466625806686436,-0.534116094786391,-1.23014170903654,24,"20648/70729/16480/109620/13383"
"GOBP_CELL_CHEMOTAXIS",0.198875973943032,0.581220605568316,0.033601852636898,0.443106834392779,1.17833350475711,251,"12977/16948/16854/12986/20496/18186/28240/11820/12642/20293/66102/97165/19241/55985/14127/18438/22329/17390/227541/20085/18753/22121/76763/18717/54199/20305/20303/12775/269608/16149/17329/17101/20302/170756/12215/74748/20304/16176/17524/15945/17319/21934/140497/13655/11501/16414/18787/12267/20308/14276/232341/22340/20296/18810"
"GOBP_DENDRITE_MORPHOGENESIS",0.198605114579874,0.581220605568316,0.0572305462580584,-0.373564841475881,-1.13223094166207,126,"19211/217692/13631/12569/77097/66610/93691/233489/18163/14366/19055/73178/12540/17258/99152/22629/54633/19353/56376/228662/210293/13845"
"GOBP_NEGATIVE_REGULATION_OF_MRNA_CATABOLIC_PROCESS",0.198369139093618,0.581220605568316,0.0379193221095002,0.527399247481223,1.23867420986785,70,"56489/229663/73158/18458/18173/230753/13555/11991/13164/17164/70439/11810/22608/74645/381633/233908/13211/56403/72826/56449/210106/230908"
"GOBP_OLIGODENDROCYTE_DEVELOPMENT",0.199116130616253,0.581220605568316,0.0485785891955028,-0.461879490816977,-1.19970454802869,45,"21803/72948/19211/17096/56386/108067/12805/14912"
"GOBP_REGULATION_OF_NATURAL_KILLER_CELL_MEDIATED_IMMUNITY",0.198853094956991,0.581220605568316,0.0394713881731683,0.562921213843218,1.25586541479983,45,"14964/14991/54725/15018/16768/16783/19294/15040/15006/14990/18733/71740/16160/17057/16859"
"GOBP_REGULATION_OF_SPINDLE_CHECKPOINT",0.19909338168631,0.581220605568316,0.041089379907776,0.62725696114658,1.27789181285152,22,"16319/75430/108989/66468/52276/20877/19134/268697/67052/11799/235661/52696/76464/74335/30949/17120"
"GOBP_RESPONSE_TO_DEXAMETHASONE",0.198666031443545,0.581220605568316,0.0478436678923893,-0.480673760014161,-1.20125574312932,37,"21803/14815/56484/20317/12151/74155"
"GOBP_RESPONSE_TO_MUSCLE_ACTIVITY",0.199538434226877,0.582000040064075,0.0405518094310786,0.607366361731217,1.26863449448435,26,"14268/16402/15251/66437/11565"
"GOBP_GLYCOLYTIC_PROCESS_THROUGH_GLUCOSE_6_PHOSPHATE",0.20039934652387,0.582875606588873,0.040963710830083,0.630389547259287,1.27705051286918,21,"18746/14751/21991/18655/18648/13806"
"GOBP_NEGATIVE_REGULATION_OF_KINASE_ACTIVITY",0.20108275328693,0.582875606588873,0.037330182403031,0.515114096440768,1.22452774889702,79,"11816/56417/23790/19264/18148/12575/78388/75296/68045"
"GOBP_NEGATIVE_REGULATION_OF_LIPID_TRANSPORT",0.201061946902655,0.582875606588873,0.0403096907892751,0.603000452457462,1.2709662621135,28,"11816/12257/11813/66437/384783/11812/18035/11305/19247"
"GOBP_NEGATIVE_REGULATION_OF_T_HELPER_17_TYPE_IMMUNE_RESPONSE",0.200334821428571,0.582875606588873,0.0415371244882371,0.662404547259511,1.28548585571982,15,"16852/12515/16453/16950/319817/230738"
"GOBP_PHARYNGEAL_SYSTEM_DEVELOPMENT",0.201025183864497,0.582875606588873,0.0458329302910375,-0.541468058375263,-1.22955989746596,22,"21812/230857/12162/15205/11477/19206"
"GOBP_PLASMA_MEMBRANE_REPAIR",0.200426060713652,0.582875606588873,0.0404504773231687,0.606978070034755,1.26782345147787,26,"12306/75608/17886/68953/208092/77579/66371/66395/229521/12369"
"GOBP_POSITIVE_REGULATION_OF_PROTEIN_LOCALIZATION",0.201070514312311,0.582875606588873,0.0315708415605313,0.41364794690517,1.14617241865782,441,"80885/11816/16854/18245/16000/24088/65973/74772/18751/14694/11502/11820/72446/11307/18148/226695/18854/14127/99237/15251/67041/18753/217124/12795/70790/67628/22177/13822/52822/268749/16971/108989/12215/16176/209200/20660/18536/80285/208643/16573/384783/66169/12752/11501/16409/66177/11545/17929/21454/59026/16414/22627/233726/66366/12631/15461/17698/12461/108686/192185/21926/14360/15519/19155/20742/28036/98170/19384/20909/192176/68585/13830"
"GOBP_REGULATION_OF_FIBROBLAST_GROWTH_FACTOR_RECEPTOR_SIGNALING_PATHWAY",0.200639204545455,0.582875606588873,0.0404302882705214,0.606023708047296,1.27019441501815,27,"80752/72043"
"GOBP_LOCOMOTORY_EXPLORATION_BEHAVIOR",0.201264880952381,0.582952684551409,0.0414293848252216,0.661352960260767,1.28344510853815,15,"11816/14824"
"GOBP_NEGATIVE_REGULATION_OF_RECEPTOR_MEDIATED_ENDOCYTOSIS",0.201531066405555,0.583272924237852,0.0403899870805855,0.609561829401103,1.26667637885227,25,"12306/53378/16976/12010/11813/11812/20239/68420/11305"
"GOBP_HEART_PROCESS",0.201763762693747,0.583495819889014,0.0342157870484692,0.457048252769826,1.18676711929931,188,"232975/16518/65973/11928/11539/67972/14387/18438/12289/109552/14873/14528/22627/70103/22340/21926/12315/14360/15519/100986/14775/22040/20787/192176/20655/12313/20193/20779/110891/227753/20266"
"GOBP_ALDITOL_METABOLIC_PROCESS",0.202411873840445,0.584119377667047,0.0412372486904686,0.652900425730233,1.27513765120955,16,"21991/14718/67078/20322/230027/67800/71883/14933"
"GOBP_CELLULAR_COMPONENT_MAINTENANCE",0.202758620689655,0.584119377667047,0.0512405630810422,-0.416375619742257,-1.16224644203823,70,"211401/21872/243743/16416/20661/50918/12978/11845/12217/16001/73750/228880"
"GOBP_CELL_JUNCTION_DISASSEMBLY",0.202540415704388,0.584119377667047,0.046545782323203,-0.507179959022511,-1.2111511469732,29,"13051/21812/18708/11845"
"GOBP_PROTEIN_POLYMERIZATION",0.202555608140085,0.584119377667047,0.0682683723194118,-0.332440347252168,-1.09679883370553,259,"72948/105855/11350/22142/13548/12721/223601/23999/22376/17257/18479/12569/11727/65256/76499/19053/68041/50918/68475/27360/17973/13430/76467/19052/14228/14784/12488/73178/237860/19684/19353/328580/22323/15511/101706/11845/193740/18754/207278/71956/20430/13589/15163/229589/277468"
"GOBP_RESPONSE_TO_GAMMA_RADIATION",0.202671503957784,0.584119377667047,0.0385500902673702,0.551402137393666,1.24886621097552,50,"19264/19941/18854/12575/15945/11810/11545/12018/15461/11920/14775/13057/22040/50883/65964/12048"
"GOBP_REGENERATION",0.202997086166227,0.584357203495407,0.0348573052682053,0.467872885070598,1.19390538373672,157,"20750/16000/54381/19221/14824/14580/12527/16004/12257/17390/12575/245944/72043/17711/17938/12633/326622/20054/22228/12018/12894/21926/14775"
"GOBP_GLIAL_CELL_MIGRATION",0.203514293207448,0.58522305888954,0.0497572002748371,-0.436980952217809,-1.17957718708609,57,"13051/14766/15212/321019/70839/328365/76893/12569/269951"
"GOBP_NEGATIVE_REGULATION_OF_LIPID_CATABOLIC_PROCESS",0.203848248320929,0.58522305888954,0.0405721536212484,0.628347683808719,1.2729140820256,21,"80885/11539/16176/20660/11812/21926"
"GOBP_PEROXISOME_ORGANIZATION",0.203876525484566,0.58522305888954,0.0472887835303581,-0.47777906054341,-1.20109285078043,38,"19299/72759/89867/18632/56535/19298/11666"
"GOBP_TYPE_B_PANCREATIC_CELL_DIFFERENTIATION",0.20392244261199,0.58522305888954,0.0454734777155712,-0.540384432418251,-1.22709921118912,22,"19726/11651/56637/319757/18607"
"GOBP_POSITIVE_REGULATION_OF_CHONDROCYTE_DIFFERENTIATION",0.204298692665633,0.585406345650452,0.0452829797226623,-0.568874744759589,-1.23588751633614,18,"17127/20682"
"GOBP_VIRAL_TRANSLATION",0.204154091958104,0.585406345650452,0.0400318212665025,0.604816847656806,1.26330920532979,26,"18245/229663/667373/13669/18521/66085/20823"
"GOBP_ACTIN_MEDIATED_CELL_CONTRACTION",0.205284863296166,0.587334097430558,0.0366208603945354,0.507232639004177,1.21701182771246,85,"24136/16518/11928/11539/19877/12289/109552/17904/71653/100986/192176/227753/20266"
"GOBP_HEMATOPOIETIC_STEM_CELL_DIFFERENTIATION",0.205217391304348,0.587334097430558,0.039452416158292,0.578421644904632,1.2551364068917,35,"19106/19241/244059"
"GOBP_CELL_PROLIFERATION_IN_FOREBRAIN",0.20608228980322,0.589118549416721,0.0399925220443327,0.610678216131026,1.26164598302291,24,"24136/18536"
"GOBP_MEMBRANE_DEPOLARIZATION_DURING_CARDIAC_MUSCLE_CELL_ACTION_POTENTIAL",0.206230643104391,0.589118549416721,0.0403899870805855,0.640167645575112,1.27516941206769,18,"16518/12289"
"GOBP_NUCLEOSIDE_DIPHOSPHATE_CATABOLIC_PROCESS",0.206380110828216,0.589118549416721,0.0360950011612582,0.497372727111319,1.20858362703085,97,"227659/16000/18746/11820/14751/20185/21991/15251/170768/18655/74167/16889/22228/16828/14433/18648/11674/22040/13806/56312/20779"
"GOBP_CHAPERONE_MEDIATED_PROTEIN_FOLDING",0.206699346405229,0.589132433708591,0.05035804219297,-0.416858440519728,-1.15866745624666,68,"110920/56351/76594/67035/12466/67099/22327/14228/81489/66917/15511/193740/19298/12468/99349/30931/18637/15482/12995/14227/56812"
"GOBP_REGULATION_OF_WOUND_HEALING",0.206681514476615,0.589132433708591,0.0358837993522971,0.494594129852606,1.21030155923879,102,"56644/11816/20496/12306/12527/18753/20720/18793/15442/18787/15461/21929/22340/21926"
"GOBP_REGULATION_OF_AMYLOID_PRECURSOR_PROTEIN_CATABOLIC_PROCESS",0.207225630538514,0.589288060135319,0.0387843992887662,0.566514266956454,1.25069827176286,41,"11816/212167/16000/11820/11307/19877/20660/56705/21926"
"GOBP_REGULATION_OF_CLATHRIN_DEPENDENT_ENDOCYTOSIS",0.207068516912402,0.589288060135319,0.0444123736809969,-0.586753752258505,-1.24473326594518,16,"140780/54609/73178/269336/13132/98366"
"GOBP_TYPE_B_PANCREATIC_CELL_DEVELOPMENT",0.20698864900957,0.589288060135319,0.0450678193903269,-0.553174274472441,-1.23175740720605,20,"19726/11651/56637/319757/18607"
"GOBP_POSITIVE_REGULATION_OF_LEUKOCYTE_DEGRANULATION",0.207434270172257,0.589434150572874,0.0401503101220417,0.621732192091933,1.26663636639155,22,"14991/14127/14191/16783/14389/16409/16414/15006/20909"
"GOBP_PROTEIN_COMPLEX_OLIGOMERIZATION",0.207773760330579,0.589504961180173,0.0329523110569487,0.443168303148345,1.17157357197,236,"246730/56045/23960/14991/16518/15018/28240/11820/71586/58800/12010/100038882/76763/67991/107476/16149/68953/14660/17319/16491/100900/20529/108037/20135/15452/11674"
"GOBP_RESPONSE_TO_KETONE",0.207767517653449,0.589504961180173,0.0339512894340968,0.460028028907616,1.18519204701912,173,"19219/20750/13058/19264/14751/73158/12091/12257/245944/217124/104111/14683/12775/107476/11991/12633/16889/22228/16409/11545/17698/50927/12315/17977/13057/20787/16365/12048/22215/84092/20393/20779"
"GOBP_INTERMEDIATE_FILAMENT_BASED_PROCESS",0.208126178638779,0.590058182706615,0.0388207651295308,0.567821521677744,1.24701382107288,39,"22352/13518/14580/18008/245944/59079/18810/20655"
"GOBP_CELL_CYCLE_PHASE_TRANSITION",0.208642963301703,0.591076210472248,0.030539518310929,0.407547511796604,1.13665139456186,498,"93695/327762/19264/75608/237459/18148/104418/20588/18008/19241/330177/68094/19186/12575/16319/217124/227331/13555/26992/72776/12795/237886/270627/68077/19360/68953/75430/108989/209200/19188/18557/80285/208643/108000/11787/67849/229841/11504/12450/69068/67941/13685/68612/15902/66923/20135/68193/20296/20586/12315/66977/12442/11920/22040/12580/12453/50883/65964/235559/64383/67155/11629/12313/77891/21335/24010/72584/76843/18647/66468/22195/19247/21781/21853/404710/116748/19645/17869/226026/57376/15270/12571/11789/11491/56696/235041/12534/12531/54194/52276/66371/116871/24075/18817/12567"
"GOBP_AMYLOID_BETA_METABOLIC_PROCESS",0.208933246073298,0.591295466966857,0.0377147373899938,0.542714165458849,1.23849794008994,54,"11816/212167/16000/11307/19877/16971/20660/21926/56208/68585"
"GOBP_MYELOID_DENDRITIC_CELL_DIFFERENTIATION",0.20903588413316,0.591295466966857,0.0441065180734917,-0.597751540663443,-1.24718884154118,15,"21803/22034/18129/16364"
"GOBP_APOPTOTIC_CELL_CLEARANCE",0.210869192525287,0.592867890624044,0.038532213432583,0.565752658172799,1.2424703134986,39,"26362/246746/12266/12268/20778/22177/16971/20296/56208/22040"
"GOBP_CD8_POSITIVE_ALPHA_BETA_T_CELL_ACTIVATION",0.211015412511333,0.592867890624044,0.0450411129911139,-0.525752661608161,-1.21087958965144,24,"74048/15216/105855"
"GOBP_FEMALE_GAMETE_GENERATION",0.210137630077207,0.592867890624044,0.0558515993199052,-0.368967916583587,-1.12299925264189,129,"15446/268903/15212/19211/328365/56484/11727/213541/57259/11651/22764/217716"
"GOBP_MEMBRANE_REPOLARIZATION_DURING_ACTION_POTENTIAL",0.210981098109811,0.592867890624044,0.0396048414388488,0.612515352518125,1.25683009282969,23,"16518/11928/22627/192176"
"GOBP_MUSCLE_CELL_CELLULAR_HOMEOSTASIS",0.210746051915048,0.592867890624044,0.0398168800491465,0.628173137053832,1.26703445306195,20,"16948/11732/14387/15251"
"GOBP_NEGATIVE_REGULATION_OF_SUPRAMOLECULAR_FIBER_ORGANIZATION",0.210101718695195,0.592867890624044,0.0571796738976665,-0.358372653517216,-1.11563437430989,150,"21872/242687/13548/12721/16456/223601/23999/22376/65256/76499/68041/50918/27360/22327/23991/14228/18708/20947/237860/19684/13609/50768/13589/224105"
"GOBP_REGULATION_OF_PROTEIN_CONTAINING_COMPLEX_ASSEMBLY",0.210333412154174,0.592867890624044,0.0310188345556625,0.416026649831899,1.14485113960416,394,"19106/19219/56644/11816/56489/16854/72042/56430/56193/14694/14580/16765/28006/19241/226695/55985/15944/20740/218035/108100/77573/100038882/69104/18753/22121/54126/12775/27050/11303/12332/13191/68077/329679/20660/231580/208643/207495/12018/12631/225115/17698/14469/66878/21926/74202/15519/11920/100986/20742/224008/67705/12343/56378/64383/73910/16784/67771/15078/277360/20779/59125/22153/18826/66468/105439/19247/14466/227753/19645/12345/226151/17974/108903/75991/235041/66148/19229/19230"
"GOBP_SERTOLI_CELL_DIFFERENTIATION",0.209955914768553,0.592867890624044,0.040170145042181,0.642135460471307,1.26496507301242,17,"94246/224902/319448/22589/192176/238247"
"GOBP_SKELETAL_MUSCLE_TISSUE_REGENERATION",0.21041702716733,0.592867890624044,0.0387843992887662,0.572099908031658,1.24539602837563,36,"16000/19221/12527/17938/12633/14775"
"GOBP_POSITIVE_REGULATION_OF_CELL_JUNCTION_ASSEMBLY",0.21143190434529,0.59289074223393,0.0516208105781906,-0.395550702946704,-1.14126955560003,87,"18750/11350/17127/13631/110829/65945/19353/13845"
"GOBP_POSITIVE_REGULATION_OF_INTERLEUKIN_10_PRODUCTION",0.211213651401706,0.59289074223393,0.0388389802276081,0.580742181006908,1.25265978336589,33,"56644/12522/60533/14127/100038882/15510"
"GOBP_POSITIVE_REGULATION_OF_NEUROGENESIS",0.211498111624003,0.59289074223393,0.062655195332066,-0.342482727132394,-1.0994218481186,206,"13051/21817/104156/21803/433759/19317/13631/23999/17257/16195/18479/26395/21938/18222/17096/20317/56381/14366/99152"
"GOBP_DNA_CATABOLIC_PROCESS",0.211985688729875,0.593813424035553,0.0393579006834084,0.607595444448578,1.25527705351634,24,"245944/57444/11783/50755/22040/192119/69537/12028/13421/227656"
"GOBP_AMELOGENESIS",0.213355654761905,0.595999626158603,0.0400909544457783,0.651234339842183,1.2638085533827,15,"80752/12986"
"GOBP_CELLULAR_RESPONSE_TO_CAMP",0.213110788582487,0.595999626158603,0.0464297553536565,-0.464992493064992,-1.18738816690602,41,"30955/13631/212937/238871/107746/14555/109905/382056/207728/70461/99982/74343/13829/215449"
"GOBP_CORPUS_CALLOSUM_DEVELOPMENT",0.213953488372093,0.595999626158603,0.0391519644289041,0.60623870171415,1.25247405682239,24,"24136/23790/18080/14790"
"GOBP_G0_TO_G1_TRANSITION",0.213955083147608,0.595999626158603,0.0382139433709702,0.563749856308979,1.23807188633495,39,"14991/15018/20588/68094/26992/70103/66923/20586/67155"
"GOBP_MYOBLAST_FUSION",0.213041993854558,0.595999626158603,0.0382139433709702,0.565126664949882,1.24428334317129,40,"19221/17886/20293/12527/94176/17329/12633/15945"
"GOBP_POSITIVE_REGULATION_OF_ENDOTHELIAL_CELL_MIGRATION",0.213726670680313,0.595999626158603,0.0522057901504851,-0.386518916147526,-1.13263183034041,98,"30955/21803/18750/11350/14388/16416/23871/11852/20683/11651/23991/26416/18591/19353/19141"
"GOBP_PROTEIN_TRIMERIZATION",0.214038286235187,0.595999626158603,0.0395665955216664,0.630729301025499,1.26423259559566,19,"14991/15018/11820/16149/17319"
"GOBP_REGULATION_OF_MACROPHAGE_CHEMOTAXIS",0.213423295454545,0.595999626158603,0.0390407757771305,0.598139336399737,1.25366917895944,27,"12977/74748/20304/17319/12267/20296/63873"
"GOBP_REGULATION_OF_BINDING",0.214336509742569,0.596386962520525,0.0342558882216024,0.47537092127169,1.19453683751591,131,"15958/16000/14694/338320/16765/18008/19877/226695/667373/59022/16976/13555/18793/209200/67025/80285/208643/14958/16341/107182/193385/22284/19384/233532/64383/224647/19645/227737/12051/320209/56347/11490/14339/14797/208266/15925/57441/211286/16401/18193/170822"
"GOBP_HIPPO_SIGNALING",0.215424164524422,0.598524661703137,0.0477188632185394,-0.438971800001688,-1.17436941667907,54,"19070/105171/50523/269523/232334/19052/232157/94186/26416/66641/51792/83997/234734"
"GOBP_NEGATIVE_REGULATION_OF_NUCLEOCYTOPLASMIC_TRANSPORT",0.215398230088496,0.598524661703137,0.0387662484583825,0.593677586821379,1.25131611485177,28,"20684/108989/18035/72826/16543/13663/22166"
"GOBP_ASYMMETRIC_CELL_DIVISION",0.216042543762464,0.599354148054563,0.0439056492517661,-0.562434885383339,-1.22189684108928,18,"104156/19325"
"GOBP_NEPHRON_EPITHELIUM_DEVELOPMENT",0.216040024257126,0.599354148054563,0.0353976826103326,0.49858106471144,1.2025838097879,90,"20846/71602/114249"
"GOBP_DOLICHOL_LINKED_OLIGOSACCHARIDE_BIOSYNTHETIC_PROCESS",0.217449365679947,0.600147439299293,0.0438558043137023,-0.542415574712122,-1.22067877269363,21,"56737/102580/208211/207958/380959/57170/66789/208624/67422/227697/328370"
"GOBP_METENCEPHALON_DEVELOPMENT",0.21733895243829,0.600147439299293,0.0517363831268346,-0.385757688453776,-1.1304011744008,98,"11350/22142/17257/18479/26395/12569/98985/99683/14366/11909/12928/19280/12929/67453/73750/12846/22059/12805/68703/246179/319757/78286/234734/213827/19164"
"GOBP_MITOCHONDRIAL_RIBOSOME_ASSEMBLY",0.216825672159584,0.600147439299293,0.0432929962094138,-0.582630547190789,-1.23598634189,16,"69821/52535/83485/75619/72831/234384/71986/66410/56412/68017/52856"
"GOBP_POSITIVE_REGULATION_OF_DEVELOPMENTAL_GROWTH",0.217230594256469,0.600147439299293,0.0339775191948361,0.474321531406602,1.19101068894668,130,"12977/16000/18186/14268/320790/52822/71175/17938/20354/20403/71653/11546/16885/54214/18712"
"GOBP_REGULATION_OF_LIPID_METABOLIC_PROCESS",0.217221381744831,0.600147439299293,0.0316261823222395,0.432028593532077,1.15510228129618,268,"16592/80885/11816/67963/19156/11307/11928/672511/11539/12642/20185/12266/14077/59022/12257/18753/20778/16149/67815/18655/73212/16176/20660/11813/11810/26457/384783/11812/76483/72674/15902/20280/12894/21926/22040/18023/20787/64383/66887/218461/18590/15559/57875/212980/20716/11305/53357"
"GOBP_REGULATION_OF_POSTSYNAPSE_ASSEMBLY",0.217223028543783,0.600147439299293,0.0459450469803058,-0.463384975412393,-1.18328326743505,41,"75415/140580/330662/217333/238130/19353/210293/234664/18391/22192/56212/223870/80913/14674/212139/170758"
"GOBP_RESPONSE_TO_COLD",0.216952336229162,0.600147439299293,0.0452289365362808,-0.482669457734319,-1.18983975377176,34,"11555/72759/13666/100037258/56458/11364/12696/21833/11554/66355/20544"
"GOBP_ENDOPLASMIC_RETICULUM_TUBULAR_NETWORK_ORGANIZATION",0.218408736349454,0.600583964664529,0.0437813130319179,-0.533519357607178,-1.21151007245741,22,"104001/19325/20168/67878/109168"
"GOBP_NEGATIVE_REGULATION_OF_PROTEIN_LOCALIZATION",0.218342956895394,0.600583964664529,0.0327463270264009,0.451912362744794,1.1705983407082,184,"58185/11816/20684/216440/217344/11820/218490/67397/55988/16176/17938/22228/18035/232341/54198/56228/193385/233977/68420/52055/20787/218461/12048/224647/11773/16160/59004/17846/19247/72826"
"GOBP_NEUTRAL_AMINO_ACID_TRANSPORT",0.218005952380952,0.600583964664529,0.0464876729628047,-0.451710431464151,-1.17839356886569,46,"19735/26943/50934/67760/83429/20512"
"GOBP_POSITIVE_REGULATION_OF_LOCOMOTION",0.217824047591809,0.600583964664529,0.0297542703547708,0.405363100994343,1.13037348397468,496,"93695/16411/12977/56644/16854/16000/14538/19264/53378/18186/14268/14824/16402/14694/11502/11820/20293/66102/14751/19241/55985/15368/13036/15251/18438/17390/67500/227541/14191/76763/54126/20778/20305/12053/20303/12775/18187/16149/75296/52822/70097/20302/71175/12215/20304/11980/23797/16176/15945/70834/18606/20354/11504/384783/11501/11947/18787/17123/12267/20308/12631/71653/15461/232341/22340/20296/18648/21926/11920/193385/63873/17387/11465/338366/20909/192176/68585/11629/18590/26921/26409/19243/103742/277360/20779"
"GOBP_REGULATION_OF_SMALL_MOLECULE_METABOLIC_PROCESS",0.218390804597701,0.600583964664529,0.0313516935231715,0.42897391486933,1.15163523428353,284,"16592/11816/227659/16000/56193/11820/11307/12642/20185/19241/14077/210808/15251/12257/58801/19386/16149/67815/18655/73212/16176/11813/66437/384783/12752/11812/76483/11545/72674/12894/11983/21926/22040/13806/18023/245847/20787/64383/66887/56312/57875/212980/20779/11305"
"GOBP_LIPID_IMPORT_INTO_CELL",0.218960802187785,0.601660620674353,0.039059251943962,0.62703283183125,1.25682339986559,19,"107508/14077/16889/26457/384783"
"GOBP_POSITIVE_REGULATION_OF_T_CELL_RECEPTOR_SIGNALING_PATHWAY",0.219294990723562,0.602137454382352,0.0394145411934656,0.64009186376513,1.25012207612965,16,"12775/27050/19294/16889"
"GOBP_GLYCOSYL_COMPOUND_METABOLIC_PROCESS",0.219906285344967,0.602491781778462,0.0363555960049805,0.531250551297742,1.22067615539542,57,"22436/11605/11821/58810/71665/15452/21877/14466/11677"
"GOBP_INTERMEMBRANE_LIPID_TRANSFER",0.21963598179909,0.602491781778462,0.038091938319143,0.579498857549047,1.24238959775381,31,"66494/237542/71795/56356/75089/20280/18738/66390/18739/18830/229227/19679"
"GOBP_VENTRICULAR_CARDIAC_MUSCLE_TISSUE_DEVELOPMENT",0.219877300613497,0.602491781778462,0.0460013775372782,-0.456917603350259,-1.17848469168384,44,"21803/13805/21812/230709/63958/68927/109620"
"GOBP_POSITIVE_REGULATION_OF_B_CELL_PROLIFERATION",0.22007722007722,0.602519664608781,0.0455557680590726,-0.465789264232584,-1.18329851523559,40,"105855/321019/74131/21898/117149/81897/67245/12229/227059/12151/17260"
"GOBP_ANTIGEN_PROCESSING_AND_PRESENTATION_OF_PEPTIDE_OR_POLYSACCHARIDE_ANTIGEN_VIA_MHC_CLASS_II",0.220884955752212,0.602812100385214,0.0382139433709702,0.589684968003117,1.24290072512061,28,"13033/13039/14127/12010/16149/65972/13040/13034"
"GOBP_MYELOID_DENDRITIC_CELL_ACTIVATION",0.220988213961922,0.602812100385214,0.0439056492517661,-0.521805382794856,-1.20178847190973,24,"21803/171285/22034/18129/16364/27218/99138"
"GOBP_REGULATION_OF_FATTY_ACID_TRANSPORT",0.220841469909462,0.602812100385214,0.0382841005834183,0.594036017711262,1.24079078216736,26,"107508/14077/18438/16176/66437/17319/21934/384783"
"GOBP_REGULATION_OF_MACROAUTOPHAGY",0.220733149389042,0.602812100385214,0.0592614910050427,-0.346803410169943,-1.09991259307554,185,"11555/72512/18718/140742/64143/29810/170625/12569/54396/237782/18145/11651/66839/108083/102058/14679/75669/54609/114143/100502698/18475/225131/56085/20333/69091/225020/78246/11793/320717/81601"
"GOBP_REGULATION_OF_VESICLE_MEDIATED_TRANSPORT",0.220865960386918,0.602812100385214,0.0296198107194884,0.406148120935092,1.12966194637824,472,"12483/56644/11816/26362/16854/246746/14991/24088/12306/19264/53378/18186/74772/387524/18751/14694/11820/67023/16186/19877/12266/14127/235567/12512/94245/225164/16976/12010/227541/12268/14191/18173/16783/20778/171580/94176/12775/55988/68953/16971/54189/20660/11813/14389/227333/12752/16409/11812/16414/18787/378460/17698/15006/20296/19063/12523/12315/54198/13057/216724/20239/18733/68420/11465/20909/56378/16169/80838/73205/20655/233979/11773/208092/20911/20779/11305/14130/19354/17846/12475/14456"
"GOBP_MONOSACCHARIDE_CATABOLIC_PROCESS",0.221723220226214,0.603937957418496,0.0367950597595443,0.545184242303577,1.22629976457232,47,"18746/14751/21991/12091/18655/16828/18648/71755/13806"
"GOBP_NEGATIVE_REGULATION_OF_HEMOPOIESIS",0.221706586826347,0.603937957418496,0.0346082200691802,0.489841325706858,1.19184310388214,98,"14190/14991/16852/15018/330177/16768/12053/16149/20302/12515/15902/229473/18733/12262/15526/14130/17869/12571/12400"
"GOBP_REGULATION_OF_SYSTEMIC_ARTERIAL_BLOOD_PRESSURE_BY_RENIN_ANGIOTENSIN",0.221962196219622,0.604149826747381,0.0384787074328044,0.604921905153934,1.24124897618274,23,"64138"
"GOBP_MEMBRANE_RAFT_ORGANIZATION",0.222301136363636,0.604633279456393,0.0381441068234305,0.592681754519509,1.24223036900577,27,"76438/12306/19264/94176/29875/12752/19063"
"GOBP_REGULATION_OF_UBIQUITIN_PROTEIN_TRANSFERASE_ACTIVITY",0.222716752714972,0.605324430149178,0.0381615360374572,0.597085195905835,1.24074979327263,25,"20115/65019/16898/100503670/209200/67025/68612"
"GOBP_PEPTIDYL_AMINO_ACID_MODIFICATION",0.223135271807838,0.606022462852013,0.0754749124038461,-0.315741577126755,-1.07380787842516,382,"320664/21803/18750/215653/19211/11350/239667/13548/328365/22022/242248/59126/231915/75965/21812/19108/12569/54396/66867/328572/20963/14426/66610/17096/11651/50995/11863/210530/12978/18591/11909/58184/98403/18754/12229/99349/81601/74155/229615/16001/208884/237107/73251/106021/56469/19697/56637/18983/66083/217127/54473/224143/67742/224454/73242/18822/72183/72050/16173/14423/26413/12322/76223/107817/18763/18760/223870/57437/270086/68304/15205"
"GOBP_ADENYLATE_CYCLASE_INHIBITING_G_PROTEIN_COUPLED_RECEPTOR_SIGNALING_PATHWAY",0.225263852242744,0.606135799657693,0.0362784722078344,0.537508714066756,1.21739910961503,50,"19219/19156/11820/11539"
"GOBP_AMYLOID_BETA_FORMATION",0.226986557767568,0.606135799657693,0.0367791390199934,0.553256961298473,1.22380439726455,42,"11816/212167/16000/11307/19877"
"GOBP_CALCIUM_ION_IMPORT_ACROSS_PLASMA_MEMBRANE",0.226461323066153,0.606135799657693,0.0374295602878443,0.575381607055071,1.23356261023101,31,"28240/12286/12289/14360/63873/110891"
"GOBP_DEVELOPMENTAL_GROWTH_INVOLVED_IN_MORPHOGENESIS",0.224661495990535,0.606135799657693,0.0317823370906005,0.444585562788837,1.16226822580754,205,"12977/11816/24136/20750/18186/14268/11820/18187/52822/18080/70834/29875/20354/20403/12631/71653/66225/16885/54214/22284/68585/73205"
"GOBP_EMBRYONIC_HEART_TUBE_MORPHOGENESIS",0.225492705400563,0.606135799657693,0.0464297553536565,-0.43578019934007,-1.16452251901054,53,"13805/17127/65256/18129/17260/56334/76779/17684/319757/19164/15205/24069/11477/277939/71492"
"GOBP_FEAR_RESPONSE",0.225878704341833,0.606135799657693,0.0371496772766645,0.560851703374373,1.22569753676986,37,"11816/208643/218461/74018/19085/22333"
"GOBP_GLYCOSYLCERAMIDE_METABOLIC_PROCESS",0.223562152133581,0.606135799657693,0.0389854791151017,0.637248929611226,1.24456972505636,16,"11605/18753/14420"
"GOBP_G_PROTEIN_COUPLED_ACETYLCHOLINE_RECEPTOR_SIGNALING_PATHWAY",0.225537516454585,0.606135799657693,0.0426325766329192,-0.567603796369345,-1.21873511072886,17,"14676/110355/12569"
"GOBP_IMPORT_ACROSS_PLASMA_MEMBRANE",0.226307756347995,0.606135799657693,0.032686317971351,0.457856128796995,1.16834489578319,157,"232975/20496/16518/28240/11928/14580/65221/12286/21366/234967/11933/12289/26457/384783/213053/21926/14360/72027/63873/57738/18000/105727"
"GOBP_INTERLEUKIN_17_PRODUCTION",0.227048602958441,0.606135799657693,0.0441065180734917,-0.484650222426351,-1.17931988220828,32,"74048/21803/105855/21898/17874/12229/80385/13198"
"GOBP_INTRACELLULAR_GLUCOSE_HOMEOSTASIS",0.225687458081824,0.606135799657693,0.0537293718609854,-0.366543393188001,-1.11376466416104,128,"21803/17127/22433/63959/20677/22278/56484/14629/76303/93691/11514/107723/20317/18708/19353/18754/17425/20912/241296/56458/81601/16001/20462"
"GOBP_KETONE_METABOLIC_PROCESS",0.227576791808874,0.606135799657693,0.0322617382382484,0.453945721418042,1.16735844641886,171,"16592/72054/20185/21991/14077/67041/16149/18655/16176/20602/58810/11813/384783/11812/27973/20280/12894/22040/18023/68165/20787/70789/64383/66887/57875/66609/212980/226856/11677/110524/15108/67885/236900/11363"
"GOBP_LIPOPROTEIN_METABOLIC_PROCESS",0.225555728276076,0.606135799657693,0.0350257838006445,0.505152597593323,1.19754106429984,77,"11816/13033/11820/15944/11303/11813/16889/11810/13167/11812/108078/19063/11920"
"GOBP_MULTICELLULAR_ORGANISMAL_MOVEMENT",0.227866953499917,0.606135799657693,0.0361102035801001,0.540263370180979,1.21874932180946,48,"16518/14387/15258/245944/227331/14790/14873/21926/15519"
"GOBP_NEGATIVE_REGULATION_OF_CANONICAL_WNT_SIGNALING_PATHWAY",0.22420506164828,0.606135799657693,0.0529732526440329,-0.370671370716848,-1.11190100725872,118,"433759/621976/21887/100201/56484/19277/23802/50523/21888/100503386/19052/13726/26416/93687/56458/68889/56637/269424/16008/13198/213326/20439"
"GOBP_NEGATIVE_REGULATION_OF_CHROMOSOME_SEGREGATION",0.224769129287599,0.606135799657693,0.0363246982246538,0.538356802100547,1.21931993729688,50,"16319/75430/108989/108000/66977/11920/24010/66468/11789/52276/18817/20877/19134/231600/67629/268697/67052/71890/12236/11799/235661/52696/76464/67141/74335/70385/30949/208628/17120"
"GOBP_NEGATIVE_REGULATION_OF_FATTY_ACID_BIOSYNTHETIC_PROCESS",0.225537516454585,0.606135799657693,0.0426325766329192,-0.567342451482604,-1.21817396192838,17,"226144/26365/320808/207952"
"GOBP_NEGATIVE_REGULATION_OF_NATURAL_KILLER_CELL_MEDIATED_IMMUNITY",0.226344754127463,0.606135799657693,0.037748643821725,0.590375339258914,1.23314455206561,26,"14964/14991/15018/19294/15040/15006/14990/18733/71740"
"GOBP_NEGATIVE_REGULATION_OF_PLATELET_ACTIVATION",0.224650991917708,0.606135799657693,0.0386577899933456,0.632104477159928,1.24520468861074,17,"11816/12527/18753/20720"
"GOBP_NEUROINFLAMMATORY_RESPONSE",0.227861939715758,0.606135799657693,0.0349132468253096,0.507619323953668,1.19740896111295,73,"13011/24136/16000/19264/14824/11820/245944/243272/22177/16971/20302/16176/16409/16414/21926/21897/27419/11629/56312"
"GOBP_POSITIVE_REGULATION_OF_HEMOPOIESIS",0.227671232876712,0.606135799657693,0.0323199357051206,0.453676433556523,1.16566008324581,168,"12977/26362/16854/14744/14991/16852/19264/15018/20588/12522/16186/68094/26992/12053/22177/16149/11776/80859/21934/13655/11501/15902/11774/66923/20586/21926/216984/243910/18733/17387/16169/67155/19766/16160/14456/630146/16184/16859/19645/57376/12400"
"GOBP_REGULATION_OF_CATECHOLAMINE_SECRETION",0.227687513910527,0.606135799657693,0.0427485909911673,-0.537163893272303,-1.20886012965792,21,"11542/110355/54393"
"GOBP_REGULATION_OF_RELEASE_OF_SEQUESTERED_CALCIUM_ION_INTO_CYTOSOL",0.225477022305832,0.606135799657693,0.0476877974326015,-0.418484497617591,-1.15071797018508,64,"21803/11350/12314/12721/16416/17096/238871/18754/11793"
"GOBP_REGULATION_OF_TRANSMEMBRANE_TRANSPORT",0.22517363226514,0.606135799657693,0.0303061084510599,0.420474586908776,1.14143013227725,327,"16592/18301/18605/18245/16000/18611/16518/65973/18751/11820/19241/12266/18854/12512/18438/320790/75909/11933/17329/50932/12289/13040/109552/16176/237542/15945/14873/22228/384783/22627/12018/232341/21926/12315/14360/12856/27060/13057/18712/13367/228071/192176/18000/13830/12313"
"GOBP_REGULATORY_NCRNA_MEDIATED_GENE_SILENCING",0.227105688666765,0.606135799657693,0.0337560952568549,0.481229519618255,1.18507589349934,108,"229003/56417/98999/18458/17454/13435/67673/208643/214290"
"GOBP_RESPONSE_TO_STEROL",0.226544622425629,0.606135799657693,0.0435353717179313,-0.505686522150672,-1.19514745872918,27,"12774/21803/68526/21812/17126"
"GOBP_RIBOSOMAL_LARGE_SUBUNIT_BIOGENESIS",0.227301688435808,0.606135799657693,0.0353687346758131,0.515963954923015,1.20145288769244,65,"66489/18148/19941/19989/100503670/67115/68077/59050/66596/57808/67025/27176/100019/68193"
"GOBP_SEMAPHORIN_PLEXIN_SIGNALING_PATHWAY",0.226516634050881,0.606135799657693,0.0451750626902471,-0.456196119196287,-1.17104509212619,43,"20352/243743/214968"
"GOBP_SPHINGOLIPID_METABOLIC_PROCESS",0.224630202958376,0.606135799657693,0.0546050400863614,-0.36174397187943,-1.11023062067594,139,"242083/15212/26889/192654/56442/57874/76893/20448/76303/20454/68059/57370/22234/30960/106529/67630/81535/16795/56386/75292/227102/20444/70750/56375/223753/17250/18436/20598"
"GOBP_MODULATION_OF_PROCESS_OF_ANOTHER_ORGANISM",0.228809772084016,0.608212075014817,0.033872889366735,0.484140473590868,1.18249208593519,101,"11816/66141/80287/20293/216238/16004/217069/20303/15451/16149/20302/20304/224020/17069/14104/67241/13627/12631/20586/54198/80876/319236/13830"
"GOBP_MUSCLE_CELL_DIFFERENTIATION",0.229452054794521,0.608693710172595,0.0705397288527552,-0.318727962057088,-1.07523211560223,334,"74376/19735/21803/433759/19317/12508/407831/13805/231633/18021/22433/17257/433693/18479/18018/19205/77578/65256/20661/11938/11651/109711/330662/17125/327826/19055/18129/67220/230709/17258/26416/18591/20481/16002/56376/16795"
"GOBP_NEGATIVE_REGULATION_OF_PROTEIN_MODIFICATION_PROCESS",0.229802988232183,0.608693710172595,0.0314608277104382,0.443654903755948,1.15722758071058,200,"20115/11816/56417/23790/19264/547253/72446/18148/65019/80985/12257/12575/100038882/78388/100503670/225896/27050/75296/270627/209743/209200/67025/68045/13167/14232/66915/21929/232341/14360/671535/15259/64383/97998/73205"
"GOBP_PLASMA_MEMBRANE_PHOSPHOLIPID_SCRAMBLING",0.229601087941976,0.608693710172595,0.0429830944553198,-0.517713575358071,-1.19236448517264,24,"26943/70310/105722/22334/18439"
"GOBP_POSITIVE_REGULATION_OF_VIRAL_GENOME_REPLICATION",0.229203539823009,0.608693710172595,0.0374129517205865,0.582728101497365,1.22823748136548,28,"56417/73158/667373/18458/21973/20304"
"GOBP_REGULATION_OF_EPITHELIAL_CELL_APOPTOTIC_PROCESS",0.229771252987368,0.608693710172595,0.0365894056867201,0.554847026742926,1.2216498640098,40,"56417/15368/12633/56312/59004/227753/19645/12380/16452/12028/64010/232286"
"GOBP_GLYCOLIPID_CATABOLIC_PROCESS",0.230161645848641,0.60878323827855,0.0381266974919746,0.629014677780741,1.23911798488873,17,"11605/12091/15211/18753/14420/14667/71665/18010/14466"
"GOBP_REGULATION_OF_HORMONE_SECRETION",0.230090860502405,0.60878323827855,0.0316372773870905,0.445812795537483,1.15759323857046,188,"80885/20750/18751/11539/15251/12257/320790/67041/14683/170756/20304/109552/16176/22228/384783/13722/12894/192185/21926/27060/67267/52055/20787/20909/218461"
"GOBP_NEGATIVE_REGULATION_OF_INTRACELLULAR_TRANSPORT",0.23070580474934,0.609792211707001,0.0357793259745138,0.53521318754269,1.2121999902829,50,"20684/216440/55988/108989/18035/54198/56228/11305/72826/12955/16543"
"GOBP_ASSOCIATIVE_LEARNING",0.232590145884944,0.610052631603096,0.0475025276276735,-0.405591372124694,-1.13647828991967,71,"11350/22142/26889/17257/12912/19141/12227/18574/83429/53328/56469/12846/18015"
"GOBP_CELL_VOLUME_HOMEOSTASIS",0.232761638081904,0.610052631603096,0.0368429241819018,0.570383639024179,1.22284744934571,31,"20496/18148/83704/12752/16531/232341/63873"
"GOBP_CERAMIDE_CATABOLIC_PROCESS",0.233395176252319,0.610052631603096,0.0380399476968455,0.630570284607798,1.23152609486818,16,"11605/12091/15211/18753/14420/14667/66190/18010/14466"
"GOBP_EXPLORATION_BEHAVIOR",0.232161687170475,0.610052631603096,0.0369874447764411,0.574709444704142,1.22501139981526,30,"11816/14824"
"GOBP_GLUCOSE_CATABOLIC_PROCESS",0.232735664832239,0.610052631603096,0.0371496772766645,0.586245118878768,1.22451756780336,26,"18746/14751/21991/18655/16828/18648/13806/18640/18641"
"GOBP_HEMATOPOIETIC_STEM_CELL_HOMEOSTASIS",0.233000906618314,0.610052631603096,0.0426325766329192,-0.51607067618331,-1.18858066585257,24,"14766/68095/245607/20677"
"GOBP_NEGATIVE_REGULATION_OF_LYMPHOCYTE_APOPTOTIC_PROCESS",0.233675779209472,0.610052631603096,0.0366523817770395,0.564000032536128,1.22109780681942,34,"15251/18566/12053/16149/20304/17319/384783/12051/20442/16453/20877"
"GOBP_NEGATIVE_REGULATION_OF_STEM_CELL_POPULATION_MAINTENANCE",0.233029156465613,0.610052631603096,0.0421990420359359,-0.534733698198448,-1.2033910987553,21,"433759/52463/68036/19646/12162/26356"
"GOBP_POSITIVE_REGULATION_OF_CHOLESTEROL_METABOLIC_PROCESS",0.233011477500455,0.610052631603096,0.0376809066731631,0.622226722236627,1.23943234096824,18,"11816/11307"
"GOBP_POSITIVE_REGULATION_OF_CHROMOSOME_SEGREGATION",0.232369534555712,0.610052631603096,0.0370359303299504,0.577040794556845,1.22379609463976,29,"16319/70099/14211/67241/56208/68298/54392/64383/66468/226026/12534/52276/20877/76044/268697/78658/51810/11799"
"GOBP_PURINE_NUCLEOBASE_METABOLIC_PROCESS",0.231722880583409,0.610052631603096,0.0378166850142061,0.618966627369128,1.24065551518484,19,"22436/11821/15452/22139"
"GOBP_REGULATION_OF_AUTOPHAGY_OF_MITOCHONDRION",0.233734145939713,0.610052631603096,0.0354848730992511,0.531712613497057,1.20712324085851,52,"74772/320528/15944/12257/66169/59026/14232/11983/11739/20787/14466/12176/15194/22333/15277/14367/12539/72344/12177/11740"
"GOBP_REGULATION_OF_CAMP_PKA_SIGNAL_TRANSDUCTION",0.23365511189118,0.610052631603096,0.0417986650035886,-0.564173775019493,-1.21137031247283,17,"11555"
"GOBP_REGULATION_OF_NUCLEOTIDE_METABOLIC_PROCESS",0.233317851060536,0.610052631603096,0.0342558882216024,0.497298332369145,1.18252209447074,80,"227659/16000/11820/20185/19241/210808/15251/12257/66437/11545/11983/22040/13806/56312/20779/107029/14913"
"GOBP_REGULATION_OF_PLASMA_MEMBRANE_ORGANIZATION",0.232328869047619,0.610052631603096,0.0381964542715156,0.637236250187977,1.23664336206264,15,"12306/17886/11982/13196/227753/66395/12369/54673"
"GOBP_RESPONSE_TO_ZINC_ION",0.231664315937941,0.610052631603096,0.0371008228654284,0.577807060961658,1.22542120302466,29,"74772/12257/18438/22329/11545/17748/12925/17750/11898"
"GOBP_STEROID_HORMONE_RECEPTOR_SIGNALING_PATHWAY",0.23277283217936,0.610052631603096,0.0523648460142054,-0.368187044346274,-1.10920617215353,122,"433759/14815/328365/16969/65112/18479/72068/328572/101206/27057/14228/19060/94186/22629/58184/74155/13982/56736/54608/26381/381022/20181/77889/15468/22378/21416/99982/20182/24074/13207/12952/66663/13132/16798/228545/108655/67490/11848/71732/320795/234594"
"GOBP_TOLL_LIKE_RECEPTOR_SIGNALING_PATHWAY",0.233489096573209,0.610052631603096,0.0343633779743859,0.502267041103541,1.18931444148848,76,"54123/246746/24088/11820/60533/22031/13040/17164/15510/80859/11796/22627/11774/57783/21897/327957/266632/76457/26409"
"GOBP_NEGATIVE_REGULATION_OF_POST_TRANSLATIONAL_PROTEIN_MODIFICATION",0.234458530624714,0.611517448003776,0.0338859260319688,0.494519124523097,1.18509815804256,84,"20115/65019/80985/12257/100038882/100503670/225896/27050/270627/209743/209200/67025/66915/21929/232341/14360/671535"
"GOBP_V_D_J_RECOMBINATION",0.234833302969576,0.612068998282315,0.0375128785760837,0.619581618276486,1.23416347790553,18,"97165/227525/11920/16881"
"GOBP_ALPHA_LINOLENIC_ACID_METABOLIC_PROCESS",0.236489407695633,0.612371691590223,0.0411737096254411,-0.582923000240154,-1.21624958184184,15,"72759/76267/11666"
"GOBP_CRANIAL_NERVE_DEVELOPMENT",0.23530822739266,0.612371691590223,0.0437565558643038,-0.46160086896921,-1.1663525277834,39,"58198/243743/212937/67453/16658/20512/18844/17684/78286/15205"
"GOBP_DNA_REPLICATION_CHECKPOINT_SIGNALING",0.236522054819386,0.612371691590223,0.0372807383739711,0.613066342772714,1.23656382689148,20,"327762"
"GOBP_INFLAMMASOME_MEDIATED_SIGNALING_PATHWAY",0.236534343600725,0.612371691590223,0.0352391769861817,0.529758396073267,1.20268666890203,52,"19106/226695/15944/69104"
"GOBP_MICROVILLUS_ORGANIZATION",0.236641221374046,0.612371691590223,0.0367950597595443,0.584210135060076,1.22026700203157,26,"18301/74012/50932"
"GOBP_POSITIVE_REGULATION_OF_CELL_ADHESION_MEDIATED_BY_INTEGRIN",0.235541768225127,0.612371691590223,0.0418426681191335,-0.55336489572808,-1.20219217483104,18,"105855/70839/16416/20963/23991"
"GOBP_PROTEIN_INSERTION_INTO_ER_MEMBRANE",0.236443014705882,0.612371691590223,0.0426094714733257,-0.49826392015048,-1.1836936580545,28,"72265/66087/68944/53421/103425/69683/12328/230866/73024/236792/71446/67604"
"GOBP_PROTEIN_TRANSPORT_TO_VACUOLE_INVOLVED_IN_UBIQUITIN_DEPENDENT_PROTEIN_CATABOLIC_PROCESS_VIA_THE_MULTIVESICULAR_BODY_SORTING_PATHWAY",0.235906331309627,0.612371691590223,0.0413010397545629,-0.573801608861297,-1.2172567245686,16,"72543/20844/67123/330192/15239"
"GOBP_REGULATION_OF_KETONE_METABOLIC_PROCESS",0.235631339115096,0.612371691590223,0.0330257424359417,0.477574203422618,1.17607431123979,108,"16592/20185/14077/16149/18655/16176/20602/11813/384783/11812/12894/22040/18023/20787/64383/66887/57875/212980/226856/110524/67885/236900/11363"
"GOBP_REGULATION_OF_OLIGODENDROCYTE_DIFFERENTIATION",0.236898779612347,0.612371691590223,0.0435353717179313,-0.463740851704848,-1.16580207798143,38,"433759/19317/21938/94185/18015/14912/15205/27374/12724"
"GOBP_T_HELPER_CELL_LINEAGE_COMMITMENT",0.235347776510832,0.612371691590223,0.0425403500042,-0.510568021657492,-1.18677063883915,25,"16194/16195/328572/22761/20852/16364"
"GOBP_VASCULAR_ENDOTHELIAL_GROWTH_FACTOR_PRODUCTION",0.236910072787039,0.612371691590223,0.0430778341543233,-0.475657625658412,-1.17255472274898,34,"16194/21803/16195/11863/13666"
"GOBP_POSITIVE_REGULATION_BY_HOST_OF_VIRAL_PROCESS",0.237248139408241,0.612822899036587,0.0372150648906272,0.612255052150465,1.23492744177852,20,"11816/16004/13627/12631/13830"
"GOBP_NEGATIVE_REGULATION_OF_MRNA_PROCESSING",0.237688329210704,0.613114836807789,0.0419753966117665,-0.519213631965974,-1.18762168914528,23,"13548/19655/19205/15387/68035/22185/225027/236732/57317/20220/108014"
"GOBP_REGULATION_OF_ENDOTHELIAL_CELL_CHEMOTAXIS",0.237566041173256,0.613114836807789,0.0372642930836758,0.617209155318761,1.22943769675138,18,"19241/55985/18438/16542/21825/14164/14173"
"GOBP_HOMEOSTASIS_OF_NUMBER_OF_CELLS_WITHIN_A_TISSUE",0.239487800657553,0.615973650028676,0.0360041146230746,0.557093890135933,1.21272964471308,36,"12977/245944/227331/23797/80859/16889"
"GOBP_NECROPTOTIC_PROCESS",0.239223767817276,0.615973650028676,0.0358688289733687,0.551996026189849,1.20880380863747,38,"58203/58800/268749/12633/11796/11545/21926/11739/19766/110095/56449/217837/26926/74256/24105"
"GOBP_NEGATIVE_REGULATION_OF_BIOMINERAL_TISSUE_DEVELOPMENT",0.239789435469232,0.615973650028676,0.0369874447764411,0.606270418836097,1.22818970060364,21,"18605/19877/15251/13601/20302"
"GOBP_REGULATION_OF_CELL_CELL_ADHESION",0.239722809490251,0.615973650028676,0.028493900981703,0.406225855061049,1.12104192425901,412,"93695/14190/18301/12505/16854/54371/14744/16000/14538/14991/16852/19264/15018/54446/20588/12527/12522/26410/16186/55985/16768/60533/68094/12010/22329/16181/18753/26992/18566/12053/20720/12775/27050/16149/11776/50932/18793/20304/16176/12515/15510/80859/15040/13655/11501/16414/11774/66923/229473/232341/20296/20586/21926/14360/27027/193385/243910/18733/63873"
"GOBP_REGULATION_OF_INFLAMMASOME_MEDIATED_SIGNALING_PATHWAY",0.239947046169121,0.615973650028676,0.0350399126771784,0.534025412304529,1.20467746843015,48,"19106/226695/15944/69104"
"GOBP_RESPONSE_TO_INTERLEUKIN_4",0.239247779905972,0.615973650028676,0.0361559051086424,0.564239417081404,1.21505023554023,32,"246746/19264/547253/27367/16186/18854/14104"
"GOBP_SKELETAL_MUSCLE_CONTRACTION",0.239487800657553,0.615973650028676,0.0360041146230746,0.557042782933299,1.21261839018168,36,"16518/14387/14790/14873/21926/15519"
"GOBP_LYMPHOCYTE_CHEMOTAXIS",0.240699082886313,0.616215958099658,0.0358987850072238,0.556286422032243,1.21097187905842,36,"20496/12642/66102/55985/20303/20302/170756/20304/15945/11501/232341/20296/18810/14456/12772/11491/53416/19229/70045"
"GOBP_POSITIVE_REGULATION_OF_ALPHA_BETA_T_CELL_PROLIFERATION",0.2406970412053,0.616215958099658,0.0369069830787364,0.605610125355808,1.22685207035372,21,"19264/15018/15040/320484/16160/12487/16859/12772/16452/15007/54721"
"GOBP_REGULATION_OF_T_HELPER_CELL_DIFFERENTIATION",0.240627130197682,0.616215958099658,0.0355872583741845,0.546383763881537,1.20625599224045,41,"14744/16852/12053/12515/80859/243910/16477/16160/16453/74143/15284/57261/16950/319817/230738"
"GOBP_RNA_METHYLATION",0.240683664892127,0.616215958099658,0.0470775782332911,-0.397123034426247,-1.1259272726302,77,"67674/11651/67667/78890/52575/98685/75422/109095/54632/83669/67148/210529/76894/20638/15278/70359/110109/66254/229700/209584/14911/231803/56335/75284/67493/328162/74753/17299/224481/217038/76357/106338"
"GOBP_HINDBRAIN_MORPHOGENESIS",0.241312741312741,0.616597851432018,0.0432929962094138,-0.457800144664279,-1.1630028277882,40,"11350/22142/26395/67453/50768/73750/12846/319757/15205/16825/14828/319953"
"GOBP_NEURON_MIGRATION",0.241090909090909,0.616597851432018,0.0541623664533898,-0.349479834093512,-1.09409853801462,160,"14766/22142/22151/242687/328365/12569/73710/215690/66610/75717/269473/19353/12928/16795/14270/22367/217331/12929/17260"
"GOBP_POSITIVE_REGULATION_OF_NUCLEOTIDE_CATABOLIC_PROCESS",0.241341795104261,0.616597851432018,0.0368269523086822,0.601410120753157,1.22523481935007,22,"16000/11820/15251"
"GOBP_BRANCHING_INVOLVED_IN_MAMMARY_GLAND_DUCT_MORPHOGENESIS",0.242297174111212,0.617870095614903,0.0368589131634495,0.612698947777972,1.22809259028979,19,"12977/18854"
"GOBP_NUCLEAR_TRANSCRIBED_MRNA_POLY_A_TAIL_SHORTENING",0.2423104015027,0.617870095614903,0.0425403500042,-0.476946329821698,-1.16057367453385,32,"69125/72068/52846/213988/58184/12227/18983/232791/78893/214627"
"GOBP_REGULATION_OF_PROTEIN_SERINE_THREONINE_KINASE_ACTIVITY",0.242334322453017,0.617870095614903,0.0512405630810422,-0.36600311609499,-1.10262683501209,122,"30955/320207/235584/64143/26395/12569/54396/50523/217303/26408/12283/17096/23991/22034/18591/211770/21899/18569/17002/12576/17283"
"GOBP_RESPONSE_TO_OXYGEN_RADICAL",0.242512252677437,0.617903414707705,0.0367473484524694,0.607827653997846,1.22599731461151,20,"18477/11977/22228/14528/20655"
"GOBP_INTRINSIC_APOPTOTIC_SIGNALING_PATHWAY",0.243011554230339,0.617915403836711,0.0292615811881865,0.420801675078591,1.13216099491117,290,"20115/12505/56489/15254/14694/11820/76933/19941/15258/226695/22070/18854/15528/15251/17390/12575/18753/67991/58801/13555/27050/67397/16149/66940/18793/11783/329679/50755/66437/74996/17319/12363/13163/11545/276770/67941/12018/15461/30954/21926/14360/11920/56208/14775/13806/17872/72567/50883/12925/20655/12048/56312/66861/80707/20779/66168/19777/59004/14130/17869/56449/12044/12176/17974/12051"
"GOBP_NEGATIVE_REGULATION_OF_SYSTEMIC_ARTERIAL_BLOOD_PRESSURE",0.242758322524859,0.617915403836711,0.0405721536212484,-0.579015993292749,-1.20809774092275,15,"11555"
"GOBP_RECEPTOR_INTERNALIZATION",0.242982582409673,0.617915403836711,0.0320199517941431,0.466573271707067,1.16213879233308,119,"17858/12306/53378/11820/12527/14127/12512/94245/16976/51801/16971/54189/13858/16414/320129/20239/18733/68420"
"GOBP_NEGATIVE_REGULATION_OF_EPITHELIAL_CELL_APOPTOTIC_PROCESS",0.244484958979034,0.619685584690389,0.0366681675485412,0.610255870939978,1.22319569178339,19,"56417/12633/56312/19645"
"GOBP_NEGATIVE_REGULATION_OF_PHOSPHORUS_METABOLIC_PROCESS",0.243983402489627,0.619685584690389,0.0311788775098507,0.449923306137409,1.14969452756543,159,"11816/56417/23790/19264/56193/547253/72446/18148/20185/12257/12575/78388/75296/18655/66437/68045/29875/11812/11545/14232/11983/15259/245847/64383/97998/73205/18590/56312/208092/19777/11305"
"GOBP_ORGANIC_ACID_TRANSPORT",0.244350823439295,0.619685584690389,0.0296580889975364,0.427285439374475,1.13642927168256,252,"16592/11816/11520/20496/19156/11539/14580/107508/14077/21366/94245/18438/245944/18173/234967/72055/73822/625098/16176/66437/17319/21934/22228/26457/384783/12752/117160/319352/58207/55951/12894/14276/102857/21926"
"GOBP_REGULATION_OF_D_GLUCOSE_IMPORT",0.244512506380807,0.619685584690389,0.0352248527088057,0.543347284668925,1.20188419258019,42,"18605/16000/18611/237542/384783/21926"
"GOBP_REGULATION_OF_MITOTIC_CELL_CYCLE",0.244534412955466,0.619685584690389,0.0278688129775025,0.401034264820833,1.11347579166737,454,"93695/17345/16000/53378/11820/104418/20588/330177/18854/68094/19186/12575/16319/217124/227331/13555/26992/72776/12053/12795/237886/68077/19360/75430/108989/16176/19188/208643/108000/67849/229841/29875/11504/69010/67941/22627/13685/68612/15902/66923/83946/20135/20296/20586/21926/66977/11920/22040/18712/18023/67117/12580/109331/50883/65964/235559/64383/67155/11629/59125/12487/24010/72584/76843/233900/66468/19247/21781/116748/19645/57376/12571/11789/56321/11491/56696/235041/12534/12531/52276/66371/116871/66077/18817/12567/12387/381921"
"GOBP_ESTABLISHMENT_OF_ENDOTHELIAL_INTESTINAL_BARRIER",0.244703847816688,0.619695960551992,0.0403899870805855,-0.578118510847761,-1.20622517345161,15,"21872/16456/17874/19324/192786/19280"
"GOBP_GASTRULATION_WITH_MOUTH_FORMING_SECOND",0.245013599274705,0.620061424768127,0.0414508753284105,-0.509940036462103,-1.17446097221714,24,"19821/327826/11480/11481/18424/16973/16825/11477/23872"
"GOBP_CELLULAR_RESPONSE_TO_EXTERNAL_STIMULUS",0.245241379310345,0.620083079578431,0.046199980919066,-0.403533948376596,-1.12640095506231,70,"18613/21803/53791/14388/142980/16456/29810/16416/21937/14629/21898/17874/12370"
"GOBP_EPIDERMAL_CELL_DIFFERENTIATION",0.245683930942895,0.620083079578431,0.0510532623450575,-0.364042632407962,-1.10003993976768,124,"433759/56338/26395/50523/93691/22295/99683/218756/22234/17979/19055/81535/54616/19353/17134/101706/74155/16658/73750"
"GOBP_NEGATIVE_REGULATION_OF_CALCIUM_ION_TRANSMEMBRANE_TRANSPORT",0.245593692022263,0.620083079578431,0.0419310333602392,-0.486218469559893,-1.16843572035932,30,"21803/12314/19055/56085/81897/110213"
"GOBP_PURINE_CONTAINING_COMPOUND_TRANSMEMBRANE_TRANSPORT",0.245593692022263,0.620083079578431,0.0419310333602392,-0.486238844635234,-1.16848468387536,30,"71279/63959/230125/11416/241296/73836/239273/56392/20509"
"GOBP_MYD88_DEPENDENT_TOLL_LIKE_RECEPTOR_SIGNALING_PATHWAY",0.245961154474496,0.620171911820905,0.0364486780332804,0.605660784397103,1.22162670676873,20,"54123/246746/15510/57783/266632/76457/26409"
"GOBP_REGULATION_OF_PROTEIN_POLYUBIQUITINATION",0.246050062133854,0.620171911820905,0.0359739433803791,0.578285988254546,1.20789295983657,26,"56486/80985/70097/671535/66855/66589"
"GOBP_REGULATION_OF_GLYCOLYTIC_PROCESS",0.246496290189613,0.620879096525986,0.0344174271530624,0.52623296620703,1.19337548300728,51,"227659/16000/11820/20185/15251"
"GOBP_PROTEIN_HETEROOLIGOMERIZATION",0.246910755148741,0.621505379649082,0.0414939423465147,-0.496759690238695,-1.17404964416072,27,"544817/232087/12488/69228/432508/18763/269061"
"GOBP_CHAPERONE_MEDIATED_AUTOPHAGY",0.247395833333333,0.621992100633941,0.0368429241819018,0.628219673633031,1.21914547247787,15,"74772/14580/12795/19025/13627/15519/16784"
"GOBP_CIRCADIAN_SLEEP_WAKE_CYCLE",0.247581845238095,0.621992100633941,0.0368269523086822,0.628082264548069,1.21887881151381,15,"11539/11545"
"GOBP_MACROPHAGE_CYTOKINE_PRODUCTION",0.247638674222909,0.621992100633941,0.0351534425481948,0.548235391013313,1.20056847738758,38,"26362/14991/15018/16149/17164/270151/56228/18733/68585/56722"
"GOBP_MITOCHONDRIAL_RESPIRATORY_CHAIN_COMPLEX_ASSEMBLY",0.247933884297521,0.621992100633941,0.0324606159051351,0.480846598433621,1.16593277544655,95,"17722/20463/76178/67130/17719/17716/67044/67184/12856/67267/67705/17721/66043/66928/108755/14297/72140/67892/17717/208501/227197/66487/26926/595136/66278/12866/70544/100503890/229211/69577"
"GOBP_POSITIVE_REGULATION_OF_STEROID_METABOLIC_PROCESS",0.247869318181818,0.621992100633941,0.0358240092204122,0.575851607232197,1.20695524890006,27,"11816/11307/20280/21926/20787"
"GOBP_CELL_CYCLE_DNA_REPLICATION",0.249198582756875,0.623284388692159,0.034663201122875,0.535785274912152,1.19286127846744,44,"327762/12053/22589/21877/16881/17216/75826/17219/57441/66131/18538/69270/27214"
"GOBP_MACROPHAGE_ACTIVATION_INVOLVED_IN_IMMUNE_RESPONSE",0.249280495904361,0.623284388692159,0.0405111989911376,-0.538150010585304,-1.18443080256182,19,"13051/171285/20963/18754/234779"
"GOBP_NEGATIVE_REGULATION_OF_BINDING",0.248957999358769,0.623284388692159,0.0336530802530585,0.507771564807789,1.17717513911569,61,"15958/14694/18008/19877/226695/667373/16976/13555"
"GOBP_REGULATION_OF_MORPHOGENESIS_OF_AN_EPITHELIUM",0.24901055408971,0.623284388692159,0.0342157870484692,0.525283513241596,1.1897103518146,50,"16411"
"GOBP_REGULATION_OF_RESPONSE_TO_WOUNDING",0.249221624681574,0.623284388692159,0.0312111137126829,0.458740207415426,1.15562922453821,135,"56644/11816/20750/20496/12306/14824/12527/18753/20720/18793/15442/18787/15461/21929/22340/21926"
"GOBP_POSITIVE_REGULATION_OF_NUCLEOCYTOPLASMIC_TRANSPORT",0.249734325185972,0.624002833864683,0.0448026117999576,-0.415680768442841,-1.13373901621131,61,"21803/17127/29810/22433/328572/13726/18708/26416/66810/15163/56637/68092/16480/319757/432508/18760/19164/19042/228607"
"GOBP_CELL_ACTIVATION_INVOLVED_IN_IMMUNE_RESPONSE",0.25142135186355,0.6261310476974,0.0289491002571879,0.421201178276722,1.12558475566291,267,"14190/19219/380732/16854/14744/14991/16852/19264/14824/11820/17085/330177/14127/14191/107823/18173/16783/11977/12053/94176/22177/16149/15900/20849/16971/20302/12515/15510/14389/17079/80859/19698/16409/69068/16414/56743/378460/20619/13026/15006/246256/12523/21926/216161/22040/243910/70110/18733/75725/20909/16477/20911/16160/64930/18826/17474/12487/14130/19354"
"GOBP_MEMBRANE_REPOLARIZATION",0.25115720898337,0.6261310476974,0.0348294155746012,0.543280799481651,1.19311903443778,39,"16518/11928/11933/12289/22627/100986/192176/22388/20266"
"GOBP_REGULATION_OF_NEUROTRANSMITTER_TRANSPORT",0.250940665701881,0.6261310476974,0.0468392438701435,-0.388626776382002,-1.11512340619533,84,"16416/12361/78808/20910/11938/271457/19055/67760/17260/30931/18015/18436/67847/20615/66725/56316/109905/216963/12322/14251/78506"
"GOBP_SIGNALING_RECEPTOR_LIGAND_PRECURSOR_PROCESSING",0.251081501989964,0.6261310476974,0.0350257838006445,0.550885949789843,1.19921566901955,36,"64138/13039"
"GOBP_TOOTH_MINERALIZATION",0.251406788890906,0.6261310476974,0.0359890212673894,0.601903566526537,1.21404834308384,20,"80752/11732"
"GOBP_HYPOTHALAMUS_DEVELOPMENT",0.251762523191095,0.626191434981949,0.0364175856719683,0.619464887096751,1.20983686027755,16,"18186/18187/22272/17977/12387/12028/15114"
"GOBP_POSITIVE_REGULATION_OF_DNA_BINDING_TRANSCRIPTION_FACTOR_ACTIVITY",0.251779747203254,0.626191434981949,0.0315157238889932,0.465730863111519,1.15533897362482,116,"19106/94094/24088/18148/383619/226421/217069/227541/27050/268749/74735/71371/21926/68729/319236/13211/19766"
"GOBP_ACTIN_FILAMENT_DEPOLYMERIZATION",0.253650533223954,0.627979986865004,0.0337431773241498,0.517816373083383,1.17929352163012,53,"56193/28006/20740/213556/217124/171580/12332/20401/12631/225115/20742/12343/22388/56431/227753/12345/74392/19230/110253"
"GOBP_ERBB2_SIGNALING_PATHWAY",0.254154664303124,0.627979986865004,0.0400909544457783,-0.545117806973638,-1.1842752710985,18,"26395/75717/21802/26413"
"GOBP_MAINTENANCE_OF_PROTEIN_LOCATION_IN_NUCLEUS",0.254050204735624,0.627979986865004,0.0353687346758131,0.579163231172927,1.20350774776577,25,"20684/18854/338467"
"GOBP_NEURONAL_STEM_CELL_POPULATION_MAINTENANCE",0.253204407465707,0.627979986865004,0.0405111989911376,-0.51188566433022,-1.17086008512379,23,"56484/268996/320191/56458/171167/27377/15205"
"GOBP_NEUROTRANSMITTER_TRANSPORT",0.254137550570063,0.627979986865004,0.0529732526440329,-0.345534172229448,-1.08487935727092,164,"26889/16416/12361/71279/78808/63959/20910/11938/22343/271457/228983/19055/76306/67760/20912/17260/71770/30931/20512/18015/18436/67847/20615/66725/56316/243328/109905/216963/12322/14251/19164/78506/18439"
"GOBP_NUCLEOBASE_CONTAINING_SMALL_MOLECULE_CATABOLIC_PROCESS",0.254144652942248,0.627979986865004,0.0358389339345742,0.608283495861519,1.21165840409097,18,"22436"
"GOBP_POSITIVE_REGULATION_OF_EPITHELIAL_CELL_APOPTOTIC_PROCESS",0.25417439703154,0.627979986865004,0.0362170615119638,0.617864324540481,1.20671090492788,16,"15368/59004/227753/16452/12028/64010"
"GOBP_REGULATION_OF_ADENYLATE_CYCLASE_ACTIVATING_G_PROTEIN_COUPLED_RECEPTOR_SIGNALING_PATHWAY",0.254154664303124,0.627979986865004,0.0400909544457783,-0.545012598470568,-1.18404670430633,18,"18750/18576/105171/238871/207728/70461/18578"
"GOBP_REGULATION_OF_LYMPHOCYTE_DIFFERENTIATION",0.253206841261358,0.627979986865004,0.0298414327424622,0.437855395147991,1.13693112886953,188,"14190/26362/14744/14991/16852/19264/15018/20588/12522/16186/16768/68094/66494/26992/12053/16149/11776/74748/12515/80859/13655/11501/15902/11774/66923/229473/20586/243910/18733/17387/16169/67155/20655/16477/16160/12487/14456/16184/16859/57376/12400/12772"
"GOBP_STEM_CELL_PROLIFERATION",0.253584905660377,0.627979986865004,0.0321115619760952,0.47990025984884,1.16051746894439,93,"19106/19264/18008/97165"
"GOBP_CELL_FATE_DETERMINATION",0.255606407322654,0.628397371162732,0.0406947679868852,-0.49154882300352,-1.16173419879863,27,"18129/12540/17260/15205/19206/16600/17210/18132"
"GOBP_GLYCOPROTEIN_METABOLIC_PROCESS",0.255113636363636,0.628397371162732,0.0665778123685814,-0.313863553880822,-1.06009126518834,336,"14537/15212/233115/13010/50785/67075/228875/54613/27029/192193/75841/20448/56374/269941/218989/23802/56737/20454/14426/14595/18145/223455/217664/93961/52463/269181/68059/17308/171212/22644/76051/57370/60322/330217/52120/193670/19324/102580/108902/54616/16795/56386/12229/17155/11593/117592/68947/20444/56375/227619/66597/217734/68292/73836/16430/15531/224143/216395/97440/15931/246179/14376/66059/13200/18822/171167/72050/58193/50786/53618/66357/73068/14423/109785/338337/19164/208211/68304/207958/21416/380959"
"GOBP_HEPATICOBILIARY_SYSTEM_DEVELOPMENT",0.2558522914606,0.628397371162732,0.0497572002748371,-0.363700672696406,-1.09569045724443,122,"20111/21803/17127/26365/16476/22433/18145/12443/12488/18129/230709/11909/11845/21802/74155/394432/19697/18676/11364/18015/109905/68927/17684/20682/18763/12611/15205/12606/18706/20539/244585/19206/27374"
"GOBP_NEGATIVE_REGULATION_OF_INTRACELLULAR_PROTEIN_TRANSPORT",0.25526728190841,0.628397371162732,0.0348154909187968,0.550423081842222,1.19170280015413,34,"20684/216440/18035/56228"
"GOBP_PEPTIDE_TRANSPORT",0.255826132495418,0.628397371162732,0.0292801952825913,0.4325053937495,1.13361602440268,208,"21354/18751/11539/65221/66868/15251/320790/16181/67041/14683/11303/16149/170756/20304/109552/16176/68066/22228/384783/13722/12894/192185/21926/27060/67267/63873/52055/20787/20909/57738/218461/53357/266690/19247"
"GOBP_REGULATION_OF_MAST_CELL_ACTIVATION",0.255287569573284,0.628397371162732,0.0361254216920189,0.617127591305705,1.20527203883201,16,"380732/246746/19294/12523"
"GOBP_REGULATION_OF_MITOCHONDRIAL_FISSION",0.255093156886645,0.628397371162732,0.0348294155746012,0.554079202770914,1.19317092257951,32,"20847/15944/69104/70435/66437/114874"
"GOBP_REGULATION_OF_STEM_CELL_DIFFERENTIATION",0.254929577464789,0.628397371162732,0.0327102905769373,0.496566286536848,1.16911275562935,72,"19106/107932/19241"
"GOBP_SMOOTH_MUSCLE_CONTRACTION",0.255448275862069,0.628397371162732,0.0451750626902471,-0.400421793180972,-1.11771386789466,70,"11555/19735/26395/212937/238130/13144/19218"
"GOBP_BASE_EXCISION_REPAIR",0.256164156875724,0.628654508412578,0.0337173767448511,0.523133477315729,1.1801069735318,48,"327762/27050/74996/11545/59026/11546"
"GOBP_CARDIAC_MUSCLE_CELL_MEMBRANE_REPOLARIZATION",0.25646017699115,0.628654508412578,0.0350540553554165,0.566456623073583,1.19394148701415,28,"16518/11928/12289/22627/100986/192176/22388/20266"
"GOBP_ORGAN_OR_TISSUE_SPECIFIC_IMMUNE_RESPONSE",0.256364843922958,0.628654508412578,0.0398752096349173,-0.534758556106732,-1.17696644676716,19,"16194"
"GOBP_CELLULAR_RESPONSE_TO_ESTRADIOL_STIMULUS",0.257038223849851,0.629105740744353,0.0405721536212484,-0.496716493359381,-1.16462315386879,26,"353310/268903/17979/81601/13982"
"GOBP_ENDOPLASMIC_RETICULUM_TO_CYTOSOL_TRANSPORT",0.256812933025404,0.629105740744353,0.0407976722761687,-0.485155754808678,-1.15855711260684,29,"109815/192193/269523/67819/76867/226418/68889/116891/27061/64209/68366"
"GOBP_NEGATIVE_REGULATION_OF_ENDOTHELIAL_CELL_MIGRATION",0.257651363938789,0.629105740744353,0.0337044940604929,0.525016445056197,1.18093571495874,47,"11816/20684/55985"
"GOBP_PROTEIN_K48_LINKED_DEUBIQUITINATION",0.257602862254025,0.629105740744353,0.0351819644644481,0.577947576038773,1.19402529588627,24,"30940/225896/17847/21929/84092/73162/54644/74270/170822"
"GOBP_SECRETORY_GRANULE_LOCALIZATION",0.257511684843089,0.629105740744353,0.0398947010447969,-0.526821226221184,-1.17307687218496,20,"30955/20910/77097/20912"
"GOBP_SUBSTANTIA_NIGRA_DEVELOPMENT",0.257454545454545,0.629105740744353,0.0418647144480324,-0.446299208859045,-1.14437181086301,42,"12709/12314/70350/22661/11461/12540/22629"
"GOBP_NEGATIVE_REGULATION_OF_POST_TRANSCRIPTIONAL_GENE_SILENCING",0.257998511904762,0.629543243892609,0.0359588809343105,0.621490107615561,1.20608583699321,15,"56417/67673"
"GOBP_CELLULAR_COMPONENT_DISASSEMBLY_INVOLVED_IN_EXECUTION_PHASE_OF_APOPTOSIS",0.258676207513417,0.62996648847322,0.0350965664375677,0.577189493922925,1.19245911711814,24,"245944/21973/11783/192119/12028/13421/56215"
"GOBP_REGULATION_OF_NEUROGENESIS",0.258378378378378,0.62996648847322,0.0644263908163349,-0.314355704325528,-1.05877031813345,319,"13051/21817/104156/21803/433759/214968/19317/19211/239667/13631/23999/17257/76893/16195/18479/26395/21938/213541/18222/269951/17096/20317/56381/14366/19055/99152/216858/20481/22629/320191/229285/22596/12227/19280"
"GOBP_VASODILATION",0.258561643835616,0.62996648847322,0.0419753966117665,-0.44475548445152,-1.14167724219299,43,"11555/19735/18613/14388"
"GOBP_GLYCOLYTIC_PROCESS_THROUGH_FRUCTOSE_6_PHOSPHATE",0.259212880143113,0.630454169225429,0.0350540553554165,0.576472946177277,1.19097874732426,24,"18746/14751/21991/18655/18648/13806"
"GOBP_NATURAL_KILLER_CELL_DIFFERENTIATION",0.259212880143113,0.630454169225429,0.0350540553554165,0.57655767430154,1.19115379351848,24,"26362/19264"
"GOBP_NEGATIVE_REGULATION_OF_DNA_BINDING_TRANSCRIPTION_FACTOR_ACTIVITY",0.259760705289673,0.631376863440786,0.0324606159051351,0.497927448608365,1.1652526932304,67,"434341/383619/22031/432940/59079/15902/18035/671535/18712/68729/192176/16365/56312/17846/21781/19645/12051"
"GOBP_CD40_SIGNALING_PATHWAY",0.260044642857143,0.631412448509104,0.0357942052673273,0.61978872906576,1.20278408118546,15,"16402/231130/268749/21929"
"GOBP_POSITIVE_REGULATION_OF_PROTEIN_SECRETION",0.260112278681445,0.631412448509104,0.0307250552134108,0.459671842619312,1.14494874105545,119,"80885/16000/24088/74772/18751/11502/11307/15251/67041/12215/384783/11501/17929"
"GOBP_RESPONSE_TO_INTERLEUKIN_1",0.260830188679245,0.632585172305847,0.0315708415605313,0.476538813756416,1.15238866127839,93,"58203/17769/11820/18518/15251/17390/16181/231130/20302/20304/16176/21934/12631/14469/18035/20296/13057/26400/266632/16365/26409/20779"
"GOBP_RNA_3_END_PROCESSING",0.260932944606414,0.632585172305847,0.0460296113102909,-0.380019287762422,-1.10136909527115,89,"75137/216578/83410/98985/67337/20492/52575/72656/50912/54451/70470/214498/68092/228410/432508/74737/74320/269061/214627/330216"
"GOBP_PROTEIN_PROCESSING",0.261581469648562,0.633747477855728,0.0291781413293861,0.43466587375234,1.13080651851907,193,"12874/64138/12306/13039/17886/11502/13036/20720/15451/55988/18793/13040/18655/12363/12752/11501/11545/18787/69617/13806/27419/17387/66887/20779/110350/227753/17869/14297/11491/67661"
"GOBP_ASPARTATE_FAMILY_AMINO_ACID_METABOLIC_PROCESS",0.26283185840708,0.633864183827958,0.0345534485302443,0.562752653470281,1.1861344938643,28,"17769/14718/11565/11898/70396/20603/14719/56369/269642"
"GOBP_CARBOHYDRATE_PHOSPHORYLATION",0.262286228622862,0.633864183827958,0.0349412990575916,0.580318719011422,1.19076530324903,23,"432486/170768/69976/56174/270198/18640"
"GOBP_CELLULAR_RESPONSE_TO_VASCULAR_ENDOTHELIAL_GROWTH_FACTOR_STIMULUS",0.262295081967213,0.633864183827958,0.0438807083118067,-0.406927159290346,-1.11893844913619,64,"14766/19245/14388/16416/22433/11651/26416"
"GOBP_MITOTIC_G1_S_TRANSITION_CHECKPOINT_SIGNALING",0.26322556943424,0.633864183827958,0.0352822347483627,0.606112296947576,1.19400178491821,17,"104418/12575/227331/12795/67941/22040"
"GOBP_POSITIVE_REGULATION_OF_BIOMINERAL_TISSUE_DEVELOPMENT",0.26247553816047,0.633864183827958,0.0416238362763518,-0.443462321909671,-1.13835772327506,43,"11555/17127/231633/11689/17260/381629/17002/11480/11481/11911/105722/12162/212943/20181/18439"
"GOBP_POSITIVE_REGULATION_OF_BMP_SIGNALING_PATHWAY",0.263207325663301,0.633864183827958,0.0406129202301208,-0.468126434130716,-1.14614772393307,33,"13805/18129/17126/101706/16202/17701/15205/59007"
"GOBP_POSITIVE_REGULATION_OF_DNA_DAMAGE_RESPONSE_SIGNAL_TRANSDUCTION_BY_P53_CLASS_MEDIATOR",0.26322556943424,0.633864183827958,0.0352822347483627,0.605880393483761,1.19354495018458,17,"19941/226695/58801/70103/11920"
"GOBP_REGULATION_OF_DNA_DAMAGE_RESPONSE_SIGNAL_TRANSDUCTION_BY_P53_CLASS_MEDIATOR",0.263439007580979,0.633864183827958,0.0339643982663016,0.5391647987264,1.1783025026686,37,"12505/18148/19941/226695/58801/16149/17319/70103/11920"
"GOBP_REGULATION_OF_HORMONE_LEVELS",0.263659088203785,0.633864183827958,0.0270509819468143,0.404769084337152,1.10910148798512,370,"80885/13030/20750/64138/54381/13039/18751/74617/11928/101476/11539/15251/12257/320790/16181/67041/14683/15451/170756/20304/109552/16176/22228/384783/13722/20619/213053/20280/12894/192185/21926/27060/67267/27419/63873/20397/52055/20787/20909"
"GOBP_REGULATION_OF_PHAGOCYTOSIS",0.263505217925107,0.633864183827958,0.031692887988083,0.481148731137207,1.15113814296382,83,"56644/246746/24088/19264/14694/16186/12266/14127/227541/12268/14191/18173/20778/94176"
"GOBP_REGULATION_OF_RRNA_PROCESSING",0.262645914396887,0.633864183827958,0.0388025714978873,-0.568588440706076,-1.18634099694807,15,"213541/67674/73674/209011/66254"
"GOBP_RIBOSOMAL_LARGE_SUBUNIT_ASSEMBLY",0.263081130355515,0.633864183827958,0.0351392025914253,0.598599733801909,1.19983215296456,19,"100503670/68077/67025/100019/68193"
"GOBP_REGULATION_OF_CELLULAR_RESPONSE_TO_TRANSFORMING_GROWTH_FACTOR_BETA_STIMULUS",0.263973063973064,0.634212207545541,0.0494810541413483,-0.356483274531362,-1.09031004426756,132,"353310/433759/13805/17127/16969/65112/22433/77578/50523/328572/80288/52463/224109/52662/20481/17126/193740/19646/98403/66313/24063/170676/114715/75788/17283/22059/380664/23863/170749/26356/72183/17684"
"GOBP_ACTIN_FILAMENT_BASED_MOVEMENT",0.26688292539074,0.634854734399017,0.030693954458091,0.46552529313928,1.14315234707087,106,"24136/17918/16518/17886/11928/11539/19877/17925/12289/109552/17904/71653/100986/215280/192176"
"GOBP_ACTIN_FILAMENT_SEVERING",0.26655505952381,0.634854734399017,0.0352822347483627,0.615785136739294,1.19501456733017,15,"17886/12332/12631/225115/63986/56431/227753/63985"
"GOBP_AMIDE_TRANSPORT",0.26592478894858,0.634854734399017,0.0281647617119471,0.4216897914921,1.11999047348728,247,"21354/19156/18751/11539/65221/66868/15251/320790/16181/67041/14683/11303/16149/170756/20304/109552/16176/68066/56356/22228/26457/384783/12752/13722/12894/14276/192185/21926/27060/67267/63873/52055/20787/20909/57738/218461/11305/53357/266690/19247"
"GOBP_CIRCADIAN_REGULATION_OF_GENE_EXPRESSION",0.266281512605042,0.634854734399017,0.0429594939252289,-0.415545631618884,-1.12472353955535,58,"268903/433759/11906/53376/27373/66704/19046/17978/19653/11911/107515"
"GOBP_GAMMA_DELTA_T_CELL_ACTIVATION",0.264897683831797,0.634854734399017,0.039490383274477,-0.506980371105142,-1.1596399778942,23,"105855/20677/20963/20851"
"GOBP_LOW_DENSITY_LIPOPROTEIN_PARTICLE_CLEARANCE",0.264626462646265,0.634854734399017,0.0347599263707937,0.578806016511877,1.18766136468633,23,"320024/12306/20652/15368/20778/16889"
"GOBP_NEGATIVE_REGULATION_OF_NF_KAPPAB_TRANSCRIPTION_FACTOR_ACTIVITY",0.265979032803517,0.634854734399017,0.0333987805039715,0.527475273511236,1.17224178966084,43,"434341/383619/22031/432940/59079/18035/671535/68729/16365/17846/12051"
"GOBP_OSSIFICATION",0.266794856387453,0.634854734399017,0.0270118177076338,0.406075177334032,1.10852195820378,352,"12977/16948/20750/56417/18605/80752/11732/16000/326618/81910/67972/330177/15528/235567/15251/114249/17390/100038882/14191/19263/17937/13601/20302/71175/67671/21934/233781/14104/20054/20354/16332/11947/15902/233726/17936"
"GOBP_O_GLYCAN_PROCESSING",0.265320497769429,0.634854734399017,0.0404302882705214,-0.471991176443672,-1.14851609026443,32,"14537/20448/14426/171212"
"GOBP_POSITIVE_REGULATION_OF_BLOOD_CIRCULATION",0.264959202175884,0.634854734399017,0.0396623861712408,-0.501639309507133,-1.15534327375738,24,"19735/11938/238871"
"GOBP_REGULATION_OF_ACTIN_FILAMENT_ORGANIZATION",0.266369710467706,0.634854734399017,0.0572305462580584,-0.326218825522402,-1.06682923872474,238,"211401/21872/105855/11350/242687/17127/12721/16456/223601/23999/22376/19303/18479/21812/65256/76499/50918/16423/27360/17973/72754/14784/18708/20947/12540/237860/19684/19353/22323/11845/18754/207278/13609/50768/20430"
"GOBP_REGULATION_OF_FATTY_ACID_BIOSYNTHETIC_PROCESS",0.264468487034175,0.634854734399017,0.0338208621100742,0.538002366608591,1.17815940506203,38,"16592/16149/16176/11813/11812/64383/57875/212980/226856"
"GOBP_REGULATION_OF_NERVOUS_SYSTEM_DEVELOPMENT",0.266950656727015,0.634854734399017,0.0267333246595272,0.401812099078226,1.10389494502694,385,"16411/13011/24136/20750/16000/24088/12306/18186/14268/14580/13047/20893/17158/97165/108100/230598/15251/12257/12010/320790/13555/20720/67095/52822/18080/79362/16176/20660/18536/53605/18557"
"GOBP_RESPONSE_TO_ACIDIC_PH",0.265998176845943,0.634854734399017,0.0349132468253096,0.596482089225898,1.19558755025699,19,"14744/13040/52055"
"GOBP_RESPONSE_TO_HYDROPEROXIDE",0.266168701038441,0.634854734399017,0.0348852489571245,0.600484275874128,1.19612290048555,18,"28240/18753/14778/17716/14775"
"GOBP_RESPONSE_TO_TUMOR_CELL",0.26632801161103,0.634854734399017,0.0410264221970887,-0.445887920298545,-1.13860341451755,41,"21803/56338/26365/171285/16792/66610/18129"
"GOBP_PROTEIN_LOCALIZATION_TO_SITE_OF_DOUBLE_STRAND_BREAK",0.26734693877551,0.635393992727084,0.0351676964978177,0.609675283982452,1.19071741873717,16,"72459/235559/15270/226151/68275/235587/105377/27354/108138"
"GOBP_LYMPHOCYTE_ACTIVATION_INVOLVED_IN_IMMUNE_RESPONSE",0.268501202244189,0.636925636715963,0.0287686999295148,0.433282291486332,1.12551412934387,190,"14190/19219/16854/14744/14991/16852/19264/17085/330177/14127/107823/18173/16783/11977/12053/22177/16149/15900/20849/12515/15510/17079/80859/19698/13026/15006/246256/243910/18733/75725/16477/16160/64930/18826/17474/12487/14130"
"GOBP_POSITIVE_REGULATION_OF_ENDOTHELIAL_CELL_APOPTOTIC_PROCESS",0.268417538393056,0.636925636715963,0.0389670906894879,-0.516738762795462,-1.16289440823517,21,"68545/21803/22433/56484"
"GOBP_REGULATION_OF_OSSIFICATION",0.268418721393769,0.636925636715963,0.0306113681898464,0.465889076870256,1.14272880174213,104,"12977/18605/80752/11732/67972/15251/100038882/13601/20302/71175"
"GOBP_CENTRAL_NERVOUS_SYSTEM_NEURON_DIFFERENTIATION",0.268673780487805,0.636931897070394,0.0524048161202553,-0.341863952177441,-1.07755159775886,174,"58198/18750/243743/19211/22142/328365/26889/26395/16911/12978/21349/19353/12928/56386/72320/12227/13845/12929/67453/240880"
"GOBP_MITOTIC_CELL_CYCLE_PHASE_TRANSITION",0.269507732263015,0.638101693317612,0.0265283764302759,0.399608852691713,1.10048980734441,400,"93695/75608/104418/20588/18008/330177/68094/19186/12575/16319/217124/227331/13555/26992/72776/12795/237886/68077/19360/68953/75430/108989/19188/208643/108000/67849/229841/11504/12450/67941/13685/68612/15902/66923/20135/68193/20296/20586/12315/66977/12442/11920/22040/12580/12453/50883/65964/235559/64383/67155/11629/12313/77891/21335/24010/72584/76843/18647/66468/21781/404710/116748/19645/17869/226026/57376/12571/11789/11491/56696/235041/12534/12531/52276/66371/116871/24075/18817/12567"
"GOBP_REGULATION_OF_HIPPO_SIGNALING",0.269369153274166,0.638101693317612,0.0405721536212484,-0.44996723316849,-1.13695717470752,39,"19070/105171/269523/232334/19052/94186/26416/66641/51792/83997/234734"
"GOBP_PATTERN_SPECIFICATION_PROCESS",0.269681742043551,0.638110586603049,0.0640748785378994,-0.313270198527754,-1.055024243856,328,"14766/13805/17127/70350/15242/19726/269941/21812/212937/65256/16848/328572/19821/17305/17125/327826/18129/70495/20481/17126/218850/24063/12227/110796/12929/12151/17260/56334/16658/19719/20462/71458/72475/76779/57354/11480/103425/11481/233812/22059/13198/23863/12162/224143/13641/17701/68151/75691/17129/17684/319757/18424/19164/15205/24069/93836/67122/16973/16825/244585/11477/13626/19206/277939/76365"
"GOBP_NEGATIVE_REGULATION_OF_INTERLEUKIN_1_PRODUCTION",0.270909926470588,0.640612242531082,0.0394713881731683,-0.481812489014124,-1.14461104758545,28,"13051/26365"
"GOBP_ADAPTIVE_THERMOGENESIS",0.27194194885971,0.641480525820384,0.0493785565799981,-0.351659717741867,-1.08293040486845,141,"11555/12709/19317/21887/66082/19079/105171/20963/68614/21898/224860/20852/67013/209446/16364/240028/27399/16001/14245/14081/11481/11911/16819/13198/107515/232791/216850/26381/18162/16173/67460/21833"
"GOBP_CALCIUM_MEDIATED_SIGNALING",0.271675531914894,0.641480525820384,0.028476368955706,0.431005733256853,1.12115646379659,192,"12483/56644/16000/19264/65973/56193/15254/28240/11820/54446/15944/18438/54199/217124/20303/12775/20302/14873/243725/56743/12267/246256/21926/12315"
"GOBP_CARDIAC_CONDUCTION_SYSTEM_DEVELOPMENT",0.27211945620682,0.641480525820384,0.0386938580528995,-0.510121620424323,-1.15837874017197,22,"17125/18129/12540/17701/17129/103806/76365"
"GOBP_GLUTAMATE_RECEPTOR_SIGNALING_PATHWAY",0.272493573264781,0.641480525820384,0.0419088969982131,-0.419660504383393,-1.12270642837211,54,"11555/12569"
"GOBP_G_PROTEIN_COUPLED_RECEPTOR_SIGNALING_PATHWAY_COUPLED_TO_CYCLIC_NUCLEOTIDE_SECOND_MESSENGER",0.272646338749165,0.641480525820384,0.0386218062368277,-0.515060943387935,-1.15911856065507,21,"15466/54598"
"GOBP_MITOCHONDRIAL_FISSION",0.27223537368955,0.641480525820384,0.0329401098856199,0.523852008105861,1.16418957690983,43,"20847/15944/69104/70435/66437/114874/22228/11774"
"GOBP_NEGATIVE_REGULATION_OF_CYTOKINE_PRODUCTION_INVOLVED_IN_INFLAMMATORY_RESPONSE",0.272388059701493,0.641480525820384,0.0396816148434396,-0.472846990978293,-1.14168427781951,31,"18750/26365/19261/54616/18569/11666/19697"
"GOBP_UNSATURATED_FATTY_ACID_METABOLIC_PROCESS",0.272264631043257,0.641480525820384,0.0442078566868354,-0.386687890472472,-1.1005595678403,79,"19224/15446/23945/72759/66082/56351/21937/11689"
"GOBP_EMBRYONIC_PLACENTA_DEVELOPMENT",0.272827586206897,0.641504261670921,0.0435598039078413,-0.396582729003114,-1.10699772970138,70,"50785/26395/11651/11863/12370/14784/18591/16002/56334/20732/12162/20733/17684/26413/18763/15205/12606"
"GOBP_CENTRAL_NERVOUS_SYSTEM_PROJECTION_NEURON_AXONOGENESIS",0.273082386363636,0.64170080507267,0.0338468518961559,0.560340417655034,1.17444459608305,27,"24136/18080/14790"
"GOBP_ALPHA_AMINO_ACID_BIOSYNTHETIC_PROCESS",0.276187210697754,0.642288982782044,0.0329279193536928,0.529155808982865,1.16209862097676,39,"107272/14660/14718/12752/109900/108037/20768/11898/27364/70396"
"GOBP_ANTIBACTERIAL_HUMORAL_RESPONSE",0.275639909454989,0.642288982782044,0.0332733305648578,0.540896641092053,1.16671302931524,33,"15018/11820/14109/12010/68024/67248/15040"
"GOBP_APPENDAGE_MORPHOGENESIS",0.277795375356351,0.642288982782044,0.046545782323203,-0.363058624536098,-1.08480917667195,113,"58198/433759/56758/18027/18129/20481/16795/74155/230857/242291/233812/12162/17701/20682/140482/19164/12125/16973/244585/19206/277939"
"GOBP_CAMP_MEDIATED_SIGNALING",0.27502850627138,0.642288982782044,0.0389670906894879,-0.494211022093883,-1.14875022628261,25,"18576/238871/18574/207728/18578/217648"
"GOBP_HEMATOPOIETIC_PROGENITOR_CELL_DIFFERENTIATION",0.278214847661279,0.642288982782044,0.0293642850311057,0.451451330633663,1.13026724998841,126,"19106/56417/19264/56193/67138/19241/244059/21973/16889/226562/70103/11774"
"GOBP_INORGANIC_ANION_TRANSPORT",0.273620892018779,0.642288982782044,0.0301361626814606,0.460521989651561,1.13472742275219,110,"18605/11732/20496/29876/12257/18173/83704/26373/22228/117160"
"GOBP_KIDNEY_EPITHELIUM_DEVELOPMENT",0.278013148283419,0.642288982782044,0.0297639268989764,0.456814188289757,1.13014134488932,113,"20846/71602/114249"
"GOBP_MAMMARY_GLAND_DEVELOPMENT",0.275791324736225,0.642288982782044,0.0299683501934778,0.460008898245156,1.13382781336961,109,"12977/246728/22436/16000/18854/15251/20602/21934/14104/17709/384783/15902/17977/14775/12333/68585/20779/22282"
"GOBP_NEGATIVE_REGULATION_OF_INTRINSIC_APOPTOTIC_SIGNALING_PATHWAY_BY_P53_CLASS_MEDIATOR",0.278513145965548,0.642288982782044,0.033872889366735,0.577298639790768,1.17611322162202,22,"12505/16149/17319"
"GOBP_NEGATIVE_REGULATION_OF_SMOOTH_MUSCLE_CELL_MIGRATION",0.277040701596582,0.642288982782044,0.0384965220571916,-0.502033780871624,-1.14832541008057,23,"214968/211770/17260/18015/23789/54608"
"GOBP_ORGANIC_ANION_TRANSPORT",0.275353486104339,0.642288982782044,0.0267103890251755,0.406966227647151,1.1045975188024,325,"16592/11816/227659/11520/11732/227731/20496/19156/11539/14580/107508/14077/21366/94245/18438/245944/18173/234967/72055/73822/625098/16176/66437/17319/68066/21934/56356/22228/26457/384783/12752/117160/319352/213053/58207/55951/12894/14276/102857/21926/11739/18023/72027/67283/18000/105727"
"GOBP_PHOSPHATIDYLCHOLINE_METABOLIC_PROCESS",0.277323298429319,0.642288982782044,0.031940289716243,0.505295289031908,1.15310639454945,54,"16592/241274/14077/20778/100434/18606/13167/11812/13026"
"GOBP_PHOSPHATIDYLINOSITOL_MEDIATED_SIGNALING",0.276353911299309,0.642288982782044,0.0383545810309316,-0.508169288143012,-1.15394540483021,22,"30955/224860/107650/234779/18706/18803"
"GOBP_PLACENTA_DEVELOPMENT",0.27485549132948,0.642288982782044,0.0297735904630718,0.455532121986253,1.13302344867513,118,"28088/13030/20750/15251/217039/12215/11545/11546/17977/20655/76457/16477/19143/23950/19242/21425/24075/56274/13819/192195"
"GOBP_POSITIVE_REGULATION_OF_BINDING",0.278432621854094,0.642288982782044,0.0313516935231715,0.490983059772093,1.14328338121849,65,"16000/16765/226695/59022/18793/209200/67025/80285/208643/14958/16341/193385/22284/19384/64383/19645/227737/320209/56347/14339/15925/57441/211286/170822/22166/170930/76089/100040462/18102/21844"
"GOBP_POSITIVE_REGULATION_OF_CELLULAR_RESPONSE_TO_INSULIN_STIMULUS",0.278816482120167,0.642288982782044,0.033872889366735,0.582260975426417,1.17955108952048,21,"13033/237542/20660/72674"
"GOBP_POSITIVE_REGULATION_OF_EXTRINSIC_APOPTOTIC_SIGNALING_PATHWAY",0.278318219291014,0.642288982782044,0.0320199517941431,0.511033822097118,1.15890731565889,51,"18611/19264/11820/18854/58801/11910/21926/19766/80707/21944/56274/74256/21825/24105"
"GOBP_POSITIVE_REGULATION_OF_INTERLEUKIN_12_PRODUCTION",0.278767952933033,0.642288982782044,0.0329279193536928,0.534497923210545,1.16354081061065,36,"56644/14991/24088/15018/12775/15900/15510"
"GOBP_PROGRAMMED_NECROTIC_CELL_DEATH",0.276385224274406,0.642288982782044,0.0321575963221479,0.511963246277327,1.15954138763271,50,"58203/58800/12257/268749/12633/11796/11545/21926/11739/18081/56312/19766/110095/56449/217837/26926/74256/24105"
"GOBP_PROSTANOID_BIOSYNTHETIC_PROCESS",0.277047704770477,0.642288982782044,0.0338338510521825,0.570931012553175,1.17150251753947,23,"16592/16149/16176/17319"
"GOBP_PROTEIN_DEPOLYMERIZATION",0.274153349948688,0.642288982782044,0.0300865867806047,0.459485166230025,1.1340497143106,111,"65973/56193/16765/18008/28006/20740/213556/217124/171580/12332/231580/20401/104015/73804/12631/225115/20742/63873/12343/22388/56431/227753/12345/74392/11789/19230/14168/110253/67886/17754/20877/50876/75786/17318"
"GOBP_PROTEIN_TRANSMEMBRANE_IMPORT_INTO_INTRACELLULAR_ORGANELLE",0.27692569870484,0.642288982782044,0.0327583599171015,0.526483217075702,1.16232138909107,41,"15525/15510/67952/66169/67067/15519/22284/68729/66887/21856/66148/26926"
"GOBP_PROXIMAL_DISTAL_PATTERN_FORMATION",0.275340061430452,0.642288982782044,0.038091938319143,-0.54471639010013,-1.16959223009235,17,"269941"
"GOBP_RAB_PROTEIN_SIGNAL_TRANSDUCTION",0.278210549744046,0.642288982782044,0.0381789851736003,-0.512713546258134,-1.1538358623311,21,"270160/19338/12488/77407"
"GOBP_REGULATION_OF_DENDRITIC_SPINE_DEVELOPMENT",0.278483099752679,0.642288982782044,0.0320085432323416,0.510827297880042,1.15349794141302,49,"11816/50772/108100/94245/12631/66225"
"GOBP_REGULATION_OF_ENDOPLASMIC_RETICULUM_STRESS_INDUCED_INTRINSIC_APOPTOTIC_SIGNALING_PATHWAY",0.27565156139939,0.642288982782044,0.0395665955216664,-0.463371772535689,-1.13450654290186,33,"26943/109815/22433/17973/13666/193740/110213/13198/12913/66725/64209"
"GOBP_REGULATION_OF_ENDOTHELIAL_CELL_DIFFERENTIATION",0.273787313432836,0.642288982782044,0.0395665955216664,-0.472490577073628,-1.14082372005111,31,"22344/26365/16456/67888/21937"
"GOBP_REGULATION_OF_LIPID_BIOSYNTHETIC_PROCESS",0.27826941986234,0.642288982782044,0.0290310963363371,0.443400492633175,1.12385398671594,146,"16592/11816/11307/11928/12266/14077/12257/18753/20778/16149/67815/73212/16176/11813/26457/11812/20280/21926/22040/20787/64383/218461/18590/15559/57875/212980/11305/53357"
"GOBP_REGULATION_OF_POSTSYNAPTIC_NEUROTRANSMITTER_RECEPTOR_INTERNALIZATION",0.276590960197886,0.642288982782044,0.038532213432583,-0.502102171818558,-1.14848184390072,23,"16416/67979/18222"
"GOBP_RESPONSE_TO_ALCOHOL",0.277507558827396,0.642288982782044,0.0278939167317266,0.426502357213506,1.11499378187573,205,"19219/13058/19264/73158/19896/12091/20318/12257/22329/67041/217124/20104/11513/104111/14683/12775/107476/11303/11991/13435/235283/17711/20302/55949/21934/17719/16889/11545/12018/12894/21926/12315/14360/68603/13057/12514/224008/18023/20787/11655/20655/12048"
"GOBP_THYMOCYTE_APOPTOTIC_PROCESS",0.278271918678526,0.642288982782044,0.0339120353192238,0.584193079490509,1.17832603034631,20,"15251/11501/12018/50883/16453/12028/170770"
"GOBP_WOUND_HEALING_SPREADING_OF_EPIDERMAL_CELLS",0.278614796492017,0.642288982782044,0.0383722519522341,-0.501269516291343,-1.14657727186557,23,"19211/16410/16416/76499"
"GOBP_B_CELL_ACTIVATION",0.280699498521281,0.643356853421964,0.0273045097934502,0.418773116244952,1.10919356570933,239,"15951/12483/21985/69550/16852/19264/18751/18518/16186/330177/226695/12266/227525/22329/12575/107823/18753/12053/22177/231130/16149/15900/74748/15510/58194/17079/17319/80859/384783/15902/12018/56743/13026/21929/27060/11920/17387/75725"
"GOBP_HINDBRAIN_DEVELOPMENT",0.280660377358491,0.643356853421964,0.0478750052522856,-0.354274463007208,-1.08070210277735,130,"11350/22142/17257/18479/26395/12569/98985/99683/17125/14366/11909/12928/19280/12929/67453/50768/56088/16658/73750/12846/22059/12162/12805/68703/246179/68151/319757/78286/234734/213827/19164/15205/108147"
"GOBP_IMMUNE_SYSTEM_DEVELOPMENT",0.280715919795451,0.643356853421964,0.0281050290912532,0.431475231880711,1.11488260740485,177,"14964/56417/56045/14991/19264/15018/97165/227525/107823/18034/18566/12053/76178/15510/80859/21934/16889/15040/15902/13026/21929/14990/12442/11920/18733/16365/20655/12487/16881"
"GOBP_IMPORT_INTO_NUCLEUS",0.28005708169818,0.643356853421964,0.0494468248226716,-0.343914911837159,-1.07512011471132,155,"21803/56338/17127/29810/22433/433693/108705/328572/20963/16211/238799/11651/15568/19069/18708/19055/76582/26416/66810/11909/16648/69482/13557/18141/16646/227720/107939/15163/18015/22059/66725/16480/26356/170762/319757/72993/18760/18412/19164/24069/228607/77938/110379/234865"
"GOBP_MIRNA_MEDIATED_GENE_SILENCING_BY_INHIBITION_OF_TRANSLATION",0.280824923211935,0.643356853421964,0.0376640196158781,-0.541621863564935,-1.16294779225798,17,"13209/213988/19653"
"GOBP_MULTICELLULAR_ORGANISM_GROWTH",0.280733688042565,0.643356853421964,0.028813567878678,0.440664987609814,1.11901595811106,149,"12977/16000/227731/11820/101476/29876/320790/227331/14683/76178/71175/14232/71371/109901/18810/11920/22589/20397/20655/15078"
"GOBP_POSITIVE_REGULATION_OF_DNA_TEMPLATED_TRANSCRIPTION_ELONGATION",0.280636604774536,0.643356853421964,0.041953199874439,-0.40593187739414,-1.11097881054876,62,"77305/26395/66213/70802/234959/108098/214498/228880/217127/106583/68092/12455/68975/19045/13716/70625/16825/433702/268741/56771/107951/67381/20933/69562/80509/28077/381379"
"GOBP_REGULATION_OF_MICROTUBULE_BASED_MOVEMENT",0.279752704791345,0.643356853421964,0.0327102905769373,0.529501897613368,1.15954441725576,38,"18518/16783/52822/18648/66061/11789/20869/16578"
"GOBP_RESPONSE_TO_CHEMOKINE",0.279912184412733,0.643356853421964,0.030955342541651,0.486405254690777,1.14239382670169,70,"16948/20496/20293/55985/15251/54199/20305/20303/12775/17329/20302/20304/15945/20308/232341/20296/193385"
"GOBP_RESPONSE_TO_MURAMYL_DIPEPTIDE",0.281677301731996,0.644915410440759,0.0337560952568549,0.585932523885639,1.17444202181739,19,"22352/59079/56174/21929/18035"
"GOBP_NEGATIVE_REGULATION_OF_VASCULAR_ASSOCIATED_SMOOTH_MUSCLE_CELL_PROLIFERATION",0.282439350100156,0.646265374954447,0.0378508203711828,-0.511429851272231,-1.15094697179595,21,"19211/17260/18569/12576"
"GOBP_MATERNAL_PROCESS_INVOLVED_IN_FEMALE_PREGNANCY",0.282942466677915,0.647021577247605,0.0321460733293198,0.517529709235358,1.15221746380505,44,"13030/20750/11513/12215/11545/11546"
"GOBP_DEVELOPMENTAL_CELL_GROWTH",0.284237040965133,0.649447188391158,0.0276204219915108,0.426442744512777,1.11077843054196,195,"11816/24136/20750/16000/18186/14268/11820/18187/52822/18080/70834/29875/20354/20403/71653/11546/66225/16885/54214/22284/68585/73205"
"GOBP_REGULATION_OF_HAIR_CYCLE",0.28434974283615,0.649447188391158,0.0337173767448511,0.595440971076182,1.17297996734075,17,"71175/15442/320713/21926/18626"
"GOBP_POSITIVE_REGULATION_OF_POST_TRANSLATIONAL_PROTEIN_MODIFICATION",0.284534038334435,0.649472335978966,0.047017692971269,-0.357216099781508,-1.07814998989327,123,"54354/16792/108705/105171/269523/50995/11863/67819/22034/56371/56085/93765/76273/11798/78246/67245/244666/102323/13205/12151/83945/229615/114893/56469/56637/240354/54473/66725/22187/56812/233805/216080/93836/99982/12952/208727/66647"
"GOBP_AMINE_BIOSYNTHETIC_PROCESS",0.286902654867257,0.649991376380413,0.03280659560828,0.548651126565643,1.15641218624904,28,"18245/11977/20229/11669/14528"
"GOBP_AMINO_ACID_BIOSYNTHETIC_PROCESS",0.286279683377309,0.649991376380413,0.0314827597042554,0.50707436300826,1.14846859572624,50,"107272/14660/14718/12752/109900/108037/20768/105727/11898/27364/70396"
"GOBP_CYTOPLASMIC_TRANSLATIONAL_INITIATION",0.287102177554439,0.649991376380413,0.0317263630408613,0.510380993986802,1.14418847237963,46,"56726/13669/22121/75705/68135/73830/67204/54709/208643/26905/13681/217869/16341/66085/78655/98221/66405/56347"
"GOBP_LONG_CHAIN_FATTY_ACID_IMPORT_INTO_CELL",0.285714285714286,0.649991376380413,0.0338208621100742,0.598985771844152,1.16984042300637,16,"107508/14077/26457/384783/20525/21825/11652"
"GOBP_NEGATIVE_REGULATION_OF_CELL_DEVELOPMENT",0.286644103098152,0.649991376380413,0.0271533734336666,0.420591522872043,1.10721795410633,223,"14190/20750/16000/14991/16852/18186/15018/330177/16768/12257/12010/12053/16149/52822/20302/16176/12515/20660/18536/15902/12631/229473/21926/18733/70827/64383/68585/12262/13610/15526/14130/19645/17869/19242/12571/12400"
"GOBP_NEGATIVE_REGULATION_OF_SMOOTH_MUSCLE_CELL_PROLIFERATION",0.286316855070019,0.649991376380413,0.0319176135859475,0.514739067330795,1.14600443626231,44,"11816/15368/12575/21929/11629/16160"
"GOBP_PLATELET_DERIVED_GROWTH_FACTOR_RECEPTOR_SIGNALING_PATHWAY",0.285783994795055,0.649991376380413,0.0312542145615791,0.499424101108117,1.14201836181613,55,"16948/18186/101476/71602/121021/16971/16176/29875/71371/75725/20397/18590/20779/19247/19271/16177"
"GOBP_POSITIVE_REGULATION_OF_BONE_MINERALIZATION",0.286192869107442,0.649991376380413,0.0391519644289041,-0.447776689389685,-1.12566963432927,38,"11555/17127/231633/11689/17260/381629/17002/11480/11481/105722/12162/212943/20181/18439"
"GOBP_POSITIVE_REGULATION_OF_CYTOKINE_PRODUCTION_INVOLVED_IN_INFLAMMATORY_RESPONSE",0.287035358114234,0.649991376380413,0.0332733305648578,0.572362540425935,1.16605705428318,22,"56644/15251"
"GOBP_POSITIVE_REGULATION_OF_G_PROTEIN_COUPLED_RECEPTOR_SIGNALING_PATHWAY",0.286764705882353,0.649991376380413,0.0382139433709702,-0.475255908568913,-1.12903499967659,28,"19735/18750/16416"
"GOBP_PROTEINOGENIC_AMINO_ACID_BIOSYNTHETIC_PROCESS",0.287189359467973,0.649991376380413,0.0325670705681411,0.540567463159057,1.15892444715672,31,"107272/14660/14718/12752/109900/108037"
"GOBP_REGULATION_OF_LONG_TERM_SYNAPTIC_POTENTIATION",0.285616320932625,0.649991376380413,0.032273358157783,0.52379075898814,1.1503162364796,39,"11816/11820/11539/22177"
"GOBP_REGULATION_OF_PEPTIDYL_TYROSINE_PHOSPHORYLATION",0.284969829950631,0.649991376380413,0.0423801883503758,-0.395792875317115,-1.10277282321728,69,"320664/21803/11350/242248"
"GOBP_SENSORY_PERCEPTION",0.286246693916807,0.649991376380413,0.0258111331089998,0.40050773258014,1.093317217905,350,"16592/67775/11539/66218/15211/270163/18438/12010/320790/104111/14683/20720/15451/12289/20302/71175/67671/14051/18796/20296/19063/21926/14360/18738/20719/14775/193385/13367/20909/545205/20655/76524/17035/22388/110695/17869/14297/14913/227399/12772/16328/241062/17196/74143/110253/13819/16513/50769"
"GOBP_INTERLEUKIN_1_MEDIATED_SIGNALING_PATHWAY",0.287364368218411,0.649994962029333,0.0325552018895575,0.540238277750267,1.15821870542438,31,"58203/16181/231130/16176/18035/266632/26409/108960/16177"
"GOBP_POSITIVE_REGULATION_OF_STRESS_FIBER_ASSEMBLY",0.287782575565151,0.650156174332843,0.0403698748306891,-0.4232938627326,-1.11345323609691,49,"11350/17127/19303/18479/21812/16423/72754/12540/19353"
"GOBP_REGULATION_OF_LIPID_CATABOLIC_PROCESS",0.287716405605936,0.650156174332843,0.0313843421610407,0.506872336630827,1.1445672525515,49,"80885/11539/18753/20778/16176/20660/11813/384783/11812/12894/21926"
"GOBP_ACUTE_INFLAMMATORY_RESPONSE_TO_ANTIGENIC_STIMULUS",0.288618624069704,0.651434810739286,0.0331861768896912,0.577661481609425,1.16515170139029,20,"12266/14127/12775/15040/246256/14130"
"GOBP_REGULATION_OF_MITOTIC_NUCLEAR_DIVISION",0.288696163457298,0.651434810739286,0.0291873863885422,0.455518416082001,1.12175972573754,108,"17345/16000/16319/75430/108989/16176/108000/68612/83946/21926/66977/11920/18023/12487/24010/66468/19645/11789/52276/66077/18817/20877/68501/19134/108912/18005/218977/30839/67629/268697/59008/67052/108907/71890/16175/12236/11799/235661/52696/76464"
"GOBP_ORGANOPHOSPHATE_ESTER_TRANSPORT",0.288988890451413,0.651476999398677,0.0283716689736199,0.440788045805801,1.11637003358999,145,"11816/11732/227731/67963/11307/75909/66494/11982/20778/11303/50771/11980/237542/11813/71795/13167/56356/11812/76295/20280/18738/11739/66390/67283/18739/320940"
"GOBP_OSTEOBLAST_PROLIFERATION",0.2890625,0.651476999398677,0.0327222923721584,0.550073640353809,1.15292596073086,27,"19106"
"GOBP_IMPORT_INTO_THE_MITOCHONDRION",0.289365210222589,0.651767312448475,0.0312758163082445,0.504542585802232,1.14418668288562,51,"15525/69029/68066/67952/22228/66169/67067/15519/15526/21856/67681/68514/66148/94280/22333/19165/71701/234847/21854/66972"
"GOBP_NEURAL_TUBE_FORMATION",0.290264150943396,0.653399422063573,0.0295721176973961,0.464361824394259,1.12294169061331,93,"20115/24136/17769/21815/15251/225164"
"GOBP_NEUTROPHIL_CHEMOTAXIS",0.290521327014218,0.653585794507376,0.0303969601030789,0.483228790213325,1.13010243945441,68,"16854/12986/55985/14127/227541/76763/18717/12775/16149/17329/20302/12215/16176/17524/15945/140497/16414/12267"
"GOBP_REGULATION_OF_CARDIAC_MUSCLE_CELL_PROLIFERATION",0.290913252460517,0.653682775912481,0.0378166850142061,-0.482399863060845,-1.13105575807267,26,"21812/232334/26416/17260"
"GOBP_REGULATION_OF_PROTEIN_EXPORT_FROM_NUCLEUS",0.290833907649897,0.653682775912481,0.0320199517941431,0.524837823386998,1.14699201849388,37,"20684/67628/108989/16176/22627/16589/19247/14456/72826"
"GOBP_RESPONSE_TO_PH",0.291150442477876,0.653823761777759,0.0325196565804493,0.546700258434307,1.15230026963827,28,"14744/13040/26373/52055/14466"
"GOBP_VASCULAR_WOUND_HEALING",0.291340018231541,0.65385771756396,0.0330872308718024,0.57939835448809,1.16134494526792,19,"20496/15442/18787/21929/22340/21926/12490/16542"
"GOBP_NUCLEOBASE_CONTAINING_COMPOUND_TRANSPORT",0.292046396023198,0.654267718048384,0.0524048161202553,-0.330385638625693,-1.05968180258278,204,"19317/23881/228875/20383/71279/15242/63959/73192/12946/16211/16423/110172/19069/230125/70579/20492/11416/73826/66874/69482/230082/66679/18141/74102/241296/170676/67843/54387/109095/215436/11666/227720/107939/60365/73836/72124/17250/15463/68092/243328/239273/192170/170762/24060/14251/432508/268859/18439/56392/110379/234865/66511/229782/268420/66069/69912/433702/225027/20509/338363/22232"
"GOBP_REGULATION_OF_SKELETAL_MUSCLE_TISSUE_DEVELOPMENT",0.292045202747618,0.654267718048384,0.0370359303299504,-0.528665021384567,-1.14853138809824,18,"21803/16002/17260/14251"
"GOBP_TUBE_CLOSURE",0.291910181482621,0.654267718048384,0.0298123151023384,0.468956328711533,1.11984092704834,82,"20115/24136/17769/21815"
"GOBP_NUCLEIC_ACID_CATABOLIC_PROCESS",0.292242424242424,0.654315774229753,0.0255994714082393,0.401381873720482,1.09220303031329,334,"246728/327762/56489/22352/78781/72446/229663/18148/73158/19877/18458/17454/245944/18753/18173/230753/276950/227331/13555/237886/11991/13164/57444/17164/70640/11783/50755/67673/326622/70439/11810/103677/319885/68510/22608/214290/380773/74645/381633/16341/11920/20823/22040/233908/66870/68544/619605/13211"
"GOBP_PROTEIN_DESTABILIZATION",0.292423456149455,0.654330217103378,0.0404909326266485,-0.412160100131403,-1.10529585001209,55,"218203/75841/22433/54396/50789/328572/67819/19358/20437"
"GOBP_REGULATION_OF_OSTEOBLAST_PROLIFERATION",0.292709270927093,0.654578966249847,0.0327463270264009,0.563658429646634,1.15657978782835,23,"19106"
"GOBP_VASCULAR_ENDOTHELIAL_GROWTH_FACTOR_RECEPTOR_SIGNALING_PATHWAY",0.292940793754066,0.654706079302469,0.0307874726068993,0.495033201067777,1.13197782020062,55,"26362/18186/16402/18751/15251/17164/16176/20529/22340/14360"
"GOBP_SMOOTH_MUSCLE_CELL_PROLIFERATION",0.293500143802128,0.65556527948175,0.028493900981703,0.446773358312204,1.1143016518878,121,"20846/11816/16000/15368/17390/12575"
"GOBP_RESPONSE_TO_ETHER",0.293692022263451,0.655603156309359,0.0332733305648578,0.594748408957264,1.16156470323966,16,"73158/11991/16889/16409/12631"
"GOBP_SKELETAL_MUSCLE_ADAPTATION",0.293990488543018,0.655878780392399,0.0363710691140797,-0.554713478194353,-1.15739134605764,15,"65256/11938/19055"
"GOBP_REGULATION_OF_AMIDE_METABOLIC_PROCESS",0.294520547945205,0.656670442414414,0.0302960517152991,0.484385872750303,1.12792143718664,65,"11816/212167/16000/11307/19877/18753/18655/20660"
"GOBP_AORTIC_VALVE_MORPHOGENESIS",0.294990723562152,0.6569371550273,0.0377996460819896,-0.468770876452921,-1.12650726165857,30,"21803/18018/17126"
"GOBP_IMMUNOGLOBULIN_PRODUCTION",0.294966190833959,0.6569371550273,0.0291966379375075,0.460743843921549,1.1171886220331,95,"12483/56045/19264/14751/16186/107823/12053/15510/80859/15040/13026/21926/22040/20909/12487/14130"
"GOBP_POSITIVE_REGULATION_OF_RNA_SPLICING",0.295754377548573,0.658246678772002,0.0384787074328044,-0.441460379327877,-1.11546243510134,39,"13548/19655/28000/18708/66810/67760/193740/50912/20462/19656/12696/22185/78943/433702/27374"
"GOBP_MICROTUBULE_NUCLEATION",0.296034352109118,0.658478784394644,0.0396048414388488,-0.423013022384932,-1.10970020366479,48,"72948/17257/18479/76499/68475/328580/15511/193740"
"GOBP_CALCIUM_IMPORT_INTO_THE_MITOCHONDRION",0.29721706864564,0.660717421876547,0.0330380185456275,0.593026260897868,1.15820128709693,16,"69029/22228/15526/68514/22333/19165/234847/66972/216001/66815"
"GOBP_ENSHEATHMENT_OF_NEURONS",0.297836706210747,0.66079942035986,0.0277026891172911,0.434099140661559,1.1045519008216,152,"16411/13011/16000/13823/12527/15211/230598/14420/17937/18557/17936/15461/18823/21926/18810/66190"
"GOBP_LEUKOCYTE_MEDIATED_CYTOTOXICITY",0.297662795825371,0.66079942035986,0.0286350112764332,0.451731133708617,1.11243316354714,108,"14964/14991/54725/19264/15018/18477/16768/69582/13036/12010/16783/22177/17101/19294/55960/15040/16573/16409/75345/15006/246256/14990/53331/15452/18733/71740/20911/16160/17057/14130"
"GOBP_POSITIVE_REGULATION_OF_PLASMA_MEMBRANE_BOUNDED_CELL_PROJECTION_ASSEMBLY",0.297922848664688,0.66079942035986,0.0431970245986141,-0.368131525260095,-1.07514484636208,94,"70839/242687/14086/23999/21812/18708/234776/73178/12540/19353/20430/68112/56637/231225/232906/228880/56044/27260/102774/18439/235072/18706/104215/104445"
"GOBP_SLEEP",0.297959183673469,0.66079942035986,0.0329889785720029,0.592165460534821,1.15652011350623,16,"11539/11545"
"GOBP_DNA_CONFORMATION_CHANGE",0.29845031905196,0.660834785011505,0.0326146469032976,0.575765650440661,1.15406356027527,19,"327762/97165/21973"
"GOBP_FIBROBLAST_APOPTOTIC_PROCESS",0.298504079782412,0.660834785011505,0.0370521271336964,-0.488782851155811,-1.12573310884599,24,"30955/98267/12122/11800/22059/18706/12125"
"GOBP_NEGATIVE_REGULATION_OF_SMOOTHENED_SIGNALING_PATHWAY",0.298260869565217,0.660834785011505,0.031715195601615,0.52604974041017,1.14149286569937,35,"18605/14694/20720/70790"
"GOBP_PROTEIN_IMPORT_INTO_MITOCHONDRIAL_MATRIX",0.298821396192203,0.661146749072242,0.032484202040503,0.566346903616132,1.15380157765318,22,"15525/67952/66169/67067/15519/21856/66148"
"GOBP_BLOOD_VESSEL_REMODELING",0.299812829675004,0.661394878602977,0.0312003598142687,0.511133424384011,1.13062713369562,42,"26362/16000/320790/11977"
"GOBP_CELLULAR_PROCESS_INVOLVED_IN_REPRODUCTION_IN_MULTICELLULAR_ORGANISM",0.299373040752351,0.661394878602977,0.0585444411550859,-0.313030758360223,-1.04672644440778,297,"67374/15212/104156/19317/13209/231633/22022/17257/56484/11727/213541/19821/11651/23991/76867/13831/14366/22764/70375/16002/83964/67773/81601/69993/51792/23885/15463/19336/54608/20853/68911/17129/102774/381022/241846/15247/66193/24069/18706/13382/223499/66983/68183/12142/103583/11477/13018/13626/19206"
"GOBP_CELLULAR_RESPONSE_TO_KETONE",0.300512665862485,0.661394878602977,0.0289218815695838,0.459480771415793,1.11250013971034,94,"19219/20750/73158/245944/104111/14683/12775/107476/12633"
"GOBP_DENDRITIC_CELL_CHEMOTAXIS",0.300423445509249,0.661394878602977,0.0365580174075411,-0.498756743164974,-1.13257149798737,22,"30955/12774/321019"
"GOBP_POSITIVE_REGULATION_OF_SMALL_GTPASE_MEDIATED_SIGNAL_TRANSDUCTION",0.29973474801061,0.661394878602977,0.0404302882705214,-0.400134073770071,-1.09511103239984,62,"14766/30955/21817/16410/16456/244418/26395/109689/233489/18129/19353/12928/93687/12929"
"GOBP_REGULATION_OF_GLYCOPROTEIN_METABOLIC_PROCESS",0.300521739130435,0.661394878602977,0.0315708415605313,0.524298367301952,1.1376925028161,35,"16000/20652/51801/16432/12775/76457/11305/56321/16453/12387"
"GOBP_REGULATION_OF_NUCLEAR_DIVISION",0.3002849002849,0.661394878602977,0.0279190692869019,0.44107570973589,1.10664584263031,128,"17345/16000/16319/13164/75430/108989/16176/108000/68612/83946/19362/21926/66977/11920/18023/64383/12487/24010/66468/19645/11789/52276/66077/18817/20877/68501/19134/108912/18005/218977/30839/67629/268697/59008/67052/108907/71890/16175/12236/11799"
"GOBP_RNA_POLYMERASE_II_PREINITIATION_COMPLEX_ASSEMBLY",0.299974404914256,0.661394878602977,0.0396048414388488,-0.411756345369093,-1.10032428562364,53,"12912/66213/21374/21343/229906/13982/234959/108098/22059/68975/21833/71902/24074/70625/56771/63856/67381/67089/20933/80509/28077/381379/66464/15289"
"GOBP_SERINE_FAMILY_AMINO_ACID_METABOLIC_PROCESS",0.300160227879651,0.661394878602977,0.032042797307718,0.552286743994867,1.14765810329505,25,"107272"
"GOBP_POSITIVE_REGULATION_OF_OSTEOBLAST_DIFFERENTIATION",0.301388147357181,0.662912427403001,0.0404504773231687,-0.398253551155256,-1.09240611941315,63,"16194/231633/16195/12609/17125/19055/320799/17260/381629/17002/11480/11481/12162/16202/17129/212943/18760/16478/12606"
"GOBP_PROTEIN_DNA_COMPLEX_ORGANIZATION",0.302340787236825,0.664617753996258,0.0263118666274004,0.416650312613615,1.09347146423624,213,"18148/20588/65019/97165/68094/68024/70472/244059/12615/67628/270627/93762/544971/320817/53605/80859/108000/229841/13163/114741/20892/56702/50927/20586/53890/14958/99730/22589/116848/233532/80838/15078/72308/104248/319153/26886/107970/19645/17869/57376/15270/217578/170644/24075/56086/319149/216154/17216/66999/93696/52504/107435/319181/14957/57441/69790/218977/72155/50709/12648/235626/110749/21340/319150/360198/67955"
"GOBP_BLASTOCYST_GROWTH",0.303140315846796,0.6650323680648,0.032226936967927,0.567243090317995,1.14912768233789,21,"16000/14824/68510/12848/76246"
"GOBP_POSITIVE_REGULATION_OF_CELL_DEVELOPMENT",0.303206650831354,0.6650323680648,0.024643400592836,0.394497182631939,1.08266600529296,382,"12977/56644/26362/24136/16854/14744/14991/16852/19264/18186/15018/14268/14580/13047/20588/17158/12522/16186/68094/108100/230598/15251/12257/13555/26992/12053/20720/67095/22177/16149/11776/52822/18080/16176/53605/80859/21934/20354/13655/11501/15902/11774/66923/71653/20586/21926/16885/54214/216984/243910/18733/17387/64383/16169/67155"
"GOBP_REGULATION_OF_B_CELL_ACTIVATION",0.303034682080925,0.6650323680648,0.0280117156497292,0.444016600315009,1.10438143761264,118,"15951/12483/19264/16186/226695/12575/107823/12053/22177/231130/16149/74748/58194/17319/384783/15902"
"GOBP_SENSORY_PERCEPTION_OF_SMELL",0.303239145416954,0.6650323680648,0.0312218761245743,0.519224492877227,1.13472452365075,37,"12010/104111/14683/545205"
"GOBP_CELL_SUBSTRATE_ADHESION",0.30373023715415,0.66533075911967,0.0252680562881312,0.402519129174684,1.0863687072246,305,"16411/12977/26362/12505/14538/23790/12306/18186/14268/16402/11502/28006/19877/12512/58800/114249/22329/20612/54126/12053/12775/50932/380924/15442/16409/16414/18787/17123/16419/21894/12631"
"GOBP_MATURATION_OF_SSU_RRNA_FROM_TRICISTRONIC_RRNA_TRANSCRIPT_SSU_RRNA_5_8S_RRNA_LSU_RRNA",0.303652173913043,0.66533075911967,0.0313734505893443,0.522036450435858,1.13278429401547,35,"20055/66481/20085/20116/75416/213895/72515"
"GOBP_ASTROCYTE_DIFFERENTIATION",0.303917015017805,0.665351035214212,0.0291966379375075,0.465947930616483,1.10797420172708,80,"24136/22352/14824/11820/14580/245944/20720/16971/16176/15902/18823/21926/27419/72584/19247/12259"
"GOBP_CELLULAR_RESPONSE_TO_OXYGEN_RADICAL",0.304555473916238,0.665582458447849,0.032366670547296,0.582858775052709,1.14819385990509,17,"18477/11977/14528/20655"
"GOBP_DEOXYRIBONUCLEOSIDE_MONOPHOSPHATE_METABOLIC_PROCESS",0.304442429737081,0.665582458447849,0.0321230561705183,0.56344241807314,1.14788435628165,22,"22436/13178/21877"
"GOBP_PEPTIDYL_SERINE_MODIFICATION",0.304461942257218,0.665582458447849,0.0422667372169805,-0.372554298926276,-1.07491878033588,87,"215653/19211/59126/21812/19108/12569/54396/14426/11651/58184/18754/56637/224143/72050/14423/18763/18760/68304"
"GOBP_BIOLOGICAL_PROCESS_INVOLVED_IN_INTERACTION_WITH_SYMBIONT",0.305195989061076,0.665620195902335,0.032180671206004,0.571980439550225,1.14647649086037,19,"14268/15510/67067/14433/14775"
"GOBP_DETECTION_OF_MECHANICAL_STIMULUS_INVOLVED_IN_SENSORY_PERCEPTION",0.307290729072907,0.665620195902335,0.0318047908234536,0.555623745635209,1.14009329061579,23,"20720/15451/21926/14360/17869"
"GOBP_EMBRYONIC_EPITHELIAL_TUBE_FORMATION",0.305864884929473,0.665620195902335,0.0283282910897541,0.45273952080305,1.10788081556942,102,"20115/24136/17769/21815/15251/225164"
"GOBP_FATTY_ACID_DERIVATIVE_METABOLIC_PROCESS",0.306648575305292,0.665620195902335,0.0404302882705214,-0.393999260127896,-1.0885651887278,66,"15446/72759/23887/11689/11671/106529"
"GOBP_GOLGI_ORGANIZATION",0.307150050352467,0.665620195902335,0.0454734777155712,-0.349745094276162,-1.06449222773634,129,"66676/98910/67864/26395/270192/76499/19338/89867/97484/78287/217449/80289/386649/22631/19324/12540/68581/93687/22367/59021/56334/67511/67180/70231/320714/70361/104303/66725/53330/20932/26413/70675/338337/18760/207352/227648/59041/74498/229593/16834/73130/56389/27374/103694/640524"
"GOBP_MITOCHONDRIAL_TRANSMEMBRANE_TRANSPORT",0.307147165259349,0.665620195902335,0.0285290358596046,0.457186540319606,1.10694532093703,94,"15525/69029/170756/15510/68066/67952/22228/66169/67067/55951/12894/15519/11739/15526/18674/21856/67681/68514/66148/94280/26926/22333/19165/71701/11740/234847/21854/70456/66972/74777"
"GOBP_MYELOID_LEUKOCYTE_MIGRATION",0.305522128626822,0.665620195902335,0.0265133256279299,0.420793650188747,1.09213732014774,186,"12977/19219/16854/12986/11820/20293/12527/55985/14127/18438/17390/227541/20085/22121/76763/18717/20303/12775/16149/17329/20302/12215/74748/20304/16176/17524/15945/17319/21934/140497/11501/16414/18787/12267/20308/14276/22340/20296/193385/63873/17387/266632/68585/11629/18081"
"GOBP_POSITIVE_REGULATION_OF_IMMUNOGLOBULIN_PRODUCTION",0.307769423558897,0.665620195902335,0.0385679879229386,-0.420755198766462,-1.10075721749121,47,"21803/74131/27362/22433/16164/75698/20852/81897/12229"
"GOBP_POSITIVE_REGULATION_OF_POTASSIUM_ION_TRANSMEMBRANE_TRANSPORT",0.306799637352675,0.665620195902335,0.031974374159939,0.561542346882485,1.14401339817553,22,"16518/11933/192176/53416"
"GOBP_POSITIVE_REGULATION_OF_PROTEIN_POLYMERIZATION",0.3049786628734,0.665620195902335,0.0416455870120122,-0.377107176896896,-1.07777089054921,81,"72948/105855/17257/18479/12569/17973/14784/19353/22323/15511/101706/11845/193740/18754/207278/13589/12576/216963/67384/66616"
"GOBP_REGULATION_OF_DENDRITE_DEVELOPMENT",0.307669874599008,0.665620195902335,0.0420198810407943,-0.371838469094337,-1.07285341984455,87,"11350/13631/239420/17125/14366/19055/99152/22629/54633/12928/11845/12929/56637/12162/70237/13048"
"GOBP_REGULATION_OF_MITOTIC_SISTER_CHROMATID_SEGREGATION",0.304977228366949,0.665620195902335,0.0300371941845563,0.489883329268858,1.12020176025014,55,"16319/75430/108989/108000/66977/11920/56208/24010/66468/11789/12534/52276/18817/20877/19134/67629/268697/67052/71890/51810/12236/11799/235661/52696/76464/67141/74335/70385/30949/208628/17120"
"GOBP_REGULATION_OF_T_HELPER_17_CELL_DIFFERENTIATION",0.305366726296959,0.665620195902335,0.0318047908234536,0.552619512206446,1.14169814691041,24,"16852/12515/80859/243910/16477/16160/16453/74143/57261/16950/319817/230738"
"GOBP_RESPONSE_TO_MONOAMINE",0.306257668711656,0.665620195902335,0.0382139433709702,-0.428547432289281,-1.10531217206396,44,"21817/11350/14702/20887/56637/12846/19216/66725"
"GOBP_STRIATED_MUSCLE_CELL_PROLIFERATION",0.307385759829968,0.665620195902335,0.0398947010447969,-0.399586441358608,-1.08984291145906,61,"11350/21812/232334/17125/26416/20481/17260/16646"
"GOBP_TISSUE_MIGRATION",0.306247136092867,0.665620195902335,0.028813567878678,0.460362006975931,1.1032417947963,84,"24136/23790/11502/19877/13036/12512/15251/70097/18606/384783/72674/68585/26921/20779/19247/235041/76905/232227/212307/21754"
"GOBP_TOLL_LIKE_RECEPTOR_2_SIGNALING_PATHWAY",0.306024981631154,0.665620195902335,0.032273358157783,0.581781391114751,1.14607148365329,17,"24088/231130/83490/21929/21897/13057/16365/16859"
"GOBP_VESICLE_CARGO_LOADING",0.307745825602968,0.665620195902335,0.036890942579715,-0.464111080392147,-1.11530926629668,30,"55946/233489/235623/99683/19324/68581/20224/56334/69162/27054/66397/20932/16553/77371/110379"
"GOBP_LEUKOCYTE_HOMEOSTASIS",0.30876728449544,0.665642494427405,0.0279948214942274,0.447731526185294,1.10147728857601,107,"12977/80885/26362/383619/14127/15251/58801/16149/17319/16889/12018/21929/30954/12442/27060"
"GOBP_MACROPHAGE_MIGRATION",0.308845330258606,0.665642494427405,0.0300371941845563,0.492125863287997,1.11725122166165,52,"12977/16854/12527/18438/17390/22121/20302/74748/20304/17319/12267/20296/63873/17387/68585"
"GOBP_MICROGLIA_DIFFERENTIATION",0.308759757155247,0.665642494427405,0.0354121781823754,-0.538144266527733,-1.14161361192221,16,"21803/19317/14815/21898/17874/224109"
"GOBP_PROTEIN_EXIT_FROM_ENDOPLASMIC_RETICULUM",0.30861772649153,0.665642494427405,0.0380572582047922,-0.424716631637875,-1.10317622828006,45,"69981/109815/192193/89867/269523/67819/76867/226418/68889/67511/116891/70361/27061/64209/68366/20932/227648/110379/20338/11993"
"GOBP_REGULATION_OF_LONG_TERM_NEURONAL_SYNAPTIC_PLASTICITY",0.308349652839594,0.665642494427405,0.0315267296529834,0.54794109685076,1.13862779935742,25,"11820/20972/15461"
"GOBP_VESICLE_TETHERING",0.308069029850746,0.665642494427405,0.0369874447764411,-0.461278832859788,-1.11375307703107,31,"210998/102058/217449/211446/66682/70591/75914/59045/66975/320714/60409/53413"
"GOBP_RESPONSE_TO_ACTIVITY",0.309165743232547,0.665950118181372,0.0292895121847855,0.476438496669123,1.1122531535003,66,"227731/12306/14268/16402/15251/17390/67041/66437/12631/21926/13057/11565"
"GOBP_RUFFLE_ORGANIZATION",0.309504200296492,0.66629623360784,0.0299978112712157,0.491942740443561,1.11683548610105,52,"23790/56193/101476/18438/231532/12775/121021/20401/16332/15461/27060/11629"
"GOBP_NEGATIVE_REGULATION_OF_AUTOPHAGY",0.310204081632653,0.667036659758568,0.0418206516609176,-0.368985438847368,-1.06939087577475,89,"68652/13690/328572/237782/18145/171543/11651/100502698/22346/68441/20333/225020/78246/17425/320717/16154/72739/22059/94232/83669/66725/68837/100855/74370/224023/18706/232533/20539/230674/20848/74374/67811/17210/64704/210376/19720"
"GOBP_PROTEIN_QUALITY_CONTROL_FOR_MISFOLDED_OR_INCOMPLETELY_SYNTHESIZED_PROTEINS",0.310064935064935,0.667036659758568,0.0367314785613611,-0.462901304332145,-1.11240204320534,30,"433693/414872/269523/67013/210146"
"GOBP_REGULATION_OF_RELEASE_OF_SEQUESTERED_CALCIUM_ION_INTO_CYTOSOL_BY_SARCOPLASMIC_RETICULUM",0.310619469026549,0.667546886417147,0.0312758163082445,0.535736130550582,1.1291907734896,28,"65973/320790/109552/14873/12315/12313"
"GOBP_ENDOTHELIAL_CELL_CHEMOTAXIS",0.312855113636364,0.669333438595061,0.0312003598142687,0.539116912529569,1.12996122469097,27,"18186/19241/55985/18438/269608/13655/15370/16542/21825/14164/14173"
"GOBP_KINETOCHORE_ORGANIZATION",0.31276093664912,0.669333438595061,0.0316261823222395,0.561558409735384,1.13761158997074,21,"12615/70099/14211/108000/229841/20892/66977/26886"
"GOBP_MYELOID_LEUKOCYTE_DIFFERENTIATION",0.311949520178783,0.669333438595061,0.0258681820896116,0.41587106680743,1.08720068180113,205,"12977/54123/80752/24088/12306/17886/11820/18148/17342/330177/226695/14127/245944/12775/22177/16149/20302/12633/14389/21934/19698/14104/22228/11545/15902/11774/21926/216161/27060/233328/216984/18733/27419/74481/12262/16477/19766/16160/20779/630146/16859/14466/19645/17869"
"GOBP_NEGATIVE_REGULATION_OF_AXON_EXTENSION",0.312959558823529,0.669333438595061,0.0363401390516638,-0.465796949048491,-1.10656395583152,28,"214968/239667"
"GOBP_PLATELET_DERIVED_GROWTH_FACTOR_RECEPTOR_BETA_SIGNALING_PATHWAY",0.313058035714286,0.669333438595061,0.0320771367626586,0.587013479559219,1.13917926471393,15,"16948/16971/18590/20779"
"GOBP_REGULATION_OF_GLUCOSE_METABOLIC_PROCESS",0.312081513828239,0.669333438595061,0.0416455870120122,-0.370407282201358,-1.07094629058172,88,"320706/14815/244416/109815/328572/11651/230709/77781/16002/17425/56458/17978/11364/22059/27273/209011/68837/19045/16337/21416/12952/228026/12041/13194"
"GOBP_REGULATION_OF_OXIDATIVE_STRESS_INDUCED_INTRINSIC_APOPTOTIC_SIGNALING_PATHWAY",0.3125108150199,0.669333438595061,0.0307354380864671,0.517435019860153,1.12639682270433,36,"14694/15251/17390/11545/14360/14775/20655/12387/53610/268373"
"GOBP_SARCOMERE_ORGANIZATION",0.312554414069302,0.669333438595061,0.0308501798368687,0.524607174376349,1.12970496476342,32,"17929/75547/18810/11465/22388/13007"
"GOBP_WNT_SIGNALING_PATHWAY_PLANAR_CELL_POLARITY_PATHWAY",0.312883435582822,0.669333438595061,0.037748643821725,-0.426172776650824,-1.0991874456419,44,"11350/12540/19353/66313/75788/14369/13132/13544/11848"
"GOBP_PEPTIDYL_LYSINE_METHYLATION",0.313372520205731,0.669623834510308,0.0318160314817552,0.577530385350123,1.13769727891231,17,"52690/110147"
"GOBP_FIBRINOLYSIS",0.31373989713446,0.66964529297264,0.0317935593641976,0.577292556615695,1.13722877178114,17,"12306/18793/18787"
"GOBP_POSITIVE_REGULATION_OF_HORMONE_SECRETION",0.31358574610245,0.66964529297264,0.0278855433998514,0.449601422867035,1.10020170133057,102,"80885/20750/18751/15251/67041/384783/13722"
"GOBP_MRNA_TRANSPORT",0.314230521571153,0.670310754040228,0.0438807083118067,-0.354149481787254,-1.06187288203795,117,"19317/23881/20383/15242/19069/70579/20492/73826/66874/69482/66679/18141/170676/54387/109095/227720/107939/60365/72124/15463/68092/192170/170762/110379/234865/66511/268420/69912/433702/225027"
"GOBP_DENDRITIC_SPINE_DEVELOPMENT",0.314518475414606,0.670543370792914,0.0414508753284105,-0.372130336071931,-1.07142654604478,86,"19211/217692/13631/12569/77097/66610/18163/11843/73178/12540/19353/56376/11845/14270/19280/210293/13845/17260/224105/228880/66725/70237/216963/12322/13048/19164"
"GOBP_ACROSOME_REACTION",0.31539338654504,0.671263153191828,0.0360192234752379,-0.479285267168261,-1.11405661650514,25,"20910/14595/28105/54608"
"GOBP_AMINE_TRANSPORT",0.315167095115681,0.671263153191828,0.0386038458652974,-0.407158788821615,-1.08926092592362,54,"19735/11542/110355/68682/20910/67760/54393/30931"
"GOBP_REACTIVE_OXYGEN_SPECIES_METABOLIC_PROCESS",0.315381531471335,0.671263153191828,0.025961440532814,0.417878089871109,1.08441755007262,187,"56644/13058/11820/18477/268396/12257/12575/18753/58801/11977/22177/14778/12633/16889/11758/22228/16409/14528/16414/67067/53381/11983/21926/14360/17972/14775/13057/27419/54683/64383/16365/20655/19766/277360/19354/266690"
"GOBP_ACTIN_FILAMENT_ORGANIZATION",0.315963216222589,0.672094287401966,0.0238463547929102,0.389465666470839,1.07324997253883,404,"19219/237436/24136/17916/14744/17918/72042/23790/326618/56193/18186/71602/16765/28006/19241/19877/74117/20740/108100/18753/223593/213556/217124/54004/171580/12775/12332/52822/70435/14260/58194/11867/78885/20401/29875/207495/16332/243725/16419/12631/71653/225115/108686/18810/16885/11674/236266/20742/68089/233977/215280/63873/13367/11465/17357/20410/12343/56378/192176/73205/11629/73910/67771/63986/107702/64930/277360/20779/18826/22388/56431/19354/98932/118449/227753/404710/12345/74392/17974/63985/235041/19229/19230/77767"
"GOBP_MODULATION_BY_HOST_OF_VIRAL_GENOME_REPLICATION",0.316815742397138,0.672310119543624,0.0311039558609716,0.546078423098334,1.12818441974632,24,"80287/20293/67241/13627/13830/226026/19035/230738"
"GOBP_NEGATIVE_REGULATION_OF_MYELOID_CELL_APOPTOTIC_PROCESS",0.316311535635562,0.672310119543624,0.0316372773870905,0.575772204124493,1.13423377630366,17,"54123/14127/20304/17319"
"GOBP_N_ACETYLGLUCOSAMINE_METABOLIC_PROCESS",0.317625231910946,0.672310119543624,0.0317487252503017,0.578866094240439,1.13054598019145,16,"76969/54371/19703/56174/245847"
"GOBP_POSITIVE_REGULATION_OF_OSSIFICATION",0.317212301587302,0.672310119543624,0.0376809066731631,-0.419457159757364,-1.09425327608795,46,"11555/17127/231633/11689/57259/17260/381629/17002/11480/11481/105722/12162/212943/20181/18439"
"GOBP_REGULATION_OF_AXONOGENESIS",0.316809116809117,0.672310119543624,0.026980572442754,0.436080124207407,1.09411206705715,128,"24136/20750/18186/14268/16554/230598/67095/52822/18080/20354/71653/16885/54214/70827/68585"
"GOBP_REGULATION_OF_CYTOSOLIC_CALCIUM_ION_CONCENTRATION",0.317679087970053,0.672310119543624,0.030116310246396,0.503367142276324,1.11344811768925,42,"65973/11539/67972/170756/12752/22627"
"GOBP_RESPONSE_TO_AMINO_ACID_STARVATION",0.317338972023422,0.672310119543624,0.0293081657410513,0.483765944599391,1.10621331715473,55,"19106/73158/12575/11910/22228/277854"
"GOBP_RESPONSE_TO_VITAMIN_D",0.316995768688293,0.672310119543624,0.0308187898420047,0.530218170736195,1.12449402672183,29,"20750/217069/15945/18712/233979"
"GOBP_UNSATURATED_FATTY_ACID_BIOSYNTHETIC_PROCESS",0.31686626746507,0.672310119543624,0.0297446208212851,0.493766160560816,1.11064348428534,47,"16592/20250/16149/16176/17319/20280"
"GOBP_CARTILAGE_CONDENSATION",0.317985300475573,0.672430157967697,0.034746068639257,-0.544150235770252,-1.13535148971999,15,"26416/20682/21833/18763"
"GOBP_PROTEIN_EXPORT_FROM_NUCLEUS",0.31809462915601,0.672430157967697,0.0289491002571879,0.47548342558269,1.10448920821102,63,"56417/20684/67628/108989/16176/22627/16589/74204/19384/15526/19247/14456/72826"
"GOBP_EPITHELIAL_CELL_PROLIFERATION",0.319793294075231,0.672558598718014,0.0239623869390995,0.39298336313168,1.07275415357657,351,"20846/11816/24136/16000/18186/14824/97165/15368/15251/12010/12575/72043/20778/15451/18187/13601/20304/23797/12633/80859/16889/18103/13655/384783/13722/15902/12018/15461/21929/22340/20296/11983/21926/14775/13057/17387/226519/68585/12048/15559/15370/56312/16160/15312/404710/19645/17869/19242/12571/21944/66549/12490/11491/14254/67661/76905/73447/116871/56274/12567/12387"
"GOBP_FIBROBLAST_MIGRATION",0.320426579163249,0.672558598718014,0.0292895121847855,0.484359818640405,1.10309836836425,53,"24136/23790/72446/21961/18854/54126/29875/12752/71371/18810/20397/83409"
"GOBP_LEUKOCYTE_CHEMOTAXIS",0.319726064186921,0.672558598718014,0.0258111331089998,0.417776228068199,1.08217477475858,184,"12977/16854/12986/20496/28240/11820/12642/20293/66102/55985/14127/17390/227541/20085/22121/76763/18717/20303/12775/16149/17329/17101/20302/170756/12215/74748/20304/16176/17524/15945/17319/21934/140497/11501/16414/18787/12267/20308/14276/232341/22340/20296/18810/193385/63873/11629/18081/277360/19354/14456/16859/19242/12772/11491/14254/19271/53416/20299/19229"
"GOBP_LONG_TERM_MEMORY",0.319683655536028,0.672558598718014,0.0306010804122317,0.526113102411488,1.12142675570266,30,"11816"
"GOBP_MITOCHONDRIAL_CALCIUM_ION_HOMEOSTASIS",0.32026291931097,0.672558598718014,0.0355725878820331,-0.481592636589505,-1.1091730708294,24,"21817/107368/68614/229877/56384/76614/78506/244667/69597"
"GOBP_MORPHOGENESIS_OF_EMBRYONIC_EPITHELIUM",0.319414550150667,0.672558598718014,0.0269649784012008,0.436991370358414,1.09104375616703,122,"20115/24136/17769/21815/15251/225164"
"GOBP_NEUROMUSCULAR_SYNAPTIC_TRANSMISSION",0.319766134472678,0.672558598718014,0.0354412126618991,-0.485832205682814,-1.11126678737128,23,"104156/20910/16795/207278"
"GOBP_ORGANISM_EMERGENCE_FROM_PROTECTIVE_STRUCTURE",0.320667613636364,0.672558598718014,0.0307354380864671,0.53519730971896,1.12174593949171,27,"68119/14824/241230"
"GOBP_POSITIVE_REGULATION_OF_CELL_MATRIX_ADHESION",0.318549051937345,0.672558598718014,0.0294867004158672,0.492258534748754,1.11156786027715,49,"12977/18186/19877/12775"
"GOBP_POSITIVE_REGULATION_OF_EXOSOMAL_SECRETION",0.319568452380952,0.672558598718014,0.0316817477874826,0.583286627046916,1.131946801998,15,"53378/74772/68953"
"GOBP_PROTEIN_POLYUBIQUITINATION",0.320512820512821,0.672558598718014,0.0526059181483477,-0.317563095654459,-1.04227317338256,247,"210973/207521/72925/70510/23802/66105/54484/28000/223455/75717/12402/338364/74287/80890/22034/193670/68031/67948/232539/99152/22214/56371/211255/93765/56317/11798/67338/67245/240028/56550/13205/71956/67128/52717/212114/108660/100763/68718/66440/106021/213753/75788/78889/56736/22670/226541/19822/26965/63958/69957/77733/22193/18104"
"GOBP_REGULATION_OF_ALCOHOL_BIOSYNTHETIC_PROCESS",0.320595197835644,0.672558598718014,0.0298317197809657,0.498721315117759,1.10834004233792,43,"11816/56193/11307/67815/73212"
"GOBP_REGULATION_OF_ENDOPLASMIC_RETICULUM_UNFOLDED_PROTEIN_RESPONSE",0.31961429915334,0.672558598718014,0.0363865584085132,-0.444350251388571,-1.1008481263267,35,"27362/22433/17973/11651/108954/67878/18708/110213/226641"
"GOBP_REGULATION_OF_T_CELL_DIFFERENTIATION_IN_THYMUS",0.319114176801597,0.672558598718014,0.0312434265369516,0.55704129994317,1.12846077615742,21,"16186/13655/11501/229473/20655"
"GOBP_GLUCOSAMINE_CONTAINING_COMPOUND_METABOLIC_PROCESS",0.321110909420948,0.672903232774533,0.0311253198967732,0.559597690078529,1.12871676829221,20,"76969/54371/19703/56174/245847"
"GOBP_REGULATION_OF_MUSCLE_CONTRACTION",0.321191004117833,0.672903232774533,0.0429594939252289,-0.355132103036808,-1.06112494861511,113,"11555/19735/30955/12314/110355/26395/11938/238130/238871/13144"
"GOBP_PRODUCTION_OF_MOLECULAR_MEDIATOR_INVOLVED_IN_INFLAMMATORY_RESPONSE",0.321858339680122,0.673852266700227,0.0278771754839041,0.454412669218677,1.09126098866701,86,"56644/229534/18807/14824/15368/14127/15251/20085/11513/74748/16889/18787/20619/18035/21926"
"GOBP_REGULATION_OF_RECEPTOR_RECYCLING",0.322003577817531,0.673852266700227,0.0307979036194709,0.542055064093288,1.11987226026054,24,"12306/71648/13858/16558/18195/56089/66508/105782/101490"
"GOBP_MAINTENANCE_OF_LOCATION",0.322287546766435,0.674070159196763,0.0255924769674515,0.415890985292218,1.07989855243219,188,"11816/20684/216440/19264/65973/28240/320528/14387/18854/12257/320790/12775/17329/20302/170756/109552/20660/15945/14873/338467/18796/108686/12315/100986/13057/13367/192176/233979/12313/15559"
"GOBP_RESPONSE_TO_METAL_ION",0.323316850513503,0.675845820259124,0.0246628608007113,0.402300425217507,1.07368115068609,263,"13058/20496/65973/74772/28240/11502/11820/14751/17708/15368/29876/15251/12257/18438/12010/22329/245944/18173/11977/11513/18174/11991/13435/54153/17711/12215/68066/14718/29875/22228/13163/11545/15902/16531/17748/12315/27060/56208/18023/12925/11655/20655/12313/16477/66043/59125/17750/14297/11898/12176/14913/53416/68514/12534/229709/26556/16513/22041/67675/21825/11770/20500/11908"
"GOBP_BRANCHING_MORPHOGENESIS_OF_AN_EPITHELIAL_TUBE",0.324546240276577,0.67588404471488,0.0267563016485287,0.43594655497592,1.08592994530966,120,"12977/64138/16000/18186/18854/29876/13036/114249"
"GOBP_DNA_STRAND_ELONGATION",0.323931476033916,0.67588404471488,0.0300668078138267,0.511087922103384,1.11257991725299,36,"327762/19360/56207"
"GOBP_EXTRACELLULAR_VESICLE_BIOGENESIS",0.32419440982731,0.67588404471488,0.0305805284090173,0.538735123345817,1.11949768224608,25,"53378/74772/68953/208092/66412/19349/12490"
"GOBP_MATURATION_OF_SSU_RRNA",0.323789267015707,0.67588404471488,0.0290493873561438,0.48294428422037,1.10210040432506,54,"20055/20044/54127/66481/20085/20116/66878/75416"
"GOBP_MESENCHYMAL_CELL_MIGRATION",0.324850299401198,0.67588404471488,0.0292895121847855,0.488877409687805,1.09964706586485,47,"24136/23790/18186/14268/15251/18187/20354/12631"
"GOBP_METALLO_SULFUR_CLUSTER_ASSEMBLY",0.324516243564708,0.67588404471488,0.0305088425715827,0.53405256687626,1.11550054612172,26,"22436/100900/68165/15526/66162/14297"
"GOBP_MYELOID_CELL_DEVELOPMENT",0.324958123953099,0.67588404471488,0.0397587663467915,-0.377632701361021,-1.06929576942242,76,"18718/16923/105855/14247/242687/16969/328572/22761/224109/54368/21349/18129/230257/19353/59003"
"GOBP_REGULATION_OF_ESTABLISHMENT_OR_MAINTENANCE_OF_CELL_POLARITY",0.324871294159418,0.67588404471488,0.0304884308883987,0.533810646758944,1.11499523627074,26,"16000/14694/19877/52822/12631/71653/193385"
"GOBP_REGULATION_OF_POTASSIUM_ION_TRANSPORT",0.324470625696545,0.67588404471488,0.0285202432688668,0.472546835650239,1.09925085209515,64,"16518/11539/12512/11933/12289/16573/22627/192176/80334/53416/19229"
"GOBP_CELLULAR_RESPONSE_TO_METAL_ION",0.325967628430683,0.676306415157005,0.0262822910752293,0.428977956165136,1.0845916044407,142,"13058/20496/65973/74772/28240/11820/15368/29876/12257/18438/12010/18173/11513/54153/68066/29875/22228/13163/11545/15902/17748/56208/18023/20655/16477/59125/17750/12176/14913/53416/68514"
"GOBP_CELL_ADHESION_MEDIATED_BY_INTEGRIN",0.326063418406806,0.676306415157005,0.0279190692869019,0.458225111972244,1.08929141859735,79,"16411/16402/11502/55985/114249/22329/20304/16409/16414/18787/16419/232341"
"GOBP_GRANULOCYTE_ACTIVATION",0.326024624725923,0.676306415157005,0.0294772435264845,0.493559659977805,1.10112124372546,45,"14824/14127/18753/22177/20302/20304/16409/16414/378460/21926/20909/20911/277360/20779/14130/19247/12772"
"GOBP_INSULIN_RECEPTOR_SIGNALING_PATHWAY",0.325578034682081,0.676306415157005,0.0267563016485287,0.436188958389366,1.08491211498636,118,"18605/13033/16000/59027/18751/20588/108100/18753/20402/17975/16176/237542/20660/384783/72674/213053/83946/15461/233016/192157"
"GOBP_NON_PROTEINOGENIC_AMINO_ACID_METABOLIC_PROCESS",0.325968672712284,0.676306415157005,0.029067703848247,0.489379304927717,1.10506627806883,49,"17769/192166/109900/70789/105727/11898/27364"
"GOBP_CELLULAR_RESPONSE_TO_INTERLEUKIN_1",0.327658909885991,0.676352841808989,0.0280032658187803,0.462970288347085,1.0920876054877,73,"58203/15251/17390/16181/231130/20302/20304/16176/12631/14469/18035/20296/26400/266632/16365/26409"
"GOBP_CYCLIC_NUCLEOTIDE_BIOSYNTHETIC_PROCESS",0.328251285819251,0.676352841808989,0.0309342445128075,0.568951254546243,1.12079694947754,17,"11513/104111"
"GOBP_LIPOPROTEIN_BIOSYNTHETIC_PROCESS",0.327973199329983,0.676352841808989,0.0292429933180752,0.490720881712726,1.10011380248652,46,"11816/15944/11303/11810/13167"
"GOBP_NON_CANONICAL_NF_KAPPAB_SIGNAL_TRANSDUCTION",0.327331283853023,0.676352841808989,0.0268872924008882,0.438359014948945,1.08322251785882,112,"19106/11820/18477/80985/18034/27050/70097/16176/109910/21934/19698/11796/72674/69068/18035/21926/70110/19766/26409/16160/56722/16859/12051/64685/384309/22350/57373/67326/74256/72565/24105/60595"
"GOBP_NUCLEOBASE_BIOSYNTHETIC_PROCESS",0.327458256029685,0.676352841808989,0.0311681490798957,0.573805074400845,1.12066162922971,16,"11821/15452/66588/56717"
"GOBP_POSITIVE_REGULATION_OF_ANTIGEN_RECEPTOR_MEDIATED_SIGNALING_PATHWAY",0.328172817281728,0.676352841808989,0.0305600077370596,0.545118157744477,1.11853670603443,23,"68119/19264/12775/27050/19294/16889"
"GOBP_POSITIVE_REGULATION_OF_GROWTH",0.326700052714813,0.676352841808989,0.025132510978069,0.412103810876976,1.07659026477351,204,"12977/16000/76438/53378/18186/14268/66102/320790/15451/75296/52822/71175/17938/208643/20354/20403/12631/71653/11546/16885/54214/13057/18712/17387"
"GOBP_POSITIVE_REGULATION_OF_VASCULATURE_DEVELOPMENT",0.327977448907681,0.676352841808989,0.0262013124770488,0.428825875576454,1.08250730547561,139,"16411/13058/18746/18186/14824/16402/18751/15258/12266/15368/15251/13601/70097/23797/16176/16414/18787/12267/232341/22340/109901"
"GOBP_REGULATION_OF_IRE1_MEDIATED_UNFOLDED_PROTEIN_RESPONSE",0.327064418504107,0.676352841808989,0.0341757981801189,-0.538958577210127,-1.12451926565229,15,"27362/67878/110213/12125/67490/14828"
"GOBP_RHO_PROTEIN_SIGNAL_TRANSDUCTION",0.326283987915408,0.676352841808989,0.043980694668116,-0.345844172436414,-1.05261929214016,129,"14766/18613/11350/16456/544817/22376/57874/244418/72536/109689/11852/21927/11855/57912/19353/54366/93687/210293/50768"
"GOBP_TELOMERE_ORGANIZATION",0.32817753866846,0.676352841808989,0.0253981968977185,0.416046183745172,1.07577429363791,179,"327762/20684/21745/18854/227525/15382/11991/19360/70640/56207/103677/67241/11545/21454/12461/56531/15519/11920/22589/26400/15078/20779/59125/319153/69535/17869/226026/226151/52864/53379/216049/16905/67711/12387/18768/228140/20877/208266/19687/68501/68275/235587/18005/98956/26417/18538/252870/52530/360198/71890/51810/12469"
"GOBP_VIRAL_TRANSCRIPTION",0.327782357790602,0.676352841808989,0.0289672774399414,0.486246915716463,1.10269630594683,51,"66141/20684/20303/15451/20302/20304/74735/20586/28036/233532/13211/22282"
"GOBP_POSTSYNAPTIC_CYTOSKELETON_ORGANIZATION",0.328872312417727,0.677260124693209,0.0343633779743859,-0.520014171900507,-1.1165526612499,17,"242687/70729/11461/13169"
"GOBP_NEUROMUSCULAR_PROCESS_CONTROLLING_BALANCE",0.329365079365079,0.677902425843118,0.0368749192853507,-0.415993934123501,-1.08521863236443,46,"15212/11350/26889/212937/22295"
"GOBP_POSITIVE_REGULATION_OF_COLLAGEN_METABOLIC_PROCESS",0.329623859336746,0.678062691983603,0.0346082200691802,-0.497966303750981,-1.10882539461774,20,"74048/21803"
"GOBP_BLASTOCYST_FORMATION",0.330097087378641,0.678198492880405,0.0358538738431883,-0.438652271974201,-1.09309313898026,36,"50523/72068/52463/17305/232791/17684/53414/16798/234594/56456/20687/22083/66229"
"GOBP_NEGATIVE_REGULATION_OF_CHROMOSOME_ORGANIZATION",0.330277986476334,0.678198492880405,0.0271850439021925,0.446656981795696,1.08303150350667,95,"18854/16319/15382/19360/93762/75430/108989/70640/22385/108000/103677/11545/66977/11920/22589/15078/20779/69535/24010/66468/52864/11789/52276/18817/20877/19134/235587/98956/67629/268697/67052/71890/51810/12236/11799/235661/52696/76464/24127/218914"
"GOBP_POSITIVE_REGULATION_OF_PROTEIN_LOCALIZATION_TO_CELL_SURFACE",0.330720145852325,0.678198492880405,0.0306525980581054,0.556076596226173,1.11459885794745,19,"14127/99237/22177/21926/20909/17846"
"GOBP_POSTSYNAPTIC_SIGNAL_TRANSDUCTION",0.330871843735112,0.678198492880405,0.0359288022544139,-0.43653956187861,-1.09095960593811,37,"14676/110355/12569/16795/12929/16646/19697"
"GOBP_PROSTATE_GLAND_DEVELOPMENT",0.33095652173913,0.678198492880405,0.0297639268989764,0.507077845231799,1.10032511799167,35,"16000/19156/20588/17390"
"GOBP_PROTEIN_K48_LINKED_UBIQUITINATION",0.330225563909774,0.678198492880405,0.041089379907776,-0.361181477083152,-1.05744519349611,97,"210973/207521/23802/66105/223455/338364/74287/68031/99152/22214/211255/56317/67338/67245/56550/67128/52717/108660/100763/66440/106021/19822/26965/69957/77733/22193"
"GOBP_PROTEIN_TRANSMEMBRANE_TRANSPORT",0.330507143978647,0.678198492880405,0.0279442708162076,0.462935701088184,1.08765824259207,71,"94245/109181/15525/11303/15442/15510/20335/67952/66169/20336/67067/15519/22284/68729/66887/21856/66148/66212"
"GOBP_ESTABLISHMENT_OF_PROTEIN_LOCALIZATION_TO_MITOCHONDRIAL_MEMBRANE",0.332056416507052,0.679453279822896,0.0297253427498778,0.512233405223097,1.10488648389035,33,"67952/66169/11774/67067/12315/67184/66119/30057/12028/53375"
"GOBP_LEUKOCYTE_ACTIVATION_INVOLVED_IN_INFLAMMATORY_RESPONSE",0.332208537202632,0.679453279822896,0.0291412258267377,0.491786147155508,1.09490252848901,44,"13011/19264/14824/11820/22177/20302/16409/16414/21926/21897/27419/11629"
"GOBP_RESPONSE_TO_LIGHT_INTENSITY",0.331845238095238,0.679453279822896,0.0309659038977966,0.576169273645947,1.118134612506,15,"17718/11652/76123/12359/76376/14697/16502/238384/268345/19739"
"GOBP_STRIATED_MUSCLE_CELL_DIFFERENTIATION",0.332293986636971,0.679453279822896,0.0508309275119538,-0.317175676258501,-1.03725554373815,238,"74376/19735/21803/433759/12508/231633/22433/18479/77578/65256/20661/11651/330662/327826/19055/67220/230709/17258/26416/20481/16002/56376/16795/11793"
"GOBP_LYTIC_VACUOLE_ORGANIZATION",0.333333333333333,0.681206833878589,0.0266570326012639,0.438396140980839,1.07851103719223,107,"75608/432486/14824/66144/14387/15211/15944/226421/77573/73834/223593/16783/11303/68953/11964/16889/12752/11774/11984/433375/19063/27060/56208/22040/27419/233979/16784/208092/76524/14466/27426/19349/231855/66371/21425/12751/14339/211978/18711/52898/211286/170833/12492/56717"
"GOBP_EMBRYO_IMPLANTATION",0.33453650533224,0.682308437950682,0.0285114565971186,0.477991247447324,1.0885943566326,53,"20750/14824/17390/75909/19944/12215/16176/68510/16365/20655/15078"
"GOBP_POSITIVE_REGULATION_OF_INTERLEUKIN_2_PRODUCTION",0.334782608695652,0.682308437950682,0.0295530884280843,0.505741212718048,1.09742471454823,35,"56644/19264/12522/27050/16176"
"GOBP_REGULATION_OF_CYTOSKELETON_ORGANIZATION",0.334661354581673,0.682308437950682,0.068945037482762,-0.295983132972284,-1.02709433492909,492,"211401/21872/21803/72948/105855/11350/242687/13548/17127/12721/16456/14086/223601/16416/23999/22376/17257/19303/18479/21812/12569/56275/270058/65256/76499/19053/68041/50918/16423/27360/17973/72754/106952/23991/19052/28105/14228/12978/14784/18708/12488/13144/20947/12540/237860/19684/19353/22323/15511/83964/101706/12928/11845/193740/66679/18754/69288/207278/13609/50768/20430/68942/13589/224105/15163/229589/277468"
"GOBP_REGULATION_OF_INSULIN_RECEPTOR_SIGNALING_PATHWAY",0.334398976982097,0.682308437950682,0.0280540476297822,0.468998803238211,1.08942623227232,63,"18605/13033/18751/18753/17975/16176/237542/20660/72674"
"GOBP_XENOBIOTIC_TRANSPORT",0.334430856067733,0.682308437950682,0.0354412126618991,-0.439688921838137,-1.08929999310128,35,"76408/69981/63959/381629/17250/243328/239273/20539/72144/20509/224814"
"GOBP_DEFENSE_RESPONSE_TO_GRAM_NEGATIVE_BACTERIUM",0.335556278464541,0.682400939601248,0.0283023335695062,0.474691364279573,1.08546274198623,55,"17105/17476/11820/97165/15944/12010/20085/18173/19946/71648/80859/18787/67067"
"GOBP_EXTRACELLULAR_MATRIX_ASSEMBLY",0.335538916942365,0.682400939601248,0.0295340864466303,0.506267550597597,1.09610312063052,34,"16948/11977"
"GOBP_NEGATIVE_REGULATION_OF_PROTEIN_CONTAINING_COMPLEX_ASSEMBLY",0.335039817974972,0.682400939601248,0.0259902746108468,0.428358138548738,1.07683626586414,132,"19219/16765/28006/19241/226695/15944/20740/18753/22121/54126/12332/68077/20660/12631/225115/66878/20742/12343/64383/16784/20779/22153/14466/227753/12345/108903/235041/66148/19230/12955/110253/245857/74019"
"GOBP_POSITIVE_REGULATION_OF_LEUKOCYTE_PROLIFERATION",0.335267478063968,0.682400939601248,0.0258968036522486,0.427122353135024,1.07597953211321,135,"12977/16000/69550/19264/15018/60533/22329/12575/22121/12053/27050/12982/16149/20304/16176/17319/15040/384783/246256/18733/12984/11629/12048/320484/16160/12487/19354/58205/16184/16859/17974/12772"
"GOBP_ANTEROGRADE_AXONAL_TRANSPORT",0.336906584992343,0.68285696632293,0.0290402386662062,0.49372512446287,1.09211997430554,42,"94245/16562/11776/16561/16573/11774/14533/20655/11777/17754/11775/16571/234847/15114/16564"
"GOBP_DETECTION_OF_STIMULUS_INVOLVED_IN_SENSORY_PERCEPTION_OF_PAIN",0.338924339106655,0.68285696632293,0.0301958974504643,0.551211247862277,1.10484676306211,19,"11539/21926/14360/17035"
"GOBP_ENDOPLASMIC_RETICULUM_CALCIUM_ION_HOMEOSTASIS",0.339755213055304,0.68285696632293,0.0343633779743859,-0.474766658198796,-1.09345191805876,24,"21817/11938/68944/110213/229877/80795/64209/19164"
"GOBP_HAIR_CELL_DIFFERENTIATION",0.340545625587959,0.68285696632293,0.0350682118590514,-0.43766117166858,-1.08427637723105,35,"22295/99683/218756/19353/73750/70615/15205/97031/18472/19712/18128/54722"
"GOBP_INTRA_GOLGI_VESICLE_MEDIATED_TRANSPORT",0.340951492537313,0.68285696632293,0.0348712703517742,-0.44778377311293,-1.0811693917477,31,"270192/19338/97484/93739/70349/53334/54161/59042/108123/338337/19346/16834"
"GOBP_INTRINSIC_APOPTOTIC_SIGNALING_PATHWAY_IN_RESPONSE_TO_OXIDATIVE_STRESS",0.34113219895288,0.68285696632293,0.0281135455123913,0.475124401767207,1.08425508366386,54,"14694/18854/15251/17390/18753/13163/11545/14360/14775/20655/12387/53610/72565/52521/268373/16452"
"GOBP_MAMMARY_GLAND_DUCT_MORPHOGENESIS",0.336814159292035,0.68285696632293,0.0297639268989764,0.523378922982253,1.10314503198265,28,"12977/18854"
"GOBP_MITOCHONDRION_ORGANIZATION",0.339620417305199,0.68285696632293,0.0226813936397553,0.38476189251764,1.06008503486685,402,"20847/327762/15958/16000/17722/74772/20463/320528/17158/15944/66494/245944/69104/58801/11977/76178/18793/67844/70435/23797/15510/66437/67130/19294/67952/17719/114874/16889/17716/22228/66169/11545/26949/59026/12018/11774/67044/380773/67067/74580/30954/11983/12315/18810/67184/12856/14775/11739/67267/67705/17721/12048/66043/66928/15526/14466/108755/66980/74919/14297/12044/72140/12176/67892/66119/17717/15108/208501/16905/74143/227197/66487/13819"
"GOBP_NEGATIVE_REGULATION_OF_NEURON_PROJECTION_DEVELOPMENT",0.340493935408447,0.68285696632293,0.0261793169775978,0.43228706290962,1.07005335770809,114,"11816/20750/22352/18186/14580/94245/12010/52822/209743/231580/63873/70827/331401/68585/16169"
"GOBP_NEURON_PROJECTION_REGENERATION",0.337981952420016,0.68285696632293,0.0283282910897541,0.47675473106838,1.08577827002183,53,"20750/14824/14580/12257/17390"
"GOBP_NEUROTRANSMITTER_RECEPTOR_INTERNALIZATION",0.340485074626866,0.68285696632293,0.0348992411072775,-0.447970380394336,-1.0816199531415,31,"16416/67979/55946/18222/71770/56044"
"GOBP_PIECEMEAL_MICROAUTOPHAGY_OF_THE_NUCLEUS",0.340350099711943,0.68285696632293,0.033872889366735,-0.508245087974592,-1.10416882671143,18,"11793/51897/67526/71742/242557"
"GOBP_POSITIVE_REGULATION_OF_ALPHA_BETA_T_CELL_ACTIVATION",0.340632992327366,0.68285696632293,0.0277274718950814,0.466228444562886,1.08299103160046,63,"14744/19264/15018/12522/16186/11776/80859/15040/11774/243910/320484/16160/12487/16859/12400/12772/74143/15284/57261/16452/320404"
"GOBP_POSITIVE_REGULATION_OF_CALCIUM_ION_TRANSMEMBRANE_TRANSPORT",0.337831246951715,0.68285696632293,0.0281733174199865,0.473408402319836,1.08395560319495,56,"65973/18438/75909/17329/109552/15945/14873/12018"
"GOBP_POSITIVE_REGULATION_OF_CYTOSOLIC_CALCIUM_ION_CONCENTRATION",0.339348591549296,0.68285696632293,0.0263044662674893,0.435381017047798,1.07277999854833,110,"19219/23833/65973/55985/12286/18854/18438/54199/12775"
"GOBP_POSITIVE_REGULATION_OF_ERBB_SIGNALING_PATHWAY",0.341039139391165,0.68285696632293,0.0344852766047729,-0.465580699334823,-1.09162081325826,26,"21803/64143/12402/58184"
"GOBP_PROTEIN_STABILIZATION",0.340284113123941,0.68285696632293,0.0242730331357214,0.405282584961231,1.06636011593951,221,"20115/16000/14824/18148/12017/65019/226695/80985/15944/18854/66868/18753/16783/100503670/22177/231130/16149/11933/270627/68077/65972/15510/67025/21454/338467/14433/56702/12461/15519/22040/18712/22284/68729/50883/192176/68585/16784/64930/73162/19777"
"GOBP_REGULATION_OF_ACTOMYOSIN_STRUCTURE_ORGANIZATION",0.341246290801187,0.68285696632293,0.0400318212665025,-0.359713423052433,-1.0505593963702,94,"21872/11350/242687/17127/16456/22376/19303/18479/21812/76499/16423/72754/18708/12540/19353/13609/50768/224105"
"GOBP_REGULATION_OF_CARBOHYDRATE_CATABOLIC_PROCESS",0.339531901250401,0.68285696632293,0.0278354169200699,0.468016556155454,1.08501045112538,61,"227659/16000/11820/20185/15251"
"GOBP_REGULATION_OF_EPITHELIAL_CELL_PROLIFERATION",0.340032254062771,0.68285696632293,0.0234810268832093,0.394876361530928,1.06314661009573,292,"20846/11816/16000/18186/14824/97165/15368/15251/12010/72043/15451/18187/13601/20304/23797/12633/18103/13655/384783/13722/15461/21929/22340/20296/11983/21926/14775/13057/226519/68585/15559/15370/56312/16160/15312/404710/19645/17869/19242/12571/21944/66549/11491/14254/67661/76905/73447/116871/56274/12567/12387"
"GOBP_REGULATION_OF_INFLAMMATORY_RESPONSE_TO_ANTIGENIC_STIMULUS",0.339790845191154,0.68285696632293,0.0290219603585485,0.497399052603976,1.09235643508724,39,"217344/12266/14127/14191/14683/12775/15040/21926/14360/14775/16160/20779/12487/14130"
"GOBP_REGULATION_OF_INTRINSIC_APOPTOTIC_SIGNALING_PATHWAY",0.340752954108271,0.68285696632293,0.0251257720879301,0.417142975136944,1.06961141954873,163,"20115/12505/14694/11820/19941/22070/15251/17390/67991/58801/27050/67397/16149/18793/50755/66437/74996/17319/11545/276770/14360/56208/14775/13806/72567/20655/12048/56312/20779/66168/19777/59004/14130/17869/56449/17974"
"GOBP_REGULATION_OF_MEMBRANE_REPOLARIZATION",0.340138469731937,0.68285696632293,0.029638936054552,0.526322332370665,1.0993540441714,26,"16518/12289/22627/100986/192176/22388/20266/83814"
"GOBP_REGULATION_OF_MULTICELLULAR_ORGANISM_GROWTH",0.337668671760689,0.68285696632293,0.0281818787673615,0.473535180574486,1.08424588532517,56,"12977/11820/320790/14683/71175"
"GOBP_REGULATION_OF_MYOTUBE_DIFFERENTIATION",0.340646651270208,0.68285696632293,0.0346907706589501,-0.454990871009498,-1.0865230486385,29,"433759/231633/22433/26416"
"GOBP_REGULATION_OF_PROTEIN_DEPOLYMERIZATION",0.337699923838538,0.68285696632293,0.0270353018590743,0.448495433656217,1.0770508911775,86,"65973/56193/18008/28006/20740/213556/12332/20401/12631/225115/20742/63873/12343/22388/56431/227753/12345/74392/11789/19230/14168/110253/67886/17754/20877/50876/17318"
"GOBP_REGULATION_OF_PROTEIN_STABILITY",0.336026042922595,0.68285696632293,0.0232125164221697,0.389457094077448,1.06228629366251,344,"24110/20115/16000/22217/65973/67702/14824/30940/18148/12017/65019/226695/80985/15944/18854/66868/13036/18753/16783/100503670/22177/231130/16149/11933/270627/68077/19025/65972/108989/244144/15510/74996/67025/66169/21454/338467/17847/14433/56702/12461/15519/22040/18712/22284/68729/50883/20787/192176/68585/16784/64930/84092/73162/20779/19777"
"GOBP_SPECIFICATION_OF_SYMMETRY",0.339296924042687,0.68285696632293,0.0414508753284105,-0.35308936648112,-1.05192590523911,110,"13805/17127/19726/65256/18129/17126/17260/56334/76779/11480/103425/11481/13198/23863/75691/17684/319757/19164/24069/244585/11477/277939"
"GOBP_TAIL_ANCHORED_MEMBRANE_PROTEIN_INSERTION_INTO_ER_MEMBRANE",0.338086880210619,0.68285696632293,0.033807885050626,-0.515213253921717,-1.10624433114022,17,"66087/69683/12328/230866/73024/236792/71446/67604"
"GOBP_VIRAL_GENE_EXPRESSION",0.338040600176522,0.68285696632293,0.0264159276456378,0.436571448501897,1.07402205840328,107,"66141/20684/18245/229663/17158/667373/13669/18521/20303/15451/20302/20304/80285/74735/20586/671535/66085/20823/28036/233532/13211"
"GOBP_ATP_TRANSPORT",0.341956640553835,0.683325080494318,0.0300174881992431,0.555989192605562,1.10749179023862,18,"11732/227731"
"GOBP_CELL_MATURATION",0.341761483354404,0.683325080494318,0.0254464858615218,0.422419416027274,1.07067482480499,146,"56644/26362/80752/11820/12266/15251/223593/13164/214290/15902/64383/15078/19354/12259/14466/19645/12400/11677/12531/234549/12387/13819/16542/100121/67161/27965"
"GOBP_STEM_CELL_DEVELOPMENT",0.34202717476183,0.683325080494318,0.0272486205517551,0.456515482554774,1.07686154545957,73,"24136/23790/19264/18186/14268/15251/18187/20354/12631"
"GOBP_MACROPHAGE_ACTIVATION",0.342369327542309,0.683329930437133,0.0265058069055153,0.441791561139143,1.07352498086141,97,"13011/19264/14824/11820/15944/18173/22177/217203/231130/16149/20302/15510/17319/16409/16414/246256/21926/21897/216161/22040/70110/27419/11629/15370/14130/12259/72826/53416/224792/64685/17082/21825/12759/360013/16452/229521/85305"
"GOBP_RESPONSE_TO_DIETARY_EXCESS",0.342394239423942,0.683329930437133,0.0297735904630718,0.537108161505163,1.10210086605812,23,"11816/227731/20660/16889"
"GOBP_CHROMOSOME_SEPARATION",0.342932342467874,0.684039605944435,0.0270509819468143,0.4508097362641,1.07197719927021,80,"16319/75430/108989/70099/14211/108000/68612/66977/11920/68298/54392/24010/66468/19645/11789/52276/18817/20877/68501/19134/218977/231600/67629/76044/268697/59008/67052/78658/71890/12236/11799/235661/52696/76464/66156/67141/74335/70385/30949/208628/17120"
"GOBP_EPITHELIAL_STRUCTURE_MAINTENANCE",0.343381686310063,0.684571574622403,0.0341492010529558,-0.473489375422142,-1.09051016282403,24,"21898/81897/16154/20682/66983/16825"
"GOBP_AORTA_DEVELOPMENT",0.344482145742446,0.685012930192969,0.027719205680962,0.469257222124347,1.07823154328031,57,"16948/14387/320790/16971"
"GOBP_CERAMIDE_BIOSYNTHETIC_PROCESS",0.347653142402546,0.685012930192969,0.0371496772766645,-0.390634552183254,-1.06245914623578,60,"26889/76893/20448/20454/57370/22234/67630/56386/227102/20444/56375/18436/20598"
"GOBP_COLLAGEN_CATABOLIC_PROCESS",0.349241902136458,0.685012930192969,0.0286172889097433,0.495478395356702,1.08282928456404,37,"13030/13039/17390/13040"
"GOBP_CRISTAE_FORMATION",0.345871355441798,0.685012930192969,0.0336402559401336,-0.491534208809513,-1.09450299939146,20,"67013/66826/67453/56384/76614/69597"
"GOBP_DENDRITE_DEVELOPMENT",0.34666099532114,0.685012930192969,0.0484486107620495,-0.320702501266712,-1.03439568770493,214,"19211/11350/217692/13631/17257/12569/239420/270058/77097/66610/93691/233489/18163/11843/17125/14366/19055/73178/12540/17258/99152/22629/54633/19353/56376/228662/12928/11845/14270/19280/210293/13845/12929/67453/17260/224105/268980/56637/228880/12162/66725/68703/70237/216963/12322/102774/13048"
"GOBP_ESTABLISHMENT_OF_PROTEIN_LOCALIZATION_TO_ENDOPLASMIC_RETICULUM",0.344926155312053,0.685012930192969,0.0350682118590514,-0.432463201831181,-1.08077234104998,37,"76687/72265/192193/19325/20818/66624/17155/53421/67437/69276/64209"
"GOBP_GLYCOSAMINOGLYCAN_METABOLIC_PROCESS",0.344458438287154,0.685012930192969,0.0272645640818413,0.461354591620337,1.07966468191763,67,"12505/16000/14538/110006/15211/16176/233781"
"GOBP_MACROPHAGE_DIFFERENTIATION",0.345314505776637,0.685012930192969,0.0275549841954235,0.465298539859663,1.07853296787801,62,"12977/24088/11820/18148/330177/245944/12633/22228/11545/15902"
"GOBP_MAINTENANCE_OF_PROTEIN_LOCATION",0.344020519397243,0.685012930192969,0.0276040313626087,0.466182359524984,1.08075820302154,61,"20684/216440/320528/18854/12257/20660/338467/108686"
"GOBP_MITOTIC_SISTER_CHROMATID_SEPARATION",0.348202824133505,0.685012930192969,0.0274089539845351,0.464138473301374,1.07584400601618,62,"16319/75430/108989/108000/68612/66977/11920/24010/66468/19645/11789/52276/18817/20877/68501/19134/218977/67629/268697/59008/67052/71890/12236/11799/235661/52696/76464/66156/67141/74335/70385/30949/208628/17120/52683"
"GOBP_NADH_DEHYDROGENASE_COMPLEX_ASSEMBLY",0.345092024539877,0.685012930192969,0.0286350112764332,0.491890185824795,1.08595006550025,41,"17722/67130/17719/17716/67184/17721/66928/108755/17717/208501/227197/595136"
"GOBP_NEGATIVE_REGULATION_OF_FATTY_ACID_METABOLIC_PROCESS",0.348673397511153,0.685012930192969,0.0345534485302443,-0.436866957859075,-1.07693094153925,34,"226144/26365/11651/320808/207952/394432"
"GOBP_NEGATIVE_REGULATION_OF_MIRNA_METABOLIC_PROCESS",0.349427917620137,0.685012930192969,0.0339906522393914,-0.458290865614507,-1.08313182061589,27,"21803/19317/17127/18021/18591/13982/19697"
"GOBP_NEGATIVE_REGULATION_OF_NUCLEAR_DIVISION",0.34835801674179,0.685012930192969,0.0274574467865963,0.466486670274707,1.07578900118515,59,"16319/75430/108989/108000/66977/11920/24010/66468/11789/52276/66077/18817/20877/19134/67629/268697/67052/71890/12236/11799/235661/52696/76464/67141/74335/70385/30949/208628/17120/12159"
"GOBP_NEGATIVE_REGULATION_OF_OXIDATIVE_STRESS_INDUCED_INTRINSIC_APOPTOTIC_SIGNALING_PATHWAY",0.344846003204558,0.685012930192969,0.0294394834013929,0.527532898183726,1.09621933160305,25,"14694/15251/14360/14775/12387/53610/268373/14173"
"GOBP_PHAGOLYSOSOME_ASSEMBLY",0.344668714348398,0.685012930192969,0.0334240051951686,-0.512707121607598,-1.1008632687462,17,"12721/270160/68365"
"GOBP_POSITIVE_REGULATION_OF_CELL_CYCLE_CHECKPOINT",0.349243942430315,0.685012930192969,0.0296293699405098,0.552336455412114,1.1002157918785,18,"16319/108989/65964/52276/20877/67052/11799/235661/76464/74335/17120"
"GOBP_POSITIVE_REGULATION_OF_CHROMOSOME_SEPARATION",0.348967448372419,0.685012930192969,0.0289128211987667,0.507500074005108,1.08803115759356,31,"16319/70099/14211/68612/68298/54392/66468/19645/52276/20877/68501/218977/76044/59008/78658/11799"
"GOBP_POSITIVE_REGULATION_OF_FATTY_ACID_METABOLIC_PROCESS",0.348092404620231,0.685012930192969,0.0289581857042255,0.508047572118495,1.08920494068563,31,"16149/16176/11813/384783/12894/64383/212980/226856/67885/19225/19015/11652"
"GOBP_POSITIVE_REGULATION_OF_MEMBRANE_PERMEABILITY",0.347393939393939,0.685012930192969,0.0352822347483627,-0.418699281663237,-1.07360184748911,42,"16792/14629/12122/11909/83964/193740/56637/22059/66725/22334/214952/12125/20544"
"GOBP_POSITIVE_REGULATION_OF_RECEPTOR_SIGNALING_PATHWAY_VIA_STAT",0.345725787354961,0.685012930192969,0.0348992411072775,-0.432693266726413,-1.07824368266219,36,"21803/68095/328572/16197/16154/433904/12322/67561/15205/54394"
"GOBP_REGULATION_OF_ALPHA_BETA_T_CELL_ACTIVATION",0.349556213017751,0.685012930192969,0.0259398581053639,0.434631299410735,1.06479999868226,103,"16854/14744/16852/19264/15018/12522/16186/60533/12053/11776/12515/80859/15040/11774/243910/18733/320484/16477/16160/12487/16184/16859/12400/12772/16453/230979/74143/15284/57261/16950/16452/320404"
"GOBP_REGULATION_OF_CELLULAR_RESPONSE_TO_INSULIN_STIMULUS",0.346444304594084,0.685012930192969,0.0271533734336666,0.458359894311229,1.07527116063193,69,"18605/13033/18751/67972/18753/17975/16176/237542/20660/72674/233016/17977"
"GOBP_REGULATION_OF_CHROMOSOME_SEGREGATION",0.348497854077253,0.685012930192969,0.02542576783648,0.425152283246933,1.06340630243424,124,"20588/68094/16319/26992/75430/108989/70099/14211/108000/229841/67241/73804/68612/66923/20586/66977/11920/56208/68298/65964/54392/64383/67155/21335/24010/66468/19645/226026/57376/11789/12534/52276/18817/20877/68501/19134/218977/231600/77045/67629/76044/268697/59008/67052/78658/71890/51810/12236/11799"
"GOBP_REGULATION_OF_CYTOPLASMIC_TRANSLATION",0.349817168727146,0.685012930192969,0.0287776612361341,0.499589902956823,1.08164556669707,34,"18746/229663/18458/56726/22121/11991/22608/13211/56403/56449"
"GOBP_REGULATION_OF_EXOSOMAL_SECRETION",0.346946216955333,0.685012930192969,0.0297639268989764,0.546670596016223,1.09574548925146,19,"53378/74772/68953/208092/19349"
"GOBP_REGULATION_OF_INTRACELLULAR_PROTEIN_TRANSPORT",0.347053848322526,0.685012930192969,0.0252476307269126,0.422408137197068,1.06606759507342,140,"20684/18245/216440/65973/74772/72446/99237/18753/12795/70790/67628/52822/108989/16176/20660/18536/22627/16589/66366/18035/15519/56228/19384/192176/18826/17846/19247/14456/72826"
"GOBP_REGULATION_OF_MITOCHONDRION_ORGANIZATION",0.345215485756026,0.685012930192969,0.0259398581053639,0.431178893972439,1.06672057833023,113,"20847/16000/74772/15944/66494/69104/58801/18793/70435/66437/114874/26949/59026/12018/30954/11983/14775/11739/12048/66980/74919/14297/12176"
"GOBP_REGULATION_OF_SISTER_CHROMATID_COHESION",0.349790490071051,0.685012930192969,0.0296007129207685,0.552083401920235,1.09971172692818,18,"22589/226026/226151/320209/12387/68501/105377/218914/26914/71514/19357"
"GOBP_RESPONSE_TO_FIBROBLAST_GROWTH_FACTOR",0.345512431776834,0.685012930192969,0.0265585316014455,0.443419937267082,1.06953447540809,90,"12505/80752/55985/72043/20304/29875/13655/20296/15370/19247/15936/12387/21825/14164/16558/12393/14219/26427/14173"
"GOBP_RESPONSE_TO_HYPEROXIA",0.34765625,0.685012930192969,0.030096487257355,0.568164099071143,1.10259948562463,15,"17390/17711/17705/12176"
"GOBP_RESPONSE_TO_TOPOLOGICALLY_INCORRECT_PROTEIN",0.347484837673921,0.685012930192969,0.0439306272279452,-0.33252852340955,-1.03952487062305,155,"27362/29810/72265/76594/109815/192193/22433/433693/67035/23802/80517/269523/17973/12443/11651/69232/68212/108954/67623/67819/76867/67878/13666/18708/81489/100037258/226418/74840/193740/56534/226090/56334/110213/214424/226641/68292/215160/70231/116891/11911/13198/12913/15482/64209"
"GOBP_RNA_POLYMERASE_II_TRANSCRIPTION_INITIATION_SURVEILLANCE",0.347133052911224,0.685012930192969,0.0334619270886029,-0.49725531800927,-1.09442442405099,19,"19052/231868/72656/101861/51792/70885"
"GOBP_TRNA_THREONYLCARBAMOYLADENOSINE_METABOLIC_PROCESS",0.349495392716104,0.685012930192969,0.0331489902883037,-0.510497739157806,-1.09611937523842,17,"52575/69786/381406/72085/70359/66246/100233175/76357"
"GOBP_DEFENSE_RESPONSE_TO_GRAM_POSITIVE_BACTERIUM",0.35038084874864,0.685586085464015,0.0267486380487619,0.450146425004469,1.06714056595746,77,"24088/17105/17476/15018/11820/14109/97165/12010/236573/14191/68024/67248/16176/12363/15040/67067/14469/21926"
"GOBP_ESTABLISHMENT_OF_EPITHELIAL_CELL_APICAL_BASAL_POLARITY",0.350477590007348,0.685586085464015,0.0297157141936998,0.55746061061366,1.09816112863303,17,"270163/20401/17698/76108/22350/55978/94190/76260/71461"
"GOBP_NEGATIVE_REGULATION_OF_MAP_KINASE_ACTIVITY",0.350883585352523,0.685586085464015,0.0295435840307823,0.551106563049673,1.09776593185893,18,"11816"
"GOBP_POLYAMINE_METABOLIC_PROCESS",0.351205936920223,0.685586085464015,0.0298608799563479,0.561864679420066,1.09734161501273,16,"18245/20229"
"GOBP_PROTEIN_NEDDYLATION",0.351207386363636,0.685586085464015,0.0290585424141521,0.519691865312424,1.08924732825582,27,"18002/15251/100503670/67025/66915/12848"
"GOBP_RESPONSE_TO_LECTIN",0.351065767899435,0.685586085464015,0.0295340864466303,0.55088727569419,1.09732912670312,18,"56644/22177/14360/26409/20779"
"GOBP_MEMBRANE_DEPOLARIZATION_DURING_ACTION_POTENTIAL",0.351767905711695,0.686322806146504,0.0294112338693492,0.535211860499364,1.09037108719044,22,"16518/12289"
"GOBP_INTERLEUKIN_10_PRODUCTION",0.352514427040396,0.68742147374995,0.0276697192756243,0.475684134668701,1.07414124574061,49,"56644/12522/60533/14127/100038882/22177/15510/18733/16160/12487/14130/58205/16859/12051/16453"
"GOBP_ARTERY_DEVELOPMENT",0.352905660377358,0.687826528910213,0.0261208485186222,0.440181359595059,1.06446734885008,93,"16948/11816/18186/14387/320790/16971/23797"
"GOBP_POSITIVE_REGULATION_OF_UBIQUITIN_DEPENDENT_PROTEIN_CATABOLIC_PROCESS",0.353440436495908,0.688510787934856,0.0397201431311868,-0.354921470013421,-1.04233613327975,100,"19211/75841/16792/12398/414872/27373/14629/269523/11651/211770/56371/15511/193740/19358/93687/68034/56469/75788/56637/27061/66725/64209/56812/19164/12606/66498/244667/22218/13132"
"GOBP_ESTABLISHMENT_OF_MITOCHONDRION_LOCALIZATION",0.35364791920599,0.688557091524182,0.0285819161089634,0.501828290576012,1.08065222706191,32,"68196/15251/67095/19294/16561/16573/70827/72416/74143"
"GOBP_CELLULAR_RESPONSE_TO_BIOTIC_STIMULUS",0.354142127993718,0.688585226664867,0.0236893179822521,0.401894716833583,1.05407907886253,210,"22169/56644/26362/22352/24088/11502/97165/55985/15944/60533/12257/12010/20778/11303/231130/17329/15900/70097/16176/11783/50755/17079/15945/17319/80859/18787/57783/14469/24061/21929/18035/20296/21926/21897/216161/327957/17084/12514/18733/26400/266632/319236/16365/16160/56722/14130/19247/12475/58205/11898/211007/52864"
"GOBP_COMPLEMENT_ACTIVATION",0.354213531752898,0.688585226664867,0.0284413754423405,0.494960234660046,1.07747178734974,36,"12266/11801/12268/14962/16176/12260/12262/12259/17174/12759/12261"
"GOBP_NEGATIVE_REGULATION_OF_PHOSPHORYLATION",0.354046242774566,0.688585226664867,0.0253295334887057,0.425348613545219,1.05794943923347,118,"11816/56417/23790/19264/547253/72446/18148/12575/78388/75296/68045/14232/15259/64383/97998/73205/208092"
"GOBP_LIPOPOLYSACCHARIDE_MEDIATED_SIGNALING_PATHWAY",0.354617414248021,0.688882616613912,0.0366208603945354,-0.389831295089592,-1.05809694068581,59,"18750/19204/19261/212937/21898/17874/17096/11651/22034/26416/211770/18754/234779/17002/240354/67154/26413"
"GOBP_REGULATION_OF_PERK_MEDIATED_UNFOLDED_PROTEIN_RESPONSE",0.35473411154345,0.688882616613912,0.0325670705681411,-0.524687902097536,-1.0947439734934,15,"17973/11651/108954/67878"
"GOBP_NUCLEOTIDE_SALVAGE",0.355287569573284,0.689600109145866,0.0296485090705704,0.560021010047942,1.09374086344307,16,"11821/13178/15452/11565"
"GOBP_GLYCEROLIPID_BIOSYNTHETIC_PROCESS",0.35583864118896,0.689990775275612,0.0477188632185394,-0.320196107246138,-1.03257999382091,213,"270084/30955/18718/19211/67556/192654/68682/319660/14792/110911/21835/234515/210992/23827/108083/75669/382030/18708/83493/329777/18591/433931/18805/16331/69048/27399/81601/110417/14245/107650/77582/234779/14081/55981/242291/13139/66586/18719/76500/170749/233011/14731/269060"
"GOBP_MESODERM_MORPHOGENESIS",0.356041131105398,0.689990775275612,0.0359890212673894,-0.395381996274746,-1.05775479046443,54,"17127/16416/17125/21349/17126/12162/216850/68151"
"GOBP_TYPE_B_PANCREATIC_CELL_PROLIFERATION",0.355992844364937,0.689990775275612,0.0289491002571879,0.524656508069833,1.08392727690013,24,"16000/384783/15370/56312/73447/12567"
"GOBP_ESTABLISHMENT_OF_MITOCHONDRION_LOCALIZATION_MICROTUBULE_MEDIATED",0.356418016734912,0.690072111686014,0.0288405625611997,0.521741618645718,1.08418498719317,25,"68196/15251/67095/16561/16573/70827/72416/74143"
"GOBP_REGULATION_OF_CENTROSOME_CYCLE",0.356635453664837,0.690072111686014,0.0270981378227699,0.463268643272343,1.06550604225881,58,"75608/18148/72776/68953/58251/56706/12537/236266/68729/56036/233064/17245/66371/107503/30839/98956"
"GOBP_THYMIC_T_CELL_SELECTION",0.356539309331374,0.690072111686014,0.0294018307530426,0.554087949523412,1.09151720574619,17,"19264/94176/12775/16149"
"GOBP_POSITIVE_REGULATION_OF_REACTIVE_OXYGEN_SPECIES_METABOLIC_PROCESS",0.35732606604681,0.691051648887226,0.0269416229575224,0.461221006713643,1.06925621750153,61,"56644/11820/12257/12575/18753/22177/16409/16414/67067/13057/16365/20655/19766"
"GOBP_ACIDIC_AMINO_ACID_TRANSPORT",0.361124575860397,0.692671125802568,0.026895039772578,0.461765603272623,1.06101774373644,57,"20496/11539/21366/94245/245944/625098/117160/319352/21926/18000"
"GOBP_AMINE_METABOLIC_PROCESS",0.361526479750779,0.692671125802568,0.02624541843463,0.447803093857005,1.06034966040618,76,"18245/22329/11977/20229/100434/11669/16409/14528/56209/16414/15452/70789/110695/71816/18263/13819"
"GOBP_CELLULAR_COMPONENT_DISASSEMBLY",0.36084407971864,0.692671125802568,0.0216377358248969,0.380010100602823,1.04911341694172,413,"11520/229534/56486/65973/13039/56193/75608/18751/14694/16765/20588/18008/65019/28006/70381/12266/15944/20740/268396/68094/77573/17390/75909/245944/70472/213556/217124/227331/21973/171580/12795/66905/15451/66244/12332/13191/68953/13040/16971/16176/11783/77987/320817/231580/20401/12260/16573/104015/12752/11501/16409/17758/276770/73804/114741/53612/12631/225115/232341/20586/21926/56208/66855/20742/63873/17387/12343/226519/224432/12262/12313/26921/16784/208092/269254/18826/22388/56431/19354/12259/67871/227753/56055/17869/57376/12345/12176/74392/11789/12534/19230/54194/67181/66371/56086/18817/14168/192119/74778/110253/319278/11490/232227/225363/212307/66361/67886/17754/108124/20877/69536/50876/72349/75786/17318/16578/18550/67443/69408/56422/18195"
"GOBP_GLYCEROPHOSPHOLIPID_METABOLIC_PROCESS",0.362044486512068,0.692671125802568,0.0501437564723626,-0.310072486328052,-1.02300200375743,259,"270084/30955/18718/320207/19211/67556/66082/192654/68682/56442/17257/14792/110911/224860/234515/210992/23827/108083/72519/75669/66826/18708/83493/329777/18591/433931/18805/16331/69048/27399/110417/14245/107650/77582/234779/218121/55981/242291/13139/66586/18719/76500/170749/233011/14731"
"GOBP_GLYCOPROTEIN_BIOSYNTHETIC_PROCESS",0.360799609946368,0.692671125802568,0.0510532623450575,-0.308601674895987,-1.02511948573072,273,"14537/233115/50785/67075/228875/54613/20448/56374/269941/218989/56737/20454/14426/14595/18145/217664/93961/52463/269181/68059/17308/171212/57370/60322/330217/102580/108902/54616/16795/56386/17155/117592/68947/20444/56375/227619/217734/68292/73836/16430/15531/224143/216395/97440/246179/66059/13200/18822/171167/72050/58193/50786/53618/66357/73068/14423/109785/338337/19164/208211/68304/207958/21416/380959/103963/20014/57170/74498/66789"
"GOBP_MITOCHONDRIAL_RNA_METABOLIC_PROCESS",0.361702127659574,0.692671125802568,0.0358538738431883,-0.393868761476051,-1.05624369600572,55,"56484/52575/67773/76719/69821/211948/60315/59016/15278/70359/67851/320720/216151/70047/66410/224481/76781/66132/76357/67417/226976"
"GOBP_NEGATIVE_REGULATION_OF_ENDOCYTOSIS",0.360294117647059,0.692671125802568,0.0267486380487619,0.45804520009637,1.06398236649222,63,"16854/246746/24088/12306/53378/14694/16976/12010/11813/11812/54198/20239/18733/68420/11305/14130"
"GOBP_NUCLEOTIDE_BINDING_DOMAIN_LEUCINE_RICH_REPEAT_CONTAINING_RECEPTOR_SIGNALING_PATHWAY",0.359308885754584,0.692671125802568,0.0285202432688668,0.510082828182205,1.08179071386381,29,"65221/15944/210808/432940/59079/11796/56174/21929/18035/57738/26409"
"GOBP_PHAGOCYTOSIS",0.360964681075382,0.692671125802568,0.023492834989153,0.401976634476918,1.05013377678631,204,"56644/26362/246746/23790/24088/19264/17886/14694/11539/16186/12266/226421/14127/99237/227541/12268/14191/18753/18173/18717/20778/94176/22177/11303/17101/15900/16971/20401/12752/16409/16414/20296/14360/54198/17972/16885/56208/13057/22040/16169/11629/20655/67739/20779/14130/53357/12475/14456/227753"
"GOBP_POSITIVE_REGULATION_OF_INTERLEUKIN_8_PRODUCTION",0.358590018118926,0.692671125802568,0.0273526093026244,0.468868022528378,1.06444999144732,52,"56644/24088/230073/16149/16176/18787/21926/21897/19766/12475/16859"
"GOBP_POSITIVE_REGULATION_OF_REGULATED_SECRETORY_PATHWAY",0.361734956283216,0.692671125802568,0.0279022954859226,0.486576513627446,1.06858865741838,39,"14991/14127/14191/16783/14389/16409/16414/15006/20909"
"GOBP_POSITIVE_REGULATION_OF_SMOOTH_MUSCLE_CELL_PROLIFERATION",0.361124195321087,0.692671125802568,0.0264010094290955,0.451919208804186,1.06177521259681,71,"20846/16000/15368/17390"
"GOBP_POSTSYNAPTIC_MEMBRANE_ORGANIZATION",0.360957960027567,0.692671125802568,0.028028631856996,0.489651269722225,1.07009455719555,37,"11816"
"GOBP_PROTEIN_K6_LINKED_UBIQUITINATION",0.361867704280156,0.692671125802568,0.032180671206004,-0.521278753342852,-1.08763089724557,15,"66105/56736/19822"
"GOBP_PYRIMIDINE_CONTAINING_COMPOUND_METABOLIC_PROCESS",0.360044080604534,0.692671125802568,0.0264982926291305,0.455496372767315,1.06595524429757,67,"22169/18103/13178/21877/67283"
"GOBP_REGULATION_OF_ASTROCYTE_DIFFERENTIATION",0.360869565217391,0.692671125802568,0.0333484662497276,-0.454083098470225,-1.0731871177434,27,"19317/16195/18015/15205/56708/17136"
"GOBP_REGULATION_OF_ATTACHMENT_OF_SPINDLE_MICROTUBULES_TO_KINETOCHORE",0.359315931593159,0.692671125802568,0.028894719197839,0.528246388631586,1.08391725192087,23,"16319/56208/26934/64383/51944/11789/12534/52276/20877/18005/268697/51810/11799/54141"
"GOBP_REGULATION_OF_CALCIUM_ION_TRANSMEMBRANE_TRANSPORT",0.359138337260182,0.692671125802568,0.0417547808135487,-0.338897732027196,-1.03568087022642,131,"30955/21803/11350/12314/12721/16416/66109/17096/70729/19055/238871/56085/81897/18754/11793"
"GOBP_REGULATION_OF_CHOLESTEROL_METABOLIC_PROCESS",0.358996244452031,0.692671125802568,0.0279610991295042,0.486773818068815,1.07176778460566,40,"11816/11307/12642/67815/73212/76483"
"GOBP_REGULATION_OF_DNA_TEMPLATED_TRANSCRIPTION_ELONGATION",0.361927856926341,0.692671125802568,0.0391892050523801,-0.353165463230142,-1.03717907890255,100,"77305/26395/66213/22346/24116/72656/70802/101861/58202/234959/108098/214498/228880/330474/70885/217127/106583/68092/12455/68975/19045/13716/70625/16825/433702/192231/268741/56771/107951/67381/20933/69562/219158/80509/28077/69882/381379/18130/66399"
"GOBP_REGULATION_OF_MRNA_CATABOLIC_PROCESS",0.358904852263486,0.692671125802568,0.0240424087834484,0.409783819853611,1.05624791926223,174,"56489/22352/78781/72446/229663/18148/73158/19877/18458/17454/18753/18173/230753/227331/13555/11991/13164/17164/70640/70439/11810/22608/214290/74645/381633/233908/66870/13211/56403/59004/72826/52502/56449"
"GOBP_HISTONE_MRNA_CATABOLIC_PROCESS",0.363095238095238,0.694304849665131,0.0292988356681409,0.55943946449767,1.08566814904651,15,"70640/214290/11920/20823"
"GOBP_NEGATIVE_REGULATION_OF_CELL_JUNCTION_ASSEMBLY",0.363268892794376,0.694304849665131,0.0282678038983127,0.50586275455469,1.07826249730497,30,"23790/24088/19877/20104/16176/21926/17387/20779"
"GOBP_B_CELL_ACTIVATION_INVOLVED_IN_IMMUNE_RESPONSE",0.36353372847869,0.694456888041861,0.0375295975721658,-0.364727228908889,-1.04183443326752,80,"21803/11350/321019/22433/16848/12946/21898/224860/75698/20852/17305/18129/20947/210293/234779/18861"
"GOBP_RESPONSE_TO_OXYGEN_LEVELS",0.364484818317571,0.695919051988923,0.0224187911294372,0.389408115158802,1.04679735612851,287,"24136/13058/17769/11539/17708/15258/18854/99237/15251/22329/17390/58801/13555/18174/13435/68077/17711/18655/11783/66437/12633/11964/17719/17709/17716/22228/11501/16531/11546/12894/22340/21926/17705/56208/19155/13057/13806/63873/17387/112407/17721/64383/68585/11655/11656/57875/26409/12175/13480/64930/11610/266690/17846/17869/12176/11491/50527/17717/16905/236900/12955/13819/11490/26926/11972/20525/53610/21825"
"GOBP_3_UTR_MEDIATED_MRNA_STABILIZATION",0.364913871260199,0.696099050861225,0.0329401098856199,-0.466961974171971,-1.07547667364848,24,"19317/17874/15568/15381/26416/117149/56190"
"GOBP_AMINO_SUGAR_METABOLIC_PROCESS",0.365288112130126,0.696099050861225,0.0278939167317266,0.489354555535775,1.06526886541302,36,"76969/54371/227620/19703/56174/245847"
"GOBP_ANTERIOR_POSTERIOR_PATTERN_SPECIFICATION",0.365463215258856,0.696099050861225,0.0416238362763518,-0.337315475346779,-1.03289859087462,135,"17127/70350/15242/21812/212937/16848/328572/19821/327826/70495/20481/17126/218850/12227/110796/12929/12151/56334/72475/11480/11481/22059/13198/224143/17701/68151/319757/18424/19164/15205"
"GOBP_NEGATIVE_REGULATION_OF_LOCOMOTION",0.365507719342287,0.696099050861225,0.0225111545631854,0.389963033533374,1.04507269044357,274,"19219/11816/24136/20684/74012/23790/69550/18186/11539/17342/55985/15368/29876/12512/16149/16971/74748/12515/237542/94246/17319/72674/18787/12631/60406/20296/21926/193385/76108/109331/338366/11629"
"GOBP_RENAL_FILTRATION",0.365486725663717,0.696099050861225,0.0282850572775828,0.508761816983866,1.07233601932275,28,"11539/71602/72043/13057/14456/22139/12490/224792"
"GOBP_NEURON_CELLULAR_HOMEOSTASIS",0.365810308612054,0.696321501614006,0.0266722544958112,0.459668070857139,1.05619815757602,57,"66335/11539/383619/66144/11966/73834/11977/13191/11964"
"GOBP_ATRIAL_SEPTUM_DEVELOPMENT",0.366718369155772,0.69766689277352,0.0324018254719922,-0.497302266125524,-1.08039540902795,18,"20677/22761/18129/23863/319757/11477"
"GOBP_CD4_POSITIVE_OR_CD8_POSITIVE_ALPHA_BETA_T_CELL_LINEAGE_COMMITMENT",0.367304104477612,0.69766689277352,0.0333736009028974,-0.43989904688624,-1.06213180001153,31,"16194/16195/328572/22761/20852/16364"
"GOBP_PROTEIN_MONOUBIQUITINATION",0.367095115681234,0.69766689277352,0.0353542822631721,-0.392203876285237,-1.04925245177616,54,"77853/66105/12402/93765/106021/213753/26965/63958/22193/19302/22187/67561/224023"
"GOBP_REGULATION_OF_GLYCOGEN_BIOSYNTHETIC_PROCESS",0.367633968310486,0.69766689277352,0.0282850572775828,0.516809200799327,1.07393536709673,25,"18605/16000"
"GOBP_RESPONSE_TO_LAMINAR_FLUID_SHEAR_STRESS",0.367460494101936,0.69766689277352,0.0324488378594357,-0.483635661216347,-1.07691524277836,20,"21803/22433/11651/18749"
"GOBP_WATER_SOLUBLE_VITAMIN_METABOLIC_PROCESS",0.366941347552109,0.69766689277352,0.0266190573072269,0.459124799156766,1.05494985993393,57,"107272"
"GOBP_FOREBRAIN_CELL_MIGRATION",0.368073878627968,0.698135548136478,0.0358389339345742,-0.387281739999917,-1.05117682812821,59,"14766/70839/328365/12569/19353/14270/223697/77582/16777/66725/171167"
"GOBP_INTRACELLULAR_IRON_ION_HOMEOSTASIS",0.368253462824391,0.698135548136478,0.0263044662674893,0.454382716944326,1.05699700240518,64,"14319/14325/74772/20321/15368/15251/12010/18173/18174/11964/213053/20655/11656/66162/17869/14297/22041/12870/11972"
"GOBP_NEGATIVE_REGULATION_OF_CALCIUM_ION_TRANSPORT",0.368509212730318,0.698267203899511,0.0338208621100742,-0.421885348695005,-1.06058117237338,38,"21803/12314/19055/56085/81897/110213"
"GOBP_POSITIVE_REGULATION_OF_SMOOTHENED_SIGNALING_PATHWAY",0.369805118572435,0.700085627467473,0.0333736009028974,-0.435544718624888,-1.05982938312423,32,"269941/69672/67466/71742/15531/319757"
"GOBP_PROTEOGLYCAN_METABOLIC_PROCESS",0.369842460615154,0.700085627467473,0.0252272384156983,0.432925032991734,1.05002530974614,96,"76969/54371/16000/110006/12091/15211/72043/76025/15442/233781/227327"
"GOBP_REGULATION_OF_NON_CANONICAL_WNT_SIGNALING_PATHWAY",0.370125427594071,0.700267593449054,0.0327824569051147,-0.461053876657043,-1.07167934639394,25,"11350/27373"
"GOBP_NEGATIVE_REGULATION_OF_TRANSMEMBRANE_TRANSPORT",0.370704139300443,0.701008634761887,0.02548802476494,0.436796878416983,1.04801411909333,85,"16592/18605/18245/18611/18751/16176/14873/22228/384783/22627/21926/12315"
"GOBP_COMPLEMENT_ACTIVATION_CLASSICAL_PATHWAY",0.373345421577516,0.701164204650955,0.0283369551129156,0.524389589133338,1.06832319799711,22,"12266/12268/12260/12262/12259/12759/12261"
"GOBP_DNA_MODIFICATION",0.371029224904701,0.701164204650955,0.0284676117707769,0.528222191179564,1.07007868878461,21,"80287/11545/11546/22040"
"GOBP_DOPAMINE_SECRETION",0.372701085752271,0.701164204650955,0.0320886022863019,-0.494714043388001,-1.07477246267593,18,"21817/54393/12846"
"GOBP_GLYCEROPHOSPHOLIPID_CATABOLIC_PROCESS",0.373579545454545,0.701164204650955,0.0279526822391721,0.507901316982621,1.06453494746997,27,"241274/20778/18606/11758/11812/56209"
"GOBP_HYALURONAN_METABOLIC_PROCESS",0.371803977272727,0.701164204650955,0.0280370982464314,0.508446069501012,1.06567672063369,27,"12505/110006/15211/16176"
"GOBP_MAMMARY_GLAND_MORPHOGENESIS",0.373721881390593,0.701164204650955,0.0272247423525366,0.478994980542975,1.05748121325642,41,"12977/18854"
"GOBP_NEGATIVE_REGULATION_OF_BLOOD_PRESSURE",0.371480888075074,0.701164204650955,0.0327824569051147,-0.454325179226666,-1.06523062992019,26,"11555"
"GOBP_NEUTROPHIL_MIGRATION",0.373191165270373,0.701164204650955,0.0253295334887057,0.435997406660224,1.04703718289009,86,"16854/12986/55985/14127/227541/76763/18717/12775/16149/17329/20302/12215/74748/16176/17524/15945/140497/11501/16414/12267/193385/266632/68585/277360/22388/19354"
"GOBP_PHOSPHOLIPID_DEPHOSPHORYLATION",0.371312065243464,0.701164204650955,0.0337173767448511,-0.416795156655032,-1.05313944841144,39,"19211/72519/81535/83493/16331/216152/170749/219024/233315/74411/74302/210376"
"GOBP_POSITIVE_REGULATION_OF_INTERLEUKIN_4_PRODUCTION",0.372579568217227,0.701164204650955,0.032180671206004,-0.4771486147182,-1.07379878558208,21,"74131/171285/20963/16364"
"GOBP_RESPONSE_TO_MOLECULE_OF_BACTERIAL_ORIGIN",0.372433650475714,0.701164204650955,0.0221723009695452,0.387086617971132,1.03860170442311,280,"22169/26362/22352/24088/11502/97165/55985/15944/60533/12257/12010/22329/12268/18173/22121/18034/20778/13555/12775/15975/11303/231130/17329/15900/16068/70097/59079/17164/16176/17079/15945/17319/80859/21934/14528/18787/16162/57783/14469/21929/20364/18035/20296/21926/21897/216161/14775/327957/17084/12514/18733/27419/26400/266632/12984/319236/16365/15370/16160/56722/14130/19247/12475/58205/16859/54644/11898/211007/27364"
"GOBP_RNA_CAPPING",0.371799628942486,0.701164204650955,0.0288225599314661,0.551408232560002,1.07691980402336,16,"74157/69878/20643/68011/20641/116940/107686"
"GOBP_SYNAPTIC_VESICLE_MATURATION",0.37262969588551,0.701164204650955,0.0281305951382595,0.516473253688521,1.06702087718663,24,"66335/66144/11966/73834/11964/11984"
"GOBP_TELOMERE_MAINTENANCE_IN_RESPONSE_TO_DNA_DAMAGE",0.371918290678563,0.701164204650955,0.033260846889792,-0.434906226886048,-1.05827571417414,32,"75698/56505/57321/54723/235134/19045/11792/56249/73747/50505/56456/21750/20174/225280/13870/69714/269400/497652/109275/70020/233875"
"GOBP_VACUOLAR_LOCALIZATION",0.373779637377964,0.701164204650955,0.0255924769674515,0.441637075415983,1.04898545464926,78,"380732/17886/69582/14127/77573/14191/72368/14389/70834/75620/16573/56743/20619/12523/14533/20911/19354/16859"
"GOBP_VITAMIN_METABOLIC_PROCESS",0.373250152160682,0.701164204650955,0.0253090075669071,0.434090610806967,1.04589800709562,89,"107272/72054/16889/14873/27973/21926/67283/59004/50527/18830/107885/20525"
"GOBP_GLYCOSAMINOGLYCAN_BIOSYNTHETIC_PROCESS",0.374249957140408,0.701344419681125,0.0273045097934502,0.480839132585058,1.05598858295223,39,"16000/14538/15211/16176/233781"
"GOBP_PEROXISOMAL_TRANSPORT",0.374192110541565,0.701344419681125,0.0321230561705183,-0.471891224779405,-1.07156556509698,22,"19299/56535/19298/11666/19302"
"GOBP_CHROMOSOME_ORGANIZATION_INVOLVED_IN_MEIOTIC_CELL_CYCLE",0.375432811211871,0.701901451281219,0.0265736360484849,0.462505562623567,1.04885637091065,51,"110147/19360/70099/14211/11920/22589/68298"
"GOBP_OVULATION_CYCLE",0.37489705155658,0.701901451281219,0.0265811950045366,0.460983078797895,1.04654915819959,52,"26362/101476/17390/20602/11504/17977/20397"
"GOBP_PROGRAMMED_CELL_DEATH_INVOLVED_IN_CELL_DEVELOPMENT",0.37538742023701,0.701901451281219,0.0283369551129156,0.533724650668333,1.06979666134225,19,"16176/20655/12048/56449/14173/12028/13421/16175"
"GOBP_REGULATION_OF_SYNCYTIUM_FORMATION_BY_PLASMA_MEMBRANE_FUSION",0.37567084078712,0.701901451281219,0.0279863826695388,0.514914160423376,1.06379982933661,24,"11502/20293/22177/17329/12633/15945/193385"
"GOBP_TYPE_II_INTERFERON_PRODUCTION",0.375379017586416,0.701901451281219,0.0251527494517956,0.432771137478863,1.04384943615295,90,"56644/26362/15018/11820/15944/60533/100038882/18173/12775/15900/16176/15510/16162/15461/21926/18733/16160/12475/14456/58205/16859/66155/12051/12772/16177/18106"
"GOBP_VESICLE_CYTOSKELETAL_TRAFFICKING",0.375490837696335,0.701901451281219,0.0264383378949301,0.459328753327946,1.04820870916419,54,"17918/94245/16562/67095/11776/16561/16573/12752/11774/70827/14533/11777/15194/17913/20869/60595/16558/11775"
"GOBP_ATRIOVENTRICULAR_VALVE_DEVELOPMENT",0.376974135957885,0.702938347341333,0.0324960101604023,-0.452326589370415,-1.06054464897775,26,"20677/22761"
"GOBP_NEGATIVE_REGULATION_OF_ION_TRANSMEMBRANE_TRANSPORTER_ACTIVITY",0.377030937013132,0.702938347341333,0.0319516418172933,-0.480067324249062,-1.06896959943648,20,"12314/56085/81897/328424/22218/94221"
"GOBP_POSITIVE_REGULATION_OF_T_HELPER_CELL_DIFFERENTIATION",0.377019422762752,0.702938347341333,0.0281818787673615,0.524817686725735,1.06318180386999,21,"14744/80859/243910/16160/74143/15284/57261"
"GOBP_RAC_PROTEIN_SIGNAL_TRANSDUCTION",0.376428752857506,0.702938347341333,0.0345945075973596,-0.393927672245146,-1.04472631331221,51,"30955/242687/57874/140580/19353/211255/12928/11845/12929/20430/13169"
"GOBP_REGULATION_OF_BLOOD_CIRCULATION",0.377163558298672,0.702938347341333,0.0230747141203851,0.401404265723354,1.0397990661719,182,"232975/16518/65973/11820/11928/11539/67972/14387/18438/17390/12289/109552/14873/14528/22627/21926/12315/15519/100986/20787/192176/12313/20193/20779/110891"
"GOBP_GLIAL_CELL_DEVELOPMENT",0.377628379344872,0.703454853769672,0.024091911219722,0.415922443769029,1.0413160507633,126,"24136/22352/24088/14824/11820/14580/12527/241447/16971/16176/15902/15461/18823/21926/18810/74761/27419/64383/20655"
"GOBP_POSITIVE_REGULATION_OF_SMOOTH_MUSCLE_CELL_MIGRATION",0.37803171641791,0.703506888348723,0.03280659560828,-0.436685799756462,-1.05437344731222,31,"214968/16416/22433/18479/21898/238130/18591/12928"
"GOBP_SKELETAL_MUSCLE_CELL_PROLIFERATION",0.37792702849882,0.703506888348723,0.0281391283563715,0.52417882689142,1.0618875941506,21,"12633/67367/68050/16452/15234/14173/19015/67052/67955/74777"
"GOBP_POSITIVE_REGULATION_BY_HOST_OF_VIRAL_TRANSCRIPTION",0.378240638156437,0.703546358218524,0.0318047908234536,-0.491919151885337,-1.06870052584014,18,"16476/328572/20683/72462"
"GOBP_POSITIVE_REGULATION_OF_AUTOPHAGY_OF_MITOCHONDRION",0.37890625,0.704434833829365,0.0277026891172911,0.504938993321702,1.05832606996302,27,"15944/66169/59026/11983/11739/14466/12176/15194/22333/15277/12539/11740"
"GOBP_CHONDROCYTE_PROLIFERATION",0.37965796579658,0.704783583856157,0.0279106796688431,0.517595234268105,1.06206197715532,23,"229534"
"GOBP_PORPHYRIN_CONTAINING_COMPOUND_METABOLIC_PROCESS",0.379615450059554,0.704783583856157,0.0269260763455709,0.475351036630899,1.05147649205867,42,"15368/12257/18174/68066/11983/233016/18023/70118/11655/11656/67739/14297"
"GOBP_SMALL_MOLECULE_CATABOLIC_PROCESS",0.379452054794521,0.704783583856157,0.0217961822729909,0.386052777002686,1.03759052176198,288,"11816/22436/18746/72054/14751/21991/12091/192166/67041/74159/20778/18655/11669/14660/58810/14718/384783/16828/97212/19703/56174/20280/66885/12894/93747/18648/110391/71755/13806/13885/245847/70789/66887"
"GOBP_PEPTIDYL_THREONINE_MODIFICATION",0.379949874686717,0.704976302141492,0.0341359210637563,-0.399966798011271,-1.04637171675715,47,"18750/12569/54396/14426/11651/11909/14423/26413/12322/18760"
"GOBP_ANIMAL_ORGAN_FORMATION",0.380701754385965,0.705434596330575,0.0340961551503935,-0.399804021845205,-1.04594587046895,47,"26395/327826/24063/17260/12162/17684/26413/15205"
"GOBP_NEGATIVE_REGULATION_OF_SIGNAL_TRANSDUCTION_BY_P53_CLASS_MEDIATOR",0.380599586492074,0.705434596330575,0.0270981378227699,0.47979683690626,1.04855846493422,37,"12505/16149/270627/68077/17319"
"GOBP_VIRAL_RNA_GENOME_REPLICATION",0.380761523046092,0.705434596330575,0.0280710191964013,0.534927827215535,1.06553901566874,18,"80287/18521/21973"
"GOBP_CELL_CELL_RECOGNITION",0.381177264294147,0.705507351394797,0.0267027529799805,0.47005864534769,1.04869097327044,45,"16854/12527/94176/12775/21454/17698/14276/12461/11674"
"GOBP_MODIFIED_AMINO_ACID_TRANSPORT",0.381075369805119,0.705507351394797,0.0327824569051147,-0.427787592100028,-1.05454918494363,34,"52466/114644/67760/83429/17250/239273/66859/55963/20509/26570/214663"
"GOBP_CLATHRIN_COAT_ASSEMBLY",0.38337266291523,0.708291209776238,0.0278855433998514,0.521961624094191,1.05739595880918,21,"12757/14457/231580/216705/13858"
"GOBP_DNA_TEMPLATED_DNA_REPLICATION",0.384497846923184,0.708291209776238,0.0233227145241089,0.406050370372694,1.03549111388272,155,"327762/56045/665775/12053/237886/19360/50755/70024/11545/20892/72749/22589/21877/235559/117599/16881/17218/21853/67967/217578/320209/216049/19691/19714/17216/218973/93696/75826/19687/68275/17219/57441/66131/50776/68379/18538/69270/27214"
"GOBP_LONG_CHAIN_FATTY_ACYL_COA_BIOSYNTHETIC_PROCESS",0.383720930232558,0.708291209776238,0.0313408280039714,-0.495168961869258,-1.06320606633246,17,"106529/14081/56348/83603"
"GOBP_NEGATIVE_REGULATION_OF_RESPONSE_TO_ENDOPLASMIC_RETICULUM_STRESS",0.384693104319273,0.708291209776238,0.0340433059732153,-0.399180775869894,-1.04718049998658,48,"27362/109815/22433/14792/11689/17973/11651/108954/193740/110213/12913/66725/64209"
"GOBP_NEGATIVE_REGULATION_OF_RESPONSE_TO_WOUNDING",0.384267912772586,0.708291209776238,0.0252136619638632,0.439259620769613,1.04011963316613,76,"11816/20750/20496/12306/12527/18753/20720/18793"
"GOBP_OSTEOCLAST_DIFFERENTIATION",0.384510042604991,0.708291209776238,0.0248130741633458,0.430240543982353,1.03662165529533,89,"12977/80752/12306/17342/14127/22177/20302/14389/21934/21926/216161/27060/233328/18733/16477/16160/20779"
"GOBP_POSITIVE_REGULATION_OF_NUCLEAR_DIVISION",0.384246235313586,0.708291209776238,0.0262380567668797,0.461399023012589,1.04084373921513,48,"16000/13164/16176/68612/83946/19362/21926/64383/12487/66468/19645"
"GOBP_REGULATION_OF_PROTEIN_BINDING",0.383612363168062,0.708291209776238,0.0257969111127991,0.451475396681884,1.04117072792253,59,"15958/14694/18008/19877/667373/16976/209200/67025/22284/19384"
"GOBP_REGULATION_OF_PROTEIN_NEDDYLATION",0.384461789798512,0.708291209776238,0.0278354169200699,0.526243060985458,1.06143999101989,20,"15251/100503670/67025/66915/12848"
"GOBP_REGULATION_OF_RELEASE_OF_CYTOCHROME_C_FROM_MITOCHONDRIA",0.384707697582719,0.708291209776238,0.0268254821211887,0.476298657069886,1.04601707693229,39,"16000/66494/58801/18793/12018/14775/12048/14297/12176/16905/74143/12759/15234/12028/170770"
"GOBP_RHYTHMIC_BEHAVIOR",0.384760112888053,0.708291209776238,0.0326265664694886,-0.425032975949869,-1.05299086416475,35,"19211/11906/53376/27373"
"GOBP_MULTI_MULTICELLULAR_ORGANISM_PROCESS",0.385045422781272,0.708468455858717,0.0410054911189593,-0.329439374279091,-1.02305060841035,148,"15446/19735/15212/21803/17127/26365/16416/171285/21812/14595/20851/11651/14228/17126/67760/66313/21945/240028/74155/56334/229096/13982/11480/11481/16777/18436/16008"
"GOBP_CALCIUM_ION_IMPORT",0.385911424903723,0.709513164057524,0.0256415199432076,0.448939348474276,1.04061338351334,62,"16854/28240/12286/12289/20302/20296/14360/63873/110891/26556/12387"
"GOBP_NUCLEOSIDE_METABOLIC_PROCESS",0.3859918200409,0.709513164057524,0.0266646412737587,0.474175427596505,1.0468410460225,41,"22436/11821/15452/21877"
"GOBP_POSITIVE_REGULATION_OF_MYELOID_LEUKOCYTE_CYTOKINE_PRODUCTION_INVOLVED_IN_IMMUNE_RESPONSE",0.386629910406616,0.710101800956419,0.0268254821211887,0.476904957051509,1.04223848766879,37,"14991/15018/14127/230073/16149/17164/17319/18733/68585/56200"
"GOBP_REGULATION_OF_MITOCHONDRIAL_DEPOLARIZATION",0.38669097538742,0.710101800956419,0.0278104263660417,0.526218509353862,1.05475136615544,19,"14694/12257/14718/11545/20779/16542"
"GOBP_C4_DICARBOXYLATE_TRANSPORT",0.388478847884788,0.710946641539154,0.0275061230988845,0.513860736292982,1.05439910075973,23,"20496/14580/22228/27376/231549/68267/20500/20514/100604"
"GOBP_EMBRYONIC_PATTERN_SPECIFICATION",0.38760477520955,0.710946641539154,0.0340037974197033,-0.391384497251156,-1.03798161873304,51,"17127/70350/212937/17125/327826/17126/218850/56334/12162/13641/17129/67122/19206/277939/72634"
"GOBP_MAINTENANCE_OF_PROTEIN_LOCALIZATION_IN_ORGANELLE",0.388231315522489,0.710946641539154,0.0264308634155429,0.469993562440545,1.04449653364205,43,"20684/216440/18854/12257"
"GOBP_OLIGOPEPTIDE_TRANSPORT",0.387766348273328,0.710946641539154,0.0278939167317266,0.535956902921447,1.05580022373774,17,"65221/66868/68066/57738"
"GOBP_REGULATION_OF_CHROMOSOME_ORGANIZATION",0.387599896880639,0.710946641539154,0.0220037088086317,0.390337387486828,1.03285745165148,237,"20588/18854/68094/16319/15382/26992/11991/19360/93762/75430/108989/70099/70640/56207/22385/14211/108000/103677/229841/71836/67241/11545/21454/68612/66923/12461/56531/20586/66977/15519/11920/22589/56208/68298/26400/65964/54392/67155/15078/20779/59125/69535/21335/24010/66468/19645/17869/226026/57376/226151/52864/11789/320209/12534/53379/52276/18817/16905/67711/12387/18768/20877/68501/19134/235587/18005/218977/98956/231600/26417/77045/67629/252870/76044/268697/59008/67052/78658/71890/51810/12469"
"GOBP_SRP_DEPENDENT_COTRANSLATIONAL_PROTEIN_TARGETING_TO_MEMBRANE",0.388334778837814,0.710946641539154,0.030892146868861,-0.500711199127025,-1.06220349471259,16,"72265/20818/53421/67437"
"GOBP_VASCULAR_ENDOTHELIAL_CELL_PROLIFERATION",0.388259292837715,0.710946641539154,0.0317375395860154,-0.458602311398247,-1.05622323801564,24,"21812/328133/20683/16002/17260/67122/18803/18607/20848"
"GOBP_ENDODERM_FORMATION",0.388953009068425,0.711119940482175,0.0259686428820468,0.460584494182346,1.04004478243615,49,"14268/17886/16402/68196/17390/16414/16419/17387/76246"
"GOBP_NEGATIVE_REGULATION_OF_SMALL_MOLECULE_METABOLIC_PROCESS",0.388797364085667,0.711119940482175,0.024367764741698,0.425743513640121,1.03452926116087,97,"11816/56193/12642/20185/12257/18655/73212/66437/11812/11545/11983/245847/56312/57875"
"GOBP_CELLULAR_RESPONSE_TO_MOLECULE_OF_BACTERIAL_ORIGIN",0.392230408573342,0.711918056189701,0.0224242050553813,0.396963185114199,1.02934206542416,185,"22169/26362/22352/24088/11502/97165/55985/15944/60533/12257/12010/20778/11303/231130/17329/15900/70097/16176/17079/15945/17319/80859/18787/57783/14469/21929/18035/20296/21926/21897/216161/327957/17084/12514/18733/26400/266632/319236/16365/16160/56722/14130/19247/12475/58205/11898/211007"
"GOBP_DOPAMINE_METABOLIC_PROCESS",0.392618629173989,0.711918056189701,0.026902791847636,0.491978128852448,1.04866697747465,30,"11977/11669/16409/14528/16414/15452"
"GOBP_EPIDERMIS_MORPHOGENESIS",0.391541114539844,0.711918056189701,0.027514253748148,0.517965727525369,1.04930102483578,21,"11977/27419/12387/66042"
"GOBP_GLUCOCORTICOID_METABOLIC_PROCESS",0.391587163920208,0.711918056189701,0.0307354380864671,-0.498836494809044,-1.05822651660308,16,"14815/17257/22629"
"GOBP_HETEROPHILIC_CELL_CELL_ADHESION_VIA_PLASMA_MEMBRANE_CELL_ADHESION_MOLECULES",0.391781298972662,0.711918056189701,0.0267793201296367,0.485670719428552,1.04585802439874,32,"54725/16402/22329"
"GOBP_NADH_METABOLIC_PROCESS",0.390520350334879,0.711918056189701,0.0265963264063149,0.476148278623342,1.04270651484385,38,"18746/14751/21991/18655/14718/18648/13806/18293/18641/68267"
"GOBP_ONE_CARBON_METABOLIC_PROCESS",0.391541114539844,0.711918056189701,0.027514253748148,0.517988675124198,1.0493475123497,21,"17769/108037/269378/229709/94280/107885"
"GOBP_PHYSIOLOGICAL_CARDIAC_MUSCLE_HYPERTROPHY",0.392165590919208,0.711918056189701,0.0312003598142687,-0.474674915143338,-1.05696228064893,20,"19735/18479/56376"
"GOBP_POSITIVE_REGULATION_OF_LIPID_BIOSYNTHETIC_PROCESS",0.390797450645111,0.711918056189701,0.0248987847007365,0.436726951951027,1.0353276640357,77,"11816/11307/14077/18753/20778/16149/16176/11813/26457/21926/20787/64383/15559/212980/53357/226856/224792/67181"
"GOBP_POSITIVE_REGULATION_OF_ORGANELLE_ASSEMBLY",0.392474674384949,0.711918056189701,0.0364331237004735,-0.357290765938174,-1.02520804053781,84,"18718/64143/14086/170625/72068/108083/234776/101706/11793/68112/56637/231225/232906/20479/102774/235072/69807/226407/245902"
"GOBP_PURINE_NUCLEOSIDE_MONOPHOSPHATE_METABOLIC_PROCESS",0.390081799591002,0.711918056189701,0.0264832773950661,0.472457717928857,1.04304884406392,41,"22436/11821/17524/13178/15452/11637/11565"
"GOBP_REGULATION_OF_GLYCOGEN_METABOLIC_PROCESS",0.392303674037959,0.711918056189701,0.0267563016485287,0.485454947834681,1.0453933753189,32,"18605/16000"
"GOBP_REGULATION_OF_INCLUSION_BODY_ASSEMBLY",0.390884229717411,0.711918056189701,0.0276204219915108,0.524708309435383,1.05172432434891,19,"11816/20660"
"GOBP_REGULATION_OF_LEUKOCYTE_MIGRATION",0.390824468085106,0.711918056189701,0.0223647829682691,0.395539055827817,1.02889853871406,192,"12977/19219/16854/54371/11820/11539/20293/12527/55985/15368/18438/227541/76763/20303/12775/16149/13601/20302/170756/74748/20304/12515/17524/15945/17319/11501/18787/17123/12267/17698/232341/22340/20296/21926/193385/63873/17387/338366/68585/11629/18081"
"GOBP_REGULATION_OF_ORGANIC_ACID_TRANSPORT",0.390343033653065,0.711918056189701,0.025669630587903,0.451494306596521,1.03377925074358,56,"20496/11539/107508/14077/94245/18438/16176/66437/17319/21934/384783/21926/18000"
"GOBP_REGULATION_OF_SISTER_CHROMATID_SEGREGATION",0.391181290034262,0.711918056189701,0.0241790191589434,0.422913268916744,1.03294729693192,101,"20588/68094/16319/26992/75430/108989/108000/229841/68612/66923/20586/66977/11920/56208/65964/67155/21335/24010/66468/19645/57376/11789/12534/52276/18817/20877/68501/19134/218977/231600/77045/67629/268697/59008/67052/71890/51810/12236/11799/235661/52696/76464"
"GOBP_VESICLE_BUDDING_FROM_MEMBRANE",0.39073050951504,0.711918056189701,0.0246888551336636,0.432048145358204,1.03366603200452,83,"17858/12306/75608"
"GOBP_PROTEIN_MODIFICATION_BY_SMALL_PROTEIN_REMOVAL",0.393317702227433,0.712840787209099,0.0238220650489235,0.417419276718057,1.02885311041816,109,"24110/22217/15254/30940/225896/432940/68077/56207/244144/74996/17847/108037/57783/21929/12848"
"GOBP_AMINOGLYCAN_METABOLIC_PROCESS",0.393714197244155,0.713182794104235,0.0247083865417471,0.433787309756089,1.03149969484881,80,"12505/16000/14538/110006/15211/16176/233781/227327"
"GOBP_BRANCHING_INVOLVED_IN_BLOOD_VESSEL_MORPHOGENESIS",0.394279176201373,0.713182794104235,0.0316261823222395,-0.44259769691316,-1.04604233954161,27,"11350/13805/12388"
"GOBP_B_CELL_APOPTOTIC_PROCESS",0.395584831760726,0.713182794104235,0.0269961855306423,0.503055932885298,1.04535592074944,25,"18566/12053/16149/17319/80859/384783/12018"
"GOBP_DIOL_BIOSYNTHETIC_PROCESS",0.395153944252141,0.713182794104235,0.0274170234281452,0.527223558239882,1.05019264787274,18,"14528/110391/66190/11305/14466/104725/54447/13361/11886/20773"
"GOBP_INTRACELLULAR_STEROL_TRANSPORT",0.394903339191564,0.713182794104235,0.026802380240945,0.490733545003423,1.04601410754685,30,"67963/12306/11307/245944/11303/235283/20280/233979/227446/11305"
"GOBP_MULTICELLULAR_ORGANISMAL_LEVEL_WATER_HOMEOSTASIS",0.395259799453054,0.713182794104235,0.0274250979400026,0.521874465918406,1.04604417386414,19,"14683/63873/219181/11677/246198"
"GOBP_MULTIVESICULAR_BODY_SORTING_PATHWAY",0.394736842105263,0.713182794104235,0.0333736009028974,-0.395600344037095,-1.03494843371511,47,"72543/20661/269523/67894/20844/100502698/71817/67123/330192/116733/68942/20479/15239/105513"
"GOBP_NEGATIVE_REGULATION_OF_PROTEIN_CATABOLIC_PROCESS",0.395599527466037,0.713182794104235,0.023852434690908,0.41897625920258,1.02790511720409,105,"12306/74772/21858/30940/20588/19877/20720/225896/68077/55988/19025/68135/56207/67025/14360/54198/98170/22284/192176/64383/226089/84092"
"GOBP_REGULATION_OF_ANIMAL_ORGAN_MORPHOGENESIS",0.395077932731747,0.713182794104235,0.0256204781035477,0.451931209474176,1.02924429442393,53,"12977"
"GOBP_T_CELL_LINEAGE_COMMITMENT",0.394928386945292,0.713182794104235,0.0320886022863019,-0.424034922032362,-1.04529839031026,34,"16194/16195/328572/22761/20852/16364"
"GOBP_VOCALIZATION_BEHAVIOR",0.395157803718115,0.713182794104235,0.0305088425715827,-0.508649343925872,-1.0612800517377,15,"212937"
"GOBP_ORGANELLE_FISSION",0.395961471509806,0.713492113085939,0.0200493706916889,0.371218808313166,1.02974230434311,447,"20847/17345/16000/223658/23790/75608/74117/15944/69104/16319/223593/110147/217124/21973/13164/270627/19360/93762/68953/71175/70435/75430/108989/70099/22385/16176/19385/66437/14211/114874/108000/67849/229841/71836/22228/73804/68612/11774/20892/83946/24061/68193/19362/21926/66977/12442/11920/56208/193385/68298/26934/18023/19384/50883/192176/54392/64383/77891/51944/208092/330401/12487/24010/67956/70799/66468/23825/19645/16551/12176/52864/11789/12534/12531/54194/210106/52276/66371/66077/71782/74107/18817/74143"
"GOBP_ESTABLISHMENT_OF_ORGANELLE_LOCALIZATION",0.397890588780714,0.71411116219329,0.0199560681654234,0.370734583279784,1.02878701633374,448,"17858/380732/17918/53378/75608/74772/17886/18148/68196/14127/15251/94245/14191/109181/16319/16562/16783/72368/67095/12615/11776/16906/13191/68953/18536/14389/19294/75620/16561/108000/67849/229841/20054/16573/104015/12752/16332/17758/73804/11774/56743/14579/20619/20336/12631/100019/12523/66977/27060/11920/56208/26934/27419/70827/14533/19384/64383/51944/208092/20911/21335/54160/19354/66468/71435/16859/19645/76205/19349/75964/11777/72416/11789/15194/12534/77048/77579/52276/66371/74107/18817/16905/74143/12387/70045/13424/17913/22350/21754/319565/20196/20869/382018/20877/67037/60595"
"GOBP_FOLIC_ACID_CONTAINING_COMPOUND_METABOLIC_PROCESS",0.398019801980198,0.71411116219329,0.0270823998852187,0.508692524990646,1.04379436495324,23,"17769/14528/108037/14590"
"GOBP_GMP_METABOLIC_PROCESS",0.397656666074916,0.71411116219329,0.0268563498430764,0.498603254802925,1.04145591188517,26,"22436/11821/17524/15452"
"GOBP_MEMBRANELESS_ORGANELLE_ASSEMBLY",0.397187426140392,0.71411116219329,0.0202789642388733,0.373240105888293,1.02728669865571,393,"75608/20044/229663/672511/18148/14109/66475/20185/268396/54127/16785/20085/16319/76763/223593/20104/72776/100503670/27050/12615/12332/57294/68077/68953/108989/58251/12633/67025/67671/20103/108000/229841/20054/226562/226982/17929/67941/20892/75547/100019/17698/24061/217869/68193/232341/21926/18810/12442/56208/236266/193385/26934/20239/233908/11465/68729/50883/192176/73205/208092/20779/59125/18826/22388/545486/13007/26886/70799/98932/66468/233064/227753/16551/17245/118451/14705/77579/70123/52276/233871/66371/18817/74778/13424/22350/72587/212307/20877/50876/16578/233406/13006/50783/74477/216846/68743/76478/18005/74203/12261/218977"
"GOBP_MITOCHONDRIAL_DNA_REPLICATION",0.397135416666667,0.71411116219329,0.0276944387553962,0.542246853977482,1.05230355676218,15,"327762"
"GOBP_REGULATION_OF_IMMUNOGLOBULIN_PRODUCTION",0.397419560369544,0.71411116219329,0.0250251220325419,0.442702095343981,1.03085827171373,65,"12483/19264/14751/16186/107823/12053/15040/21926/22040/20909/12487/14130"
"GOBP_REGULATION_OF_MEMBRANE_POTENTIAL",0.396821545553803,0.71411116219329,0.0206949382468888,0.377795114581087,1.0278220319223,337,"232975/16518/14694/11820/11928/11539/108100/12257/18438/12010/66494/58801/380728/11933/12289/170756/16889/14718/16491/22228/16573/12752/11545/22627/12018/16531/11983/21926/12315/100986/192176/20655/12048/12313/20779/22388/110891"
"GOBP_REGULATION_OF_PEPTIDASE_ACTIVITY",0.397642792384406,0.71411116219329,0.0272247423525366,0.514308684865873,1.04778567378058,22,"74772/14824/21858/66494/225896/13601/14433"
"GOBP_RESPONSE_TO_ETHANOL",0.397533763945978,0.71411116219329,0.0364642487003225,-0.352110502749293,-1.0213208500351,90,"15446/19735/21803/18750/12912/17874/12443/12402/12370"
"GOBP_GLIAL_CELL_PROLIFERATION",0.398523379819524,0.714672549073482,0.0254741631897063,0.450939450627391,1.02698562736775,53,"12977/14580/12257/13555/16176"
"GOBP_NEGATIVE_REGULATION_OF_CELL_PROJECTION_ORGANIZATION",0.399476006618864,0.71501245119747,0.022593233401797,0.401168866182697,1.02629015652527,160,"11816/20750/22352/18186/14580/94245/12010/18753/231532/52822/209743/231580/17758/12631/14360/63873/70827/331401/68585/16169"
"GOBP_PROTEINOGENIC_AMINO_ACID_METABOLIC_PROCESS",0.398926914153132,0.71501245119747,0.0234221553564931,0.411681544138446,1.02265482245834,117,"107272/17769/11977/14660/14718/22228/12752/109900/108037/110391/70789/11565/11898/27364/70396/18263/231691/194237/107885/20603/56454"
"GOBP_REGULATION_OF_EXTENT_OF_CELL_GROWTH",0.399390708301599,0.71501245119747,0.0242040199657551,0.426888235907712,1.02516173056519,86,"11816/20750/18186/14268/52822/20354/71653/16885/54214"
"GOBP_REGULATION_OF_FIBROBLAST_MIGRATION",0.39920744314266,0.71501245119747,0.0262749079581434,0.471091972420299,1.02953466435705,37,"24136/23790/72446/54126"
"GOBP_ADENYLATE_CYCLASE_ACTIVATING_G_PROTEIN_COUPLED_RECEPTOR_SIGNALING_PATHWAY",0.405658994282363,0.715171869215209,0.0233285418246271,0.412541374174533,1.01818831576757,111,"19219/14744/14694/11820/51801/11513/104111/14683/11303/17329/15945"
"GOBP_ARP2_3_COMPLEX_MEDIATED_ACTIN_NUCLEATION",0.400477164280845,0.715171869215209,0.026033649526477,0.468382903359519,1.03405284195614,41,"28006/74117/223593/11867/68089/56378/67771/63986/107702/63985"
"GOBP_CALCIUM_ION_HOMEOSTASIS",0.400940996948118,0.715171869215209,0.0212626802119148,0.384469657265455,1.02413982288604,257,"11816/11732/19264/65973/74772/28240/18751/11539/20293/67972/22070/18854/320790/245944/20305/12775/17329/20302/69029/170756/20304/109552/15945/14873/12752/72244/22627/70103/12018/20308/18796/12315/27060/13057/63873/13367/192176/233979/12313/15559/217893/66168/110891/12176/224079/12772/50527/68514/15194/19229"
"GOBP_CELLULAR_RESPONSE_TO_GAMMA_RADIATION",0.400390625,0.715171869215209,0.026740979054125,0.495681867088417,1.03892361114087,27,"19941/12575/15461/11920/13057/22040/50883/65964/12048/12955/24086"
"GOBP_DETOXIFICATION",0.406359906213365,0.715171869215209,0.0232936192958527,0.413718356470831,1.01973109924103,109,"11816/11307/18477/18173/11977/14778/58810/11758/93684/14873/14528/17748/52700/20364/53381/14775/18712/13885/54683/57738/20655"
"GOBP_DNA_TEMPLATED_TRANSCRIPTION_INITIATION",0.400906468891636,0.715171869215209,0.0439556423350473,-0.316222000933609,-1.01265671219388,202,"16476/56275/328572/67674/12912/52463/19052/66213/28071/230709/231868/93760/11909/106298/72656/98403/21374/13557/70802/67773/23808/56458/21343/101861/229906/13982/234959/51792/30941/108098/18676/17283/22059/70885/217127/209011/68975/69920/327987/11811/21833/213464/27224/12606/22378/15278/11792/53892/99982/71902/23894/24074/70625/70239/56406/56771/20375/63856/21429/22130/18294"
"GOBP_EARLY_ENDOSOME_TO_GOLGI_TRANSPORT",0.406764960971379,0.715171869215209,0.0300273375549225,-0.491522975380813,-1.04271169307036,16,"68365/78287/67511/70361/67804/20932/19346/67166/56389"
"GOBP_ECTODERM_DEVELOPMENT",0.40278293135436,0.715171869215209,0.0274008896033539,0.535539866301823,1.04592832280881,16,"22070/16409/12387/224705/18016/22642"
"GOBP_HORMONE_TRANSPORT",0.3997685482834,0.715171869215209,0.0214813157001781,0.386776498943892,1.02444494967343,239,"80885/20750/18751/11539/15251/12257/320790/16181/67041/14683/170756/20304/109552/16176/22228/384783/13722/20619/12894/192185/21926/27060/67267/63873/52055/20787/20909/218461/545486/53357/266690/19247/227737/18640/18641/68267/70093/230908"
"GOBP_MACROAUTOPHAGY",0.403726708074534,0.715171869215209,0.0547397849350589,-0.297664179572033,-1.00805333476134,364,"11555/72512/18718/140742/80877/64143/29810/270160/170625/12569/54396/19338/237782/18145/67841/269523/244962/11938/11651/15568/66839/108083/102058/14679/75669/93739/54609/271457/114143/20844/22034/100502698/18475/386649/226418/210146/19324/225131/66270/56085/20333/94044/69091/225020/17966/78246/11793/229285/330192/320717/116733/59021/81601/271221/68942/56367/66597/75788/51897/67526/71742/66840/22059/94232/20615/66725/72238/13641/19302/12995/72183/100855/20479/217695/15239"
"GOBP_MATURATION_OF_LSU_RRNA_FROM_TRICISTRONIC_RRNA_TRANSCRIPT_SSU_RRNA_5_8S_RRNA_LSU_RRNA",0.406135194709772,0.715171869215209,0.0270823998852187,0.529022135413586,1.04213918299648,17,"66489/19989"
"GOBP_NEGATIVE_REGULATION_OF_AMINE_TRANSPORT",0.402291396454821,0.715171869215209,0.0301759562044332,-0.504678004561777,-1.05299398335656,15,"19735/54393"
"GOBP_NEGATIVE_REGULATION_OF_BLOOD_VESSEL_ENDOTHELIAL_CELL_MIGRATION",0.404970248512426,0.715171869215209,0.0262970702252586,0.482562196294459,1.03456675562941,31,"11816"
"GOBP_NEGATIVE_REGULATION_OF_ENDOPLASMIC_RETICULUM_UNFOLDED_PROTEIN_RESPONSE",0.406632539505898,0.715171869215209,0.0305190600455216,-0.465814259842178,-1.04829139411995,21,"27362/22433/17973/11651/108954/110213"
"GOBP_NEGATIVE_REGULATION_OF_INTERLEUKIN_1_BETA_PRODUCTION",0.405666741623566,0.715171869215209,0.0307562278304789,-0.457259776357818,-1.04591172985969,23,"13051"
"GOBP_NEGATIVE_REGULATION_OF_MRNA_METABOLIC_PROCESS",0.404075471698113,0.715171869215209,0.02386460346087,0.422905602822564,1.02269029807284,93,"56489/229663/18148/73158/18458/18173/230753/13555/11991/13164/17164/70439/11810/22608/74645/381633/233908/13211/56403/72826/56449"
"GOBP_NEGATIVE_REGULATION_OF_STEM_CELL_DIFFERENTIATION",0.402968293231392,0.715171869215209,0.030881642894319,-0.458178722467117,-1.04801367838987,23,"12193/213541/381695/58202/56637/77889/15205/20848/19712/18128/69562"
"GOBP_NEGATIVE_REGULATION_OF_WOUND_HEALING",0.404161924890262,0.715171869215209,0.0250854148027945,0.447342150357249,1.02427212539717,56,"11816/20496/12306/12527/18753/20720/18793"
"GOBP_NEPHRON_DEVELOPMENT",0.401573676680973,0.715171869215209,0.0230975742674363,0.408803457899487,1.02251402783772,124,"20846/71602/114249/72043"
"GOBP_OSTEOBLAST_DIFFERENTIATION",0.405459122830264,0.715171869215209,0.021729486959042,0.390641206600797,1.01804545212217,198,"16948/20750/56417/80752/16000/326618/81910/330177/15528/235567/114249/19263/20302/14104/20054/20354/11947/15902/233726/21926/27060/14113/13211/16477/15078/80707/56403"
"GOBP_POSITIVE_REGULATION_OF_FATTY_ACID_BIOSYNTHETIC_PROCESS",0.402277736958119,0.715171869215209,0.0272486205517551,0.530388159967407,1.04483016247952,17,"16149/16176/11813/64383/212980/226856/19225"
"GOBP_POSITIVE_REGULATION_OF_LEUKOCYTE_CHEMOTAXIS",0.402784222737819,0.715171869215209,0.0243171512838986,0.431679494961109,1.02618725416789,79,"12977/11820/55985/227541/76763/20303/12775/16149/20302/20304/15945/18787/12267/232341/22340/20296/193385/63873/11629/19354/14456/16859/19242/12772/11491/19271/53416/19229"
"GOBP_PROSTATE_GLAND_MORPHOGENESIS",0.406062806316936,0.715171869215209,0.0268795497273238,0.51510772721177,1.03897985908273,20,"16000/17390"
"GOBP_PROTEIN_HOMOTRIMERIZATION",0.404267161410019,0.715171869215209,0.027336556106222,0.534464543914901,1.04382818010908,16,"14991/15018/17319"
"GOBP_PROTEOGLYCAN_BIOSYNTHETIC_PROCESS",0.401442684647954,0.715171869215209,0.0245981113732441,0.437512753068903,1.02756264121144,70,"76969/54371/16000/76025/233781/227327"
"GOBP_REGULATION_OF_BODY_FLUID_LEVELS",0.406315789473684,0.715171869215209,0.0206480144245338,0.379461453041774,1.02224143141127,293,"246728/11816/26362/11747/74012/22436/12306/56193/17886/11539/14751/104418/18442/12527/14127/15251/94245/18753/14683/20720/18793/15442/20602/17709/227333/18787/11774/27973/21894/232341/27027/17977/13057/63873/11465/59048/192176/18590/57875/20779/67391/545486/13007/22282/98932/14456/219181/22139/11677/19271/53416/246198/110524/217837"
"GOBP_REGULATION_OF_B_CELL_APOPTOTIC_PROCESS",0.406381039197812,0.715171869215209,0.0269416229575224,0.517229439754424,1.03673369237176,19,"18566/12053/16149/17319/384783"
"GOBP_REGULATION_OF_CD4_POSITIVE_ALPHA_BETA_T_CELL_DIFFERENTIATION",0.404777486910995,0.715171869215209,0.025166259973747,0.448037666375692,1.02244194495983,54,"14744/16852/12522/16186/12053/12515/80859/243910/16477/16160/16859/12400/16453/74143/15284/57261/16950/319817/59009/230738"
"GOBP_REGULATION_OF_CELL_GROWTH_INVOLVED_IN_CARDIAC_MUSCLE_CELL_DEVELOPMENT",0.403295750216826,0.715171869215209,0.0301859231121408,-0.493390356717642,-1.04667313628433,16,"19735/18479"
"GOBP_REGULATION_OF_CELL_KILLING",0.406012707267937,0.715171869215209,0.0242165392930001,0.430189160620658,1.02179413223809,78,"14964/14991/54725/19264/15018/16768/11801/12010/16783/22177/19294/15040/16409/15006/14990/53331/18733/71740/16160/17057/14130"
"GOBP_REGULATION_OF_GLIAL_CELL_PROLIFERATION",0.404750705550329,0.715171869215209,0.0316483814530157,-0.419819588969952,-1.0400750454593,35,"104156/17257/76893/12912/269951/17096/20481/18015/22059"
"GOBP_REGULATION_OF_NEUROTRANSMITTER_RECEPTOR_LOCALIZATION_TO_POSTSYNAPTIC_SPECIALIZATION_MEMBRANE",0.404263071597741,0.715171869215209,0.0270196409679448,0.523193792567646,1.0421656350136,18,"56486/13823/73804/15461"
"GOBP_REGULATION_OF_NUCLEOTIDE_EXCISION_REPAIR",0.403586647727273,0.715171869215209,0.0266038988619083,0.493765512811319,1.03490703147964,27,"20588/68094/26992/66923/20586/67155/57376"
"GOBP_RESPONSE_TO_IONIZING_RADIATION",0.40263046245227,0.715171869215209,0.0228708630124662,0.405742712848927,1.02249779417114,136,"19264/19941/226695/18854/227525/22329/12575/66656/13435/71175/15945/11810/11545/12018/72931/15461/19362/21926/11920/14775/13057/22040/56349/224008/50883/65964/235559/12048"
"GOBP_RETINA_HOMEOSTASIS",0.405333333333333,0.715171869215209,0.0322037847162679,-0.39998840921485,-1.02562462825691,42,"26889/22295/73750/12725/102774"
"GOBP_TETRAHYDROFOLATE_METABOLIC_PROCESS",0.401348150847149,0.715171869215209,0.0271454680330155,0.524732403553307,1.04523044105238,18,"17769/14528/108037"
"GOBP_VIRION_ASSEMBLY",0.406407800800975,0.715171869215209,0.0261500489769086,0.477975335861555,1.03099189322956,33,"11816/75608/68953"
"GOBP_WOUND_HEALING",0.406816015252622,0.715171869215209,0.0200404540847323,0.372819470578831,1.02137613954629,364,"56644/11816/26362/12505/11747/74012/16000/20496/12306/56193/75608/13518/14268/17886/16402/104418/12527/15368/14127/15251/94245/12575/18753/18173/20778/14683/20720/231532/18793/68953/15442/17938/227333/18787/11774/16419/27973/21894/15461/21929/22340/21926/18810/27027/14775/11465/338366/59048/192176/18590/57875/208092/20779/67391/18826/545486/13007"
"GOBP_CENTRIOLE_ASSEMBLY",0.40857190137349,0.715188685334117,0.0252001002150554,0.451687666679398,1.01893644436936,48,"18148/72776/68953/58251/236266/68729/70799/233064/17245"
"GOBP_DOUBLE_STRAND_BREAK_REPAIR",0.408354962303794,0.715188685334117,0.0205407678082685,0.37896488131931,1.02251905783358,304,"327762/56045/107932/20588/97165/18854/68094/227525/107823/26992/72459/19360/71175/20422/209200/50755/80285/67849/67241/11545/110052/72931/66923/11546/19362/20586/72749/11920/78656/224008/233908/50883/235559/67155/100683/269254/117599/59004/67956/17218/21853/226026/57376/15270/226151/52864/320209/69596/231855/210106/216049/18817/232811/67711/233826/19691/228140/19714/17216/211978/59029/272551/68501/68275/17219/74355/235587/14235/67788/12261"
"GOBP_LEUKOCYTE_MIGRATION",0.409476923076923,0.715188685334117,0.0204344529994522,0.378184764976097,1.02254678995303,314,"12977/19219/16854/54371/12986/20496/28240/17886/11820/11539/12642/20293/66102/12527/19877/55985/15368/14127/18438/22329/17390/227541/20085/22121/76763/18717/20303/12775/16149/17329/17101/13601/20302/170756/12215/74748/20304/16176/12515/17524/15945/17319/21934/140497/11501/13722/16414/18787/17123/12267/20308/17698/14276/232341/22340/20296/21926/14360/18810/193385/63873/17387/266632/338366/68585/11629/18081/277360/20779/22388/19354/14456/16859/14466/19242/12490/12772/11491/14254/19271/53416/20299"
"GOBP_LIVER_MORPHOGENESIS",0.407524932003626,0.715188685334117,0.0308187898420047,-0.452464430935054,-1.04208686797071,24,"20111/26365/22433/18129/21802"
"GOBP_LONG_TERM_SYNAPTIC_DEPRESSION",0.408777573529412,0.715188685334117,0.0310188345556625,-0.434740507647443,-1.03278515860883,28,"66082/20910/11514"
"GOBP_LYSOSOMAL_TRANSPORT",0.40983371559633,0.715188685334117,0.0228036571850969,0.407267679434757,1.01789401677298,123,"19156/75608/432486/74772/14824/67023/16004/66868/218035/226421/77573/245944/16783/67095/11776/17101/68953/16971/209200/20660/231580/16889/12752/11774/56208/70827/73205/233979/16784/208092/67739/66530/73711/27426/19349"
"GOBP_MULTICELLULAR_ORGANISMAL_RESPONSE_TO_STRESS",0.411596049697356,0.715188685334117,0.0244440737207865,0.437699309097894,1.01920898512206,65,"11816/12257/18438/208643/14528"
"GOBP_NEGATIVE_REGULATION_OF_TRANSLATION",0.410400460962259,0.715188685334117,0.0228596364782779,0.407682936612345,1.01552610980853,120,"19106/14694/107508/73158/18854/22121/227331/27050/17975/108989/208643/223453/22608/13685/14433/16341/66870/65964"
"GOBP_NEGATIVE_REGULATION_OF_WNT_SIGNALING_PATHWAY",0.408698653779772,0.715188685334117,0.0393767579926886,-0.327848148880603,-1.01108308732459,142,"433759/621976/21887/100201/56484/19277/27373/23802/50523/21888/100503386/232334/19052/13726/26416/93687/56458/68889/56637/269424/16008/13198/213326/20439"
"GOBP_NUCLEOBASE_METABOLIC_PROCESS",0.411283301410413,0.715188685334117,0.0259470481488096,0.476014509560764,1.02676239461641,33,"22436/11821"
"GOBP_PHOTORECEPTOR_CELL_MAINTENANCE",0.410894576191594,0.715188685334117,0.031329971144254,-0.423978073052115,-1.03168377529569,32,"26889/22295/12725/102774"
"GOBP_POSITIVE_REGULATION_OF_LYMPHOCYTE_DIFFERENTIATION",0.408521664027638,0.715188685334117,0.0229215097375536,0.408200840704839,1.01674498050525,119,"26362/14744/14991/19264/15018/20588/12522/16186/68094/26992/12053/16149/11776/80859/13655/11501/11774/66923/20586/243910/18733/17387/16169/67155/16160/14456/16184/16859/57376/12400"
"GOBP_POSITIVE_REGULATION_OF_TYPE_II_INTERFERON_PRODUCTION",0.409565077836623,0.715188685334117,0.0246498839504959,0.439811694778132,1.01757572853849,60,"56644/15018/11820/100038882/18173/15900/16176/15510/16162/15461/21926/18733/16160/12475/16859/12051/12772/16177/18106"
"GOBP_REGULATION_OF_BONE_REMODELING",0.407842216482742,0.715188685334117,0.0314717893028373,-0.421833199593276,-1.03280465776525,33,"18750/231633/16416/12988/100201/20963/12978/16331/13609/18015/27273"
"GOBP_REGULATION_OF_CENTRIOLE_REPLICATION",0.408937155064981,0.715188685334117,0.0264233933340371,0.496948289978389,1.03266416967925,25,"18148/72776/58251/236266/68729/17245"
"GOBP_REGULATION_OF_DNA_BINDING",0.408476253298153,0.715188685334117,0.0251459996563347,0.450240722485784,1.01974654609702,50,"16000/226695/59022/13555/18793/14958/233532/64383/224647/19645/227737/12051"
"GOBP_REGULATION_OF_MEMBRANE_PERMEABILITY",0.411405835543767,0.715188685334117,0.0336787638082654,-0.373704586239612,-1.02277721912926,62,"16456/16792/14629/12122/11909/83964/193740/56637/22059/66725/66400/12322/22334/214952/12125/20544/20848/75778/243382"
"GOBP_REGULATION_OF_NEURON_DIFFERENTIATION",0.411318150448585,0.715188685334117,0.0392265351633385,-0.327101740114056,-1.00997759721734,143,"104156/13209/11906/19205/56484/12569/66867/320705/216858/22629/19353/17260/192986/56637/233812/12162/66725/210529/228839/227292/20682/15205/56392/69807/239102/213696"
"GOBP_REGULATION_OF_NUCLEAR_TRANSCRIBED_MRNA_CATABOLIC_PROCESS_DEADENYLATION_DEPENDENT_DECAY",0.411423390752493,0.715188685334117,0.0266342338311079,0.507880512172385,1.0346897501553,22,"229663/18458/11991/22608/13211/56403/210106"
"GOBP_REGULATION_OF_PRESYNAPSE_ORGANIZATION",0.408840759808273,0.715188685334117,0.0263786649336238,0.492508070655861,1.02872461600444,26,"11820/208643"
"GOBP_REGULATION_OF_PROTEIN_CATABOLIC_PROCESS",0.410658307210031,0.715188685334117,0.0200761594926127,0.37379373617999,1.01956279302475,344,"11816/18245/56486/12306/74772/14694/11502/11820/21858/30940/14580/20588/19877/19186/230598/20720/12795/225896/270627/68077/55988/19025/68135/16971/56207/16176/20660/67673/19188/67025/11501/13627/17698/21929/21926/14360/54198/67184/15519/14775/214854/98170/18023/22284/50883/192176/64383/224703/56312/226089/208092/84092/72584/76843/11305/207304/17846/14466/50868/71816/53323/19349/11789/21944/239510/18263/71869"
"GOBP_REGULATION_OF_SYNAPTIC_VESICLE_EXOCYTOSIS",0.40760736196319,0.715188685334117,0.0323316046324851,-0.396451510480679,-1.02253017320995,44,"12361/78808/11938/271457/19055/18436/20615/66725/109905/216963/226407/228545/215449/213760"
"GOBP_UROGENITAL_SYSTEM_DEVELOPMENT",0.410217755443886,0.715188685334117,0.0253363829372155,0.455458106163854,1.02106058192679,46,"16000/19156/20588/17390"
"GOBP_VISUAL_BEHAVIOR",0.411480822961646,0.715188685334117,0.0328186806430492,-0.390035287399602,-1.02596822487223,49,"22142/17257/12912/18574/83429/56469/12846/18015"
"GOBP_ZINC_ION_TRANSPORT",0.410265486725664,0.715188685334117,0.0262675291401633,0.487794986368918,1.02814345822857,28,"28240/58800/18174/11776/213053/72027/30791"
"GOBP_RESPIRATORY_SYSTEM_DEVELOPMENT",0.412267807029266,0.715405350784905,0.0216022398728411,0.391572025843782,1.01615180894854,187,"16948/64138/16000/12306/17158/15258/13036/320790/22121/11977/16889/11774/21926/17387/75725/20787/18590/71966/67669/21853/11898/78892"
"GOBP_STEROL_BIOSYNTHETIC_PROCESS",0.412293371850425,0.715405350784905,0.0245401234820697,0.438874767202576,1.01540799454777,60,"11816/11307/12642/109754/67815/73212/16889"
"GOBP_STRESS_GRANULE_ASSEMBLY",0.412068560694999,0.715405350784905,0.0312758163082445,-0.418218018848514,-1.03095900640876,34,"13209/23881/11727/213541/228994/11793/13205/229096/12696/80913/270086"
"GOBP_MIDBRAIN_DEVELOPMENT",0.413067552602436,0.716049811556698,0.0344580982777182,-0.363766589111839,-1.02056259531825,72,"12709/12314/70350/22661/17125/11461/12540/22629/19353/15531/17701/68151/18424/15205/227648/20662/239839"
"GOBP_NUCLEOTIDE_BINDING_OLIGOMERIZATION_DOMAIN_CONTAINING_2_SIGNALING_PATHWAY",0.413126709206928,0.716049811556698,0.0266570326012639,0.514739981388263,1.03174382681967,19,"65221/15944/210808/432940/59079/56174/21929/18035"
"GOBP_REGULATION_OF_CHOLESTEROL_BIOSYNTHETIC_PROCESS",0.413237924865832,0.716049811556698,0.0263266803189157,0.49841323443515,1.02970932726974,24,"11816/11307/67815/73212"
"GOBP_MEMBRANE_DEPOLARIZATION",0.413744075829384,0.716309799111491,0.0242228036981384,0.435934256007582,1.01949713289729,68,"16518/14694/12257/18438/12010/12289/14718/11545/11983"
"GOBP_PEPTIDYL_CYSTEINE_MODIFICATION",0.413770201461147,0.716309799111491,0.030096487257355,-0.472866640647409,-1.04074663879978,19,"75965/208884/224454/57437/19346"
"GOBP_MYELOID_CELL_ACTIVATION_INVOLVED_IN_IMMUNE_RESPONSE",0.414761215629522,0.716885043349539,0.0352822347483627,-0.352113586892166,-1.01252813273174,85,"13051/30955/171285/20910/20963/217303/17874/28040/17096/12402/18754/27218/12229/20912"
"GOBP_NEGATIVE_REGULATION_OF_RAS_PROTEIN_SIGNAL_TRANSDUCTION",0.414867571778322,0.716885043349539,0.0301460999658088,-0.463187515223054,-1.0423800384227,21,"19053/19414/24063/18015"
"GOBP_POSITIVE_REGULATION_OF_LIPID_METABOLIC_PROCESS",0.414523004556813,0.716885043349539,0.0230234336016358,0.411554006860355,1.01349296441782,108,"11816/11307/11539/14077/18753/20778/16149/16176/11813/26457/384783/20280/12894/21926/20787/64383/15559/212980/53357/226856/224792/67181/67885/18201/19225/12334/14164"
"GOBP_PRESYNAPSE_ORGANIZATION",0.414403778040142,0.716885043349539,0.0252816918512611,0.455959997188871,1.01723718509783,45,"107932/11820/208846/208643"
"GOBP_POSITIVE_REGULATION_OF_NEUROINFLAMMATORY_RESPONSE",0.415550595238095,0.717734392143954,0.026902791847636,0.534935234469181,1.03811436754358,15,"20302/16176/21926/56312"
"GOBP_IMMUNE_RESPONSE_REGULATING_CELL_SURFACE_RECEPTOR_SIGNALING_PATHWAY_INVOLVED_IN_PHAGOCYTOSIS",0.416010793793569,0.717867612862935,0.0302860025206102,-0.452747978892461,-1.03559168393447,23,"11350/18479/22612/20963/17096/18754"
"GOBP_TRANSFORMING_GROWTH_FACTOR_BETA_PRODUCTION",0.415935334872979,0.717867612862935,0.0307874726068993,-0.432140667637063,-1.03195651947904,29,"16410/17127/12912/12488/70495/11909"
"GOBP_NEGATIVE_REGULATION_OF_LIPID_BIOSYNTHETIC_PROCESS",0.416247906197655,0.717946227532817,0.0250921319809542,0.453021467514383,1.01559804729693,46,"11816/11928/73212/11812/218461/18590/57875/11305"
"GOBP_NEGATIVE_REGULATION_OF_MICROTUBULE_DEPOLYMERIZATION",0.416975881261596,0.718323230896832,0.0308187898420047,-0.428680229360349,-1.03016508823665,30,"76499/68041/23991"
"GOBP_PERIPHERAL_NERVOUS_SYSTEM_DEVELOPMENT",0.416970036404369,0.718323230896832,0.0344988851058263,-0.359899035347483,-1.01532720543439,75,"243743/26395/11651/11671/14009/14784/20481/67453/19697/18015/16202/17684/26413"
"GOBP_POSITIVE_REGULATION_OF_CELL_ACTIVATION",0.417041448887808,0.718323230896832,0.0199649235978371,0.373994622919141,1.01653588202131,333,"56644/26362/14744/16000/14991/16852/19264/56193/15018/11820/20588/12522/26410/16186/15944/60533/68094/12010/22329/12575/107823/22121/26992/12053/12775/27050/22177/231130/16149/11776/20302/20304/16176/15510/58194/17319/80859/19294/15040/13655/384783/11501/11774/66923/246256/20296/20586/21926/14360/243910/18733/17387/192176/16169/67155/11629/320484/16160/20779/17474/12487/19247/14456/58205/16184/16859/57914/57376/12400/17974/12772/19271"
"GOBP_RETINOL_METABOLIC_PROCESS",0.417360017989656,0.718541730558213,0.030225865148699,-0.451911705402672,-1.03367883636387,23,"105014/16890/17252/66375/67442/98711"
"GOBP_ALPHA_BETA_T_CELL_PROLIFERATION",0.41785957736878,0.718760278564023,0.0253158458073605,0.459798136647324,1.01510018089058,41,"19264/15018/60533/94176/15040/320484/16160/12487/16184/16859/17869/12772/230979"
"GOBP_POSITIVE_REGULATION_OF_PEPTIDE_SECRETION",0.417923186344239,0.718760278564023,0.034773797441902,-0.354924163024281,-1.01437192049171,81,"15216/18750/20677/76303/11514/67623/19353/54393/18754/241296"
"GOBP_REGULATION_OF_TRANSFERASE_ACTIVITY",0.418062275151966,0.718760278564023,0.0202381338153399,0.377159938814991,1.01544774384694,292,"20115/11816/434341/56417/74012/16000/23790/19264/18148/65019/16898/330177/15944/12575/14191/18753/78388/100503670/16149/75296/70097/209200/109910/67025/68045/13167/229841/12450/69068/68612"
"GOBP_REGULATION_OF_CARDIAC_MUSCLE_CONTRACTION_BY_REGULATION_OF_THE_RELEASE_OF_SEQUESTERED_CALCIUM_ION",0.418587765474678,0.719183687766909,0.0263563597196709,0.509008399697152,1.02667742581127,20,"65973/14873/12315/12313"
"GOBP_SISTER_CHROMATID_SEGREGATION",0.418692317691408,0.719183687766909,0.0209322963455637,0.384107161740555,1.01250095626083,227,"75608/20588/68094/16319/26992/21973/93762/68953/71175/75430/108989/70099/22385/14211/108000/67849/229841/73804/68612/66923/24061/20586/66977/11920/56208/193385/68298/26934/19384/50883/65964/192176/54392/67155/51944/208092/21335/24010/67956/70799/66468/19645/16551/57376/11789/12534/54194/210106/52276/66371/74107/18817/20877/68501/233406/13006/19134/66302/18005/218977/16571/231600/16563/381293/77045/18140/67629/76044/268697/59008/67052/108907/78658/52023/209737/71890/100502766/51810/71819/12236/11799"
"GOBP_SMOOTH_MUSCLE_CELL_MIGRATION",0.419113721302723,0.719577749630145,0.0334366344941791,-0.371187008346459,-1.01816282161978,63,"214968/16416/22433/18479/21898/238130/18591/211770/12928/17260/18015/71785/13198/23789/54608/18844"
"GOBP_INTRINSIC_APOPTOTIC_SIGNALING_PATHWAY_IN_RESPONSE_TO_ENDOPLASMIC_RETICULUM_STRESS",0.419363395225464,0.71967242879952,0.0332983312213635,-0.37194206514561,-1.01795344524594,62,"26943/109815/22433/26408/17973/69232/13666/193740/110213/11911/80795/22059/13198/12913/66725/64209"
"GOBP_REGULATION_OF_BONE_MINERALIZATION",0.419552896725441,0.71967242879952,0.0239378685328654,0.432646015556511,1.01248070627886,67,"18605/80752/11732/67972/15251/100038882/13601/20302"
"GOBP_MYOFIBRIL_ASSEMBLY",0.420853236699061,0.720913131237697,0.0246304439958658,0.445055826835421,1.01039023415139,52,"12633/17929/75547/18810/11465/22388/13007/98932/77579/50876"
"GOBP_NEGATIVE_REGULATION_OF_CARBOHYDRATE_METABOLIC_PROCESS",0.420771965464703,0.720913131237697,0.032378378945755,-0.385555652666892,-1.01831562264468,50,"21803/320706/244416/109815/12398/328572/19052/59090"
"GOBP_REGULATION_OF_TRANS_SYNAPTIC_SIGNALING",0.420698924731183,0.720913131237697,0.0558515993199052,-0.293826684963688,-1.0044373199653,411,"13051/11555/19211/11350/12314/11542/66082/217692/12361/17257/70510/78808/67979/20910/73710/223435/12912/224860/244962/11938/65945/228994/11514/271457/12488/19055/99152/380686/22629/19353/23970/16795/67760/19141/54393/18754/11793/12217/19280/17260/20430/68942/67869/20512/56637/68404/11911/228880/18015/18436/67847/20615/20853/66725/56316/109905/192170/216963/207683/26413/12322/14251/13048"
"GOBP_POSITIVE_REGULATION_OF_ALCOHOL_BIOSYNTHETIC_PROCESS",0.421407690577918,0.721408509694745,0.0300470580977998,-0.450381666568674,-1.03017910678703,23,"19317/16211/235623"
"GOBP_POSITIVE_REGULATION_OF_LYMPHOCYTE_MIGRATION",0.422297297297297,0.721408509694745,0.031329971144254,-0.399152219090057,-1.01401269730943,40,"67374/11350/12721/16416"
"GOBP_PROTEIN_LOCALIZATION_TO_CENP_A_CONTAINING_CHROMATIN",0.422077922077922,0.721408509694745,0.0265887584555034,0.526140665245444,1.02757135031202,16,"12615/319191/319172/319159/69386/326619/319155/319161/97122/320332/326620"
"GOBP_REGULATION_OF_CELL_SIZE",0.421673373109477,0.721408509694745,0.0218374069907392,0.395593776734535,1.00946550844646,157,"11816/20750/20496/56193/18186/14268/18148/83704/52822/23797/20354/12752/16531/12631/71653/17698/232341/15519/16885/54214/63873/68585/97998/26409/64930"
"GOBP_REGULATION_OF_MACROPHAGE_DIFFERENTIATION",0.422218188418951,0.721408509694745,0.0262086528104306,0.504298034560182,1.02161285267807,21,"12977/330177"
"GOBP_TUBE_FORMATION",0.421915444348576,0.721408509694745,0.0223917573049777,0.404263876872064,1.00827835280705,121,"20115/24136/17769/21815/15251/225164"
"GOBP_AMINO_ACID_IMPORT_ACROSS_PLASMA_MEMBRANE",0.423262548262548,0.721413383759905,0.0312866300545677,-0.39879337643068,-1.01310108766393,40,"19735/50934/26889/67760/20512/54208/19164/17254/55963/20539"
"GOBP_NEGATIVE_REGULATION_OF_NUCLEOTIDE_METABOLIC_PROCESS",0.423001602278797,0.721413383759905,0.025846758461163,0.489844661487522,1.01790274929575,25,"20185/12257/66437/11545/11983/56312"
"GOBP_PLASMA_MEMBRANE_ORGANIZATION",0.423196410079392,0.721413383759905,0.0386038458652974,-0.325754135472974,-1.00462515383217,142,"211401/26943/19211/22022/170625/12946/13430/11938/11651/22234/228983/73178/23970/16795/70310/116733/68942/16658/11666"
"GOBP_REGULATION_OF_PROTEIN_UBIQUITINATION",0.422916946196163,0.721413383759905,0.0212676060298378,0.389361904085066,1.00860448889597,182,"20115/56486/18148/65019/16898/80985/12257/100038882/100503670/225896/27050/270627/209743/70097/209200/67025/11796/13163/59026/68612/20892/21929/232341/14360/15519/671535/66855/66589/22215/77891/66412/17846/22195/71816/69216/208518"
"GOBP_REGULATION_OF_TRANSLATION",0.422646558015081,0.721413383759905,0.0197715654337766,0.373369059436415,1.01437684676716,331,"19106/224742/18746/14694/11820/20044/229663/76846/18148/107508/19941/20102/73158/18854/18458/56726/22121/227331/100503670/27050/11991/75705/13164/17975/68135/73830/108989/20304/19652/67671/208643/223453/22608/226982/276770/67941/13685/16589/110954/108037/14433/217869/230861/21926/16341/20823/67267/20239/17872/66870/13418/65964"
"GOBP_CELLULAR_RESPONSE_TO_TOXIC_SUBSTANCE",0.423756495916852,0.721598976236421,0.02283161494371,0.411771884190111,1.0076305467566,102,"11816/18477/18173/11977/14778/58810/66437/11758/93684/14873/14528/52700/20364/53381/21926/14775/18712/13885/54683/20655"
"GOBP_POSITIVE_REGULATION_OF_RECEPTOR_MEDIATED_ENDOCYTOSIS",0.423740277308083,0.721598976236421,0.0249518236959457,0.454823574069761,1.01078330534506,43,"12306/11820/12266/12512/94245/12010/12775/227333/18787/19063/80838/11773"
"GOBP_RESPONSE_TO_SALT",0.424214921038301,0.722051554973457,0.0261281423168739,0.503183585530004,1.01935518880699,21,"11732/15382/11991/13163"
"GOBP_CENTROMERE_COMPLEX_ASSEMBLY",0.424717912552891,0.722579544370512,0.0256134719722488,0.478854377781143,1.01556098452236,29,"12615/108000/229841/20892/50927/15078/26886/19645/52504/218977/72155/67955"
"GOBP_MUSCLE_CELL_PROLIFERATION",0.425454052588777,0.723503534075652,0.0213318229092662,0.390993025225295,1.00781326477897,174,"20846/11816/16000/15368/17390/12575"
"GOBP_DIENCEPHALON_DEVELOPMENT",0.425794761983199,0.723754543271215,0.0244376967102848,0.442732522123749,1.00511573991923,52,"24136/18186/18187/22272/211612/17977"
"GOBP_CYTOSKELETON_DEPENDENT_CYTOKINESIS",0.426479118329466,0.723956796669416,0.0223540098330457,0.404249227794974,1.00419226503038,117,"75608/16765/19877/74117/16319/223593/12615/68953/71836/29875/20336/12631/232341/18810/20742/26934/18000/56350/208092/84092/404710/11789/52398/77579/52276/66371/216049/74107/18817/12704/57784/211978/20877/11853/216846/68743/16571/218397/269593/53598/108907/11735/19348/71819/18952/53860/11799/107371/71960"
"GOBP_MICROTUBULE_ORGANIZING_CENTER_ORGANIZATION",0.427392277560157,0.723956796669416,0.0217550959917255,0.395917353644907,1.0062110390794,151,"75608/18148/17931/72776/13191/18080/68953/58251/19385/18536/216848/18286/56706/12537/236266/68729/12175/70799/56036/99167/233064/12626/16551/17245/16328/12534/66371/18817/12387/83679/13197/75786/70297/107503/74477/216846/76478/18005/170822/30839/98956/18764/68026/76816/319675/67052/209737"
"GOBP_MRNA_EXPORT_FROM_NUCLEUS",0.426498253157753,0.723956796669416,0.0332234622685563,-0.368633234766994,-1.01364062484689,64,"20383/15242/19069/70579/73826/66874/66679/54387/109095/227720/60365/15463/68092/192170/170762/234865/66511/268420/433702/56488/229512"
"GOBP_NEGATIVE_REGULATION_OF_CELLULAR_RESPONSE_TO_INSULIN_STIMULUS",0.426860131601147,0.723956796669416,0.0247933781576858,0.453203859877264,1.00900372035833,44,"18605/18751/18753/17975/16176"
"GOBP_POSITIVE_REGULATION_OF_AXON_EXTENSION",0.427652173913043,0.723956796669416,0.0252680562881312,0.464971416968981,1.00895697583726,35,"18186/14268/52822/71653/16885/54214"
"GOBP_POSITIVE_REGULATION_OF_SMALL_MOLECULE_METABOLIC_PROCESS",0.427025487683326,0.723956796669416,0.0220456397199849,0.400410197126846,1.00475847702306,129,"11816/16000/11820/11307/19241/15251/58801/16149/16176/11813/384783/12894/21926/13806/20787/64383/212980/20779"
"GOBP_SARCOPLASMIC_RETICULUM_CALCIUM_ION_TRANSPORT",0.427421264503907,0.723956796669416,0.030745828955149,-0.408833107071336,-1.01878570539797,36,"12774/12314/11938/238871/230709"
"GOBP_SYNAPTIC_VESICLE_CYTOSKELETAL_TRANSPORT",0.426671524867918,0.723956796669416,0.0260917153147168,0.512951620711275,1.02176394124689,18,"94245/11776/16561/11774/14533/11777"
"GOBP_T_CELL_CHEMOTAXIS",0.427482301688147,0.723956796669416,0.0259974934286787,0.501963341379257,1.01688320394412,21,"20496/66102/55985/20302/20304/15945/232341/18810/12772/11491/53416"
"GOBP_AMINOGLYCAN_BIOSYNTHETIC_PROCESS",0.428264107231508,0.724665405825594,0.0244185852880466,0.444476062812939,1.002668198535,48,"16000/14538/15211/16176/233781/227327"
"GOBP_EMBRYONIC_PLACENTA_MORPHOGENESIS",0.432005341642555,0.725566304976426,0.0294018307530426,-0.456569902662501,-1.02748743659639,21,"14784/16002/56334/20732/12162/20733"
"GOBP_ENDOSOME_TO_LYSOSOME_TRANSPORT_VIA_MULTIVESICULAR_BODY_SORTING_PATHWAY",0.42964731814842,0.725566304976426,0.0261135589237609,0.518959178177057,1.02231581204281,17,"75608/17101/68953/208092/66530/73711/66371"
"GOBP_ENDOTHELIUM_DEVELOPMENT",0.43005698005698,0.725566304976426,0.0219410805210976,0.398974550831474,1.00101528659858,128,"16411/74012/18186/17931/19877/29876/59022/12215/15442/16176/15945/14104/16889"
"GOBP_GLUCAN_BIOSYNTHETIC_PROCESS",0.431043433119917,0.725566304976426,0.0250518829285888,0.461674329535848,1.00501218115055,36,"18605/16000/384783/27357"
"GOBP_MEMBRANE_FUSION",0.43088983633613,0.725566304976426,0.0213615756088607,0.391673494725948,1.00403822127144,162,"12306/13039/75608/74772/387524/12642/12527/67023/216238/218035/226421/77573/68953/54189/19294/12752/59026/20619/53612/14276/74732/53331/216724/20909/73205/55943/228960/208092/100317/14456/19349/209018/66371/74143/77772/57257/108124/19342/18711"
"GOBP_NEGATIVE_REGULATION_OF_APOPTOTIC_SIGNALING_PATHWAY",0.429023746701847,0.725566304976426,0.0207845925052159,0.38403865302396,1.00237397525334,201,"12505/16854/16000/18611/18186/14694/97165/22070/15368/15251/66494/16149/18793/16176/23873/12633/74996/17319/97541/18787/12018/14051/83946/21929/21926/14360/14775/11739/13806/12048/19766/20779/66168/19777/19645/74919/56449/14297/69660/56321/15194/17188/16905/74143/12387/53610/21825/12759/268373/19225/15201/15894/26427/15234/59009/14173/12581/11740/74769/54447/12028"
"GOBP_NEGATIVE_REGULATION_OF_SYNAPTIC_TRANSMISSION",0.430575713594582,0.725566304976426,0.0310082318686816,-0.395845726659088,-1.0108174621426,41,"66082/67979/20910/11514/54393"
"GOBP_NEUROTRANSMITTER_SECRETION",0.429614873837981,0.725566304976426,0.0374295602878443,-0.333970501278695,-1.00916996364067,124,"12361/78808/20910/11938/22343/271457/228983/19055/67760/20912/17260/71770/18015/18436/67847/20615/66725/56316/109905/216963/12322/19164/78506/18439"
"GOBP_NUCLEAR_RECEPTOR_MEDIATED_SIGNALING_PATHWAY",0.429315068493151,0.725566304976426,0.021356611795182,0.39082910901175,1.00418240412914,168,"16592/20684/16000/20185/21815/18854/20183/70790/270627/20602/224902/13163/11545/59026/20586/20592/17977/18712/18626"
"GOBP_POSITIVE_REGULATION_OF_CALCIUM_ION_IMPORT",0.430565760470242,0.725566304976426,0.0260771738436169,0.51868168046624,1.02176915960943,17,"16854/20302/20296"
"GOBP_POSITIVE_REGULATION_OF_GLUCONEOGENESIS",0.431481071507638,0.725566304976426,0.0293268456891866,-0.465181354592537,-1.02383185788212,19,"56458/209011/12952/13194/68734/19082"
"GOBP_POSITIVE_REGULATION_OF_MYELOID_LEUKOCYTE_DIFFERENTIATION",0.431724592324164,0.725566304976426,0.0242102780498793,0.440081948216831,0.999098261146982,52,"12977/22177/16149/21934/15902/21926/216984/19766/16160/630146/19645"
"GOBP_PROTEIN_LOCALIZATION_TO_MICROTUBULE",0.430312430755595,0.725566304976426,0.0293924343196176,-0.471599278833388,-1.02455534683584,18,"11350/101994/13589"
"GOBP_PTERIDINE_CONTAINING_COMPOUND_METABOLIC_PROCESS",0.431946403385049,0.725566304976426,0.0253295334887057,0.475066098025456,1.00752674844383,29,"17769/14528/108037/110391/14590"
"GOBP_REGULATION_OF_MICROTUBULE_DEPOLYMERIZATION",0.431446838740232,0.725566304976426,0.0305702641619783,-0.407342867093266,-1.01507212359403,36,"270058/76499/68041/23991"
"GOBP_SODIUM_ION_IMPORT_ACROSS_PLASMA_MEMBRANE",0.432087511394713,0.725566304976426,0.0258896421711394,0.50607859334409,1.01438295731394,19,"20496"
"GOBP_VESICLE_TRANSPORT_ALONG_MICROTUBULE",0.430988274706868,0.725566304976426,0.0245144375869314,0.447339583874107,1.00286021842163,46,"94245/16562/67095/11776/16561/16573/12752/11774/70827/14533/11777/15194/20869/16558/11775"
"GOBP_LABYRINTHINE_LAYER_BLOOD_VESSEL_DEVELOPMENT",0.433192998005761,0.725658487311392,0.0292708849531796,-0.470370251671057,-1.02188526991441,18,"50785/11651/56334/26413/15205"
"GOBP_MODIFICATION_OF_SYNAPTIC_STRUCTURE",0.433197409450708,0.725658487311392,0.0307354380864671,-0.399795092352233,-1.01018444268035,39,"11350/11852/66610/20430/68942/53328/20853"
"GOBP_PROTEIN_K11_LINKED_UBIQUITINATION",0.43286762964717,0.725658487311392,0.0305088425715827,-0.406934781883976,-1.01405520160161,36,"66105/75717/99152/22214/56371/56317/52717/66440/22670/19822/69957/22193"
"GOBP_REGULATION_OF_ALPHA_BETA_T_CELL_DIFFERENTIATION",0.433249370277078,0.725658487311392,0.023416283634507,0.427988379325937,1.00158087905115,67,"14744/16852/12522/16186/12053/11776/12515/80859/11774/243910/16477/16160/16859/12400/16453/74143/15284/57261/16950/320404/319817/59009/230738"
"GOBP_REGULATION_OF_MACROPHAGE_MIGRATION",0.432871153195807,0.725658487311392,0.0245981113732441,0.451116886075277,1.00254569727778,43,"12977/12527/18438/20302/74748/20304/17319/12267/20296/63873/17387/68585"
"GOBP_REGULATION_OF_VENTRICULAR_CARDIAC_MUSCLE_CELL_MEMBRANE_REPOLARIZATION",0.433304080737165,0.725658487311392,0.0290860458768323,-0.47517276666712,-1.0202710730683,17,"20648/70729/230709"
"GOBP_AORTA_MORPHOGENESIS",0.434701492537313,0.726710600788973,0.0301460999658088,-0.418642922631655,-1.01080910296183,31,"13805/20677/99683"
"GOBP_LONG_TERM_SYNAPTIC_POTENTIATION",0.43490178163545,0.726710600788973,0.0228204242028808,0.415050319605482,0.998154514569423,88,"11816/11820/11539/14580/20720/22177/12315/18733/20909/12313/110891/19242/19229"
"GOBP_MITOCHONDRIAL_CALCIUM_ION_TRANSMEMBRANE_TRANSPORT",0.434883720930233,0.726710600788973,0.0254603168990322,0.488247079546867,1.0087063045013,24,"69029/170756/22228/15526/68514/22333/19165/234847/66972/74777"
"GOBP_NEGATIVE_REGULATION_OF_BLOOD_CIRCULATION",0.434839842035981,0.726710600788973,0.0290219603585485,-0.474540481665672,-1.01891345718168,17,"30955/110355/11938/238871"
"GOBP_NEGATIVE_REGULATION_OF_NEURON_DIFFERENTIATION",0.434611344537815,0.726710600788973,0.0324018254719922,-0.373078200565521,-1.00978040037691,58,"13209/19205/56484/66867/56637/12162/227292/20682/15205/56392"
"GOBP_EXECUTION_PHASE_OF_APOPTOSIS",0.435173299101412,0.726775072877523,0.023653360411628,0.42995674255142,0.996612888024551,62,"13033/245944/21973/11783/15510/80859/67184/64383/12048/19766"
"GOBP_MONOCYTE_CHEMOTAXIS",0.435328185328185,0.726775072877523,0.0307562278304789,-0.395786506575625,-1.00546238727255,40,"13051/16194/19277/17096/18591/19141"
"GOBP_EMBRYONIC_ORGAN_MORPHOGENESIS",0.435542903619357,0.726809796422686,0.0416673669983408,-0.311999405504538,-0.996585004635318,195,"13805/17127/21812/212937/65256/22295/99683/327826/18129/19353/17126/110796/12151/17260/56334/16658/76779/73750/15531/12162/17701/192170/320398/17684/20682/26413/319757/70615/19164/13383/15205/24069/72999/97031/11477/100169/20692/277939/76365/17828/71492"
"GOBP_ARF_PROTEIN_SIGNAL_TRANSDUCTION",0.43614887452641,0.727173479415028,0.0292522839792631,-0.451392785564321,-1.02501792774393,22,"72318/26431/228998/19159/50753/216963/215632/19158"
"GOBP_POSITIVE_REGULATION_OF_NEURON_PROJECTION_DEVELOPMENT",0.435983827493261,0.727173479415028,0.0374295602878443,-0.328406681811684,-1.0017933231411,130,"19735/11350/69981/13631/23999/73710/328572/13803/17973/17096/17125/20317/107746/11845/232906/12162/12805/109905/70237/13048/18760/80913/12396/56392/71900/99982"
"GOBP_DNA_RECOMBINATION",0.436368116299125,0.727215517958702,0.0194828595132915,0.372641849061167,1.00687206388751,309,"56045/107932/19264/21745/97165/227525/107823/12053/21973/72459/19360/71175/56207/20422/50755/15510/80859/67241/11545/72931/20892/13026/56702/19362/14958/72749/11920/22040/78656/224008/233908/235559/80838/100683/269254/117599/12487/16881/59004/67956/17218/107970/21853/226026/15270/226151/52864/69596/231855/216049/18817/232811/67711/233826/19691/19714/17216/211978/53610/59029/272551/68501/68275/17219/74355/14957/235587/68107/67788/12261/50709/17686/71675/235626/103537/18140"
"GOBP_CD4_POSITIVE_ALPHA_BETA_T_CELL_PROLIFERATION",0.437458490148329,0.727497766965021,0.029076871666459,-0.463254171842915,-1.0195902624795,19,"74048"
"GOBP_MITOTIC_SISTER_CHROMATID_SEGREGATION",0.437216136788672,0.727497766965021,0.0206855390713868,0.384577259759196,0.998995685234411,190,"75608/16319/93762/68953/71175/75430/108989/70099/22385/14211/108000/67849/229841/73804/68612/24061/66977/11920/56208/193385/68298/26934/19384/50883/192176/54392/51944/208092/24010/67956/70799/66468/19645/16551/11789/12534/54194/210106/52276/66371/74107/18817/20877/68501/233406/13006/19134/66302/18005/218977/16571/16563/381293/18140/67629/76044/268697/59008/67052/108907/78658/52023/209737/71890/100502766/51810/71819/12236/11799/235661/54141/52696/76464/218914/66156/234852/20842/70218"
"GOBP_NEUROTRANSMITTER_UPTAKE",0.437384044526902,0.727497766965021,0.0299291697417822,-0.42138687832384,-1.01263837461779,30,"26889/16416/63959/76306/30931/20512/243328/14251"
"GOBP_PROTEIN_CONTAINING_COMPLEX_DISASSEMBLY",0.437507995394653,0.727497766965021,0.0200137431078078,0.377379080595784,1.00215669412609,246,"56486/65973/56193/75608/16765/20588/18008/65019/28006/70381/15944/20740/68094/77573/75909/70472/213556/217124/171580/12332/68953/320817/231580/20401/16573/104015/12752/276770/73804/114741/53612/12631/225115/232341/20586/21926/56208/20742/63873/12343/224432/12313/16784/208092/269254/22388/56431/227753/17869/57376/12345/12176/74392/11789/19230/66371/56086/14168/110253/319278/225363/66361/67886/17754/108124/20877/69536/50876/75786/17318"
"GOBP_SPHINGOMYELIN_METABOLIC_PROCESS",0.436794332521585,0.727497766965021,0.0291044135063116,-0.463455111339553,-1.02003251635776,19,"76303/30960/67630/227102/20598/100340"
"GOBP_ACTIN_FILAMENT_POLYMERIZATION",0.439972480220158,0.727716524512863,0.0376809066731631,-0.32589023287565,-1.00019169258846,139,"105855/11350/12721/223601/23999/22376/11727/65256/50918/27360/17973/76467/14784/12488/73178/237860/19684/19353/22323/11845/18754/207278/20430"
"GOBP_AMIDE_BIOSYNTHETIC_PROCESS",0.440600978336827,0.727716524512863,0.037988133903549,-0.321271326863193,-0.997685316551586,148,"26889/76893/20448/23887/14629/76303/20454/57370/22234/30960/106529/67630/56386/227102/20444/56375/71743/14081/18436/27273/20598/56348/50798/18439/12606/13382/228026/12041/26570/69923/83603/68044/68263/77626/54397"
"GOBP_CELLULAR_RESPONSE_TO_STARVATION",0.44105942088651,0.727716524512863,0.020965897190713,0.388360269029876,0.997238601352522,167,"19106/11520/56486/226695/218035/12575/58801/110147/15382/66905/11910/69029/74137/21934/22228/277854"
"GOBP_COCHLEA_DEVELOPMENT",0.438382388131132,0.727716524512863,0.0304680501545925,-0.401929034283418,-1.01041282355453,38,"212937/22295/19353/11487/20682/15205/244585/76365/18472"
"GOBP_FORELIMB_MORPHOGENESIS",0.440972838629505,0.727716524512863,0.0250988527686755,0.478407288694047,0.999271653965236,26,"245944/71175/22589/12387/12393/81896"
"GOBP_NEGATIVE_REGULATION_OF_ANOIKIS",0.44100185528757,0.727716524512863,0.0258396253325069,0.515809800912836,1.00739480644576,16,"16402/12048/20779"
"GOBP_NEGATIVE_REGULATION_OF_RNA_SPLICING",0.438901601830664,0.727716524512863,0.0296198107194884,-0.428539680624617,-1.01281740332902,27,"13548/19655/19205/230257/15387/110213/68035/22185/225027/236732/57317/20220/108014"
"GOBP_NEGATIVE_REGULATION_OF_TRANSLATIONAL_INITIATION",0.442050916859534,0.727716524512863,0.0251055771695922,0.481000403700757,0.99952428153969,25,"73158/18854/22121/227331/108989/13685/16341"
"GOBP_PHOSPHATIDYLINOSITOL_3_PHOSPHATE_BIOSYNTHETIC_PROCESS",0.439350100155798,0.727716524512863,0.0290952264874256,-0.453676818903984,-1.02097669815839,21,"30955/234515/75669"
"GOBP_POSITIVE_REGULATION_OF_CHROMOSOME_ORGANIZATION",0.438609467455621,0.727716524512863,0.0222254655651192,0.405889410575218,0.994385458276,103,"18854/15382/11991/19360/108989/70099/56207/14211/71836/21454/12461/15519/11920/22589/68298/26400/54392/59125/66468/17869/226026/226151/52864/320209/12534/53379/12387/18768"
"GOBP_POSITIVE_REGULATION_OF_STEM_CELL_PROLIFERATION",0.440764925373134,0.727716524512863,0.029890104144501,-0.416546542379226,-1.00574741404302,31,"21803/21812/381695/217127/20682/52335/99982/17311/18567"
"GOBP_POSITIVE_REGULATION_OF_TRANSMEMBRANE_RECEPTOR_PROTEIN_SERINE_THREONINE_KINASE_SIGNALING_PATHWAY",0.440331655315369,0.727716524512863,0.0345261408907225,-0.342869608471281,-0.999703720759916,93,"15216/21803/13805/17127/26365/21812/328572/18129/17126/101706/11480/11481/17283/12162/16202/17701/17684"
"GOBP_REGULATION_OF_ANIMAL_ORGAN_FORMATION",0.44183469975626,0.727716524512863,0.0289128211987667,-0.466107278433005,-1.01262390709963,18,"327826/24063/12162/17684"
"GOBP_REGULATION_OF_MAP_KINASE_ACTIVITY",0.440201538053567,0.727716524512863,0.0323432834054615,-0.369372468940122,-1.00462991765516,60,"30955/320207/235584/217303/26408/17096/22034/18591/211770/21899/18569"
"GOBP_REGULATION_OF_MYELOID_LEUKOCYTE_MEDIATED_IMMUNITY",0.438658877317755,0.727716524512863,0.0315818918142659,-0.379823862573075,-1.00732193144084,51,"13051/20910/20963/217303/28040/17096"
"GOBP_REGULATION_OF_RESPONSE_TO_TUMOR_CELL",0.441523118766999,0.727716524512863,0.0293361955812739,-0.440813270415123,-1.01525266721519,24,"21803/26365/171285"
"GOBP_REGULATION_OF_STEROID_METABOLIC_PROCESS",0.438612788357331,0.727716524512863,0.022949737258188,0.42035425341702,0.999557327695593,80,"11816/11307/11928/12642/12257/67815/73212/76483/20280/21926/20787/218461/11305"
"GOBP_RELAXATION_OF_MUSCLE",0.442105263157895,0.727716524512863,0.0294867004158672,-0.427634140520949,-1.01067723564356,27,"19735/110355/212937/11938/238871"
"GOBP_RESPONSE_TO_UV_B",0.441792676261614,0.727716524512863,0.0255019016562188,0.504557150669063,1.00504274094516,18,"12575/65964/12925/16160/15312/20869"
"GOBP_SKELETAL_MUSCLE_SATELLITE_CELL_PROLIFERATION",0.439146567717996,0.727716524512863,0.0259111388210573,0.517516388176235,1.01072783180288,16,"12633/67367/68050/16452/14173/19015/67052/67955"
"GOBP_SMOOTH_MUSCLE_CELL_APOPTOTIC_PROCESS",0.440163352272727,0.727716524512863,0.025132510978069,0.475931151940816,0.997527131531294,27,"16000/12017"
"GOBP_SUPPRESSION_OF_VIRAL_RELEASE_BY_HOST",0.441792676261614,0.727716524512863,0.0255019016562188,0.504507186912371,1.00494321661792,18,"18854/217069/319236/224703/667823"
"GOBP_TRANSLATIONAL_TERMINATION",0.440544098288723,0.727716524512863,0.0287866286767462,-0.473042666219543,-1.01569741055679,17,"72650/14852/24015/108853/270086"
"GOBP_SPINAL_CORD_DEVELOPMENT",0.443225452550741,0.729240121229225,0.0328671257118909,-0.360606363084635,-1.00473485474023,69,"26889/29810/20677/16911/21349/19280/240880/18015/319757/18763/24069/13626/19206"
"GOBP_FAT_SOLUBLE_VITAMIN_METABOLIC_PROCESS",0.443582510578279,0.729379211881142,0.0248855600853743,0.469791346794285,0.996339983109744,29,"72054/16889/27973/21926/59004/18830"
"GOBP_REGULATION_OF_PROTEIN_LOCALIZATION_TO_SYNAPSE",0.443893805309734,0.729379211881142,0.0249385428110373,0.470638712525382,0.991982547984058,28,"56486/13823/73804/15461"
"GOBP_REGULATION_OF_TRANSCRIPTION_BY_RNA_POLYMERASE_III",0.443892045454545,0.729379211881142,0.0249917512895644,0.474274277704551,0.994054408643816,27,"17937/93762/22385/72895/110052/54683/56200/17913/56717/74414"
"GOBP_NEGATIVE_REGULATION_OF_TUMOR_NECROSIS_FACTOR_MEDIATED_SIGNALING_PATHWAY",0.444726810673443,0.729838380350208,0.0253295334887057,0.494250669800272,1.00125878371324,21,"11746/17948/59004/14456/192119"
"GOBP_ODONTOBLAST_DIFFERENTIATION",0.444712430426716,0.729838380350208,0.0256978041674306,0.513940818990562,1.00374461856932,16,"80752/18787/233726/18023"
"GOBP_RECEPTOR_METABOLIC_PROCESS",0.444757433489828,0.729838380350208,0.0228989743073895,0.421601109145948,0.99261518120287,72,"11816/13033/12306/209200/71648/20660/13858/56208/22284/12333/11305/73711/102141"
"GOBP_POSITIVE_REGULATION_OF_NUCLEOTIDE_METABOLIC_PROCESS",0.445037904893177,0.729979022993273,0.0244504540047781,0.453703265333058,0.991533004887694,37,"16000/11820/19241/15251"
"GOBP_CELLULAR_RESPONSE_TO_OSMOTIC_STRESS",0.445447087776866,0.730011230864755,0.0236354208121768,0.433771827710421,0.987887469139925,53,"11928/54446/12257/19698/12752/232341/20719/63873/18081/56449/11677/53416/231549/14479/20525/66361/19225/56717/18764/100604/66972/108737/18671/12015"
"GOBP_EXCRETION",0.445254144652942,0.730011230864755,0.025370686410986,0.501904616546532,0.999759077515903,18,"16889/12752/16531/246198"
"GOBP_ALPHA_AMINO_ACID_METABOLIC_PROCESS",0.446918767507003,0.730133360100952,0.0210769546370241,0.390777475094908,0.991987861587574,148,"107272/17769/192166/11977/14660/14718/22228/12752/109900/108037/66885/110391/20768/70789/11565/11898/27364/70396/18263/15108/231691/194237/107885/20603/56454"
"GOBP_C21_STEROID_HORMONE_BIOSYNTHETIC_PROCESS",0.447680890538033,0.730133360100952,0.0255854864154333,0.512623276113104,1.00117141067433,16,"12257/20280/11677/110524"
"GOBP_ICOSANOID_SECRETION",0.446624662466247,0.730133360100952,0.0251190368255729,0.488160731720293,1.00166484846708,23,"18438/16176/17319/21934"
"GOBP_NEGATIVE_REGULATION_OF_JNK_CASCADE",0.447992486499178,0.730133360100952,0.0297157141936998,-0.412852937379371,-1.00461251217845,32,"19735/19261/211770/18569/17283/246179/15502"
"GOBP_NEGATIVE_REGULATION_OF_PROGRAMMED_NECROTIC_CELL_DEATH",0.447622517762798,0.730133360100952,0.0252816918512611,0.50095587687862,0.997869254103398,18,"268749/11796/11739/56312/19766/56449/24105"
"GOBP_POSITIVE_REGULATION_OF_SYNCYTIUM_FORMATION_BY_PLASMA_MEMBRANE_FUSION",0.447631149028862,0.730133360100952,0.0252204483500397,0.495321698732173,0.999071148738171,20,"11502/20293/22177/17329/193385"
"GOBP_PROTEIN_LOCALIZATION_TO_LYSOSOME",0.446826051112943,0.730133360100952,0.023665334639965,0.43451545566787,0.985381238122147,51,"432486/74772/66868/245944/11776/20660/11774/56208/68585/16784/54170/27426/19349/56700/68576/12759/70297/98402/66889/12492/260302/66508/17113"
"GOBP_REGULATION_OF_INTRACELLULAR_TRANSPORT",0.447870026864526,0.730133360100952,0.0196587236200171,0.37510962616232,0.996129998240038,246,"20684/18245/216440/12306/65973/74772/72446/17931/67023/235567/99237/18753/16783/12795/70790/67628/52822/55988/108989/16176/20660/18536/22627/16589/66366/20280/17698/18035/232341/54198/15519/56228/19384/331401/192176/66061/13211/20779/18826/11305/17846/19247/14456/72826/241062/12534/54194/13660/230908/12955/13424/22350/16543/20869/66361"
"GOBP_REGULATION_OF_TRANSLATION_IN_RESPONSE_TO_STRESS",0.44624972178945,0.730133360100952,0.028813567878678,-0.454169819171627,-1.01130342590064,20,"20111/11727/17973/13666/100037258/13205/19653/19045"
"GOBP_REGULATION_OF_T_CELL_RECEPTOR_SIGNALING_PATHWAY",0.44643158427535,0.730133360100952,0.0240547658605916,0.44489146542247,0.990497176896308,44,"16854/19264/104418/12775/27050/19294/16889"
"GOBP_RELEASE_OF_CYTOCHROME_C_FROM_MITOCHONDRIA",0.448054089709763,0.730133360100952,0.0236234755433422,0.435227846487868,0.985744005497544,50,"16000/66494/58801/11977/18793/12018/14775/12048/14297/12044/12176/16905/74143/12759/15234/12028/170770/12050"
"GOBP_RRNA_METHYLATION",0.44659320890488,0.730133360100952,0.0289854798089291,-0.442489817818564,-1.01212771104921,23,"67674/75422/76894/15278/110109/66254/67493/224481/217038/106338/68017/229503"
"GOBP_SOMITOGENESIS",0.447236180904523,0.730133360100952,0.0239072886771974,0.441589792113685,0.989970150945827,46,"24136/225164"
"GOBP_CORTICAL_CYTOSKELETON_ORGANIZATION",0.449520403186474,0.731251072544663,0.0233402047005195,0.429245034085004,0.982835449392174,56,"56193/13823/19877/13822/29875/71409/67533/21894/18810/233977/26934/63873/18826/22388/19354/219181/404710/19229"
"GOBP_MAINTENANCE_OF_SYNAPSE_STRUCTURE",0.449199084668192,0.731251072544663,0.0291966379375075,-0.426023600772899,-1.00687086073984,27,"243743/16416/20661/11845/12217/216963/72993/13383"
"GOBP_REGULATION_OF_MICROTUBULE_CYTOSKELETON_ORGANIZATION",0.448987108655617,0.731251072544663,0.0387300107593134,-0.317330381121488,-0.996797701871408,165,"72948/11350/13548/17257/18479/12569/270058/76499/19053/68041/23991/19052/28105/14228/19353/15511/101706/193740/66679/68942/13589/229589/277468/56637/12576/19822/73242/20479/216963/105513/50850/18763"
"GOBP_REGULATION_OF_POTASSIUM_ION_TRANSMEMBRANE_TRANSPORT",0.44951408334706,0.731251072544663,0.0235520456609964,0.432494064245096,0.981871829313859,52,"16518/12512/11933/12289/22627/192176/80334/53416/83814"
"GOBP_DEVELOPMENTAL_MATURATION",0.449993678088254,0.731386082165991,0.0194106712815694,0.371649324418327,0.992967950722701,265,"56644/26362/80752/16000/66335/11820/66144/11966/19877/12266/12512/15251/17390/73834/223593/11776/13164/67844/11964/233781/20354/214290/15902"
"GOBP_NEGATIVE_REGULATION_OF_CELLULAR_SENESCENCE",0.449810816826174,0.731386082165991,0.0286705282376607,-0.452268040862773,-1.00706872152827,20,"19211/11350/56371/72739"
"GOBP_POSITIVE_REGULATION_OF_WNT_SIGNALING_PATHWAY",0.450353416358129,0.731653491335183,0.0367156255567355,-0.326570359407295,-0.998008077534018,131,"58198/21803/11350/17127/58799/15242/20677/27373/67943/269523/20729/13144/70495/68031/20481/56505/11798/66313/13205/360216/214498/76425/107515/66725/16202/16480/68151/12995"
"GOBP_REGULATORY_T_CELL_DIFFERENTIATION",0.450611476952023,0.731755552693319,0.029638936054552,-0.405001845823123,-1.00336507460049,35,"74048/21803/26365/56484/12946"
"GOBP_REGULATION_OF_LIPOPROTEIN_PARTICLE_CLEARANCE",0.450997398091934,0.732065070614365,0.0281562116364907,-0.476007201123699,-1.00979669203221,16,"16410/218203/16416/12988"
"GOBP_INTERLEUKIN_4_PRODUCTION",0.451487414187643,0.732543215746877,0.0291044135063116,-0.424812588683346,-1.00400873577127,27,"74131/171285/20963/22761/16364"
"GOBP_LENS_DEVELOPMENT_IN_CAMERA_TYPE_EYE",0.452104097452935,0.73315933679735,0.0326623865740398,-0.356045855572775,-0.998901749890896,72,"17132/21803/17127/21812/12960/327826/20481/56371/24063/114715/83429/12576/11911/68911/17684"
"GOBP_LYMPHOCYTE_COSTIMULATION",0.452453987730061,0.73315933679735,0.0239992558466875,0.445794358739481,0.984183923615043,41,"16852/26410/60533/12775/14360/18733/20779/12487/19247/58205/230979/12507"
"GOBP_REGULATION_OF_PROTEIN_LOCALIZATION_TO_MEMBRANE",0.452325581395349,0.73315933679735,0.0397008671466232,-0.315178773492269,-0.995356899145415,178,"21803/235574/12988/18479/56374/26395/12569/67943/18222/66610/233489/11651/23991/22034/18708/11461/228136/19353/12928/11845/69091/18754/12929/116733/71770/56334/53328/56294/226849/228880/109905/53330/11487/12322/72993/56212/16413/18412/13383"
"GOBP_CATECHOL_CONTAINING_COMPOUND_METABOLIC_PROCESS",0.45434183321847,0.734976694801592,0.0241105257413442,0.450426117694103,0.984371055009445,37,"11977/11669/16409/14528/16414/15452/71816/13819"
"GOBP_CELLULAR_RESPONSE_TO_ARSENIC_CONTAINING_SUBSTANCE",0.454359925788497,0.734976694801592,0.0253363829372155,0.510208328026353,0.996454931545545,16,"15368/15382/14873/13163"
"GOBP_EMBRYONIC_HEMOPOIESIS",0.454039617182284,0.734976694801592,0.0285026758371348,-0.450330401795387,-1.00275416572934,20,"16923/22761/21349/11911"
"GOBP_POSITIVE_REGULATION_OF_PROTEOLYSIS",0.454035275253875,0.734976694801592,0.020111969212268,0.379822148036522,0.986242554784225,188,"11816/56486/12306/65973/17886/14824/14694/11502/11820/226695/230598/66494/12795/15451/103724/270627/68077/16176/67673/11501/12018/12631/11983/21926/214854/13806/17387/64383/56312/76524/20779/207304/14466/227753/50868/71816"
"GOBP_AMINOGLYCAN_CATABOLIC_PROCESS",0.456345634563456,0.735002321579767,0.0247606204591662,0.48471075843473,0.994585792853324,23,"12505/110006/15211"
"GOBP_ASPARTATE_TRANSMEMBRANE_TRANSPORT",0.456400742115028,0.735002321579767,0.0252612440670251,0.509422930519247,0.994921022402574,16,"14580/22228/231549/68267/20514/100604"
"GOBP_GLYCOSAMINOGLYCAN_CATABOLIC_PROCESS",0.456707206389544,0.735002321579767,0.0248855600853743,0.490964344074594,0.990282300330461,20,"12505/110006/15211"
"GOBP_HORMONE_BIOSYNTHETIC_PROCESS",0.45670053217223,0.735002321579767,0.0299096226241828,-0.38911130097932,-0.993620674060374,41,"15216/14815/114664/11863/68947/59045/56348"
"GOBP_IMMUNOLOGICAL_SYNAPSE_FORMATION",0.458333333333333,0.735002321579767,0.025234032164571,0.51374571025506,0.996993222196107,15,"16854/94176/12775/17698"
"GOBP_INTERLEUKIN_2_PRODUCTION",0.456023410827508,0.735002321579767,0.0231090202902407,0.426407459418251,0.976338300325029,56,"56644/19264/12522/16768/27050/16176/21929/20742/26409/12487/12490/12772"
"GOBP_INTERLEUKIN_5_PRODUCTION",0.460008646779075,0.735002321579767,0.0277523023408476,-0.482471265242892,-1.00666035541678,15,"16172/238871/94185"
"GOBP_LEUKOCYTE_MIGRATION_INVOLVED_IN_INFLAMMATORY_RESPONSE",0.459799453053783,0.735002321579767,0.0248459701133656,0.491493900164709,0.985149426409068,19,"74748/11501/16414/21926/68585/18081/19242"
"GOBP_MORPHOGENESIS_OF_AN_EPITHELIAL_FOLD",0.455914768552535,0.735002321579767,0.0251123051873433,0.505371360891,0.995548696156201,17,"15251/12631/12387/66042/269593"
"GOBP_NEGATIVE_REGULATION_OF_CD4_POSITIVE_ALPHA_BETA_T_CELL_ACTIVATION",0.457426432178304,0.735002321579767,0.0241727768246263,0.458869370744655,0.988143189090689,32,"16852/60533/12053/12515/16859/12400/16453/15284/16950/319817/230738"
"GOBP_NEGATIVE_REGULATION_OF_EXOCYTOSIS",0.454609595484478,0.735002321579767,0.0294772435264845,-0.404002712714837,-1.0008897889294,35,"105855/26365/19338/217303/237782"
"GOBP_NEURON_PROJECTION_ARBORIZATION",0.459572978648932,0.735002321579767,0.0241790191589434,0.457421024861348,0.980666511553093,31,"18186/19877/270163/17454"
"GOBP_NEUROTRANSMITTER_RECEPTOR_TRANSPORT_TO_PLASMA_MEMBRANE",0.460754553339115,0.735002321579767,0.0277771806221799,-0.47222977181861,-1.00178329305913,16,"65945/83493/53330"
"GOBP_PEPTIDYL_THREONINE_PHOSPHORYLATION",0.458075273939971,0.735002321579767,0.0295721176973961,-0.399918257800391,-0.999439004015612,37,"18750/12569/54396/11651/11909/26413/12322/18760"
"GOBP_PHOSPHATE_ION_TRANSPORT",0.458441558441558,0.735002321579767,0.0251865531395241,0.508157787805982,0.992450153883789,16,"11732/27376/18674"
"GOBP_POSITIVE_REGULATION_OF_DNA_REPLICATION",0.460415593336768,0.735002321579767,0.0238402778825044,0.447245083520125,0.979412051360618,38,"327762/12575/93762/22589/13211/217578/12534/11908/68379/18538/27214"
"GOBP_POSITIVE_REGULATION_OF_EXOCYTOSIS",0.457661927330174,0.735002321579767,0.022593233401797,0.420756370904622,0.984001389828998,68,"14991/12306/53378/74772/14127/14191/16783/68953/14389/16409/16414/15006"
"GOBP_PROTEIN_TARGETING",0.456527124102056,0.735002321579767,0.0188843547200017,0.369055034421052,0.994882527135133,301,"67775/56486/216440/53378/75608/432486/11539/320528/20972/15944/16554/18854/218035/12257/245944/15525/67095/11776/268749/59079/17938/20660/15510/66437/20335/67025/67952/66169/20813/16409/66177/59026/16414/22627/11774/67067/15461/69617/11983/14360/67184/15519/56208/19155/70827/20787/66887/13830/16784/19354/22195/21856/27426/66980/19349/56459/66148/66212/66119/209018"
"GOBP_P_BODY_ASSEMBLY",0.460760062963796,0.735002321579767,0.0284239138406456,-0.438798026824826,-1.00368330438109,23,"13209/72068"
"GOBP_REGULATION_OF_METAPHASE_PLATE_CONGRESSION",0.455171130952381,0.735002321579767,0.0253500930689955,0.515182405766911,0.999781324673818,15,"16319/56208/12534/52276/13424/20877/51810/11799/54141"
"GOBP_REGULATION_OF_MITOTIC_SPINDLE_ASSEMBLY",0.457785778577858,0.735002321579767,0.0247083865417471,0.484344021718068,0.993833279892218,23,"75608/68953/108989/193385/208092/66371/18817"
"GOBP_REGULATION_OF_PROTEIN_TYROSINE_KINASE_ACTIVITY",0.458881212391353,0.735002321579767,0.0283369551129156,-0.442847872843011,-1.0056142309848,22,"320664"
"GOBP_REGULATION_OF_PROTEOLYSIS_INVOLVED_IN_PROTEIN_CATABOLIC_PROCESS",0.457317867848299,0.735002321579767,0.0196242105514706,0.375903497466265,0.989059268802624,221,"20115/11816/56486/14694/30940/20588/65019/15258/226695/18854/19186/100503670/12795/225896/270627/68077/68135/56207/67673/19188/67025/11983/14775/214854/18023/22284/64383/22215/56312/207304/17846/14466/50868/71816/53323"
"GOBP_REGULATION_OF_STEROID_BIOSYNTHETIC_PROCESS",0.460332848602359,0.735002321579767,0.0228596364782779,0.424019530428116,0.97428704582271,57,"11816/11307/11928/12257/67815/73212/21926/20787/218461/11305"
"GOBP_REGULATION_OF_SYNAPSE_ASSEMBLY",0.458734525447043,0.735002321579767,0.0367791390199934,-0.322648556368488,-0.992742382796024,140,"18750/75415/13631/140580/66610/65945/22343/330662/217333/238130/19353/56376/11845/14270/19280/210293/13845/17260/234664/18391/22192/70237/207683/56212/13048/223870/80913"
"GOBP_REGULATORY_NCRNA_PROCESSING",0.457128231379575,0.735002321579767,0.0309447894171407,-0.372487507409129,-0.995387333075075,53,"21803/17127/20383/17125/22099/230709/17126/22059/68092/170762/72133/80913/94223/13207/433702/20848/56335/72634/75284"
"GOBP_RESPIRATORY_SYSTEM_PROCESS",0.45928338762215,0.735002321579767,0.023852434690908,0.445237137189666,0.977801725601969,39,"11539/14387/15258/14660/11774"
"GOBP_RESPONSE_TO_LEUKEMIA_INHIBITORY_FACTOR",0.457210541901096,0.735002321579767,0.0337690249768445,-0.340088542660224,-0.991594976880902,93,"19245/20383/22433/16792/21888/12912/80732/232087/80890/28071/14366/69482/22596"
"GOBP_RESPONSE_TO_TOXIC_SUBSTANCE",0.459384125298646,0.735002321579767,0.0198327586569781,0.378414957146972,0.985462564915358,194,"11816/11307/18477/18173/11977/20303/13435/14778/17711/20302/20304/58810/66437/11758/93684/14873/14528/12018/17748/52700/20364/53381/12799/21926/13849/14775/18712/22186/13885/54683/57738/11655/20655/56312"
"GOBP_SECONDARY_ALCOHOL_METABOLIC_PROCESS",0.4590630784565,0.735002321579767,0.0209179242004652,0.390943298823107,0.981002972318012,129,"11816/67963/11307/12642/20652/109754/20778/11303/67815/73212/16889/11812/76483/68603/18023/20787/170718/76524/11305/14466"
"GOBP_SNRNA_METABOLIC_PROCESS",0.458841859257336,0.735002321579767,0.0311467176047931,-0.369192820882912,-0.994032384988803,56,"231915/67010/72656/218333/101861/50912/70885/13716/231571/20841/231803/212139/101985/227715/75627/67493/76781/69882/18130/77634/236790/109077/12572"
"GOBP_SOMATIC_DIVERSIFICATION_OF_IMMUNOGLOBULINS",0.460847240051348,0.735002321579767,0.0227312634781195,0.420699412293972,0.975154974401605,62,"56045/19264/107823/12053/15510/80859/13026"
"GOBP_TRANSEPITHELIAL_TRANSPORT",0.459655485040798,0.735002321579767,0.0247606204591662,0.48655683333489,0.991247658167192,22,"20496/26373/11465/229709"
"GOBP_AUTOPHAGOSOME_MATURATION",0.461435098091911,0.735626859910031,0.031692887988083,-0.361325789382668,-0.993547147626684,64,"11555/54396/237782/269523/244962/11938/75669/93739/100502698/56085/78246/11793/116733/271221/68942/67526/94232/20615"
"GOBP_POSITIVE_REGULATION_OF_CELL_CYCLE_PROCESS",0.462270298449107,0.736499266575453,0.0194615836905062,0.374636050755238,0.985724423754083,221,"16000/18148/227937/16319/72776/13164/108989/70099/16176/19385/14211/208643/67849/11504/67241/68612/83946/225115/20135/232341/19362/21926/22589/56208/68298/26934/50883/65964/54392/64383/11629/211660/12487/72584/76843/66468/21781/116748/19645/226026/226151/11491/320209/12534/12531/52276/116871/12567/13424/12704/57261/20877/68501/56460/71878/218977/381293/76044/27214/54624/319675/268697/59008/67052/108907/81702/78658/51810/16175/71819/76123/11799/105377/108961/235661"
"GOBP_REGULATION_OF_CHROMATIN_ORGANIZATION",0.462375339981868,0.736499266575453,0.0246628608007113,0.485323746450131,0.988735527203054,22,"17345/108989/228012/72895"
"GOBP_INFLAMMATORY_RESPONSE_TO_ANTIGENIC_STIMULUS",0.462652929813265,0.736628369133439,0.0227201637711662,0.42248050879186,0.974304119570537,59,"217344/97165/12266/14127/14191/14683/12775/15040/246256/21926/14360/14775/22040/12514/16160/20779/12487/14130/16184"
"GOBP_ACUTE_INFLAMMATORY_RESPONSE",0.463796477495108,0.736777343832258,0.0323549720388035,-0.352416386294368,-0.992457580115327,74,"16194/30955/109815/16195/14595/19218/12229/93671/18405/16819/105722"
"GOBP_CELLULAR_RESPONSE_TO_CALCIUM_ION",0.463561643835616,0.736777343832258,0.031974374159939,-0.358736848386076,-0.991935971377916,67,"11690/22142/13631/16476/11514/17258/19141/17260/234779/233011/18019/11518/78506/16478"
"GOBP_CORTICAL_ACTIN_CYTOSKELETON_ORGANIZATION",0.46319018404908,0.736777343832258,0.023617507240153,0.44168778247958,0.975117800958127,41,"56193/13823/19877/13822/29875/71409/21894/18810/26934/18826/219181/404710"
"GOBP_MAGNESIUM_ION_TRANSPORT",0.464018946984879,0.736777343832258,0.0246823514630452,0.492982958258768,0.981987754906719,18,"16518/58800"
"GOBP_NEGATIVE_REGULATION_OF_GTPASE_ACTIVITY",0.463035019455253,0.736777343832258,0.0276368334875695,-0.481023955558114,-1.00364059157459,15,"72462/19684/56334/108911/66725/380916"
"GOBP_NON_CANONICAL_WNT_SIGNALING_PATHWAY",0.464122547702231,0.736777343832258,0.0315818918142659,-0.360691724644411,-0.991803642926447,64,"11350/27373/14366/12540/19353/66313/75788"
"GOBP_PURINE_NUCLEOSIDE_MONOPHOSPHATE_BIOSYNTHETIC_PROCESS",0.46396805227809,0.736777343832258,0.0246239707499508,0.488366630850305,0.985042674564568,20,"11821/13178/15452/11565"
"GOBP_AXON_ENSHEATHMENT_IN_CENTRAL_NERVOUS_SYSTEM",0.467815049864007,0.736903408567724,0.0282936925560076,-0.432844456918226,-0.996899410405014,24,"19211/56386/12805/14912"
"GOBP_ECTOPIC_GERM_CELL_PROGRAMMED_CELL_DEATH",0.467075892857143,0.736903408567724,0.0249186479301224,0.509536774692258,0.988825211943155,15,"16176/20655/12048/56449/12028/16175"
"GOBP_GAMMA_AMINOBUTYRIC_ACID_SIGNALING_PATHWAY",0.465601742603013,0.736903408567724,0.0245658625219974,0.487865926806931,0.984032747147555,20,"20496/319352"
"GOBP_GLYCEROPHOSPHOLIPID_BIOSYNTHETIC_PROCESS",0.467242055708121,0.736903408567724,0.0392452338933764,-0.313011585232688,-0.990396707946544,182,"270084/30955/18718/19211/67556/68682/14792/110911/234515/210992/23827/108083/75669/18708/83493/329777/18591/433931/18805/16331/69048/27399/110417/14245/107650/77582/234779/55981/242291/13139/66586/18719/76500/170749/233011/14731"
"GOBP_LONG_CHAIN_FATTY_ACYL_COA_METABOLIC_PROCESS",0.466235792288834,0.736903408567724,0.0280540476297822,-0.439857965446906,-0.998824781128017,22,"106529/14081/56348/67420/83603/330450"
"GOBP_MORPHOGENESIS_OF_AN_EPITHELIAL_SHEET",0.465128613099973,0.736903408567724,0.0312866300545677,-0.364172857465032,-0.990487864071562,60,"19211/75415/16410/26365/16416/76499/22343/18129/30931/223701/232906/12162"
"GOBP_MOTOR_NEURON_APOPTOTIC_PROCESS",0.466690869486295,0.736903408567724,0.0245272739043374,0.487272838374641,0.982836479059829,20,"19877/245944/26400"
"GOBP_MYOTUBE_DIFFERENTIATION",0.466221232368226,0.736903408567724,0.0213268711572112,0.398775944890491,0.975828702276982,102,"16000/19221/18807/17886/20293/12527/94176/17329/79362/17938/12633/15945/18810/14775/193385/17387"
"GOBP_NEGATIVE_REGULATION_OF_PEPTIDYL_TYROSINE_PHOSPHORYLATION",0.467274384685506,0.736903408567724,0.0245787520361098,0.4879923601039,0.978130946258452,19,"547253/78388/208092"
"GOBP_NEUROTRANSMITTER_RECEPTOR_LOCALIZATION_TO_POSTSYNAPTIC_SPECIALIZATION_MEMBRANE",0.466480933310117,0.736903408567724,0.023852434690908,0.454424758209015,0.97857202595528,32,"56486/13823/73804/15461"
"GOBP_NEUTROPHIL_ACTIVATION_INVOLVED_IN_IMMUNE_RESPONSE",0.464539653600729,0.736903408567724,0.0246758511862341,0.48915918278448,0.980469723391005,19,"14127/22177/16409/16414/378460/20911"
"GOBP_POSITIVE_REGULATION_OF_MUSCLE_CELL_APOPTOTIC_PROCESS",0.46801872074883,0.736903408567724,0.0279863826695388,-0.438999569694872,-0.996875545200744,22,"26408/11938/13557/56458/18569/11911/22059/12322"
"GOBP_PYRIMIDINE_CONTAINING_COMPOUND_CATABOLIC_PROCESS",0.46636259977195,0.736903408567724,0.028458860461672,-0.428404950462133,-0.995789777611391,25,"12934/104776/21665/71726/17193/18294/66422"
"GOBP_REGULATION_OF_ATP_DEPENDENT_ACTIVITY",0.467913805351646,0.736903408567724,0.029076871666459,-0.398188373332977,-0.992259716228227,36,"79560/93739/81897/99349/17002/22059/56812/66511/218699/18643/217737/381760"
"GOBP_REGULATION_OF_CELL_MORPHOGENESIS",0.466440766323472,0.736903408567724,0.0193262823264024,0.37379086302834,0.983500606309443,221,"12505/23790/14268/17886/13823/13047/270163/108100/17454/11982/14191/54126/15451/20302/23837/58194/70834/18606/71409/20354/20403/16414/16988/12631/56194/83946/17698/20296/14360/74202/11674/13367/73910/67938/20779/22388/382236/19354/12345/17909/19229/77767/77579/381921/16542/22350/67784/83814/30938/382018/13998/18016/224617/170736"
"GOBP_REGULATION_OF_VESICLE_FUSION",0.4681342091248,0.736903408567724,0.0241105257413442,0.467353328518419,0.976182730931227,26,"12306/387524"
"GOBP_REPRODUCTIVE_BEHAVIOR",0.467841611352712,0.736903408567724,0.0284676117707769,-0.423462626964918,-0.992868943863773,26,"15212/19211/14815/22764/11480/18436"
"GOBP_RESPONSE_TO_AUDITORY_STIMULUS",0.466606660666067,0.736903408567724,0.0243931490287998,0.480210937972839,0.985352538951059,23,"11820/15945/100317/19242/15194/50769"
"GOBP_RESPONSE_TO_IMMOBILIZATION_STRESS",0.464874241110147,0.736903408567724,0.0276204219915108,-0.470394798898488,-0.997890600721002,16,"21803/76893/56484"
"GOBP_T_HELPER_1_CELL_DIFFERENTIATION",0.466146306044654,0.736903408567724,0.0245465532516347,0.483832563405072,0.980153662010381,21,"20849/80859/19698/16453/15284/381812/56717"
"GOBP_NEGATIVE_REGULATION_OF_CATION_CHANNEL_ACTIVITY",0.468439256377,0.737074027246429,0.0274331775259348,-0.479161232707667,-0.999754081886328,15,"12314/56085/328424/22218"
"GOBP_GLAND_MORPHOGENESIS",0.468888233559422,0.737470876785864,0.0211304277853569,0.395227653288687,0.970528188570621,106,"12977/16000/18186/18854/17390/72043/15451/12633/16889/17698/21929/21926/12333/12925/68585/18590/20779"
"GOBP_REGULATION_OF_SYNAPTIC_PLASTICITY",0.469282600079271,0.737472195009269,0.0393767579926886,-0.311779145625683,-0.989387612930757,186,"13051/11350/12314/66082/217692/17257/20910/12912/228994/11514/271457/12488/99152/22629/19353/16795/19141/17260/67869/56637/11911/18015"
"GOBP_RESPIRATORY_CHAIN_COMPLEX_IV_ASSEMBLY",0.469146685472496,0.737472195009269,0.0239623869390995,0.458459478979728,0.972307201186449,29,"76178/12856/67705/17710/72140/67892/66487/66278/69893/100503890/69577"
"GOBP_CARBOHYDRATE_DERIVATIVE_TRANSPORT",0.472718793719882,0.737580058192244,0.021827087782561,0.410397205316524,0.972908994988661,77,"11732/227731/67963/19156/11307/11539/65221/20778/56356/12752/11739/67283/57738"
"GOBP_CARDIAC_MUSCLE_CELL_CONTRACTION",0.471919127086008,0.737580058192244,0.0223540098330457,0.416350913026825,0.965075424567155,62,"16518/11928/11539/12289/109552/100986/192176/227753/20266/14168/83814"
"GOBP_CELLULAR_HYPEROSMOTIC_RESPONSE",0.473951715374841,0.737580058192244,0.0242730331357214,0.483560023910261,0.975347677698058,20,"54446/232341/18081/56449/11677/53416/20525/66972/108737/18671/216001"
"GOBP_CEREBELLAR_CORTEX_DEVELOPMENT",0.475488950977902,0.737580058192244,0.0300668078138267,-0.375688427535167,-0.988229530904973,49,"22142/26395/98985/67453/73750/12846/68703/246179/319757/78286/234734/213827"
"GOBP_CYTOSKELETON_DEPENDENT_INTRACELLULAR_TRANSPORT",0.47451552959915,0.737580058192244,0.0193431139242589,0.375068815485466,0.976748592906483,194,"17918/13518/11820/68196/15251/94245/16562/16783/72368/67095/11776/52822/13191/18536/75620/16561/16573/12752/11774/108686/70827/14533/66061/20655/56350/54160/99167/110350/71435/11777/72416/17909/15194/67661/74143/67286/13424/17913/74019/73916/319565/20869/17754/60595/16558/11775/81896/170833/12589/22146/16571"
"GOBP_DEFINITIVE_HEMOPOIESIS",0.472217161595919,0.737580058192244,0.0243931490287998,0.487683920468867,0.971432440295338,18,"56417"
"GOBP_DNA_REPLICATION",0.470841784989858,0.737580058192244,0.0187712717045537,0.367868932657718,0.981777160865185,261,"327762/69202/56045/12575/665775/110147/12053/237886/19360/93762/56207/50755/53605/70024/11545/114741/20892/18029/50927/72749/22589/22040/21877/235559/13211/117599/16881/76843/56878/17218/21853/67967/52864/217578/72960/320209/12534/216049/56086/19691/19714/17216/218973/93696/22791/75826/272551/11908/19687/68275/13006/17219/57441/66131/50776/68379/18538/68026/69270/27214/110749"
"GOBP_ENDOSOME_TO_PLASMA_MEMBRANE_PROTEIN_TRANSPORT",0.478229185644015,0.737580058192244,0.0241852646372117,0.485641618737347,0.967364317333722,18,"20660/17846/19349/12492/54645/17274/105782"
"GOBP_ENERGY_HOMEOSTASIS",0.474354890092386,0.737580058192244,0.0221563964846981,0.415013942201927,0.966384753302242,65,"11816/227731/20660/208643/16889"
"GOBP_EPITHELIAL_CELL_APOPTOTIC_PROCESS",0.479133482000637,0.737580058192244,0.0219984775286319,0.413604543245356,0.963102883648118,65,"56417/12306/15368/13555/13435/12633/80859/12048/56312/59004/227753/19645"
"GOBP_FATTY_ACID_DERIVATIVE_CATABOLIC_PROCESS",0.472762645914397,0.737580058192244,0.0272725432829734,-0.477515674256774,-0.996320678543226,15,"15446"
"GOBP_FEMALE_SEX_DIFFERENTIATION",0.476353871400865,0.737580058192244,0.0210672573227526,0.397328431256545,0.969035004982557,100,"26362/101476/320790/17390/11504/12018/71371/11920/17387/20397/20655/12048/22215/56312"
"GOBP_FERROPTOSIS",0.479725238200753,0.737580058192244,0.0274493519433807,-0.452767451249447,-0.983642965269974,18,"14766"
"GOBP_HEPATOCYTE_APOPTOTIC_PROCESS",0.478577939835916,0.737580058192244,0.0241852646372117,0.482599861867831,0.967322233185115,19,"56417/13435/12633/12048/227753/19645/56274"
"GOBP_ICOSANOID_TRANSPORT",0.478281286687016,0.737580058192244,0.0285290358596046,-0.403711777165345,-0.982368940447727,32,"76408/101488/20963/17250/108115/239273/18439/18783"
"GOBP_MACROMOLECULE_METHYLATION",0.476190476190476,0.737580058192244,0.0342157870484692,-0.331237286833086,-0.989252331477034,112,"14852/67099/67674/11651/67667/78890/52575/98685/75422/109095/73251/68215/54632/66083/83669/67148/210529/76894/20638/57295/15468/15278/70359/19346/110109/66254/229700/209584/14911/231803/18537/27374/56335"
"GOBP_MICROTUBULE_BASED_MOVEMENT",0.471880907372401,0.737580058192244,0.0176935774601743,0.359203514041133,0.988734292005693,396,"13518/11820/18518/68196/74117/16554/15251/94245/16562/16783/104111/72368/67095/11776/52822/13191/18536/75620/16561/229841/16573/12752/17758/73804/11774/380773/18648/67117/70827/14533/66061/20655/56350/75216/100317/226162/54160/99167/110350/71435/381350/74764/16551/11777/72416/11789/208518/15194/67661/18830/74143/67286/13424/74019/192195/77505/73916/319565/320244/20869/17754/20322/16578/16558/75051/11775/81896/433956/12589/218977/16571/16563/55978/381293/269209/234847/71820/16330/15114/232286/72938/209737/100502766/51810/74407/19348/436022/71819/16564/18952"
"GOBP_MITOCHONDRIAL_GENOME_MAINTENANCE",0.47768014059754,0.737580058192244,0.023617507240153,0.453270824693656,0.966161131629285,30,"327762/23797/11545/11739"
"GOBP_MRNA_MODIFICATION",0.473625639884264,0.737580058192244,0.0277523023408476,-0.443266467843495,-0.987024849723894,20,"60532/210529/11811/67384/72133/227682/56335/67049"
"GOBP_NEGATIVE_REGULATION_OF_ACTIN_FILAMENT_DEPOLYMERIZATION",0.477164280845262,0.737580058192244,0.023137682019023,0.436564923909873,0.963808023370282,41,"28006/20740/213556/12332/12631/225115/20742/12343/227753/12345/74392/19230/110253/50876"
"GOBP_NEGATIVE_REGULATION_OF_HORMONE_SECRETION",0.478495530443582,0.737580058192244,0.0229271500577732,0.43180967567042,0.963358324601084,45,"11539/12257/16176/22228/52055/20787/218461/19247/18641/18413/14609/223775"
"GOBP_NEGATIVE_REGULATION_OF_LEUKOCYTE_MEDIATED_IMMUNITY",0.479382263970705,0.737580058192244,0.0219827970887542,0.4144152587299,0.964023652075095,64,"14964/14991/69550/19264/15018/60533/18566/12053/19294/15040/15006/12523/14990/18733/71740"
"GOBP_NEGATIVE_REGULATION_OF_NEURON_PROJECTION_REGENERATION",0.47358630952381,0.737580058192244,0.0246888551336636,0.505622663180195,0.981229347743123,15,"20750"
"GOBP_NEURAL_TUBE_PATTERNING",0.470011402508552,0.737580058192244,0.0283196328294369,-0.427412923007401,-0.99348389669786,25,"70495/12151/72475/319757/19164/15205/244585/19206"
"GOBP_NEUTRAL_LIPID_BIOSYNTHETIC_PROCESS",0.4753861003861,0.737580058192244,0.0291320130936677,-0.387418992258807,-0.984205419738926,40,"192654/319660/21835/382030/81601/14245/14081/269060/72098/102247/18783"
"GOBP_OLEFINIC_COMPOUND_BIOSYNTHETIC_PROCESS",0.47896728243935,0.737580058192244,0.0275549841954235,-0.441153430879594,-0.982319734081148,20,"12912/59045/56316/13132/12724/100198/19712"
"GOBP_ORGANELLE_DISASSEMBLY",0.472130632752394,0.737580058192244,0.0220037088086317,0.413794211314656,0.972201287598555,71,"11520/14694/227331/12795/66905/66244/77987/16573/17758/66855/67871/56055/12534/74778/66361/16578/56422"
"GOBP_OUTFLOW_TRACT_SEPTUM_MORPHOGENESIS",0.470172257479601,0.737580058192244,0.0243867980924772,0.481224678658392,0.980384619208646,22,"18186/18187"
"GOBP_P38MAPK_CASCADE",0.469560878243513,0.737580058192244,0.0230063875035758,0.431667524768629,0.970963103703436,47,"50932/70097/17164/16176/56208/17873/18626/65964/26409/16859/53416/209012/22350/74256/100532/13197/15234/230738"
"GOBP_PHOSPHOLIPID_CATABOLIC_PROCESS",0.479873586161011,0.737580058192244,0.0226592941355964,0.427994224643979,0.962700636213495,47,"241274/18753/20778/71772/11813/18606/11758/11812/56209"
"GOBP_POSITIVE_REGULATION_OF_AMINO_ACID_TRANSPORT",0.473958333333333,0.737580058192244,0.0246758511862341,0.505528042501981,0.981045723485099,15,"20496/94245"
"GOBP_POSITIVE_REGULATION_OF_EMBRYONIC_DEVELOPMENT",0.476953907815631,0.737580058192244,0.0242290712683194,0.486217046392887,0.968510529189749,18,"14694/12631"
"GOBP_POSITIVE_REGULATION_OF_MONONUCLEAR_CELL_MIGRATION",0.472514085579412,0.737580058192244,0.0215114348302808,0.404163270489845,0.971972250126303,88,"12977/16854/11820/55985/18438/76763/20303/12775/20302/20304/15945/11501/18787/17123/12267/232341/20296/21926/63873/17387/68585/11629/14456/16859/12772/11491/19271/53416/19229/230979/68050"
"GOBP_POSITIVE_REGULATION_OF_TRIGLYCERIDE_METABOLIC_PROCESS",0.476771725268719,0.737580058192244,0.0242353420065719,0.486334152695969,0.968743796798137,18,"20778/11813/26457/20787/67181"
"GOBP_PROTEIN_AUTOUBIQUITINATION",0.479978058145913,0.737580058192244,0.031329971144254,-0.352944177005143,-0.983386187035874,69,"24017/23802/66105/12402/22034/193670/68031/56550/108660/66597/78913/19822/63958/66725"
"GOBP_PSEUDOURIDINE_SYNTHESIS",0.47994682029692,0.737580058192244,0.0274412621917787,-0.452690448861372,-0.983475676616317,18,"72133/227682/67049/68327/271842/234344/74467"
"GOBP_REGULATION_OF_CELL_MATRIX_ADHESION",0.474202557695134,0.737580058192244,0.0209083521464686,0.393708452152958,0.969546498484814,108,"12977/23790/18186/19877/12053/12775/50932/18787/21894/12631/17387/11465/26921/64930/20779/20874/12571/19271/19229/11490/16542/22288/21825/22122/72349"
"GOBP_REGULATION_OF_CENTROSOME_DUPLICATION",0.477902374670185,0.737580058192244,0.0225877443609548,0.424004139724736,0.960323523443145,50,"75608/18148/72776/68953/58251/236266/68729/17245/66371"
"GOBP_REGULATION_OF_HEPATOCYTE_PROLIFERATION",0.474888392857143,0.737580058192244,0.024643400592836,0.50493484764897,0.979894548426916,15,"72043/15451/12633/21929/21926/68585/19242"
"GOBP_REGULATION_OF_MEMBRANE_DEPOLARIZATION",0.47678388528508,0.737580058192244,0.0231779209216441,0.437859183730282,0.964068628788705,40,"14694/12257/12010/14718/11545/20779/20266/16542/83814"
"GOBP_REGULATION_OF_PHOSPHOLIPID_METABOLIC_PROCESS",0.470659933832492,0.737580058192244,0.023707336098839,0.45202899308261,0.973412912832353,32,"14077/18753/20778/11813/11812/20280/18590/15559/11305/224792"
"GOBP_REGULATION_OF_PHOSPHORYLATION",0.473795783771052,0.737580058192244,0.0175870747344904,0.358141336452562,0.987492704013198,407,"11816/434341/20847/56417/74012/16000/23790/19264/53378/18186/547253/14268/14694/72446/18148/330177/12266/15944/12575/14191/18753/78388/16149/75296/68077/18793/121021/70097/50755/109910/17319/80285/18606/68045/229841/20354/12450/69068/16414/14232/83946/22340/108686/21926/18712/15259/76108/64383/97998/73205/18590/19766/26409/208092"
"GOBP_REGULATION_OF_PROTEIN_LOCALIZATION_TO_PLASMA_MEMBRANE",0.47847630845463,0.737580058192244,0.0337560952568549,-0.334285151519012,-0.984709928005482,104,"21803/235574/12988/56374/18222/66610/233489/11651/23991/18708/11461/228136/11845/18754/116733/56334/53328/56294/226849/53330/12322/72993/56212/18412/13383"
"GOBP_REGULATION_OF_RECEPTOR_LOCALIZATION_TO_SYNAPSE",0.478314527503526,0.737580058192244,0.0236473776487512,0.454215297987666,0.963306083463017,29,"56486/13823/22177/73804/15461/53331"
"GOBP_REGULATION_OF_SULFUR_METABOLIC_PROCESS",0.470817120622568,0.737580058192244,0.0273445801963149,-0.478042877185454,-0.997420670036594,15,"20683/68059/27273/21416/228026/12041/26570"
"GOBP_REGULATION_OF_VASCULAR_PERMEABILITY",0.474154216039842,0.737580058192244,0.0233635636219539,0.442164638374879,0.968286497643252,38,"11816/24136"
"GOBP_RESPONSE_TO_AMINE",0.473082420200095,0.737580058192244,0.0289854798089291,-0.396169438530328,-0.990070298975452,37,"19735/17874/382985/18574/12846"
"GOBP_RESPONSE_TO_FUNGUS",0.46979976832699,0.737580058192244,0.0229158720046954,0.42951273389894,0.968913278300741,48,"56644/58203/72042/11820"
"GOBP_RESPONSE_TO_MINERALOCORTICOID",0.475669957686883,0.737580058192244,0.0237374248144082,0.455818032789036,0.966705185587445,29,"13058/19264/11545/12315/13057/19384/20393/53416"
"GOBP_RESPONSE_TO_MISFOLDED_PROTEIN",0.476865176001771,0.737580058192244,0.0275386765525095,-0.448321757849906,-0.9867250562321,19,"76594/433693/269523/67819"
"GOBP_RESPONSE_TO_NITRIC_OXIDE",0.471488431408271,0.737580058192244,0.0244185852880466,0.488311735394256,0.972683003948202,18,"12775/11991/12633"
"GOBP_RIBONUCLEOSIDE_MONOPHOSPHATE_METABOLIC_PROCESS",0.479712041884817,0.737580058192244,0.022402563681916,0.419539781940177,0.957408501175538,54,"22436/11821/17524/13178/15452/11637/11565/74354/66588/50773"
"GOBP_SNRNA_TRANSCRIPTION",0.471551914987824,0.737580058192244,0.0277357434056359,-0.449981325267786,-0.99037764887356,19,"231915/218333/13716/231571/20841/231803/212139/75627"
"GOBP_SPECIFICATION_OF_ANIMAL_ORGAN_IDENTITY",0.478449258836944,0.737580058192244,0.0280032658187803,-0.424240627553713,-0.986110173819687,25,"327826/24063/17260"
"GOBP_ACUTE_PHASE_RESPONSE",0.480751391465677,0.737637393783764,0.0282161806856713,-0.408637120372077,-0.981999323348802,30,"16194/19218/93671/18405/16819"
"GOBP_ANGIOTENSIN_ACTIVATED_SIGNALING_PATHWAY",0.481071507637813,0.737637393783764,0.0273847760050521,-0.446760568953968,-0.983288987885739,19,"18750/19055/19353/229877/12322/19878"
"GOBP_MITOTIC_NUCLEAR_DIVISION",0.480606443461781,0.737637393783764,0.0184146181537193,0.365779199279334,0.97747943709909,267,"17345/16000/75608/16319/217124/93762/68953/71175/75430/108989/70099/22385/16176/19385/14211/108000/67849/229841/73804/68612/83946/24061/68193/21926/66977/11920/56208/193385/68298/26934/18023/19384/50883/192176/54392/64383/77891/51944/208092/12487/24010/67956/70799/66468/23825/19645/16551/11789/12534/54194/210106/52276/66371/66077/71782/74107/18817/20877/68501/233406/22196/13006/19134/68743/108912/66302/18005/218977/30839/16571/16563/381293/18140/67629/76044/268697/59008/67052/108907/78658/52023/209737/71890/100502766/51810/16175/71819/12236/11799"
"GOBP_POSITIVE_REGULATION_OF_CELL_SUBSTRATE_JUNCTION_ORGANIZATION",0.481679035250464,0.737637393783764,0.0281818787673615,-0.408342099923748,-0.98129035721188,30,"11350/17127/110829/18708/19353/11845"
"GOBP_POSITIVE_REGULATION_OF_PROTEIN_LOCALIZATION_TO_CELL_PERIPHERY",0.480490874764003,0.737637393783764,0.0217602242374737,0.410976811935473,0.964114703418197,69,"16854/14694/217124/13822/16971/208643/16573/12752/21926/20742/20909"
"GOBP_REGULATION_OF_CELLULAR_COMPONENT_SIZE",0.481048486340143,0.737637393783764,0.0180110308134785,0.363088669464071,0.981063315890933,310,"11816/20750/72042/20496/56193/18186/74772/14268/18148/28006/19241/20740/108100/18753/223593/213556/72368/12775/83704/12332/52822/23797/20401/75620/20354/12752/207495/16531/12631/71653/225115/17698/232341/15519/16885/54214/20742/63873/14533/12343/56378/68585/97998/73910/67771/11773/26409/64930/277360/22388/56431/227753/404710/12345/74392/17974/53416/235041/19229/19230"
"GOBP_REGULATION_OF_CELLULAR_RESPONSE_TO_HEAT",0.481786643538595,0.737637393783764,0.0269961855306423,-0.464814513320649,-0.986052641329221,16,"328572/81489/15939/66917/56637"
"GOBP_SIGNAL_TRANSDUCTION_IN_RESPONSE_TO_DNA_DAMAGE",0.481491380462381,0.737637393783764,0.0192257726748739,0.374334772302957,0.971420149864693,187,"12505/20684/18148/19941/104418/15258/330177/226695/18854/12575/58801/227331/13555/12795/16149/68077/209200/17319/80285/67941/70103/11920/22589/22040/50883/65964/235559"
"GOBP_TRNA_WOBBLE_URIDINE_MODIFICATION",0.481570864414217,0.737637393783764,0.0272088482181238,-0.458278271161438,-0.983995919550069,17,"67667/100087/70359/74195/58523"
"GOBP_ACTOMYOSIN_STRUCTURE_ORGANIZATION",0.482716879623403,0.738759846806253,0.0192843036535314,0.375714344908391,0.971487901571565,179,"19219/24136/14744/18186/17886/13823/16765/19877/58800/13822/12633/29875/17929/16419/75547/108686/18810/16885/236266/233977/26934/11465/20410/64930/20779/22388/13007/98932/217866/404710"
"GOBP_POSITIVE_REGULATION_OF_MITOCHONDRIAL_FISSION",0.483348334833483,0.739424309777917,0.0238160000609887,0.473003315692146,0.970563102991809,23,"15944/69104/66437/114874"
"GOBP_EXTRACELLULAR_MATRIX_DISASSEMBLY",0.483759274525969,0.739751024448523,0.0223917573049777,0.421209696492481,0.955206832863657,51,"229534/13039/268396/17390/15451/12332/13040/16971/11501/17387/226519/18826/227753"
"GOBP_APOPTOTIC_MITOCHONDRIAL_CHANGES",0.485178012810964,0.739900344204715,0.0207609354900429,0.394259554260074,0.96296184299363,101,"15958/16000/66494/58801/11977/18793/15510/66437/12018/30954/11983/14775/11739/12048/74919/14297/12044/12176/16905/74143"
"GOBP_ENDOSOME_ORGANIZATION",0.488372093023256,0.739900344204715,0.0207703928056747,0.396588343582902,0.961893553335589,96,"23790/75608/66144/216238/235567/73834/223593/68953/11964/104015/11984/54198/208092/84092/330401/73711/19349/66371/74018/14339/52898/170833/12492/27681/99371/66508/21968/338368/233405/19345/70160"
"GOBP_EPITHELIAL_CELL_DIFFERENTIATION",0.487687550108808,0.739900344204715,0.0167554370344274,0.353270427692021,0.984859268974892,489,"20846/24136/13030/80752/74012/22436/16854/22352/16000/11746/19156/18186/11502/71602/17931/19877/270163/29876/12512/15251/59022/12575/18655/15442/16176/94246/224902/80859/20401/14104/16889/29875/18103/319448/18787/15902/233726/17698/12894/80291/21926/18810/22589/14775/76108/18023"
"GOBP_FC_RECEPTOR_SIGNALING_PATHWAY",0.486818530842078,0.739900344204715,0.0297735904630718,-0.364705714851521,-0.974592279317867,53,"11350/18479/22612/20963/17096/22034/57781/18754/12229/12489/234779/246177/72993/20662/18803/18761/26398"
"GOBP_LATE_ENDOSOME_TO_LYSOSOME_TRANSPORT",0.484479941913233,0.739900344204715,0.0239133986055392,0.478001644532189,0.964136344771221,20,"75608/218035/68953/73205/208092/66371"
"GOBP_POSITIVE_REGULATION_OF_HYDROLASE_ACTIVITY",0.487582521219742,0.739900344204715,0.0336787638082654,-0.329434940839766,-0.982730550396977,111,"74048/21817/217692/98910/170625/14020/110829/12946/269523/11651/217463/228850/107746/192786/193740/14270/210293"
"GOBP_POSITIVE_REGULATION_OF_TRANSCRIPTION_BY_RNA_POLYMERASE_III",0.487325495958854,0.739900344204715,0.0240115699207178,0.490064188965254,0.965394563508779,17,"93762/22385/110052/56200/17913/56717"
"GOBP_PYRIMIDINE_NUCLEOBASE_METABOLIC_PROCESS",0.487462170341548,0.739900344204715,0.026740979054125,-0.471502243691001,-0.98377385433481,15,"12934/104776/26413"
"GOBP_REGULATION_OF_BIOMINERAL_TISSUE_DEVELOPMENT",0.488001238581824,0.739900344204715,0.0212676060298378,0.403685175778794,0.959920048986566,80,"18605/80752/11732/67972/19877/15251/100038882/13601/20302"
"GOBP_REGULATION_OF_CALCIUM_ION_IMPORT",0.485366713681241,0.739900344204715,0.0234104147078645,0.451451914657231,0.957445461892274,29,"16854/20302/20296/14360"
"GOBP_REGULATION_OF_CELL_CYCLE_CHECKPOINT",0.487269681742044,0.739900344204715,0.0225275264522709,0.427254611015981,0.957833082452457,46,"16319/75430/108989/50883/65964/66468/52276/57261/20877/19134/67153/210766/268697/67052/11799/235661/52696/76464"
"GOBP_REGULATION_OF_DOUBLE_STRAND_BREAK_REPAIR_VIA_HOMOLOGOUS_RECOMBINATION",0.485203796761586,0.739900344204715,0.0314608277104382,-0.345543606432645,-0.978433051951603,76,"11350/22376/75698/13831/11461/227867/56505/67245/81601/57321/21761/232314/94232/12995/67561/77044"
"GOBP_REGULATION_OF_ERBB_SIGNALING_PATHWAY",0.486981934112646,0.739900344204715,0.0304578713674509,-0.358409430729538,-0.977535614453224,61,"21803/26365/64143/72543/12402/58184/19141/74155/56044/19248/72183"
"GOBP_REGULATION_OF_JNK_CASCADE",0.485175202156334,0.739900344204715,0.0351819644644481,-0.321757832401881,-0.981511235978419,130,"19735/215653/24017/142980/19261/21898/26408/17874/22034/211770/12928/11798/117149/81897/27218/224938/16001/18569/22032/17283/246179/26403/22026/15502/52065/14369"
"GOBP_REGULATION_OF_LEUKOCYTE_CHEMOTAXIS",0.487008166295471,0.739900344204715,0.0206526987152435,0.392705861149989,0.960974842571795,102,"12977/11820/55985/227541/76763/20303/12775/16149/20302/170756/74748/20304/17524/15945/17319/18787/12267/232341/22340/20296/193385/63873/11629/18081/19354/14456/16859/19242/12772/11491/19271/53416/19229"
"GOBP_REGULATION_OF_MONONUCLEAR_CELL_MIGRATION",0.488110494090844,0.739900344204715,0.0199782187468181,0.383543080328581,0.962433434585077,129,"12977/16854/11820/12527/55985/18438/76763/20303/12775/13601/20302/170756/74748/20304/12515/15945/17319/11501/18787/17123/12267/17698/232341/20296/21926/193385/63873/17387/338366/68585/11629/18081/14456/16859/12772/11491/19271/53416/19229"
"GOBP_REGULATION_OF_NEURON_PROJECTION_REGENERATION",0.486248236953456,0.739900344204715,0.0233811119157234,0.451236158051207,0.956987882299399,29,"20750/14824"
"GOBP_REGULATION_OF_P38MAPK_CASCADE",0.488594811074351,0.739900344204715,0.023103295947748,0.443613951800672,0.956874452958166,33,"50932/70097/16176/17873/18626/16859/53416/209012/22350/74256/100532/13197/15234/230738"
"GOBP_REGULATION_OF_REGULATED_SECRETORY_PATHWAY",0.488590184432635,0.739900344204715,0.0335253577277386,-0.331238737201292,-0.981385062310041,108,"105855/26365/56807/12361/78808/20910/20963/217303/11765/28040/17096/11938/271457/19055"
"GOBP_RESPONSE_TO_PAIN",0.487884860630352,0.739900344204715,0.0238585175792944,0.481073684249821,0.958265309636155,18,"12257/18438/14528/21825/12334/56717"
"GOBP_RESPONSE_TO_RETINOIC_ACID",0.488419405320814,0.739900344204715,0.0214212990858571,0.407254944363136,0.958838654892719,72,"20684/16004/13036/17390/11303/21926/67184/11920/17977/20787"
"GOBP_STRIATED_MUSCLE_CELL_APOPTOTIC_PROCESS",0.486958602536492,0.739900344204715,0.0285466388270098,-0.390407659062324,-0.981449140228859,38,"13805/29810/26408/11938/11793/22059/12162/12322"
"GOBP_T_HELPER_1_TYPE_IMMUNE_RESPONSE",0.486302535307129,0.739900344204715,0.0228092436482183,0.43364693118542,0.959227010898274,42,"18173/16068/20849/16176/80859/19698/15461/16160/16859/12051/12772/16453/16177/17082/15284/381812/56717"
"GOBP_WHITE_FAT_CELL_DIFFERENTIATION",0.487424111014744,0.739900344204715,0.0267946889030471,-0.463391688438568,-0.983034275523254,16,"66270/11909/13016/13017/12606/81004"
"GOBP_CALCINEURIN_MEDIATED_SIGNALING",0.48899553202052,0.739907118658025,0.0222788618908992,0.423615840368763,0.955610812526912,48,"56644/16000/54446"
"GOBP_POSITIVE_REGULATION_OF_CANONICAL_NF_KAPPAB_SIGNAL_TRANSDUCTION",0.488976897689769,0.739907118658025,0.0188115400720902,0.370842898471185,0.967921815174221,202,"56644/56489/69550/24088/16852/78781/59027/18751/54446/15368/217069/12775/269608/217203/231130/16149/76025/66940/13601/268749/16176/12633/21934/11796/71481/11545/59026/14433/75547/21926/56786/66589/266632/319236/192176/15559/19766/26409/56722/17474"
"GOBP_SPLICEOSOMAL_TRI_SNRNP_COMPLEX_ASSEMBLY",0.489191526156507,0.739907118658025,0.0266798722724349,-0.470511870095123,-0.981707472546206,15,"28000/192159/22258/68295/68988/70767/68879"
"GOBP_ATTACHMENT_OF_MITOTIC_SPINDLE_MICROTUBULES_TO_KINETOCHORE",0.490502396591514,0.741291525171369,0.0233518786262633,0.458461561384889,0.957610081516851,26,"16319/229841/73804/66977/56208/66468/12534/52276/20877/66302/67052/51810/11799"
"GOBP_RHYTHMIC_PROCESS",0.490401842846174,0.741291525171369,0.0183057130428006,0.365974706412183,0.971004319536355,243,"26362/16000/59027/14694/101476/11539/20893/20185/18854/17390/15199/230753/18034/21973/11991/79362/20602/21934/19698/11504/13655/11545/59026/15902/21926/56208/17977/27419/22284/20397/18626/20787/70118/13211/22215/269254"
"GOBP_AROMATIC_AMINO_ACID_METABOLIC_PROCESS",0.491387126019946,0.742329281871325,0.023665334639965,0.470955551490448,0.959463634116572,22,"11977/110391/70789"
"GOBP_T_HELPER_17_CELL_DIFFERENTIATION",0.491593653800616,0.742342068672324,0.0281904457608364,-0.391944650968756,-0.976700763239538,36,"16194/16195/328572/16364"
"GOBP_ACTIN_NUCLEATION",0.493073878627968,0.742621559333545,0.0220929842897235,0.418464957617958,0.947777874994458,50,"28006/74117/223593/14260/11867/68089/56378/67771/63986/107702/227753/63985"
"GOBP_ANTIFUNGAL_INNATE_IMMUNE_RESPONSE",0.493692022263451,0.742621559333545,0.0239623869390995,0.493383567050273,0.963595577580189,16,"56644"
"GOBP_CELL_GROWTH",0.493791002811621,0.742621559333545,0.0169036256343873,0.354523742665894,0.979075156796284,415,"11816/24136/20750/18605/16000/69550/53378/18186/14268/14694/11820/18148/66102/18854/12575/217124/12053/20720/15451/18187/75296/52822/18080/209743/70834/208643/55960/29875/20354/72075/72674/20403/12631/12537/71653/11546/19063/20586/66225/16885/54214/13057/56349/13806/17387/12580/22284/68585/73205/67155"
"GOBP_CENTROSOME_DUPLICATION",0.493735498839907,0.742621559333545,0.0210721050184816,0.402643632472687,0.957163285350301,79,"75608/18148/72776/68953/58251/236266/68729/70799/233064/17245/66371/75786/74477/216846/170822/30839/98956/18764/319675/67052"
"GOBP_ICOSANOID_BIOSYNTHETIC_PROCESS",0.492186158337627,0.742621559333545,0.0227646229334164,0.435648384519875,0.95401669839787,38,"16592/16149/16176/17319/17948"
"GOBP_INTRACELLULAR_LIPID_TRANSPORT",0.49239093676023,0.742621559333545,0.0225111545631854,0.42878828140988,0.952923421489646,43,"67963/12306/11307/14077/245944/11303/235283/20280/12894/233979/227446/11305"
"GOBP_INTRACELLULAR_ZINC_ION_HOMEOSTASIS",0.493069306930693,0.742621559333545,0.023492834989153,0.46930355270979,0.962971499885949,23,"74772/11774/213053/17748/72027/17750/106957"
"GOBP_NEGATIVE_REGULATION_OF_DNA_REPLICATION",0.49228535124342,0.742621559333545,0.023653360411628,0.473533085104153,0.959288858487453,21,"12053/237886/21853/57441/66131/218914/67141/69237"
"GOBP_NEGATIVE_REGULATION_OF_ENDOTHELIAL_CELL_APOPTOTIC_PROCESS",0.493366314369238,0.742621559333545,0.0272167928225599,-0.428199785417742,-0.979441449801517,23,"11350/16416"
"GOBP_POLYSACCHARIDE_METABOLIC_PROCESS",0.493304930006086,0.742621559333545,0.0208320442628332,0.397514088631296,0.957770527031243,89,"76969/18605/16000/14387/110094"
"GOBP_POSITIVE_REGULATION_OF_EPITHELIAL_CELL_PROLIFERATION",0.4939582570487,0.742621559333545,0.0365423481021467,-0.312392535011763,-0.979804642098449,162,"353310/21803/18750/16416/16476/22433/21812/11727/14595/20683/12443/11651/11863/18129/12540/18591/54616/16002/12229/21802"
"GOBP_CARDIAC_MUSCLE_CELL_ACTION_POTENTIAL",0.495186136071887,0.742844628406863,0.021597177421611,0.408255197810334,0.946310062092194,62,"16518/11928/12289/22627/12315/100986/192176/12313/20266/14168/83814"
"GOBP_DNA_REPAIR_DEPENDENT_CHROMATIN_REMODELING",0.495376246600181,0.742844628406863,0.0235342526025302,0.468988026333624,0.955455254066253,22,"70790/209200/14897/11546/100683"
"GOBP_OUTFLOW_TRACT_MORPHOGENESIS",0.495890410958904,0.742844628406863,0.030693954458091,-0.352808049401667,-0.975542369755552,67,"13805/16476/22761/99683/12540/11909/12929/17260/12162/16202/17684"
"GOBP_POSITIVE_REGULATION_OF_MITOTIC_NUCLEAR_DIVISION",0.494722270288977,0.742844628406863,0.0228036571850969,0.436890519743314,0.951060663504212,36,"16000/16176/68612/83946/21926/12487/66468/19645/68501/218977/59008/108907/16175"
"GOBP_POSITIVE_REGULATION_OF_MITOTIC_SISTER_CHROMATID_SEPARATION",0.495734253040479,0.742844628406863,0.0235401807715361,0.472419111737242,0.952876294047436,20,"16319/68612/66468/19645/52276/20877/68501/218977/59008/11799/66156"
"GOBP_POSITIVE_REGULATION_OF_NEUTROPHIL_MIGRATION",0.49582815551216,0.742844628406863,0.0231779209216441,0.455960516734509,0.952386032712645,26,"227541/76763/12775/16149/11501/12267/193385/68585/19354/16177"
"GOBP_REGULATION_OF_ACTION_POTENTIAL",0.495434562056138,0.742844628406863,0.0224133795932476,0.427759886947844,0.950637955184034,43,"16518/21926/12315/100986/192176/12313/110891/14466/14168"
"GOBP_RNA_EXPORT_FROM_NUCLEUS",0.495305832147937,0.742844628406863,0.0314279956614924,-0.341207463862249,-0.97516964597414,81,"20383/15242/73192/19069/70579/73826/66874/230082/66679/54387/109095/227720/107939/60365/15463/68092/192170/170762/432508/234865/66511/268420/433702/56488/229512"
"GOBP_VESICLE_MEDIATED_TRANSPORT_IN_SYNAPSE",0.495143116176661,0.742844628406863,0.0183406145993195,0.366484279439977,0.966815386249246,230,"17858/66335/18751/66144/11966/19877/94245/73834/18717/20975/12757/11776/11980/54189/11964/231580/104015/13858/20403/20619/11984/74732/12315/11465/56378/73205/12313/11773/20911"
"GOBP_LAMELLIPODIUM_ORGANIZATION",0.496754163138583,0.743064543662948,0.0312218761245743,-0.34047066435126,-0.972546148253767,80,"70839/242687/14086/23999/22376/19277/66610/17973/18708/67220/12540/19353/73341/14270/13609/20430"
"GOBP_NEGATIVE_REGULATION_OF_DNA_TEMPLATED_TRANSCRIPTION_ELONGATION",0.496739374859456,0.743064543662948,0.0270981378227699,-0.426996771789501,-0.976689740313795,23,"77305/22346/24116/58202/330474/19045"
"GOBP_REGULATION_OF_SPINDLE_ASSEMBLY",0.49660456207557,0.743064543662948,0.022842815888673,0.440655314893033,0.950492678757857,33,"75608/72776/68953/108989/193385/208092/66371/18817/13424"
"GOBP_RRNA_MODIFICATION",0.496830241840808,0.743064543662948,0.0278521041678586,-0.397389866478265,-0.972958281717006,33,"67674/75422/76894/15278/110109/66254/67493/224481/68327/217038/271842/106338/234344/68017/229503"
"GOBP_CYTOCHROME_COMPLEX_ASSEMBLY",0.497614178595774,0.743940144147172,0.0224676027414656,0.429342788636324,0.947863655095865,41,"76178/12856/13057/67267/67705/17710/14297/72140/67892/66487/66278/69893/100503890/69577"
"GOBP_EXOCYTIC_PROCESS",0.497866287339972,0.744020273106146,0.031329971144254,-0.340702354370936,-0.97372604495133,81,"64143/78808/20910/20963/17096/102058/228983/56418/211446/12229/20912/75914/18436/20615/72183/19164/53413/67808/228545/69150"
"GOBP_OVULATION_CYCLE_PROCESS",0.498094330633635,0.744064388686674,0.0280625306368806,-0.38947251535948,-0.973333963253611,37,"268903/56484/20851/14366"
"GOBP_ALDEHYDE_BIOSYNTHETIC_PROCESS",0.5,0.744174614355408,0.0237978229280564,0.493161959081363,0.957047661585277,15,"21991/27376"
"GOBP_FACE_MORPHOGENESIS",0.499289772727273,0.744174614355408,0.0230690057152936,0.452098579457628,0.947575289612103,27,"65973/101476/17390/71175/71371/20397/19247/78892/77087"
"GOBP_FATTY_ACID_DERIVATIVE_BIOSYNTHETIC_PROCESS",0.499115938368275,0.744174614355408,0.029076871666459,-0.370037045572376,-0.970727053555145,48,"72759/23887/11689/106529/11666/14081/56348/67420"
"GOBP_FC_RECEPTOR_MEDIATED_STIMULATORY_SIGNALING_PATHWAY",0.500352195351021,0.744174614355408,0.0277274718950814,-0.398213749512755,-0.968990357247724,32,"11350/12988/18479/22612/20963/16423/17096"
"GOBP_MITOCHONDRIAL_DNA_METABOLIC_PROCESS",0.499184043517679,0.744174614355408,0.0234104147078645,0.466806075661984,0.951010031339289,22,"327762/11545"
"GOBP_MRNA_PROCESSING",0.5,0.744174614355408,0.0539014313173232,-0.286434162910652,-0.986847956044637,460,"75137/19317/13548/20383/216578/16969/53607/13992/19655/19205/56758/56275/67010/83410/98985/28000/66704/67337/67439/104836/60532/72462/20492/66078/15381/66810/230257/231868/54633/105559/74255/66874/15387/53317/52575/117198/192159/20382/67773/19383/11877/14300/50912/216766/109095/20462/54451/19656/60365/70470/22258/214498/211948/68035/19653/56190/232314/27981/67148/100336/68092/233208/228410/54723/68295/76479/67959/60315/210529/192170/68927/56504/12696/11811/67288/102182/20638/432508/74737/107817/268859/16201/74320/72133/22185/276905/67229/66185/13204/67678/269061/214627/67225/70312/330216/66983/14007/67755/68592/27886/229700/60321/68183/68988/78943/13207/268420/380601/28035/24014/230596/227682/433702/225027/54614/27374/66637/56335"
"GOBP_NEGATIVE_REGULATION_OF_PROTEIN_SERINE_THREONINE_KINASE_ACTIVITY",0.499912937489117,0.744174614355408,0.0227368170969895,0.437805650805243,0.947878526899174,34,"11816"
"GOBP_OLIGOSACCHARIDE_METABOLIC_PROCESS",0.500250626566416,0.744174614355408,0.028894719197839,-0.369892104931998,-0.967691915371689,47,"15212/54613/20448/14595/18145/217664/93961/330217"
"GOBP_POSITIVE_REGULATION_OF_VACUOLE_ORGANIZATION",0.499201824401368,0.744174614355408,0.0272565898399834,-0.418428554130327,-0.972600518304522,25,"18718/64143/170625/54396/108083"
"GOBP_REGULATION_OF_ANDROGEN_RECEPTOR_SIGNALING_PATHWAY",0.499472759226714,0.744174614355408,0.0228989743073895,0.444235744858607,0.946902572546663,30,"16000/20185/270627/20602/224902/20586/20592"
"GOBP_VENTRICULAR_CARDIAC_MUSCLE_CELL_MEMBRANE_REPOLARIZATION",0.499888715780102,0.744174614355408,0.0268100762198305,-0.430896168622733,-0.969709998743943,21,"20648/70729/230709"
"GOBP_NEGATIVE_REGULATION_OF_ALPHA_BETA_T_CELL_ACTIVATION",0.501022494887526,0.7442300345076,0.0223593952170148,0.427992953722661,0.944883613299647,41,"16854/16852/60533/12053/12515/18733/16859/12400/16453/230979/15284/16950/319817/230738"
"GOBP_NEGATIVE_REGULATION_OF_MONOATOMIC_ION_TRANSPORT",0.501821238442141,0.7442300345076,0.030892146868861,-0.342873312240697,-0.972117907657023,77,"21803/12314/58799/12283/19055/56085/81897/18754/110213/66383/11911"
"GOBP_NEGATIVE_REGULATION_OF_NON_CANONICAL_NF_KAPPAB_SIGNAL_TRANSDUCTION",0.502059496567506,0.7442300345076,0.0272167928225599,-0.410671115734131,-0.970586556777725,27,"215653/13205/19697/12162/19042/67027/18133/20375/216799"
"GOBP_PROSTANOID_METABOLIC_PROCESS",0.502163003979927,0.7442300345076,0.0225658127229911,0.434265517366062,0.945346333735565,36,"16592/16149/16176/17319"
"GOBP_REGULATION_OF_MUSCLE_ORGAN_DEVELOPMENT",0.50217656277207,0.7442300345076,0.0226648152822933,0.43933555911788,0.946078488008867,32,"16948/17938/108000"
"GOBP_REGULATION_OF_POST_TRANSLATIONAL_PROTEIN_MODIFICATION",0.501685247601763,0.7442300345076,0.0181594174597427,0.365273463332746,0.96327439958062,229,"20115/56486/18148/65019/16898/80985/15251/12257/100038882/100503670/225896/27050/270627/68077/209743/70097/209200/67025/11796/13163/59026/68612/66915/20892/57783/21929/12848/232341/14360/15519/671535/66855/66589/22215/77891/59004/11305/66412/17846/22195/71816/69216/56459/208518"
"GOBP_RESPONSE_TO_INCREASED_OXYGEN_LEVELS",0.500810081008101,0.7442300345076,0.0232414204542851,0.466010626503965,0.956214691698311,23,"17390/17711/11964/17705/12176/11972/66290"
"GOBP_RETROGRADE_VESICLE_MEDIATED_TRANSPORT_GOLGI_TO_ENDOPLASMIC_RETICULUM",0.500635001270002,0.7442300345076,0.0291228068013242,-0.370431272783944,-0.97440084949527,49,"270192/66913/19338/72772/11843/20333/68581/68137/59042/338337/213827/67458/54399/19346/229593/56389/78610"
"GOBP_SYNAPTIC_VESICLE_PRIMING",0.50193842645382,0.7442300345076,0.0271612837153758,-0.417858680680449,-0.971275897393143,25,"78808/20910/228983"
"GOBP_NEGATIVE_REGULATION_OF_AXONOGENESIS",0.502730431904683,0.744756386869072,0.0218425698601399,0.418149881806331,0.943280468367597,48,"20750/18186/52822"
"GOBP_FOREBRAIN_GENERATION_OF_NEURONS",0.504275862068965,0.744984600328925,0.0305088425715827,-0.347959320898107,-0.971273205040688,70,"58198/328365/12978/19353/67263/213326/210529/18844/22187/19164/15205/244667/56335/170758/18472"
"GOBP_MAST_CELL_ACTIVATION",0.503874717468518,0.744984600328925,0.0214212990858571,0.409107314820159,0.940936370728851,58,"380732/246746/14127/14191/14389/19294/56743/20619/12523/20911/14130/19354/16859/57914"
"GOBP_NEGATIVE_REGULATION_OF_ORGANIC_ACID_TRANSPORT",0.504117516136212,0.744984600328925,0.0266646412737587,-0.432412823000192,-0.962856955358829,20,"19735/11651/54393"
"GOBP_PEPTIDYL_LYSINE_MODIFICATION",0.503995350864449,0.744984600328925,0.019797753759042,0.384181499230826,0.953039392840723,116,"16948/52690/15254/71586/18854/110147/19386/52915/67241/14789/14533/64383/59004/67956/226026/226151/56459/67711/12387/75826/16950/68501/22196"
"GOBP_POSITIVE_T_CELL_SELECTION",0.50314465408805,0.744984600328925,0.0281562116364907,-0.378158880257004,-0.965652964992786,41,"16194/18021/16195/328572/22761/20852/16364"
"GOBP_REGULATION_OF_ORGANELLE_ASSEMBLY",0.504113345521024,0.744984600328925,0.040984587350474,-0.298333990164796,-0.976674757108299,243,"18718/11350/64143/14086/67016/98910/170625/14020/56275/72068/237782/66610/67841/11651/108083/11843/54609/271457/217449/20844/234776/19684/15511/20333/101706/271127/193740/225020/78246/11793/19280/68942/68112/56637/231225/72404/232906/19822/66725/72238/13641/100855/20479/102774/105513"
"GOBP_THYROID_GLAND_DEVELOPMENT",0.503877686682916,0.744984600328925,0.0265963264063149,-0.444901194544697,-0.966553423940793,18,"17127/26395"
"GOBP_REGULATION_OF_RHO_PROTEIN_SIGNAL_TRANSDUCTION",0.50537139349294,0.746308897876888,0.0205919423936331,0.396536289409888,0.948704669199045,83,"11816/18186/16765/227937/12053/12775/17925/11303/319899/20354/75547/193385/56349/226652"
"GOBP_REGULATION_OF_TRANSCRIPTION_REGULATORY_REGION_DNA_BINDING",0.505738750227728,0.746557241375945,0.0232761950887239,0.472947102239572,0.942077723656516,18,"16000/14958/19645/227737/208266/18193"
"GOBP_REGULATION_OF_RECEPTOR_INTERNALIZATION",0.50597038688107,0.746605122059153,0.0211401753523723,0.404376082625528,0.94067025712139,64,"12306/53378/11820/12512/94245/16976/54189/20239/68420/11773"
"GOBP_CYTOKINE_PRODUCTION_INVOLVED_IN_INFLAMMATORY_RESPONSE",0.506619309008718,0.746974496524263,0.021336776667535,0.408295765862167,0.939069828861866,58,"56644/18807/15368/15251/11513"
"GOBP_T_CELL_RECEPTOR_SIGNALING_PATHWAY",0.506559766763848,0.746974496524263,0.0197715654337766,0.383239611134176,0.949581572945887,115,"16854/23880/76438/19264/15018/104418/12775/27050/329260/268749/80859/19294/16889/378460/15461/30954/232341/14360/243910"
"GOBP_MATURATION_OF_LSU_RRNA",0.506834723948163,0.746998248272793,0.0228260182989026,0.450654328571624,0.941302749604122,26,"66489/19989/59050/27176"
"GOBP_GLYCOSPHINGOLIPID_METABOLIC_PROCESS",0.50723459600065,0.747293736560707,0.0214262892347867,0.408558308218996,0.935469385958706,56,"11605/14421/12091/15211/18753/14420/241230/14667/27419/18010/76524/11305/14466/20442"
"GOBP_NEURON_RECOGNITION",0.50751109593718,0.747407303564853,0.0221829154446353,0.424958238370084,0.93566361373906,40,"18186/11820/12215"
"GOBP_REGULATION_OF_SODIUM_ION_TRANSPORT",0.507721700366184,0.747423775715812,0.0210866596486703,0.403949462249918,0.939677841606077,64,"18301/11928/18438/20720/11933/232341/18626/17846/20266/53416/246198/229709/14168/83814/22288/60595"
"GOBP_CARDIAC_MUSCLE_CELL_ACTION_POTENTIAL_INVOLVED_IN_CONTRACTION",0.508009543285617,0.747553894084999,0.0221405126265323,0.425373625015074,0.939100899467289,41,"16518/11928/12289/192176/20266"
"GOBP_RENAL_WATER_HOMEOSTASIS",0.508556547619048,0.747771651814904,0.0235224048028826,0.48879084252298,0.948564917116281,15,"14683/219181/11677/246198"
"GOBP_RESPONSE_TO_HEPATOCYTE_GROWTH_FACTOR",0.508430609597925,0.747771651814904,0.0260191746680826,-0.464151826133991,-0.968437450939519,15,"14629/12912/12928/19141/19697/72993"
"GOBP_REGULATION_OF_THE_FORCE_OF_HEART_CONTRACTION",0.508842297174111,0.747898403846498,0.0231894419555492,0.469057342009592,0.940177632476935,19,"11928/14387"
"GOBP_ACTIVATED_T_CELL_PROLIFERATION",0.509303928325293,0.747990252101567,0.022273511774139,0.43077301396153,0.941420733757023,37,"16000/54725/60533/27050/14360/16160/58205/16184/16859"
"GOBP_REGULATION_OF_EPITHELIAL_CELL_MIGRATION",0.50920245398773,0.747990252101567,0.021257756377706,0.407335721134083,0.936861750517978,58,"23790/11502/13036/12512/15251/70097/18606/384783/72674/68585/26921/20779"
"GOBP_ENDOSOMAL_TRANSPORT",0.509639149777558,0.748189398106654,0.0425633582370147,-0.293789185346215,-0.977070861262447,278,"67213/12721/22376/266781/68365/19325/170625/14020/26395/72543/270192/20661/11765/233489/269523/78287/226594/75669/271457/67894/20844/53334/71817/56418/230597/19684/320191/11845/67123/69091/78618/66964/330192/116733/68942/381201/68112/77407/67511/99696/70361/104303/66725/72238/170749/53330/72183/100855/67804/20479/15239/20932/26413/105513/66616/211499"
"GOBP_NEGATIVE_REGULATION_OF_SMALL_GTPASE_MEDIATED_SIGNAL_TRANSDUCTION",0.510626992561105,0.748921393462984,0.0295816425870746,-0.353465967892663,-0.96405267966567,61,"75415/223601/21927/19053/12488/19414/70719/24063/50768/232906/18015"
"GOBP_NEGATIVE_REGULATION_OF_T_CELL_APOPTOTIC_PROCESS",0.510607434270172,0.748921393462984,0.0230461985505656,0.461846968759932,0.940906991434233,22,"15251/20304/12051/20442/16453"
"GOBP_POSITIVE_REGULATION_OF_PEPTIDYL_SERINE_PHOSPHORYLATION",0.510737214965685,0.748921393462984,0.0263489333555479,-0.436535005834105,-0.960783233552421,19,"54396/11651/58184"
"GOBP_POSITIVE_REGULATION_OF_REGULATORY_T_CELL_DIFFERENTIATION",0.511254735903722,0.749094116562607,0.0264458167769808,-0.424392187741028,-0.963705257905667,22,"74048/21803/56484/12946/207952/81601"
"GOBP_T_HELPER_17_TYPE_IMMUNE_RESPONSE",0.511129431162407,0.749094116562607,0.0215265222593817,0.41434349022894,0.935628078218334,49,"56644/16852/17085/12515/80859"
"GOBP_RECOMBINATIONAL_REPAIR",0.512018262387539,0.749334028671806,0.0183795090452486,0.367952093105836,0.952581448103554,181,"56045/107932/72459/19360/71175/20422/50755/67241/11545/72931/19362/72749/11920/78656/224008/233908/235559/100683/117599/59004/67956/17218/21853/226026/15270/226151/52864/69596/231855/216049/18817/67711/233826/19691/19714/17216/211978/59029/272551/68501/68275/17219/74355/67788/12261/235626/103537/18140"
"GOBP_REGULATION_OF_MONOATOMIC_ION_TRANSMEMBRANE_TRANSPORT",0.511987625676721,0.749334028671806,0.0177749766367705,0.362040098543263,0.957981032728166,237,"18301/16518/65973/11820/19241/18854/12512/18438/320790/75909/11933/17329/12289/13040/109552/15945/14873/22228/22627/12018/232341/12315/14360/12856/27060/13057/13367/228071/192176/13830/12313/17846/20266/80334/53416/15194/19229/14168/100040591/16513/66395/83814/22333/22288/68795/60595"
"GOBP_TRANSLATIONAL_ELONGATION",0.512011304757419,0.749334028671806,0.0207420427691314,0.400652365779473,0.941324782317983,71,"14694/67186/66656/227331/56040/66244/67160/77987/55949/276770/13627/66855"
"GOBP_POSITIVE_REGULATION_OF_CELL_SUBSTRATE_ADHESION",0.512749120750293,0.749621631845439,0.0196673670541784,0.381999759447004,0.941551247408015,109,"12977/18186/14268/16402/19877/114249/54126/12775/380924"
"GOBP_POSITIVE_REGULATION_OF_PROTEIN_UBIQUITINATION",0.512704174228675,0.749621631845439,0.031940289716243,-0.330791177265452,-0.968953736614311,99,"54354/16792/108705/105171/67819/22034/56371/56085/93765/76273/11798/78246/67245/244666/13205/12151/83945/56637/240354/66725/22187/56812/216080/93836/99982/12952/66647"
"GOBP_POSITIVE_REGULATION_OF_STEROID_BIOSYNTHETIC_PROCESS",0.512814798306218,0.749621631845439,0.0263935568914387,-0.423382773450532,-0.961413090690398,22,"19317/16211/235623"
"GOBP_BLOOD_VESSEL_ENDOTHELIAL_CELL_MIGRATION",0.513057511737089,0.749684036643513,0.0196760165729651,0.381938646528589,0.941097853661149,110,"11816/18186/17886/19241/15368/15251/18438/20778/23797/20401/13655/12752/11947/21926/14775/338366/15370"
"GOBP_CELLULAR_RESPONSE_TO_ATP",0.514471243042672,0.750295050640953,0.0232936192958527,0.484233961376938,0.94572607370486,16,"18442/18438/270627/20655"
"GOBP_GLYCEROL_ETHER_METABOLIC_PROCESS",0.514249410056272,0.750295050640953,0.022949737258188,0.463303777470217,0.938566207521856,21,"320024"
"GOBP_LEUKOCYTE_DEGRANULATION",0.514159848961611,0.750295050640953,0.0207090505660619,0.399410969030801,0.936982274341956,69,"380732/14991/14127/14191/16783/20302/14389/16409/16414/56743/378460/20619/15006/246256/12523/20909/20911/14130/19354/16859/12772"
"GOBP_NEGATIVE_REGULATION_OF_TOLL_LIKE_RECEPTOR_SIGNALING_PATHWAY",0.51411914738568,0.750295050640953,0.0230120669110781,0.470324554598905,0.936853791212908,18,"246746/22627"
"GOBP_REGULATION_OF_B_CELL_MEDIATED_IMMUNITY",0.514676781002638,0.750295050640953,0.0214212990858571,0.411116361847669,0.931134100273143,50,"19264/12266/14127/107823/12053/19294/15040/21926/12487/14130"
"GOBP_REGULATION_OF_POSTSYNAPTIC_MEMBRANE_NEUROTRANSMITTER_RECEPTOR_LEVELS",0.514669163545568,0.750295050640953,0.0324724039604577,-0.328660116589861,-0.972431259471687,107,"16416/67979/26395/55946/18222/12388/65945/22034/83493/228136/19684/69091/11793/71770/56044/109905/53330/72183/11487/216963"
"GOBP_CELLULAR_OXIDANT_DETOXIFICATION",0.515383414024676,0.75103306211683,0.0205593519935918,0.398964318128994,0.941105720663188,73,"11816/18477/11977/14778/11758/93684/14873/14528/52700/20364/53381/14775/54683/20655"
"GOBP_NEGATIVE_REGULATION_OF_FAT_CELL_DIFFERENTIATION",0.516327031671986,0.751239796081756,0.0279610991295042,-0.368656711389807,-0.957563914633544,45,"21803/17127/12193/223435/20661/228790/56458"
"GOBP_NEGATIVE_REGULATION_OF_INTERLEUKIN_12_PRODUCTION",0.51595547309833,0.751239796081756,0.0232472094116832,0.483712849553467,0.94470832386061,16,"12775/18733/16453/21825/12261/52023"
"GOBP_POSITIVE_REGULATION_OF_EPITHELIAL_CELL_DIFFERENTIATION",0.51604643222943,0.751239796081756,0.0219202754351603,0.42262360002491,0.930523258867491,40,"24136/18103/18787/233726"
"GOBP_POSITIVE_REGULATION_OF_PROTEIN_LOCALIZATION_TO_PLASMA_MEMBRANE",0.516258853831294,0.751239796081756,0.0209995906252555,0.403943767630149,0.931555583480874,59,"16854/14694/217124/16971/16573/12752/21926/20742/20909"
"GOBP_POSITIVE_REGULATION_OF_MACROPHAGE_CYTOKINE_PRODUCTION",0.516645896385971,0.751345797002935,0.0225658127229911,0.44957165438375,0.934214984834159,25,"14991/15018/16149/17164/18733/68585"
"GOBP_REGULATION_OF_DEVELOPMENTAL_GROWTH",0.516800817682382,0.751345797002935,0.0175068739488088,0.360727689765712,0.958954860728112,250,"12977/11816/20750/16000/18186/14268/14824/11820/320790/12575/14683/52822/71175/17938/70834/20354/20403/12631/71653/11546/16885/54214/18712/20397/68585/20655"
"GOBP_AUTONOMIC_NERVOUS_SYSTEM_DEVELOPMENT",0.517755681818182,0.751360743236199,0.0224893593188001,0.444291613653855,0.931212292207031,27,"18186/14268/22329/18187"
"GOBP_EAR_DEVELOPMENT",0.51798825256975,0.751360743236199,0.0356019436100328,-0.309410792021145,-0.971087599556486,163,"17132/21803/212937/22295/12609/99683/218756/19353/11793/110796/16658/230857/107650/73750/12576/17701/11487/320398/20682/26413/70615/15205/12606/12125/72999/97031/244585/20692/76365/17828/71446/18472"
"GOBP_INTERLEUKIN_13_PRODUCTION",0.519080659150043,0.751360743236199,0.0257189758109788,-0.453032110787055,-0.961057575971959,16,"16172/16364/94185/16173"
"GOBP_NEURAL_TUBE_DEVELOPMENT",0.518992684299381,0.751360743236199,0.0188721891660856,0.374935208487694,0.947879746397167,141,"20115/24136/17769/21815/15251/225164"
"GOBP_POSITIVE_REGULATION_OF_B_CELL_MEDIATED_IMMUNITY",0.518086956521739,0.751360743236199,0.022151099576044,0.430909964926637,0.93504589573411,35,"19264/12266/14127/107823/19294/15040/21926"
"GOBP_POSITIVE_REGULATION_OF_D_GLUCOSE_TRANSMEMBRANE_TRANSPORT",0.51895652173913,0.751360743236199,0.0221246493427172,0.430606779859226,0.934388004350746,35,"16000/12266/237542/384783"
"GOBP_REGULATION_OF_MONOATOMIC_ION_TRANSPORT",0.519216735587448,0.751360743236199,0.016717800112311,0.354098168367053,0.962021288042398,331,"18301/16854/16518/65973/11820/11928/11539/67972/19241/18854/12512/12257/18438/12010/320790/75909/20720/20303/11933/17329/12289/13040/20302/170756/20304/109552/15945/14873/22228/16573/22627/12018/232341/20296/12523/12315/14360/12856/27060/13057/18733/13367/228071/18626/192176/13830/12313"
"GOBP_REGULATION_OF_NUCLEOBASE_CONTAINING_COMPOUND_TRANSPORT",0.517266715650257,0.751360743236199,0.0230461985505656,0.475992661282351,0.937674569615692,17,"11539/108989/232341/331401/13211/54194"
"GOBP_RUFFLE_ASSEMBLY",0.51877773984295,0.751360743236199,0.0218374069907392,0.421610583267879,0.928292821064245,40,"23790/18438/231532/121021/20401/16332/15461/11629"
"GOBP_SKELETAL_MUSCLE_ORGAN_DEVELOPMENT",0.518851608439986,0.751360743236199,0.0343498975004544,-0.313748698679993,-0.971174929125362,145,"21803/70350/77578/65256/328572/80288/30928/217082/13726/19055/26416/20481/16002/16795/12227/67773/17260/18015/53620/246179/56504/17684/319757/14251/13629"
"GOBP_STEROID_METABOLIC_PROCESS",0.519215788106985,0.751360743236199,0.0176751507059553,0.361552270674239,0.953285961750269,228,"11816/20750/67963/11307/11928/101476/12642/20652/109754/12257/20778/11303/67815/73212/16889/11812/76483/20280/21926/68603/18023/20397/20787/218461/76524/59004/11305"
"GOBP_TRANSITION_METAL_ION_TRANSPORT",0.518863601649611,0.751360743236199,0.0201164527929248,0.391211027957429,0.937523840125282,84,"14319/14325/28240/11927/58800/12010/18173/11977/18174/11776/20529/213053/12856/72027/30791/67739/338365/14297/106957"
"GOBP_DE_NOVO_POST_TRANSLATIONAL_PROTEIN_FOLDING",0.520055970149254,0.752017701770177,0.026933847286694,-0.396338586150505,-0.956955508091663,31,"110920/56351/76594/67035/81489/15511/193740/30931"
"GOBP_PIGMENT_GRANULE_LOCALIZATION",0.52007200720072,0.752017701770177,0.0226372343533115,0.458871002556465,0.941564782611437,23,"17918/77573/13191"
"GOBP_MYOTUBE_CELL_DEVELOPMENT",0.520285565035696,0.752036366276046,0.0221035302120679,0.432213205444151,0.930740996073918,32,"16000/17938/18810/14775/26556/57784/71999"
"GOBP_POSITIVE_REGULATION_OF_ESTABLISHMENT_OF_PROTEIN_LOCALIZATION_TO_MITOCHONDRION",0.520807940100993,0.752501218002513,0.0220877147325811,0.432032854139847,0.931894047261106,33,"268749/66169/66177/59026/19155/19354/22195/56459/54673/14367/72344/170770"
"GOBP_MRNA_CATABOLIC_PROCESS",0.52132701421801,0.752858689400859,0.0174163488781561,0.359828135556573,0.954639143060754,241,"56489/22352/78781/72446/229663/18148/73158/19877/18458/17454/18753/18173/230753/227331/13555/11991/13164/17164/70640/326622/70439/11810/103677/319885/22608/214290/74645/381633/16341/11920/20823/233908/66870/13211/107702/56403/59004/72826/52502/56055/56449"
"GOBP_REGULATION_OF_SPINDLE_ORGANIZATION",0.521457085828343,0.752858689400859,0.0213516499958366,0.413531035967092,0.930168138952585,47,"75608/72776/13191/68953/108989/193385/208092/21335/66371/18817/13424"
"GOBP_EMBRYONIC_CRANIAL_SKELETON_MORPHOGENESIS",0.522388059701492,0.753622189284524,0.0268563498430764,-0.3955796761608,-0.95512312759637,31,"17127/21812/17126/15531/192170"
"GOBP_POSITIVE_REGULATION_OF_MONOCYTE_CHEMOTAXIS",0.522269000664746,0.753622189284524,0.025983059916707,-0.43965636909151,-0.955158974876798,18,"13051"
"GOBP_CELLULAR_RESPONSE_TO_XENOBIOTIC_STIMULUS",0.522711092125872,0.753798065905259,0.0189453625516487,0.375265865231139,0.941663229193272,129,"320024/67702/383619/17931/217124/13555/11303/11669/16176/12515/14873/27973/13849/76108/50883/11565/20624/14456/19645/17869"
"GOBP_REGULATION_OF_CATION_CHANNEL_ACTIVITY",0.523022432113341,0.75395695213877,0.0215214910478522,0.416842138993936,0.92996606437978,45,"65973/19241/13040/12315/12313/20266/15194/14168/66395/381812/116873/15114/74777/11735"
"GOBP_DNA_BIOSYNTHETIC_PROCESS",0.523237962316818,0.753977655810624,0.0186313535446168,0.37157898730811,0.945471295130999,152,"16948/21745/18854/12575/15382/11991/19360/70640/108000/103677/21454/12461/21926/15519/671535/11920/22040/21877/18590/69535/16881/76843/21781/67967/227737/12387/228140/19714/93696/22791/19687/68275/14219/235587/15234/98956/14173/12581/50776/18538/68026/72568"
"GOBP_RESPONSE_TO_OSMOTIC_STRESS",0.523520249221184,0.754094501952727,0.0202789642388733,0.394929038335918,0.935149572275514,76,"20496/11928/54446/12257/12795/19698/12752/16531/232341/21926/15519/20719/63873/26400/18081/56449/11677/53416/231549/14479/20525/66361/19225/56717/18764/100604/12028"
"GOBP_REGULATION_OF_CD4_POSITIVE_ALPHA_BETA_T_CELL_ACTIVATION",0.524569640062598,0.755315793682142,0.0203199312458395,0.396000149419868,0.932340431620386,72,"14744/16852/12522/16186/60533/12053/12515/80859/243910/16477/16160/12487/16184/16859/12400/16453/74143/15284/57261/16950/319817/59009/230738"
"GOBP_AMIDE_METABOLIC_PROCESS",0.525560431740007,0.756181784658111,0.0161757679271786,0.34970828352734,0.960205885735798,383,"11816/64138/212167/22436/11605/16000/13039/11307/14421/19877/12091/15211/241447/13036/18753/107476/14420/16971/18655/20660/241230/14104/14873/66071/19703/109900/14667/56174/19063/21926/68603/66190/56208/14775/14862/18023/27419/245847/20397/56360/105501/18010/68585/20655"
"GOBP_ANATOMICAL_STRUCTURE_MATURATION",0.525904332847489,0.756181784658111,0.0177861173824647,0.36394456719479,0.94847165428674,198,"56644/26362/80752/16000/11820/12266/15251/17390/223593/13164/233781/20354/214290/15902"
"GOBP_REGULATION_OF_CARDIAC_MUSCLE_CONTRACTION",0.525837444819527,0.756181784658111,0.0286350112764332,-0.354533839565279,-0.954563843520889,56,"19735/30955/12314/11938/238871"
"GOBP_REGULATION_OF_UBIQUITIN_DEPENDENT_PROTEIN_CATABOLIC_PROCESS",0.526141078838174,0.756181784658111,0.0184146181537193,0.369395692333817,0.943921331011757,159,"20115/56486/14694/20588/65019/15258/226695/18854/100503670/12795/225896/270627/68077/68135/56207/67673/67025"
"GOBP_RESPONSE_TO_ACETYLCHOLINE",0.526179854425922,0.756181784658111,0.0268486259097474,-0.388051915342021,-0.956595840077699,34,"14676/110355/12569/16795/12929"
"GOBP_ENDONUCLEOLYTIC_CLEAVAGE_OF_TRICISTRONIC_RRNA_TRANSCRIPT_SSU_RRNA_5_8S_RRNA_LSU_RRNA",0.527002204261572,0.756196005813738,0.0227479318765242,0.471438264088523,0.928702703501041,17,"66481/75416/213895"
"GOBP_POST_EMBRYONIC_DEVELOPMENT",0.526856967464702,0.756196005813738,0.0199560681654234,0.390411367211696,0.934050922636395,83,"101476/71602/16004/245944/227331/13435/14790/16332/338467/12018/109900/71371/109901/11920/22589/20397/15312/20363/16542/192195/16452/232146/107503/14367/56717/319817/269209/12028/58250/28146/77446"
"GOBP_REGULATION_OF_ERAD_PATHWAY",0.527198549410698,0.756196005813738,0.0262086528104306,-0.413200746358498,-0.951657284366052,24,"22433/54609/193670/56085/27061/64209/216157"
"GOBP_SECRETION_BY_TISSUE",0.527150916784203,0.756196005813738,0.0220929842897235,0.435786418566255,0.924221861208279,29,"11539/18442/232341/13057/53416"
"GOBP_SENSORY_PERCEPTION_OF_MECHANICAL_STIMULUS",0.526952069406912,0.756196005813738,0.018807507340403,0.373387363416165,0.938267235762685,131,"66218/15211/18438/320790/20720/15451/12289/71175/67671/21926/14360/20719/14775/193385/13367/20909/20655/22388/110695/17869/227399/241062/17196"
"GOBP_PROTEIN_AUTOPROCESSING",0.527438468550593,0.756250719253107,0.022615214154594,0.46083718690959,0.923701169434266,19,"13039/12363/11545"
"GOBP_CARDIAC_CHAMBER_MORPHOGENESIS",0.529924812030075,0.756867904985454,0.0312003598142687,-0.328401489042883,-0.961473935291022,97,"21803/13805/20677/21812/22761/18129/17260/22059/12162/63958/68927/17684/319757/109620/15205/20662"
"GOBP_CARTILAGE_DEVELOPMENT",0.530545454545455,0.756867904985454,0.0349132468253096,-0.30837050316186,-0.965399670488419,160,"17132/21803/17127/269941/21812/13521/17125/18027/13666/230709/26416/11909/373864/17260/74155/21810/231225/242291/12162/17701/18019/17129/20682/21833/18763"
"GOBP_EMBRYONIC_SKELETAL_SYSTEM_MORPHOGENESIS",0.530591259640103,0.756867904985454,0.0282936925560076,-0.35347682845017,-0.945647025241711,54,"17127/21812/17126/12151/15531/12162/192170/13383"
"GOBP_ENTRAINMENT_OF_CIRCADIAN_CLOCK",0.528164196123147,0.756867904985454,0.0262822910752293,-0.409784446177644,-0.952508046621911,25,"53376/50789/66704/19046/19653/22059/382056/19045"
"GOBP_GPI_ANCHOR_METABOLIC_PROCESS",0.530317164179104,0.756867904985454,0.0265963264063149,-0.393099159840715,-0.949133946026964,31,"67556/329777/433931/69048/110417/55981/14731/14755/67292"
"GOBP_INFLAMMATORY_RESPONSE_TO_WOUNDING",0.530598368087035,0.756867904985454,0.0260989923262819,-0.412064631669577,-0.949040658357714,24,"21803/142980/11689/21898/54616"
"GOBP_NEGATIVE_REGULATION_OF_CELL_DIVISION",0.528966709900562,0.756867904985454,0.0253500930689955,-0.456286112570211,-0.952025899450054,15,"56338/116733/19206/72008"
"GOBP_POSITIVE_REGULATION_OF_ACUTE_INFLAMMATORY_RESPONSE",0.529443938012762,0.756867904985454,0.0225548615894722,0.460104335490792,0.922232243462592,19,"12266/14127/12775/16176/21934/15040/11501/21926"
"GOBP_REGULATION_OF_OSTEOCLAST_DIFFERENTIATION",0.52961387434555,0.756867904985454,0.0208558393657093,0.402417139884434,0.918333868036001,54,"12977/17342/22177/20302/21934"
"GOBP_RELEASE_OF_SEQUESTERED_CALCIUM_ION_INTO_CYTOSOL_BY_ENDOPLASMIC_RETICULUM",0.528817691102211,0.756867904985454,0.0218477349088295,0.427397104963623,0.925343328732199,34,"65973/320790/20302/109552/14873/12315/12313"
"GOBP_RNA_LOCALIZATION",0.530332681017613,0.756867904985454,0.0364486780332804,-0.3049264022885,-0.966427287444549,184,"19317/23881/20383/15242/73192/12466/16211/19069/70579/20492/73826/66874/69482/230082/56505/66679/18141/12468/170676/50912/54387/109095/227720/107939/60365/72124/15463/237400/55989/68092/20853/192170/170762/29813/14251/432508/268859/80913/110379/234865/66511/68988/268420/66069/69912/433702/225027"
"GOBP_STRESS_FIBER_ASSEMBLY",0.529681039574719,0.756867904985454,0.0192926879557195,0.380222404251189,0.932827448861411,105,"19219/24136/14744/18186/16765/19877"
"GOBP_TETRAPYRROLE_METABOLIC_PROCESS",0.530555098006918,0.756867904985454,0.0209322963455637,0.405146316048396,0.919785466125549,52,"15368/12257/18174/68066/11983/233016/18023/70118/11655/11656/67739/14297"
"GOBP_VENTRICULAR_CARDIAC_MUSCLE_CELL_DIFFERENTIATION",0.530696065715521,0.756867904985454,0.0252953422674338,-0.455880889382244,-0.95118041465581,15,"17258/11793/17260/20182"
"GOBP_CELLULAR_RESPONSE_TO_UV",0.530907969785725,0.756882111356751,0.019907477236786,0.390889739904945,0.931745007767478,81,"18148/19941/17390/12575/18753/270627/11545/12018/66915/22040/65964/12925/72584/17869/67967"
"GOBP_POSITIVE_REGULATION_OF_DNA_RECOMBINATION",0.531241398293421,0.756929877472786,0.0295056344852086,-0.341783571311518,-0.957687059791139,71,"21803/22376/75698/20852/13831/11461/227867/56505/67245/81601/18861/21761"
"GOBP_RESPONSE_TO_COCAINE",0.531345386240902,0.756929877472786,0.0266798722724349,-0.389598258531714,-0.948025918692306,32,"21817/12912/20512/12846"
"GOBP_CELLULAR_RESPONSE_TO_REACTIVE_OXYGEN_SPECIES",0.533447684391081,0.757403978434653,0.0186991166920631,0.373692299753786,0.935658145509174,125,"28240/14694/101476/18477/17390/18753/11977/27050/16068/14528/67067/12631/21929/14360/11920/56208/22040/56349/54683/20655/19766/269254/20779/14297/12176/12534"
"GOBP_CELL_CYCLE_CHECKPOINT_SIGNALING",0.533405027557467,0.757403978434653,0.017789833156009,0.363471954532762,0.940404885710987,180,"327762/104418/330177/12575/16319/227331/13555/12795/68077/19360/75430/108989/209200/80285/108000/67941/66977/11920/22040/50883/65964/235559/24010/76843/66468/19247/21853/15270/11789/12534/52276/66371/18817/381921/57261/20877/208266/19134/66131/67153/210766/231600/269582"
"GOBP_LENS_FIBER_CELL_DIFFERENTIATION",0.532300191537524,0.757403978434653,0.0217448459447655,0.428051668861058,0.923306638162939,33,"24136/22352"
"GOBP_MIRNA_PROCESSING",0.533139816158684,0.757403978434653,0.0271375675079018,-0.371053049484155,-0.947507770174471,41,"21803/17127/20383/17125/230709/17126/22059/68092/170762/72133/80913/94223/13207/433702/20848/56335/75284"
"GOBP_POSITIVE_REGULATION_OF_ACTIN_FILAMENT_POLYMERIZATION",0.533496932515337,0.757403978434653,0.0273767267763414,-0.3662106505135,-0.944532761262228,44,"105855/17973/14784/19353/22323/11845/18754/207278/67384/66616/13383"
"GOBP_PROSTAGLANDIN_TRANSPORT",0.533431300514328,0.757403978434653,0.0225548615894722,0.468564712481383,0.923041993818596,17,"18438/16176/17319/21934"
"GOBP_PROTEIN_KINASE_A_SIGNALING",0.533296130952381,0.757403978434653,0.0227590567264933,0.478762510470117,0.92910357877893,15,"17929/69068/18826/22350/67326"
"GOBP_REGULATION_OF_MODIFICATION_OF_SYNAPTIC_STRUCTURE",0.532904941280745,0.757403978434653,0.0256415199432076,-0.435541205845881,-0.946218731124006,18,"11350/11852/20430/68942"
"GOBP_VESICLE_MEDIATED_TRANSPORT_TO_THE_PLASMA_MEMBRANE",0.532167832167832,0.757403978434653,0.0340564998948168,-0.3102805799151,-0.965279652734101,149,"67213/235574/12988/266781/68365/78808/19325/65945/102058/83493/11845/78618/68112/77407/75914/99696/216363/53620/170749/53330/15239/106572/16553/57437/227648"
"GOBP_ANIMAL_ORGAN_REGENERATION",0.536180904522613,0.759223834515482,0.0210285447951901,0.409572444128445,0.918192633929143,46,"16004/72043/17711/326622/20054/22228/12018/12894/21926/18826/14456/68778"
"GOBP_CHONDROITIN_SULFATE_PROTEOGLYCAN_BIOSYNTHETIC_PROCESS",0.536554238833181,0.759223834515482,0.0223432461588525,0.457211033338825,0.916432914204419,19,"16000/233781"
"GOBP_EXOCRINE_SYSTEM_DEVELOPMENT",0.5355587808418,0.759223834515482,0.0270588292029202,-0.370400493983515,-0.945841427832895,41,"21817/21803/22433/16002/12162/68151/18844/20682/16337"
"GOBP_EXTRINSIC_APOPTOTIC_SIGNALING_PATHWAY",0.537209607560047,0.759223834515482,0.0173336322937549,0.359900270743831,0.941649653791528,206,"20684/16854/16000/56486/18611/19264/18186/11820/97165/15368/18854/58801/11910/16176/23873/12633/80859/13163/18787/12018/14051/83946/11546/21929/30954/21926/14360/67184/14775/20909/97998/12048/19766/80707/20779/66168"
"GOBP_NEGATIVE_REGULATION_OF_TYPE_II_INTERFERON_PRODUCTION",0.53646017699115,0.759223834515482,0.0218787710677372,0.434701630610734,0.916236636872078,28,"26362/15944/60533"
"GOBP_POSITIVE_REGULATION_OF_CHEMOTAXIS",0.537165082108902,0.759223834515482,0.0187111134073493,0.374307442393837,0.932388743088452,120,"12977/18186/11820/19241/55985/18438/227541/76763/20303/12775/16149/20302/20304/15945/18787/12267/232341/22340/20296/193385/63873/20909/11629/19354/14456/16859/19242/12772/11491/19271/53416/19229"
"GOBP_POSITIVE_REGULATION_OF_GRANULOCYTE_CHEMOTAXIS",0.536007292616226,0.759223834515482,0.0223593952170148,0.457705371656146,0.917423764975095,19,"227541/76763/12775/16149/12267/193385/19354"
"GOBP_REGULATION_OF_LEUKOCYTE_DEGRANULATION",0.536980231765508,0.759223834515482,0.0212725338330706,0.415401927764307,0.91708630028503,41,"14991/14127/14191/16783/14389/16409/16414/378460/15006/12523/20909/20911/14130/19354/16859/12772"
"GOBP_REGULATION_OF_POSTSYNAPTIC_DENSITY_ASSEMBLY",0.535019455252918,0.759223834515482,0.0251595028897064,-0.454427466894904,-0.948147896653023,15,"66610/19280/16798/80749/106042"
"GOBP_RESPONSE_TO_HEAT",0.536366402921485,0.759223834515482,0.0195554737809942,0.384968602725765,0.927543430706241,89,"16000/28240/68196/15368/66656/108989/17164/15945/13163/69068/22627/15519/11920/63873/26400/20655/67669/23950/243912/12955/69253/22791/66361/21825/14164"
"GOBP_SOMITE_DEVELOPMENT",0.535789303603167,0.759223834515482,0.0204851839991793,0.399042742374712,0.916896856691276,57,"24136/225164"
"GOBP_T_CELL_SELECTION",0.537013482574409,0.759223834515482,0.0278939167317266,-0.356763922500002,-0.949881888425701,52,"16194/18021/16195/328572/20963/22761/20852/16364/11793"
"GOBP_POSITIVE_REGULATION_OF_SYNAPTIC_TRANSMISSION",0.538537689152878,0.760813893307571,0.0183990018875178,0.369448333618651,0.931033618651648,136,"11816/11820/11539/14580/94245/20720/22177/16573/20296/21926/12315/18733/20909/12313/110891/19242/12772/19229/245666/19085"
"GOBP_ARGININE_METABOLIC_PROCESS",0.539676708302719,0.76127523625088,0.0223701730888395,0.465867512222909,0.917728684817742,17,"12752/109900/11898/18263"
"GOBP_CELLULAR_RESPONSE_TO_IONIZING_RADIATION",0.539652448657188,0.76127523625088,0.0200315439582317,0.39205982779494,0.916890253181193,68,"19941/226695/12575/66656/71175/72931/15461/19362/21926/11920/13057/22040/56349/224008/50883/65964/12048"
"GOBP_POSITIVE_REGULATION_OF_PROTEIN_POLYUBIQUITINATION",0.539676708302719,0.76127523625088,0.0223701730888395,0.465671430532428,0.91734241664664,17,"56486/66589/64685"
"GOBP_SULFUR_COMPOUND_BIOSYNTHETIC_PROCESS",0.539541252995549,0.76127523625088,0.0333610279666885,-0.31359185461008,-0.961009196692139,137,"50785/269941/23887/14629/20683/68059/60322/232087/106529/108645/54616/117592/71743/14081/73836/15531/27273/56348/58193/50786/21416/13382/228026/12041/26570/83603/68044/68263/54397/67493/14630/23971"
"GOBP_NEGATIVE_REGULATION_OF_CELL_KILLING",0.539961692495212,0.761390678507168,0.0215214910478522,0.423960671937809,0.914482365555873,33,"14964/14991/19264/15018/19294/15040/15006/14990/18733/71740"
"GOBP_CELLULAR_RESPONSE_TO_HYDROGEN_PEROXIDE",0.544929396662388,0.761401726764855,0.0201209380145109,0.393089780199671,0.911157570812785,62,"28240/101476/18753/27050/16068/12631/21929/14360/56208/56349/19766/269254/20779/14297/12176/12534"
"GOBP_CELLULAR_RESPONSE_TO_TOPOLOGICALLY_INCORRECT_PROTEIN",0.543280516431925,0.761401726764855,0.0188155741171268,0.374951723000597,0.923882055271404,110,"19106/216440/14694/70604/70790/11910/23797/71648/15510/64136/13163/12018"
"GOBP_CELL_FATE_SPECIFICATION",0.543644472762026,0.761401726764855,0.0200449115775464,0.392468620141482,0.913886624246852,65,"107932/18186/110147/216848/14232/29808"
"GOBP_D_GLUCOSE_IMPORT",0.544352884149297,0.761401726764855,0.0202426638131779,0.395708508381736,0.909235650652445,57,"18605/16000/18611/237542/26457/384783/21926"
"GOBP_INORGANIC_ANION_TRANSMEMBRANE_TRANSPORT",0.542691308996487,0.761401726764855,0.0194361011621869,0.384234048545037,0.920803747735934,84,"11732/20496/29876/83704/26373/22228/117160/26934/27376/18674"
"GOBP_INSULIN_METABOLIC_PROCESS",0.544084821428571,0.761401726764855,0.0224404611923246,0.474369691891266,0.920578718596104,15,"13033"
"GOBP_LACTATE_METABOLIC_PROCESS",0.541513592946363,0.761401726764855,0.0223163782591721,0.465145715075068,0.916306791404242,17,"15251/16828/18640"
"GOBP_NEGATIVE_REGULATION_OF_DOUBLE_STRAND_BREAK_REPAIR_VIA_HOMOLOGOUS_RECOMBINATION",0.54283786822577,0.761401726764855,0.0255784997481603,-0.411412136602751,-0.941042273402884,23,"11350/75698/81601/94232/12995"
"GOBP_NEGATIVE_REGULATION_OF_OSSIFICATION",0.541180567647571,0.761401726764855,0.0214863304063947,0.423453359458493,0.913388093499834,33,"18605/15251/13601/20302"
"GOBP_NUCLEOLUS_ORGANIZATION",0.545454545454545,0.761401726764855,0.0220719196543151,0.457277471497808,0.910864909390744,18,"20085/93762/116848/64383/320209"
"GOBP_PHOTOPERIODISM",0.542075256556442,0.761401726764855,0.0258396253325069,-0.404812007558639,-0.94095004865465,25,"53376/50789/66704/19046/19653/22059/382056/19045"
"GOBP_POSITIVE_REGULATION_OF_COLD_INDUCED_THERMOGENESIS",0.542294678560443,0.761401726764855,0.0195511904655164,0.386649355131843,0.923296575361552,82,"16592/20250/14683/67092/22228/72674/20586/236266"
"GOBP_POSITIVE_REGULATION_OF_CYTOKINESIS",0.544903962623291,0.761401726764855,0.0212823954018575,0.419415290757499,0.913019089876335,36,"227937/16319/225115/232341/26934/211660/12531/52276/12704/20877/381293/71819/11799/218294"
"GOBP_POSITIVE_REGULATION_OF_DOUBLE_STRAND_BREAK_REPAIR_VIA_HOMOLOGOUS_RECOMBINATION",0.545454545454545,0.761401726764855,0.0267793201296367,-0.367150357235945,-0.941423401227217,42,"22376/13831/11461/227867/56505/67245/81601/21761/67561/77044"
"GOBP_POSITIVE_REGULATION_OF_LEUKOCYTE_CELL_CELL_ADHESION",0.544750096861682,0.761401726764855,0.016893231391461,0.356434239300429,0.941926327381281,233,"12505/54371/14744/16000/14991/16852/19264/15018/54446/20588/12522/26410/16186/60533/68094/12010/22329/26992/12053/12775/27050/16149/11776/20304/16176/15510/80859/15040/13655/11501/16414/11774/66923/20296/20586/21926/14360/243910/18733/67155/11629/320484/16160/20779/12487/19247/58205/16184/16859/57376/12400/17974/12772"
"GOBP_POSITIVE_REGULATION_OF_MUSCLE_CONTRACTION",0.545080091533181,0.761401726764855,0.0258040201047812,-0.397702708974675,-0.939936820817959,27,"19735/26395"
"GOBP_POSITIVE_REGULATION_OF_NEURON_MIGRATION",0.54296875,0.761401726764855,0.0224730382680638,0.475023338140884,0.921847207787496,15,"71175/71653/192176/233064/20358/224617/76089"
"GOBP_POSITIVE_REGULATION_OF_TRANSLATIONAL_INITIATION",0.543172512017091,0.761401726764855,0.0217756218851449,0.439701355690344,0.913704392464166,25,"73158/56726/13164/20304/16589/21926/17872"
"GOBP_PROTEIN_LOCALIZATION_TO_MITOCHONDRION",0.543499928805354,0.761401726764855,0.018363936698651,0.369942616855546,0.928305480142286,129,"12257/100038882/69104/15525/268749/15510/66437/67952/66169/66177/59026/14232/11774/67067/69617/11983/12315/67184/15519/19155/20787/19354/22195/21856/56459/66148/66119/26926/30057/54673/15277/14367/72344/12177/12028/53375/21854/170770"
"GOBP_REGULATION_OF_AXON_EXTENSION_INVOLVED_IN_AXON_GUIDANCE",0.544747081712062,0.761401726764855,0.0248591528194406,-0.450760616666084,-0.940497134793151,15,"243743"
"GOBP_REGULATION_OF_POLYSACCHARIDE_BIOSYNTHETIC_PROCESS",0.544314818039352,0.761401726764855,0.0213963788430301,0.422515626566,0.909857936253292,32,"18605/16000"
"GOBP_REGULATION_OF_PRESYNAPTIC_MEMBRANE_POTENTIAL",0.541989807223576,0.761401726764855,0.0253569537599162,-0.43329042721118,-0.941328886316714,18,"54393/16524/14400/170483/16490/14806"
"GOBP_REGULATION_OF_REACTIVE_OXYGEN_SPECIES_METABOLIC_PROCESS",0.545011467889908,0.761401726764855,0.0184224336360575,0.371564951868976,0.92866132140633,123,"56644/11820/12257/12575/18753/22177/12633/16409/14528/16414/67067/21926/14360/13057/64383/16365/20655/19766/19354/236900/12955/22333/21825/13197/18711/12850/67880/15277/28200/14235/230738"
"GOBP_RENAL_SYSTEM_PROCESS",0.543213633597079,0.761401726764855,0.0193641858152283,0.383291900606255,0.923503584274114,89,"11539/71602/72043/14683/12752/16531/13057/57738/20393/14456/227753/219181/22139/11677/12490/53416/224792/246198"
"GOBP_RESPONSE_TO_WOUNDING",0.544267552399496,0.761401726764855,0.0151630511531233,0.343765077289108,0.958437454088721,488,"56644/11816/26362/20750/12505/11747/74012/16000/20496/12306/56193/75608/13518/18186/14268/17886/14824/16402/104418/12527/15368/14127/15251/94245/12257/18438/17390/12575/18753/18173/72043/20778/14683/20720/231532/22177/18793/68953/15442/17938/80859/227333/18787/11774/16419/27973/21894/15461/21929/22340/21926/18810/27027/14775/27419/26400/11465/338366/59048/192176/20655/18590/57875/208092/20779/67391/18826/545486/13007"
"GOBP_VACUOLAR_TRANSPORT",0.544164255201874,0.761401726764855,0.0178606421248588,0.363857230243495,0.931542593884697,161,"19156/75608/432486/74772/14824/320528/67023/16004/15944/66868/218035/226421/77573/245944/16783/67095/11776/17101/68953/16971/209200/20660/231580/16889/12752/11774/53612/56208/70827/73205/233979/16784/208092/67739/66530/73711/27426/19349/11777"
"GOBP_VENTRICULAR_SEPTUM_MORPHOGENESIS",0.542953667953668,0.761401726764855,0.0267793201296367,-0.370076657079524,-0.940148673385673,40,"20677/21812/22761/17684/15205/229700/11477"
"GOBP_FC_EPSILON_RECEPTOR_SIGNALING_PATHWAY",0.546120393682765,0.761944941824927,0.0257756081682744,-0.40038409660349,-0.938758015043181,26,"20963/17096/22034/12229/234779/20662/18803/18761/26398"
"GOBP_GOLGI_TO_VACUOLE_TRANSPORT",0.546399270738377,0.761944941824927,0.0220561449257195,0.453444430167665,0.90888314206618,19,"245944/16783/11776/231580/12752/53612"
"GOBP_MITOTIC_DNA_REPLICATION",0.546656869948567,0.761944941824927,0.0221669971795049,0.463153213381391,0.912381692720906,17,"12053/21877/16881/17216/17219/69270"
"GOBP_POSITIVE_REGULATION_OF_BEHAVIOR",0.546476437527021,0.761944941824927,0.0248065053712848,-0.450214874493066,-0.939358461778958,15,"17260/14894/65114/58991/15182"
"GOBP_REGULATION_OF_CELL_SUBSTRATE_JUNCTION_ORGANIZATION",0.54708276797829,0.761971837377418,0.0287150604792945,-0.342795598486974,-0.947096589066952,66,"19211/11350/17127/110829/76499/244895/18708/13144/19353/11845/50768/108911"
"GOBP_REGULATION_OF_HEART_RATE",0.546965657832837,0.761971837377418,0.0197150149448115,0.389108386806075,0.913877912950811,70,"16518/12289/109552/14528/22627/21926/12315/100986/20787/12313/20779/20266"
"GOBP_ESTABLISHMENT_OF_PROTEIN_LOCALIZATION_TO_ORGANELLE",0.547375596455351,0.762096484217926,0.0488413695513331,-0.285290042943991,-0.975024058763135,414,"21803/56338/76687/17127/29810/72265/192193/22433/433693/19325/270096/16792/55946/72543/108705/54396/12466/328572/20661/20963/66105/16211/238799/27057/11651/12402/15568/19069/12122/75669/20844/18708/19055/76582/26416/66810/20818/56535/66624/11909/67123/16648/101185/69482/13557/18141/19298/330192/71735/17155/116733/53421/16646/67437/69821/227720/69773/107939/16154/15163/75788/51897/70361/18015/27061/102334/22059/56044/13198/69276/15482/66725/16480/64209/26356/15275/23897/19302/170762/15239/67384/319757/72993/15502/18760/18412/19164/100504663/22378/24069/67398/228607/77938/67105/110379/234865/11632/67122/23988/229593/226407/17714/22218/73078"
"GOBP_NEGATIVE_REGULATION_OF_RHO_PROTEIN_SIGNAL_TRANSDUCTION",0.547974797479748,0.762563783156896,0.0218116252697408,0.444978441310483,0.913058412985521,23,"16765/12053/193385/226652"
"GOBP_SULFUR_COMPOUND_CATABOLIC_PROCESS",0.548118151500715,0.762563783156896,0.0263935568914387,-0.377416067276058,-0.943203594785972,37,"15212/27029/23887/56451/52120"
"GOBP_PLATELET_DENSE_GRANULE_ORGANIZATION",0.548514851485149,0.762832528150774,0.0217961822729909,0.444528218638208,0.912134593850763,23,"94245/11303/11776/11774/14533/11777"
"GOBP_ENDODERM_DEVELOPMENT",0.54951724137931,0.763659851942772,0.0289309481977095,-0.34046510598986,-0.950354293846099,70,"21803/433759/16410/17127/26395/14784/17126/72475/214498/16777"
"GOBP_ENTRAINMENT_OF_CIRCADIAN_CLOCK_BY_PHOTOPERIOD",0.549364831736127,0.763659851942772,0.0252272384156983,-0.411429906765177,-0.934270648382409,22,"53376/50789/66704/19046/19653/22059/382056/19045"
"GOBP_BICARBONATE_TRANSPORT",0.551197263397948,0.763812291799456,0.0255575630146592,-0.402244194975109,-0.934981393253394,25,"13521/218756/227059/277468/208890/230582"
"GOBP_GLAND_DEVELOPMENT",0.549842347804996,0.763812291799456,0.0158424157898368,0.347703700698061,0.946143661610189,338,"12977/246728/22436/16000/19156/18186/20588/17158/15258/16004/18854/15251/12257/17390/72043/20720/15451/11991/76178/20602/12633/326622/21934/14104/17709/16889/20054/22228/384783/15902/17698/12894/21929/71371/21926/109901/12442/11920/17977/14775/27419/12333/12925/68585/20655/18590/22215/20779/545486/22282"
"GOBP_KINETOCHORE_ASSEMBLY",0.551249081557678,0.763812291799456,0.0220351435205345,0.461428065781368,0.908983264205187,17,"12615/108000/229841/20892/26886"
"GOBP_LIPID_DROPLET_FORMATION",0.551153273809524,0.763812291799456,0.0222361262287478,0.471237395254438,0.914500072187018,15,"672511/76763"
"GOBP_MITOTIC_RECOMBINATION",0.551313920454545,0.763812291799456,0.0215013868754499,0.432082079627872,0.905621739025955,27,"21745/19360/67241/226026/68501/17686"
"GOBP_NEGATIVE_REGULATION_OF_T_CELL_RECEPTOR_SIGNALING_PATHWAY",0.550997280145059,0.763812291799456,0.0254603168990322,-0.406252637162825,-0.935654847809716,24,"26365/12988/16792/73338/17973"
"GOBP_ORGANELLE_TRANSPORT_ALONG_MICROTUBULE",0.550799695354151,0.763812291799456,0.0191716701212118,0.381436332047016,0.916010087348235,86,"68196/15251/94245/16562/16783/72368/67095/11776/75620/16561/16573/12752/11774/70827/14533/54160/71435/11777/72416/15194/74143/319565/20869/16558/11775"
"GOBP_STEROID_BIOSYNTHETIC_PROCESS",0.551461062329063,0.763812291799456,0.0183095861738021,0.370475336906362,0.922778450309224,119,"11816/11307/11928/12642/109754/12257/67815/73212/16889/20280/21926/68603/20787/218461"
"GOBP_TRABECULA_FORMATION",0.550191291674258,0.763812291799456,0.0219358759330868,0.455440837092092,0.907206461433387,18,"17390/11504"
"GOBP_OOCYTE_DIFFERENTIATION",0.551878206188979,0.763825523189178,0.0203976893480979,0.402248865978892,0.907410273708129,48,"16000/223593/110147/13164/214290/11920/64383/15078/12531/12387/100121"
"GOBP_RESPONSE_TO_STARVATION",0.551769852843696,0.763825523189178,0.0170886583987616,0.358725719326644,0.934392240543201,195,"19106/11520/56486/73158/226695/218035/12575/67041/58801/110147/15382/66905/11910/69029/74137/21934/22228/277854"
"GOBP_CELL_DIFFERENTIATION_IN_SPINAL_CORD",0.552849264705882,0.764887059474953,0.0256345020849711,-0.395053872085028,-0.938504162283505,28,"26889/16911/21349/240880"
"GOBP_CENTROSOME_SEPARATION",0.553199404761905,0.765089066069232,0.0221776070572722,0.470077204503476,0.91224856469591,15,"19385/16551/216846/18005/209737"
"GOBP_MITOTIC_INTRA_S_DNA_DAMAGE_CHECKPOINT_SIGNALING",0.553532250987275,0.765090862485607,0.0248393839799471,-0.435970638051189,-0.936097903570228,17,"193838/11909"
"GOBP_REGULATION_OF_CELL_DIVISION",0.553608969866853,0.765090862485607,0.0333108482377352,-0.30696694391637,-0.956802016830723,151,"242521/21803/12314/56338/101206/23991/75669/17979/21349/12540/18591/16002/11845/18754/21802/116733/68112/71785/216963/102774/27377/50850/16553/16413/242785/77889"
"GOBP_PROTEIN_K63_LINKED_DEUBIQUITINATION",0.554056453044559,0.76542704976447,0.0214212990858571,0.434081822766766,0.906686982500791,26,"30940/68077/108037/21929/22284/84092/54644/74256/59029/74270/170822/210766"
"GOBP_NEURON_INTRINSIC_APOPTOTIC_SIGNALING_PATHWAY_IN_RESPONSE_TO_OXIDATIVE_STRESS",0.554910147032129,0.766323961339875,0.0217448459447655,0.445603787946416,0.898789391712934,20,"15251/17390/13163/11545"
"GOBP_NUCLEAR_MEMBRANE_REASSEMBLY",0.555277280858676,0.766548526209325,0.021506409820865,0.438849823832834,0.906652804642064,24,"75608/68953/64383/208092/23825/66371/71782/22196"
"GOBP_INCLUSION_BODY_ASSEMBLY",0.556637168141593,0.767355794469161,0.0213021424335557,0.4266765559813,0.899321891512624,28,"11816/20660/15519/68729"
"GOBP_INTERLEUKIN_8_PRODUCTION",0.55608214849921,0.767355794469161,0.0195769127676632,0.387238960088883,0.905615936614712,68,"56644/11746/24088/19264/230073/16149/16176/18787/21926/21897"
"GOBP_MORPHOGENESIS_OF_A_BRANCHING_STRUCTURE",0.556681004578882,0.767355794469161,0.0176273666675132,0.36270699942476,0.925545918881089,157,"12977/64138/16000/18186/18854/29876/13036/114249"
"GOBP_POSITIVE_REGULATION_OF_GTPASE_ACTIVITY",0.556584659913169,0.767355794469161,0.0295721176973961,-0.329419616979062,-0.947269977875527,85,"21817/217692/98910/170625/14020/110829/217463/228850/107746/192786/14270/210293"
"GOBP_REGULATION_OF_GROWTH",0.556993928285027,0.767504868828044,0.0148326191037422,0.341606775635477,0.952356625142099,487,"12977/11816/20750/18605/16000/69550/76438/53378/18186/14268/14824/14694/11820/18148/66102/18854/15251/320790/12575/245944/217124/12053/14683/20720/15451/75296/52822/209743/71175/17938/70834/208643/55960/20354/72075/72674/20403/17748/12631/12537/71653/11546/19063/20586/16885/12442/54214/13057/18712/56349/13806/17387/12580/20397/68585/67155/20655/12048/83409/15078"
"GOBP_REGULATION_OF_MITOCHONDRIAL_GENE_EXPRESSION",0.557407842216483,0.767792941061146,0.0258610368354664,-0.378744272168838,-0.933651351496713,34,"52575/67773/13205/76719/59016/83485/75619/227682/70207/234384/67851/76781/52469/66399/106338/226976/75593"
"GOBP_HEART_TRABECULA_MORPHOGENESIS",0.557894736842105,0.768181290846514,0.0254119747951087,-0.39314554880891,-0.929166356997859,27,"13805/21812/13609/12162/63958/20662"
"GOBP_ANGIOGENESIS_INVOLVED_IN_WOUND_HEALING",0.55858407079646,0.768565747924058,0.0212479146540566,0.425742868837139,0.897353924731238,28,"20496/15442/18787/21929/22340/21926/14775"
"GOBP_NEGATIVE_REGULATION_OF_MICROTUBULE_POLYMERIZATION_OR_DEPOLYMERIZATION",0.558463796477495,0.768565747924058,0.0265283764302759,-0.363402861111547,-0.932846903035987,43,"13548/76499/68041/23991/14228"
"GOBP_REGULATION_OF_VACUOLE_ORGANIZATION",0.559511158342189,0.769558833565697,0.0279358648541436,-0.343601788487014,-0.937148848879883,61,"18718/64143/170625/54396/237782/108083/54609/271457/20333/225020/78246"
"GOBP_MITOPHAGY",0.559993947647148,0.769657981584712,0.0188236461509292,0.377267361687139,0.911269338651417,91,"56486/320528/15944/12257/71648/66169/59026/14232/11983/56208/11739/20787/76561/14466/12176/15194/22333/67443/66536/15277/14367/12539/72344/12177/11740"
"GOBP_REGULATION_OF_ENDOCYTIC_RECYCLING",0.559811218006898,0.769657981584712,0.0216073044203921,0.443260770548883,0.894063491174236,20,"20660/17846/13660/54645/259300/19326/101490"
"GOBP_LUNG_CELL_DIFFERENTIATION",0.563260119803957,0.769912082066095,0.0215114348302808,0.442047927755591,0.891617169428522,20,"16000"
"GOBP_MUSCLE_CELL_MIGRATION",0.56258751050126,0.769912082066095,0.0287776612361341,-0.333851579146612,-0.941843566092123,75,"214968/16416/22433/18479/21898/238130/67220/18591/211770/12928/17260/18015/71785/13198/23789/54608/18844/319757/16413"
"GOBP_ORGANELLE_INHERITANCE",0.56266261925412,0.769912082066095,0.0243741059520556,-0.437155523806684,-0.927377150600884,16,"26395/22631/22367/26413/70675/59041/56389"
"GOBP_POSITIVE_REGULATION_OF_CELL_MIGRATION_INVOLVED_IN_SPROUTING_ANGIOGENESIS",0.562534035215103,0.769912082066095,0.0215315555416594,0.441472694553045,0.894340544585226,21,"18186/15368/23797"
"GOBP_POSITIVE_REGULATION_OF_HEART_RATE",0.562012142237641,0.769912082066095,0.0243931490287998,-0.437373999390532,-0.927840622416728,16,"11938/238871/11554/13614/68667"
"GOBP_POSITIVE_REGULATION_OF_PROTEIN_CATABOLIC_PROCESS",0.562375975658156,0.769912082066095,0.01677944501614,0.356221590540068,0.928479511740726,199,"11816/18245/56486/14694/11502/11820/230598/12795/270627/68077/16971/16176/20660/67673/11501/17698/21929/21926/67184/15519/214854/64383/224703/56312/72584/76843/11305/207304/14466/50868/71816/19349/11789/21944/18817/22041/22350/77128/83814/12759/68795/71999/15925/66889/18550"
"GOBP_RAS_PROTEIN_SIGNAL_TRANSDUCTION",0.561390532544379,0.769912082066095,0.0184498265226206,0.372031913333306,0.911438226754821,103,"12977/16000/53378/12575/54153"
"GOBP_REGULATION_OF_ACUTE_INFLAMMATORY_RESPONSE",0.561337008959338,0.769912082066095,0.0207562095731591,0.41266845514935,0.901854636325413,37,"11539/12266/14127/12775/16176/21934/15040/11501/21926"
"GOBP_REGULATION_OF_ANOIKIS",0.562196219621962,0.769912082066095,0.0214113248933093,0.437914474683775,0.89856374637073,23,"16402/50883/12048/20779/14797"
"GOBP_REGULATION_OF_CELLULAR_SENESCENCE",0.563016703222541,0.769912082066095,0.0203885156611655,0.404683693476033,0.900979423247296,44,"14991/15018/12010/12053/23797/17319/22608/338467"
"GOBP_REGULATION_OF_COMPLEMENT_ACTIVATION",0.562944069958098,0.769912082066095,0.0215769485455648,0.449792446050151,0.895955259449242,18,"12266/11801/16176"
"GOBP_REGULATION_OF_ENDOTHELIAL_CELL_MIGRATION",0.560781577110956,0.769912082066095,0.0176053733258637,0.362388550683645,0.922086512043284,152,"11816/20684/18186/14824/14751/19241/55985/15368/15251/18438/20778/18187/70097/12215/23797/20401/11947"
"GOBP_REGULATION_OF_GLIAL_CELL_MIGRATION",0.563172288058341,0.769912082066095,0.0215820026286739,0.446469704412242,0.894903015201914,19,"12977/18438/20302"
"GOBP_REGULATION_OF_LAMELLIPODIUM_ORGANIZATION",0.560823350767673,0.769912082066095,0.0204482678859152,0.405320440232456,0.902397063084544,44,"12505/23790/74117/54126/18606/12631/15519/20779/19354"
"GOBP_VITAMIN_TRANSPORT",0.562253134123304,0.769912082066095,0.0206808421906048,0.411182481753175,0.900439362614715,38,"227659/20778/26457/14276/67283"
"GOBP_TRNA_DECAY",0.563672800145746,0.770195280694953,0.0215567530735433,0.44939209412511,0.895157786267954,18,"276950/237886/319885/107702/192119"
"GOBP_CELLULAR_RESPONSE_TO_STEROID_HORMONE_STIMULUS",0.564501004688547,0.770850965324033,0.0169070922494791,0.356938088695982,0.925555324081695,185,"232975/16000/11928/20185/20183/245944/70790/270627/20602/12633/224902/13163/11545/20586/20592/17977/19384/18626/16365/22215/84092/20393/20779/19777/22195"
"GOBP_DETECTION_OF_TEMPERATURE_STIMULUS",0.56456400742115,0.770850965324033,0.0218167772698277,0.463946145904697,0.906103251678802,16,"11539/17035"
"GOBP_PHOSPHATIDYLINOSITOL_DEPHOSPHORYLATION",0.565257352941177,0.771127739586018,0.0252612440670251,-0.39096381846709,-0.928787684062096,28,"19211/72519/83493/16331/170749/219024"
"GOBP_PROTEIN_LOCALIZATION_TO_VACUOLE",0.565351894818252,0.771127739586018,0.0190107710067738,0.381306713490606,0.906441222898396,79,"432486/74772/320528/15944/66868/218035/245944/11776/20660/11774/21929/56208/68585/16784/54170/73711/27426/19349/209018/56700/68576/12759/70297/98402/66889/54673/12492/27681/260302/66508/17113"
"GOBP_VENTRICULAR_SYSTEM_DEVELOPMENT",0.565383945672993,0.771127739586018,0.0208082953695662,0.415375783074132,0.894482781214694,32,"23790/67628/56207/108000/14790/72338/76457/226162/12571/77579"
"GOBP_GANGLIOSIDE_METABOLIC_PROCESS",0.565595597372626,0.771135794453474,0.0211012316255368,0.429377353188913,0.896860537111711,26,"14421/12091/15211/241230/14667/27419/18010/76524/11305/20442"
"GOBP_NEGATIVE_REGULATION_OF_ADAPTIVE_IMMUNE_RESPONSE",0.566040763922324,0.771462102974862,0.0195469086414498,0.388940608417384,0.899877214879827,60,"14991/16852/19264/15018/60533/18566/12053/12515/15006/18733/14130/16859/16453/230979/17082/16950/235587/319817/230738/26417"
"GOBP_MOTOR_NEURON_AXON_GUIDANCE",0.566526455612132,0.771843386272,0.0246045711829513,-0.420286349771595,-0.925021069913814,19,"243743/16911/19353"
"GOBP_POSITIVE_REGULATION_OF_GENE_EXPRESSION_EPIGENETIC",0.566943435391801,0.772130812444938,0.0272885165856835,-0.3457512373541,-0.927206218317095,55,"56275/328572/67674/52463/230709/93760/11909/67773/23808/30941/18676/17283/22059/217127/209011/11811/213464/22378/11792/21665/99982"
"GOBP_RNA_5_END_PROCESSING",0.567195037904893,0.77219288124502,0.0205966052597535,0.410792774840168,0.897755483695761,37,"74157/69878/20823/20643/75416/68011/20641/116940/107686/15108"
"GOBP_LYMPHOID_PROGENITOR_CELL_DIFFERENTIATION",0.567416982393581,0.772214542487706,0.0246888551336636,-0.405377901653477,-0.920527819660557,22,"20677/268564/15205/20662/319583/20375/18128/68219/19090"
"GOBP_ADENYLATE_CYCLASE_MODULATING_G_PROTEIN_COUPLED_RECEPTOR_SIGNALING_PATHWAY",0.568287991206375,0.772433795927112,0.0171804160146474,0.357957002366261,0.917850521904843,163,"19219/14744/19156/14694/11820/11539/51801/11513/104111/14683/11303/17329/12289/15945/50778"
"GOBP_MEMBRANE_INVAGINATION",0.568683458841859,0.772433795927112,0.0272486205517551,-0.345596335052956,-0.930500079482936,56,"105855/75415/170625/217303/140580/330662/12540/19353/234779/75788/12725/105722/68166/15239/106572/66616"
"GOBP_MICROTUBULE_ORGANIZING_CENTER_LOCALIZATION",0.569388821173603,0.772433795927112,0.0206996405444173,0.41403521822706,0.891595968305349,32,"19386/18080/16573/100986/77048/22350/319565/218977/55978/12316/76123"
"GOBP_MUSCLE_CONTRACTION",0.56837661506972,0.772433795927112,0.0161364959511297,0.351106923494304,0.93238913290671,246,"52690/326618/16518/65973/11928/11539/67972/14387/68196/19877/114249/18438/245944/72043/12289/109552/17904/11787/14790/14873/16531/102857/22340/21926/12315/15519/11674/100986/13806/63873/192176/20655/233979/12313/15559"
"GOBP_NUCLEAR_EXPORT",0.569432918395574,0.772433795927112,0.0172478891488041,0.358733152128672,0.916675211603001,159,"56417/20684/18148/15382/19386/67628/66244/108989/16176/20422/326622/103677/20054/22627/16589/100019/232341/20823/74204/19384/331401/13211/15526/231386/19247/14456/72826"
"GOBP_REGULATION_OF_DENDRITE_EXTENSION",0.569431838809221,0.772433795927112,0.0213417324336379,0.439542597435747,0.88656388133914,20,"70834/20403/83814/382018"
"GOBP_REGULATION_OF_INTRACELLULAR_STEROID_HORMONE_RECEPTOR_SIGNALING_PATHWAY",0.568660022148394,0.772433795927112,0.0283803619158179,-0.335018647206225,-0.93990902492608,72,"433759/16969/18479/72068/328572/19060/94186/58184/56736/381022/77889/15468/22378/21416/99982/13207/12952/66663/13132/16798/228545/108655/67490/11848/71732/320795/234594"
"GOBP_REGULATION_OF_SMOOTHENED_SIGNALING_PATHWAY",0.568657400336032,0.772433795927112,0.0187351417089681,0.37685181223723,0.903112471065787,84,"18605/14694/20720/70790/56207"
"GOBP_REGULATION_OF_VASCULAR_ENDOTHELIAL_GROWTH_FACTOR_RECEPTOR_SIGNALING_PATHWAY",0.569068541300527,0.772433795927112,0.0208510766396599,0.417690481087539,0.89032050132735,30,"18186/16402/18751/15251/16176/22340"
"GOBP_CENTRAL_NERVOUS_SYSTEM_NEURON_AXONOGENESIS",0.570555032925682,0.772485331134037,0.0254949612941024,-0.373587998157876,-0.925539361134747,35,"18750/243743/19211/56386/72320/13845"
"GOBP_FOREBRAIN_NEURON_DEVELOPMENT",0.571053552677634,0.772485331134037,0.0207326073410746,0.413918626764969,0.887401570357393,31,"18186/11977/18187/22272"
"GOBP_INDOLE_CONTAINING_COMPOUND_METABOLIC_PROCESS",0.570720058780309,0.772485331134037,0.0214913471698942,0.451247168884482,0.888927559795015,17,"11977/11669/70789/71816"
"GOBP_MITOTIC_SISTER_CHROMATID_COHESION",0.570003500175009,0.772485331134037,0.0207609354900429,0.414405933784183,0.888446309555233,31,"72117/71175/67849/24061/22589/19645/226026/226151/100710/68501/13006"
"GOBP_NEGATIVE_REGULATION_OF_CELL_GROWTH",0.570302603800141,0.772485331134037,0.0174814616973442,0.36168867154314,0.914463064917932,142,"20750/18605/69550/18186/14694/18854/12575/217124/12053/20720/209743/70834/72674/12631/19063/20586/13806/12580/68585/67155"
"GOBP_POSITIVE_REGULATION_OF_RAC_PROTEIN_SIGNAL_TRANSDUCTION",0.571119757890186,0.772485331134037,0.0240795170552961,-0.440935876657585,-0.919998139347582,15,"30955/12928/12929"
"GOBP_REGULATION_OF_KERATINOCYTE_PROLIFERATION",0.570033349213911,0.772485331134037,0.0257260409444,-0.370062691013386,-0.924826711748578,37,"12361/18129/54616"
"GOBP_SPERM_EGG_RECOGNITION",0.570265486725664,0.772485331134037,0.0209275037533457,0.421826735093385,0.889099745408566,28,"12527/21454/14276/12461/11674"
"GOBP_PRESYNAPTIC_MODULATION_OF_CHEMICAL_SYNAPTIC_TRANSMISSION",0.571395881006865,0.772580000726454,0.0250117630398711,-0.389496966352218,-0.920543239987475,27,"11542/22629/56637/68404/216963"
"GOBP_BLOOD_VESSEL_ENDOTHELIAL_CELL_PROLIFERATION_INVOLVED_IN_SPROUTING_ANGIOGENESIS",0.571791613722999,0.772622659666383,0.0212774636232108,0.438458467799048,0.884377175922659,20,"15368/16160/21825/14173"
"GOBP_REGULATION_OF_MICROTUBULE_NUCLEATION",0.571839716626079,0.772622659666383,0.0244504540047781,-0.418309084610385,-0.92066924660116,19,"17257/18479/15511/193740"
"GOBP_ALCOHOL_METABOLIC_PROCESS",0.576002016637257,0.772920436037409,0.0157278457426283,0.347713810832254,0.929833738100623,270,"11816/16000/67963/56193/11307/12642/20652/109754/21991/20778/11303/67815/11669/73212/58810/16889/14718/104015/11812/76483/14528/56209/20280/68603/110391/66190/18023/71207/20787/170718/13480/76524/11305/14466/11677/227399/110524/217837/18106/11363/64291/104725/67078/171504/20322/14149/14164/320404"
"GOBP_CELLULAR_RESPONSE_TO_UNFOLDED_PROTEIN",0.572952667167543,0.772920436037409,0.0183795090452486,0.371765385072512,0.901438106549035,95,"19106/216440/14694/11910/23797/71648/15510/13163/12018"
"GOBP_CELLULAR_SENESCENCE",0.575393848462115,0.772920436037409,0.0182941008596753,0.371458974994631,0.900944264140459,96,"14991/15018/18148/18854/12010/12575/18753/12053/23797/17319/22608/67241/338467/15902/15461/11920/26400"
"GOBP_FATTY_ACID_TRANSMEMBRANE_TRANSPORT",0.575227121648571,0.772920436037409,0.024367764741698,-0.423241178306225,-0.919496767059181,18,"19299/11651/11666/14081"
"GOBP_MEMBRANE_DOCKING",0.575530777455323,0.772920436037409,0.0185560533672677,0.37437859290528,0.89825287367661,85,"56193/19877/22329/75909/12752/20336/53612/17698/74732/53331/54198/20909/55943/12313/228960/20911/217893/19349/77048/229709/22350/382018/15894/19165"
"GOBP_MHC_CLASS_II_BIOSYNTHETIC_PROCESS",0.573277753400614,0.772920436037409,0.0242604567010187,-0.428799404762648,-0.920700131652781,17,"22433/12569/21898"
"GOBP_MITOTIC_METAPHASE_CHROMOSOME_ALIGNMENT",0.576222890612633,0.772920436037409,0.0190724074332127,0.381098412504289,0.889680229589483,66,"75608/16319/68953/67849/229841/73804/66977/56208/208092/66468/12534/52276/66371/74107/20877/66302/381293/268697/67052/52023/100502766/51810/11799"
"GOBP_NEGATIVE_REGULATION_OF_FIBROBLAST_GROWTH_FACTOR_RECEPTOR_SIGNALING_PATHWAY",0.57514880952381,0.772920436037409,0.0215668466408855,0.460572299042313,0.893803006644068,15,"72043/21825/26427/14173"
"GOBP_NEGATIVE_REGULATION_OF_GLIAL_CELL_PROLIFERATION",0.574146130566364,0.772920436037409,0.0239931033990351,-0.439837759532228,-0.917706954244268,15,"76893/269951/20481/18015/22059/15205"
"GOBP_NEGATIVE_REGULATION_OF_PROTEIN_POLYMERIZATION",0.575513428120063,0.772920436037409,0.0190600555213734,0.381847280056603,0.893006690475742,68,"16765/28006/19241/20740/18753/54126/12332/12631/225115/20742/12343/22153/227753/12345/108903/235041/19230/110253/245857"
"GOBP_NERVE_DEVELOPMENT",0.576390773405699,0.772920436037409,0.0277854840418346,-0.337028316070924,-0.931162389419887,66,"58198/243743/212937/269473/16795/67453/16658/230857/20512/16202/18844/17684/78286"
"GOBP_POSITIVE_REGULATION_OF_CELL_GROWTH",0.573044830999859,0.772920436037409,0.0174814616973442,0.36215023153947,0.912641930911399,136,"16000/53378/18186/14268/66102/15451/75296/52822/208643/20354/20403/12631/71653/11546/16885/54214/13057/17387"
"GOBP_POSITIVE_REGULATION_OF_FILOPODIUM_ASSEMBLY",0.57570262919311,0.772920436037409,0.0247279486144733,-0.398749469651236,-0.918374036772586,24,"14086/21812/18708/73178/12540/228880/56044"
"GOBP_REGULATED_EXOCYTOSIS",0.572401816724552,0.772920436037409,0.0166632502544052,0.355257586165959,0.922833544419157,190,"380732/14991/56193/17886/18751/20972/20318/14127/94245/14191/18717/16783/171580/20302/14389/104015/16409/16414/56743/378460/20619/15006/246256/74732/12523/12315"
"GOBP_REGULATION_OF_CELL_FATE_COMMITMENT",0.575826086956522,0.772920436037409,0.0205083132452928,0.408863962371223,0.887207539964609,35,"107932/16852/12515/216848/16160/16453/116871/74143/66042/57261/16950"
"GOBP_REGULATION_OF_EXCITATORY_SYNAPSE_ASSEMBLY",0.575160504759796,0.772920436037409,0.024355092025074,-0.416750928366113,-0.917239852910518,19,"66610/19280/16798/80749/106042"
"GOBP_REGULATION_OF_MAST_CELL_DEGRANULATION",0.57570262919311,0.772920436037409,0.0247279486144733,-0.398726682492639,-0.918321554859957,24,"20910/20963/217303/28040/17096"
"GOBP_REGULATION_OF_MONOCYTE_CHEMOTAXIS",0.574458380843786,0.772920436037409,0.0248657493990065,-0.39540766525724,-0.919090478827575,25,"13051/17096/19141/105722/12913/14289"
"GOBP_REGULATION_OF_RECEPTOR_MEDIATED_ENDOCYTOSIS",0.574313288789904,0.772920436037409,0.0181670746675022,0.369984495213419,0.905374294645233,102,"12306/53378/11820/12266/12512/94245/16976/12010/12775/54189/11813/227333/11812/18787/19063/20239/68420/80838/11773/11305"
"GOBP_REGULATION_OF_T_HELPER_1_TYPE_IMMUNE_RESPONSE",0.573345259391771,0.772920436037409,0.0210092343989005,0.430907179693,0.890243499694054,24,"18173/16176/16160/16859/12772/16453/16177/17082/15284"
"GOBP_RESPONSE_TO_LEPTIN",0.574340793263904,0.772920436037409,0.0243931490287998,-0.42353967173605,-0.920145247778404,18,"12443/22234/102774/20848"
"GOBP_MODIFIED_AMINO_ACID_METABOLIC_PROCESS",0.576814856499719,0.772977689013721,0.0173085641536971,0.359569604815293,0.909033715983054,141,"13030/54381/17769/192166/15451/67092/237542/14873/14528/66071/108037/12894/102857/14775/14862/14590/18023"
"GOBP_REGULATION_OF_TRIGLYCERIDE_BIOSYNTHETIC_PROCESS",0.576845943482224,0.772977689013721,0.0212086267900758,0.440398687988325,0.882734281580321,19,"12266/20778/26457/20787/67181"
"GOBP_CALCIUM_ION_TRANSMEMBRANE_IMPORT_INTO_CYTOSOL",0.577149257910949,0.773107726465417,0.0172300984198488,0.358337380651213,0.909954860519746,149,"19264/65973/28240/12286/18854/18438/320790/12775/17329/12289/20302/170756/109552/15945/14873/12018/18796/12315/14360/13057/63873/13367/192176/233979/12313/15559"
"GOBP_CELL_SUBSTRATE_JUNCTION_ORGANIZATION",0.577395209580838,0.773160859417285,0.0182092733606427,0.37014425191132,0.900605667448574,98,"23790/13518/18186/14268/16402/21961/19877/54126/21894/12631/18810/17387/11465/226519/26921/83409/64930/20779/20874/19271/381921/232227/16542/212307/21825/72349"
"GOBP_NEGATIVE_REGULATION_OF_DNA_METABOLIC_PROCESS",0.577701248385708,0.773294385339155,0.0175761082794838,0.363330914463563,0.907134448267937,122,"18854/12575/15382/12053/237886/27050/19360/70640/50755/103677/11545/56702/14958/11920/80838/117599/20779/69535/67956/107970/21853/227737/52864/18817/22791/74355/14957/57441/235587/12261/66131/50709/98956/17686"
"GOBP_RESPONSE_TO_AXON_INJURY",0.577955723033443,0.773358818253961,0.0189046572564832,0.380247583406695,0.893384151072908,71,"20750/14824/12257/18438/17390/22177"
"GOBP_FEEDING_BEHAVIOR",0.578206806282722,0.773418668789309,0.0195169775413431,0.389120300315747,0.88798988686941,54,"227331/14660/12894/14360/70093/50769/68795"
"GOBP_POSITIVE_REGULATION_OF_SYNAPTIC_TRANSMISSION_GLUTAMATERGIC",0.578533094812165,0.773579036516587,0.0208701386835742,0.428779446054389,0.885847654996819,24,"94245/20296/12772/19229/245666"
"GOBP_CYTOKINESIS",0.578976109215017,0.773895312887976,0.0168138197837278,0.35479502995473,0.912384356595073,171,"75608/17886/16765/19877/74117/227937/16319/223593/12795/12615/68953/71836/29875/20336/12631/56194/225115/232341/12315/18810/56208/20742/26934/18000/12048/12313/56350/54138/208092/84092/211660/404710/11789/52398/12531/77579/52276/66371/216049/74107/18817/12704/57784/211978/20877/11853/233406/54673/216846/68743/16571/218397/381293/269593/235626/53598/108907/11735/19348/71819/18952/53860/11799/107371/71960/108961"
"GOBP_NAD_METABOLIC_PROCESS",0.579488072436009,0.774027546503978,0.0204298515001083,0.410209519730875,0.884821156317199,33,"59027/14718/192185/70789/68267"
"GOBP_SPLICEOSOMAL_COMPLEX_ASSEMBLY",0.579455252918288,0.774027546503978,0.0187351417089681,0.379274452242526,0.896861137792011,74,"72459/319322/192196/212880/69878/20643/68011/20641/74351/269254/231386/107686/66877/20817/56195/67684/22184/72047"
"GOBP_POSITIVE_REGULATION_OF_ORGAN_GROWTH",0.579962370649106,0.774109318088622,0.0252204483500397,-0.370397158738901,-0.917634269183498,35,"74131/70350/11651/26416/16002/17260"
"GOBP_REGULATION_OF_MYELOID_LEUKOCYTE_DIFFERENTIATION",0.579955456570156,0.774109318088622,0.0180223829644537,0.368037997477357,0.900611097706944,102,"12977/54123/17342/330177/22177/16149/20302/21934/15902/21926/216984/18733/12262/19766/16160/630146/19645/17869/12571"
"GOBP_HYPEROSMOTIC_RESPONSE",0.580433238636364,0.774462007265607,0.0207043446503391,0.421687300414259,0.883834818271615,27,"20496/54446/232341/63873/18081/56449/11677/53416"
"GOBP_POSITIVE_REGULATION_OF_PROTEIN_BINDING",0.582190240611648,0.776529901000875,0.0244122213398535,-0.398966556681722,-0.912574914808621,23,"11350/64143"
"GOBP_PROTEIN_HOMOOLIGOMERIZATION",0.582798634812287,0.77688879891535,0.016717800112311,0.35421540433881,0.910893802049496,171,"56045/14991/16518/15018/28240/11820/58800/12010/76763/67991/107476/68953/14660/17319/16491/108037/15452/11674/233908/21877/18081"
"GOBP_REGULATION_OF_DNA_TEMPLATED_DNA_REPLICATION",0.582873880082702,0.77688879891535,0.0201793957835896,0.404358254204693,0.883693342053423,37,"12053/237886/22589/17218/21853/17216/75826/17219/57441/66131/68379/27214/108961/67141/27354/77011/68142"
"GOBP_CGAS_STING_SIGNALING_PATHWAY",0.583295194508009,0.776948590381426,0.0246693542998985,-0.387351776555509,-0.915473264772149,27,"72512/54396/11651/12229/208884"
"GOBP_POSITIVE_REGULATION_OF_INTRACELLULAR_TRANSPORT",0.583333333333333,0.776948590381426,0.0173767215706435,0.360673630214246,0.90306174412122,125,"18245/12306/65973/72446/99237/18753/12795/70790/67628/52822/108989/16176/20660/18536/22627/66366/20280/17698/15519/19384/192176/13211/17846/14456/241062/12534/13660/230908/13424/22350/20869/66361/16452/18016/19134"
"GOBP_NEGATIVE_REGULATION_OF_CHEMOTAXIS",0.583987709115739,0.77754384858465,0.0200092969303502,0.400658269658796,0.882160482171697,40,"18186/55985/74748/17319/20296/11629"
"GOBP_RESPONSE_TO_EPIDERMAL_GROWTH_FACTOR",0.584501236603463,0.777675056723386,0.0194700896057285,0.390051500695495,0.884547202345118,51,"108100/217124/17975/108989/12633/29875/13627/12631/56208/51944/19247"
"GOBP_RESPONSE_TO_LEAD_ION",0.584313005143277,0.777675056723386,0.0211255569145426,0.446487463259773,0.879551249431065,17,"11820/13435/22228/56208"
"GOBP_NEGATIVE_REGULATION_OF_ACTIN_FILAMENT_POLYMERIZATION",0.585569371727749,0.777705010710262,0.0193262823264024,0.386363577642564,0.881698922731317,54,"28006/19241/20740/18753/12332/12631/225115/20742/12343/227753/12345/235041/19230/110253/245857"
"GOBP_NEGATIVE_REGULATION_OF_PHAGOCYTOSIS",0.584909859781883,0.777705010710262,0.0241665376312633,-0.40798709343521,-0.908467995664758,20,"21803/12988/19261/217303/16423/67841/72519/11793"
"GOBP_PURINE_NUCLEOTIDE_TRANSPORT",0.585060073132509,0.777705010710262,0.0202835093665933,0.408563632332491,0.881270980319428,33,"11732/227731"
"GOBP_REGULATION_OF_ACTIN_FILAMENT_BASED_PROCESS",0.585587771442436,0.777705010710262,0.0149369090792457,0.341088925851167,0.927959889643556,337,"19219/24136/14744/72042/69550/16518/56193/18186/28240/17886/11539/16765/28006/19241/19877/20740/108100/18753/223593/213556/12775/12332/16971/109552/20401/207495/16332/12631/75547/15461/225115/108686/16885/100986/236266/20742/233977/11465/20410/12343/56378/192176/73205/73910/18590/67771/63986/107702/64930/277360/22388/56431/19354/67877/118449/227753/12345/74392/17974/63985/235041/19229/19230"
"GOBP_REGULATION_OF_POLYSACCHARIDE_METABOLIC_PROCESS",0.585290588033602,0.777705010710262,0.0200404540847323,0.401205305001805,0.881101792244061,39,"18605/16000"
"GOBP_RETINA_VASCULATURE_DEVELOPMENT_IN_CAMERA_TYPE_EYE",0.58576874205845,0.777705010710262,0.0209035689278613,0.433968245965147,0.875320332466846,20,"18186/29876/15251"
"GOBP_INNER_EAR_MORPHOGENESIS",0.58648275862069,0.778377258962587,0.027768882536294,-0.333141530039639,-0.929911694213559,70,"212937/22295/99683/19353/16658/73750/320398/20682/70615/72999/97031/20692/76365/17828"
"GOBP_GLUCOSE_6_PHOSPHATE_METABOLIC_PROCESS",0.586721107757855,0.778417951106705,0.0205361261688084,0.42169067962859,0.880805022942847,26,"14751/66171/18023/15277/66646/56717/232449/21881/110208"
"GOBP_VIRAL_RELEASE_FROM_HOST_CELL",0.587146163432437,0.778706235153848,0.0205686546818017,0.423361837073015,0.879750687891287,25,"75608/217069/68953/208092/19349/66371/268373"
"GOBP_ARTERY_MORPHOGENESIS",0.587620706031344,0.778784443495572,0.0187793149152709,0.377464808147515,0.881197523148568,66,"11816/18186/320790/16971/23797"
"GOBP_SEGMENTATION",0.587423553395013,0.778784443495572,0.0186432848941522,0.37688676726849,0.885173653329048,70,"24136/18186/225164/18187"
"GOBP_NUCLEAR_ENVELOPE_ORGANIZATION",0.587917737789203,0.778827758246742,0.0264982926291305,-0.34247378824555,-0.916210888554236,54,"18750/59126/74122/13726/386649/230709/22367/116733/68942/14245/30931/230917/170762/20479/105513/50850"
"GOBP_REGULATION_OF_DNA_TEMPLATED_TRANSCRIPTION_INITIATION",0.58806898501555,0.778827758246742,0.0281562116364907,-0.326808267883289,-0.930135064816242,79,"16476/12912/66213/106298/98403/21374/70802/67773/56458/21343/234959/108098/22059/68975/327987/21833/12606/53892/71902/24074/70625/56771/63856"
"GOBP_CELLULAR_RESPONSE_TO_GLUCOSE_STARVATION",0.588720316622691,0.779414958213298,0.0193641858152283,0.388132391753082,0.879077893561872,50,"11520/226695/58801/15382/66905/74137"
"GOBP_DICARBOXYLIC_ACID_CATABOLIC_PROCESS",0.589494163424125,0.780163885774583,0.0235639219698724,-0.4338025477766,-0.905114684302809,15,"14645"
"GOBP_ACTIN_POLYMERIZATION_OR_DEPOLYMERIZATION",0.590640867297928,0.780536917009139,0.0165987692037546,0.352643895286632,0.904867275105141,165,"72042/56193/28006/19241/20740/108100/18753/223593/213556/217124/54004/171580/12775/12332/70435/78885/20401/207495/12631/225115/20742/68089/215280/13367/12343/56378/11629/73910/67771/277360/22388/56431/227753/12345/74392/17974/235041/19229/19230"
"GOBP_BONE_GROWTH",0.592371323529412,0.780536917009139,0.0244824046383071,-0.382448529252013,-0.908558457275331,28,"230709/11909/373864/20682"
"GOBP_CELLULAR_RESPONSE_TO_ALKALOID",0.590213358070501,0.780536917009139,0.0246953622014254,-0.380312580340206,-0.913932381412306,30,"21817/11514/20512/12846"
"GOBP_CEREBELLAR_CORTEX_MORPHOGENESIS",0.596853721530876,0.780536917009139,0.0247149038210022,-0.371159821813694,-0.908737370871014,33,"22142/26395/67453/73750/12846/319757"
"GOBP_CHLORIDE_TRANSPORT",0.597834493426141,0.780536917009139,0.0181785692796954,0.371807349594489,0.883859362359071,79,"20496/29876/12257/83704/26373/22228/117160"
"GOBP_CHONDROITIN_SULFATE_PROTEOGLYCAN_METABOLIC_PROCESS",0.592844364937388,0.780536917009139,0.0204944304526461,0.42328872512244,0.87450396232086,24,"16000/110006/233781"
"GOBP_DENDRITE_EXTENSION",0.595606326889279,0.780536917009139,0.0201523806155801,0.40833358284102,0.870375976098957,30,"70834/20403/66225/83814/20869/382018"
"GOBP_DE_NOVO_PROTEIN_FOLDING",0.596495382429552,0.780536917009139,0.0248657493990065,-0.364830798642783,-0.909134793922986,36,"110920/56351/76594/67035/81489/15511/193740/30931"
"GOBP_DNA_INTEGRITY_CHECKPOINT_SIGNALING",0.592624479839288,0.780536917009139,0.0172016847867164,0.359230750349039,0.896897499074311,122,"327762/104418/330177/12575/227331/13555/68077/209200/80285/67941/11920/22040/50883/65964/235559/76843/19247/21853/15270/12534/18817/381921"
"GOBP_EPIGENETIC_PROGRAMMING_OF_GENE_EXPRESSION",0.596567505720824,0.780536917009139,0.0242982243022936,-0.383735662047441,-0.906926883020839,27,"17257/16002/235682/18706/223499/13018/13626/13194/218214/20937/606496/214572/114606/23942/12577"
"GOBP_ETHER_METABOLIC_PROCESS",0.591691816083792,0.780536917009139,0.0204068699148483,0.418913489259513,0.875004175675114,26,"320024"
"GOBP_GLYCOPROTEIN_CATABOLIC_PROCESS",0.597558112232919,0.780536917009139,0.0246953622014254,-0.368594897799218,-0.908631891683425,34,"15212/13010/27029/192193/52120/12229/17155/227619/68292"
"GOBP_INSULIN_LIKE_GROWTH_FACTOR_RECEPTOR_SIGNALING_PATHWAY",0.59350008507742,0.780536917009139,0.0197150149448115,0.396487431189203,0.877030196982382,42,"16000/16004/227331/384783/16332/83946"
"GOBP_MAST_CELL_ACTIVATION_INVOLVED_IN_IMMUNE_RESPONSE",0.59397870924817,0.780536917009139,0.0193599685520598,0.388859509762825,0.874673712613159,47,"380732/14127/14191/14389/56743/20619/12523/20911/19354/16859"
"GOBP_MITOTIC_CYTOKINESIS",0.595295536791315,0.780536917009139,0.0178643799784272,0.366355623933664,0.887024459269593,94,"75608/16765/19877/16319/12615/68953/29875/20336/12631/232341/20742/26934/56350/208092/84092/404710/11789/77579/52276/66371/216049/74107/18817/12704/211978/20877/11853/216846/68743/16571/218397/108907/11735/19348/71819/11799/107371/71960"
"GOBP_NEGATIVE_REGULATION_OF_CGAS_STING_SIGNALING_PATHWAY",0.593506493506494,0.780536917009139,0.0210382114420089,0.450393571631626,0.879634594215335,16,"15944/18521/11545/22040/23825/20877"
"GOBP_NEGATIVE_REGULATION_OF_KERATINOCYTE_PROLIFERATION",0.594421075935355,0.780536917009139,0.0238160000609887,-0.409980293550733,-0.902338155854875,19,"12361"
"GOBP_ORGANELLE_MEMBRANE_FUSION",0.592052023121387,0.780536917009139,0.0173193015937241,0.359973184741815,0.895344234844205,118,"12306/75608/74772/387524/216238/218035/226421/77573/68953/12752/20619/53612/74732/53331/216724/20909/73205/55943/228960/208092/100317"
"GOBP_POSITIVE_REGULATION_OF_CILIUM_ASSEMBLY",0.597426470588235,0.780536917009139,0.024342432226467,-0.380898316530927,-0.904875716277285,28,"234776/68112/56637/231225/232906/102774/235072"
"GOBP_POSITIVE_REGULATION_OF_FOCAL_ADHESION_ASSEMBLY",0.597035347776511,0.780536917009139,0.0242290712683194,-0.388125406296948,-0.902163505825151,25,"11350/17127/110829/19353"
"GOBP_POSITIVE_REGULATION_OF_LEUKOCYTE_MIGRATION",0.596481190101559,0.780536917009139,0.0170605572257557,0.357112036209662,0.894076529883996,126,"12977/16854/11820/20293/55985/18438/227541/76763/20303/12775/16149/20302/20304/15945/11501/18787/17123/12267/232341/22340/20296/21926/193385/63873/17387/338366/68585/11629/19354/14456/16859/19242/12772/11491/19271/53416/19229/16177/230979/68050"
"GOBP_POSITIVE_REGULATION_OF_MUSCLE_ORGAN_DEVELOPMENT",0.598005203816132,0.780536917009139,0.0233811119157234,-0.423814739907899,-0.899076151333841,16,"12912/16002/17260/14251"
"GOBP_POSITIVE_REGULATION_OF_NEUROTRANSMITTER_SECRETION",0.597354726799653,0.780536917009139,0.02339868523042,-0.424076558324749,-0.899631570181757,16,"20910/19055/78506/226407"
"GOBP_POSITIVE_REGULATION_OF_TELOMERE_MAINTENANCE",0.590192097454318,0.780536917009139,0.0185126661813019,0.37592676116424,0.886763074806261,73,"18854/15382/11991/19360/56207/21454/12461/15519/11920/22589/26400/59125/17869/52864/53379/12387/18768"
"GOBP_PROTEIN_LOCALIZATION_TO_GOLGI_APPARATUS",0.597715289982425,0.780536917009139,0.020098528303537,0.40741073532145,0.868408897356504,30,"320528/217151/71648/20660/231580"
"GOBP_PROTEIN_LOCALIZATION_TO_NUCLEOLUS",0.596660010891269,0.780536917009139,0.0206199462847233,0.430382691765465,0.868088216929999,20,"18148/68077/70930/19384"
"GOBP_RECEPTOR_CATABOLIC_PROCESS",0.592207334273625,0.780536917009139,0.0202880561818012,0.412678167033689,0.875213561888253,29,"11816/12306/209200/56208/12333/11305/73711/102141"
"GOBP_REGULATION_OF_CELL_SUBSTRATE_ADHESION",0.595483095015368,0.780536917009139,0.0160940828101506,0.349824385947621,0.907814295030369,187,"12977/14538/23790/18186/14268/16402/28006/19877/114249/54126/12053/12775/50932/380924/18787/21894/12631/17387/11465/192176/26921/64930/277360/20779/19354/20874/12571/108903/19271/19229/110253/11490/16542/21754/22288/21825/22122/72349/60595/16452"
"GOBP_REGULATION_OF_MITOTIC_CYTOKINESIS",0.597470238095238,0.780536917009139,0.0209755144159894,0.450708128790303,0.874660246544018,15,"16319/232341/52276/20877"
"GOBP_REGULATION_OF_RAC_PROTEIN_SIGNAL_TRANSDUCTION",0.595221238938053,0.780536917009139,0.0202698790407726,0.413562674512305,0.87168128055699,28,"56486/319939/231532/12775/20401/68585/99167"
"GOBP_REGULATION_OF_RESPIRATORY_GASEOUS_EXCHANGE",0.591280148423006,0.780536917009139,0.0210963723699482,0.451747370140072,0.882278610641484,16,"11539/14660"
"GOBP_REGULATION_OF_SUPRAMOLECULAR_FIBER_ORGANIZATION",0.598106196811698,0.780536917009139,0.014457638735454,0.337546522005651,0.922922735402771,357,"19219/11816/14744/72042/56430/56193/18186/11820/16765/28006/19241/19877/20740/108100/18753/223593/54126/213556/234407/12775/27050/12332/13191/56612/20401/207495/16332/12631/75547/225115/108686/16885/100986/14775/236266/20742/233977/63873/11465/20410/12343/56378/192176/73205/73910/67199/67771/63986/107702/64930/277360/84092/22153/22388/56431/66468/105439/118449/227753/19645/12345/74392/17974/11789/63985/108903/75991/235041/19229/19230"
"GOBP_REGULATION_OF_SYNAPSE_MATURATION",0.595007870474477,0.780536917009139,0.0240547658605916,-0.394403390369869,-0.902137370511846,23,"65945/22631/99152/68404"
"GOBP_REGULATION_OF_T_CELL_MIGRATION",0.597305389221557,0.780536917009139,0.0192759250511193,0.388027611675926,0.87280249853734,47,"11820/55985/13601/20304/12515/15945/11501/232341/193385/11629/16859/12772/11491/53416/230979/70045"
"GOBP_RESPONSE_TO_AMPHETAMINE",0.597947548460661,0.780536917009139,0.0242040199657551,-0.387885193389074,-0.901605151964269,25,"19735"
"GOBP_RESPONSE_TO_ISCHEMIA",0.59276832460733,0.780536917009139,0.0191426359532195,0.384399087070703,0.877215867595805,54,"12977/18438"
"GOBP_SULFUR_AMINO_ACID_METABOLIC_PROCESS",0.592128801431127,0.780536917009139,0.0205129443448776,0.423423626093448,0.874782664366687,24,"17769"
"GOBP_TISSUE_HOMEOSTASIS",0.594293940583693,0.780536917009139,0.0158200612917092,0.347415288396886,0.911191841637938,210,"12977/24136/20750/11732/14538/20496/75608/18438/245944/227331/107476/12215/23797/80859/21934/16889/11787/11501/21929/27060/233328/27419/11465/54683/226519/20655/20779/20716/19354/19247/19645/19349/12490/12772/53416/17196/19229"
"GOBP_TORC2_SIGNALING",0.592600846891019,0.780536917009139,0.023974664378916,-0.396948246628641,-0.901385848850475,22,"105855/328572/11651"
"GOBP_UBIQUINONE_METABOLIC_PROCESS",0.593590028933897,0.780536917009139,0.023925627520731,-0.399932817452932,-0.900028545506736,21,"66108/99138/320717/18104/57869/67914/71707/170728/217707"
"GOBP_REGULATION_OF_TELOMERE_MAINTENANCE",0.598592581732884,0.780899755076522,0.0173695298711282,0.360639107816307,0.890088967493614,111,"18854/15382/11991/19360/70640/56207/103677/67241/11545/21454/12461/56531/15519/11920/22589/26400/20779/59125/69535/17869/226026/226151/52864/53379/16905/67711/12387/18768/20877/68501/235587/18005/98956/26417"
"GOBP_POSITIVE_REGULATION_OF_INTRACELLULAR_PROTEIN_TRANSPORT",0.598933739527799,0.781072949112801,0.0179243373383542,0.368158059455545,0.884122638213347,86,"18245/65973/72446/99237/18753/12795/70790/67628/52822/108989/16176/20660/18536/22627/66366/15519/19384/192176"
"GOBP_CRANIAL_NERVE_MORPHOGENESIS",0.599512951073721,0.781365176983581,0.0236773204896588,-0.408517548682174,-0.899118755976529,19,"243743/212937/16658/18844/17684"
"GOBP_DICARBOXYLIC_ACID_TRANSPORT",0.599783248180833,0.781365176983581,0.0181441170965448,0.371834593490883,0.884182780579129,80,"20496/11539/14580/94245/245944/625098/22228/117160/319352/14276/21926/18000/27376"
"GOBP_NEGATIVE_REGULATION_OF_T_CELL_MEDIATED_IMMUNITY",0.599646017699115,0.781365176983581,0.0201568790091863,0.41197194010728,0.868328431064872,28,"14991/19264/15018/60533/18566/15006/18733"
"GOBP_POSITIVE_REGULATION_OF_T_CELL_PROLIFERATION",0.600568990042674,0.781845284709949,0.0278939167317266,-0.324460226383265,-0.927306104366449,81,"105855/74131/12721/102657/171285/16195/20963/20851/17973/22034/19055/16002/27218/12151/83945/80795/16008/13641/12479"
"GOBP_PROTEIN_LOCALIZATION_TO_ENDOSOME",0.600568080951536,0.781845284709949,0.0201793957835896,0.415863664368104,0.868633863943741,26,"18186/28006/209200/20660/17698/68420/219181/70178/22350/216169/27008/18016"
"GOBP_DIOL_METABOLIC_PROCESS",0.600852272727273,0.781942471590909,0.0201748891170302,0.414758508217713,0.86931242742451,27,"14528/110391/66190/11305/14466/104725/54447/13361/11886/20773"
"GOBP_FACE_DEVELOPMENT",0.601172529313233,0.782050983960778,0.0192843036535314,0.388736207845786,0.871481291533402,46,"65973/101476/320790/17390/71175/71371/20397/19247/78892/77087"
"GOBP_HOMOLOGOUS_RECOMBINATION",0.602341082750772,0.782050983960778,0.018807507340403,0.380481210377514,0.871181706699973,56,"21973/19360/20892/19362/11920/235559/52864/68107/18140/224826/211651/17350/71765/74386/237911/27354/19363/623474"
"GOBP_NEGATIVE_REGULATION_OF_REPRODUCTIVE_PROCESS",0.601978565539984,0.782050983960778,0.0190271773448925,0.38567420405091,0.870890029321221,49,"16000/17886/53381/20655/12048/56449"
"GOBP_REGULATION_OF_CARBOHYDRATE_BIOSYNTHETIC_PROCESS",0.60260492040521,0.782050983960778,0.0281391283563715,-0.322480403751771,-0.925323390247937,84,"21803/320706/14815/244416/109815/328572/11651/18591/77781/16002/56458/56637/11364/209011"
"GOBP_REGULATION_OF_CELL_GROWTH",0.602242585001206,0.782050983960778,0.0144431890047935,0.337341382897718,0.920135061825682,344,"11816/20750/18605/16000/69550/53378/18186/14268/14694/18148/66102/18854/12575/217124/12053/20720/15451/75296/52822/209743/70834/208643/55960/20354/72075/72674/20403/12631/12537/71653/11546/19063/20586/16885/54214/13057/56349/13806/17387/12580/68585/67155/83409/15078/20393/19777"
"GOBP_REGULATION_OF_MYOBLAST_DIFFERENTIATION",0.602577873254565,0.782050983960778,0.0268254821211887,-0.333610700569727,-0.920118830726884,65,"21803/11906/20677/26408/11461/26416/93760/241296/81601/17260/434156/13198/20682/16173/83796/77044"
"GOBP_SPERMATID_NUCLEUS_DIFFERENTIATION",0.601379560718824,0.782050983960778,0.020499056300524,0.428526564277507,0.864344380497341,20,"97165/19294/93684/103554/20962"
"GOBP_VESICLE_DOCKING_INVOLVED_IN_EXOCYTOSIS",0.602057908590572,0.782050983960778,0.0248855600853743,-0.361112902334758,-0.907804801712198,38,"64143/20910/102058/56418/211446/20912/75914"
"GOBP_NEGATIVE_REGULATION_OF_MAPK_CASCADE",0.603315072341621,0.782701589178399,0.0166292728963089,0.353243846498341,0.895340694847778,146,"11816/16000/19264/67702/18518/20185/330177/13669/243272/18753/11910/16176/97541/57783/56705/15259/18626"
"GOBP_ACETYL_COA_METABOLIC_PROCESS",0.604130206510326,0.783308487298025,0.0198722588715572,0.403202982562061,0.864428263822796,31,"107476/18655/14104/68603/236900/18597/70456"
"GOBP_POSITIVE_REGULATION_OF_PROTEIN_CONTAINING_COMPLEX_DISASSEMBLY",0.604238456237078,0.783308487298025,0.0196328297361647,0.396849138151159,0.867282756162785,37,"56193/18008/28006/15944/276770/12631/232341/21926/63873/269254/22388/56431/12176"
"GOBP_PYRAMIDAL_NEURON_DIFFERENTIATION",0.604409857328145,0.783308487298025,0.0231606595654431,-0.428796810080423,-0.894670377975426,15,"22142/328365"
"GOBP_CELLULAR_RESPONSE_TO_HEAT",0.605752140895137,0.784776710706869,0.0186313535446168,0.378733903076056,0.870232404644934,57,"68196/15368/66656/108989/17164/15945/13163/69068/22627/15519/11920/63873/67669/23950/22791/66361/21825/14164"
"GOBP_AUTOPHAGOSOME_LYSOSOME_FUSION",0.607328707718994,0.78491999880372,0.0231319443297801,-0.420418903861696,-0.891872260304367,16,"18718/270160/108083/59021/271221"
"GOBP_JNK_CASCADE",0.606971318786881,0.78491999880372,0.0162020144259439,0.34908511430028,0.895735614251636,165,"19219/53378/11820/20185/15258/330177/12775/50932/16176/21934/17948/13163/15461/21926/56208/15259/76108/17873/63873/26400/266632/18626/65964/26921/19766/26409"
"GOBP_PLASMA_MEMBRANE_FUSION",0.606864564007421,0.78491999880372,0.0206949382468888,0.444703857357368,0.868522380760095,16,"12527/14276/77772/18195"
"GOBP_POSITIVE_REGULATION_OF_HEART_GROWTH",0.606603941061601,0.78491999880372,0.0200270913221196,0.413009483098979,0.862672202186244,26,"16000/11546/18712"
"GOBP_REGULATION_OF_GOLGI_ORGANIZATION",0.607328707718994,0.78491999880372,0.0231319443297801,-0.420441796890527,-0.89192082533601,16,"98910/26395/19338/78287"
"GOBP_REGULATION_OF_TYROSINE_PHOSPHORYLATION_OF_STAT_PROTEIN",0.60664367398802,0.78491999880372,0.020365611474106,0.426410470710915,0.860076188661967,20,"547253/80285"
"GOBP_SYNAPTIC_VESICLE_MEMBRANE_ORGANIZATION",0.606194690265487,0.78491999880372,0.0199915283249277,0.409264966317448,0.862622842710367,28,"20972/11776/20619/74732"
"GOBP_REGULATION_OF_POSTSYNAPSE_ORGANIZATION",0.607986688851913,0.785499520791786,0.0305190600455216,-0.307679494013803,-0.93408868511958,127,"75415/217692/13631/12569/77097/140580/66610/11651/330662/11843/217333/238130/73178/12540/19353/56376/19280/210293/68942/234664/228880/18015/18391/66725/22192/70237/11487/56212/13048/223870/19164/80913"
"GOBP_CELLULAR_RESPONSE_TO_LIGHT_STIMULUS",0.608721624850657,0.785636587444994,0.0173947186535218,0.361989579483973,0.881898079032147,99,"18148/19941/17390/12575/18753/270627/11545/12018/66915/22040/65964/12925/72584/17869/67967"
"GOBP_MICROTUBULE_BASED_TRANSPORT",0.608547902235002,0.785636587444994,0.0154580379702625,0.343895307801144,0.903117890671399,214,"13518/11820/68196/15251/94245/16562/16783/72368/67095/11776/52822/13191/18536/75620/16561/16573/12752/11774/70827/14533/66061/20655/56350/226162/54160/99167/110350/71435/381350/11777/72416/15194/67661/74143/67286/13424/74019/73916/319565/20869/17754/16558/11775/81896/14609/12589/16571/55978/269209/234847/71820/15114/72938/51810/74407/436022/16564"
"GOBP_POSITIVE_REGULATION_OF_LONG_TERM_SYNAPTIC_POTENTIATION",0.608368386096967,0.785636587444994,0.0234397873200456,-0.40572045476778,-0.892962546509464,19,"12912/11514/19141/20853/207683/18412"
"GOBP_HEAD_MORPHOGENESIS",0.609089326136166,0.785787094488804,0.0196716910524353,0.399400840830382,0.860081857159419,32,"65973/101476/17390/71175/71371/20397/19247/78892/77087"
"GOBP_VESICLE_LOCALIZATION",0.609257549782408,0.785787094488804,0.0155703254673623,0.346141668375081,0.903829426130486,203,"17858/17918/53378/74772/94245/77573/109181/16562/67095/11776/13191/68953/16561/16573/104015/12752/11774/20619/20336/27060/27419/70827/14533"
"GOBP_ACTION_POTENTIAL",0.609577221742882,0.785837285189173,0.0168207057439071,0.355782292066909,0.887359974328515,121,"16518/11928/12289/16491/12752/22627/21926/12315/100986/192176/20655/12313/110891/14466/20266"
"GOBP_NEGATIVE_REGULATION_OF_RECEPTOR_SIGNALING_PATHWAY_VIA_STAT",0.609934128538366,0.785837285189173,0.0199870901936584,0.414817673652476,0.86199581962389,25,"19264/547253/217039/72674"
"GOBP_NEGATIVE_REGULATION_OF_TELOMERE_MAINTENANCE",0.609977713012172,0.785837285189173,0.0194149059486147,0.393056881353531,0.86320673803877,39,"18854/15382/19360/70640/103677/11545/11920/20779/69535/52864"
"GOBP_NEURON_PROJECTION_EXTENSION_INVOLVED_IN_NEURON_PROJECTION_GUIDANCE",0.610574293527803,0.785837285189173,0.0203336174285813,0.427324766221343,0.856528937983293,19,"18186/18187"
"GOBP_POSITIVE_REGULATION_OF_RECEPTOR_INTERNALIZATION",0.610698096101541,0.785837285189173,0.0202471954870176,0.420991561819823,0.857673494999137,22,"11820/12512/94245"
"GOBP_REGULATION_OF_GENE_SILENCING_BY_REGULATORY_NCRNA",0.610617897727273,0.785837285189173,0.0199295401644828,0.410943151901683,0.861315637497691,27,"56417/67673"
"GOBP_SENSORY_PERCEPTION_OF_TEMPERATURE_STIMULUS",0.610764144011756,0.785837285189173,0.0204436611910281,0.434834708458275,0.856596080723432,17,"11539/17035"
"GOBP_ANOIKIS",0.612571826571478,0.786004521050976,0.0195854988403647,0.398029602340265,0.857128990698907,32,"16402/13555/50883/12048/26409/20779/21781/14797/20869/56717"
"GOBP_ESTABLISHMENT_OF_SKIN_BARRIER",0.611701170117012,0.786004521050976,0.020111969212268,0.418470657704353,0.858666665915939,23,"16765/80859/18810/14466"
"GOBP_GLUTAMATE_SECRETION",0.611786038077969,0.786004521050976,0.0202200305586269,0.420762234751058,0.857206293833122,22,"11539/94245/319352"
"GOBP_NEGATIVE_REGULATION_OF_DNA_BINDING",0.612089308404429,0.786004521050976,0.0202290788425906,0.424637144467733,0.856499363557397,20,"226695/13555/233532/224647"
"GOBP_NEGATIVE_REGULATION_OF_INFLAMMASOME_MEDIATED_SIGNALING_PATHWAY",0.612497722718164,0.786004521050976,0.0202744207973598,0.42888833781783,0.854315730196775,18,"226695/15944/64383/16784/216169/268857"
"GOBP_POSITIVE_REGULATION_OF_EXECUTION_PHASE_OF_APOPTOSIS",0.612098872506505,0.786004521050976,0.0230063875035758,-0.418339783506861,-0.88746163615479,16,"21937/12370/50768/209456/22059"
"GOBP_REGULATION_OF_PROTEIN_EXIT_FROM_ENDOPLASMIC_RETICULUM",0.612285777876697,0.786004521050976,0.0234221553564931,-0.399241382725577,-0.888993854431155,20,"69981/192193/89867/226418/68889/116891/27061"
"GOBP_RESPONSE_TO_ESTROGEN",0.612515337423313,0.786004521050976,0.0250184407512458,-0.349983536198613,-0.902679688257206,44,"328572/20683/27057/12443/23808/13982/16008/17684/381022/213464/20723/22378"
"GOBP_ALCOHOL_BIOSYNTHETIC_PROCESS",0.613685892779311,0.786084810308961,0.0168724680626345,0.355840062018702,0.882732763898532,116,"11816/56193/11307/109754/67815/73212/16889/14718/14528/20280/68603/110391/66190"
"GOBP_ANDROGEN_RECEPTOR_SIGNALING_PATHWAY",0.613818181818182,0.786084810308961,0.0247802647486789,-0.351153722135963,-0.900405855343863,42,"433759/328365/16969/65112/328572/14228"
"GOBP_EMBRYONIC_CAMERA_TYPE_EYE_DEVELOPMENT",0.61292007661501,0.786084810308961,0.0195769127676632,0.397716445452025,0.856454629179136,32,"18008/15258"
"GOBP_MITOCHONDRIAL_DEPOLARIZATION",0.613494748086167,0.786084810308961,0.0198986631635978,0.413268268528802,0.858776138244959,25,"14694/12257/14718/11545/11983/20779"
"GOBP_NEGATIVE_REGULATION_OF_SIGNAL_TRANSDUCTION_IN_ABSENCE_OF_LIGAND",0.613892806770099,0.786084810308961,0.0197410828163763,0.405096868928944,0.85913504005686,29,"16176/14051/21926/14360/12048/19766"
"GOBP_NUCLEAR_CHROMOSOME_SEGREGATION",0.61315854563443,0.786084810308961,0.0145504626751259,0.338014274816614,0.911053590066407,296,"75608/20588/74117/68094/16319/223593/110147/26992/21973/93762/68953/71175/75430/108989/70099/22385/14211/108000/67849/229841/73804/68612/14579/66923/24061/20586/66977/12442/11920/56208/193385/68298/26934/19384/50883/65964/192176/54392/64383/67155/51944/208092/21335/24010/67956/70799/66468/19645/16551/57376/11789/12534/54194/210106/52276/66371/74107/18817/13424/20877/67037/68501/233406/13006/19134/66302/71878/50878/18005/218977/16571/231600/16563/381293/77045/18140/67629/76044/268697/59008/12316/67052/108907/78658/52023/209737/71890/100502766/51810/71819/12236/11799/211651/17350"
"GOBP_PODOSOME_ASSEMBLY",0.614767547857794,0.78693605511305,0.0202290788425906,0.425641442934001,0.853154888029813,19,"268396/12332/17698/21926/20779/18826/227753"
"GOBP_POSITIVE_REGULATION_OF_ALPHA_BETA_T_CELL_DIFFERENTIATION",0.615075376884422,0.787061288003692,0.0189412859890119,0.383984218460757,0.860828129406911,46,"14744/12522/16186/11776/80859/11774/243910/16160/16859/12400/74143/15284/57261/320404"
"GOBP_POSITIVE_REGULATION_OF_MUSCLE_HYPERTROPHY",0.616500453309157,0.788615596929256,0.0236055792829118,-0.386336554575277,-0.889785412099568,24,"18750/16195/109689/19055/17258"
"GOBP_ORGANIC_HYDROXY_COMPOUND_TRANSPORT",0.616884851723217,0.788838084018634,0.0155765910596896,0.345032917075075,0.896273470869466,190,"11816/20750/67963/12306/11307/20652/14127/94245/12257/245944/20778/11303/100434/235283/16971/11813/16889/11812/20280/18035"
"GOBP_POSITIVE_REGULATION_OF_INSULIN_SECRETION",0.617374727668845,0.788958436162628,0.0266494284733211,-0.327940825750846,-0.91151893649657,68,"18750/20677/76303/11514/67623/19353/18754/241296"
"GOBP_REGULATION_OF_CELL_SHAPE",0.617399971522142,0.788958436162628,0.0164908879998104,0.351063882205069,0.880932638961805,129,"14268/17886/13823/108100/11982/14191/15451/20302/23837/58194/71409/20354/16414/16988/12631/56194/83946/17698/20296/14360/74202/11674/13367/73910/67938/22388/382236/19354/17909/19229/77767/77579/381921/16542/22350/67784/30938"
"GOBP_FC_GAMMA_RECEPTOR_SIGNALING_PATHWAY",0.619863817797605,0.78983111750438,0.024091911219722,-0.367530662963967,-0.894327905153211,32,"11350/18479/22612/20963/17096/18754/12489"
"GOBP_MITOTIC_CELL_CYCLE_CHECKPOINT_SIGNALING",0.618919302226634,0.78983111750438,0.0163972193951681,0.350636319097359,0.882029554950719,133,"104418/330177/12575/16319/227331/12795/68077/19360/75430/108989/108000/67941/66977/11920/22040/50883/65964/235559/24010/76843/66468/11789/12534/52276/66371/18817/381921/20877/19134/66131/210766/231600/269582/67629/268697/67052/71890/12236/11799/211651/235661/52696/76464/218294"
"GOBP_NEGATIVE_REGULATION_OF_DNA_REPAIR",0.619818961410195,0.78983111750438,0.024329785321009,-0.358331494959644,-0.895509183300762,37,"11350/75698/66911/81601/94232/54723/12995"
"GOBP_NEGATIVE_REGULATION_OF_MUSCLE_CELL_APOPTOTIC_PROCESS",0.620127082260003,0.78983111750438,0.0191924507224364,0.3914707866871,0.85727316043199,38,"16000/17938/12633/56312/243912/68861/16452/230738"
"GOBP_POSITIVE_REGULATION_OF_MOLECULAR_FUNCTION",0.619700605645069,0.78983111750438,0.0132556733812227,0.3322271181174,0.926708985236456,500,"19106/94094/16000/23790/24088/19264/65973/19156/14824/14694/18148/383619/16765/19241/16898/330177/226695/15944/226421/217069/228482/59022/75909/12575/66494/227541/18753/54126/14683/27050/16149/18793/12289/70097/13040/268749/209200/109910/67025/20401/80285/208643/13167/229841/74735/50778/20354/69068/14528/68612/108686/71371/21926/12856/14958/16341/18712/193385/56349/22284/19384/68729/20909/319236/64383/13211/77891/19766/26409/226089/64930/20393/20779/66412/14456/21781/16859/19645/20266/14297/227737/14913/11491/14254/320209/15194/17196/19229/56347/667823/75974/67468/18817/14168"
"GOBP_PROTEIN_IMPORT_INTO_PEROXISOME_MATRIX",0.619047619047619,0.78983111750438,0.0204298515001083,0.442101667393377,0.857958241041008,15,"22284/68729/66887/58869/71382"
"GOBP_PROTEIN_LOCALIZATION_TO_CONDENSED_CHROMOSOME",0.620190229139645,0.78983111750438,0.0227479318765242,-0.423622319737389,-0.883873974825494,15,"217449/101994/108911/12237"
"GOBP_RECEPTOR_LOCALIZATION_TO_SYNAPSE",0.618935468676401,0.78983111750438,0.0178868304724027,0.368423958357384,0.865604778663366,71,"56486/13823/22177/76380/16573/73804/15461/53331"
"GOBP_REGULATION_OF_CELL_PROJECTION_ASSEMBLY",0.619677552707731,0.78983111750438,0.0343633779743859,-0.294119616283337,-0.942524489588323,203,"70839/242687/14086/23999/22376/67016/98910/14020/21812/66610/67841/11651/11843/271457/18708/234776/73178/12540/19684/19353/11845/18805/271127/14270/11793/20430/68112/108911/56637/231225/72404/232906/228880/56044/216363/27260/72238"
"GOBP_REGULATION_OF_NEUTROPHIL_MIGRATION",0.619138259214397,0.78983111750438,0.0193304880704373,0.392158434884639,0.853684033929797,36,"227541/76763/12775/16149/74748/17524/11501/12267/193385/68585/19354"
"GOBP_REGULATION_OF_STRIATED_MUSCLE_CONTRACTION",0.621295279912184,0.790969670214289,0.0178121508606044,0.367632460283819,0.86343856089792,70,"16518/65973/11928/11539/18438/109552/14790/14873/12315/15519/100986/63873/12313"
"GOBP_MOTOR_BEHAVIOR",0.621507396102371,0.790971042645735,0.0240485857811045,-0.367093167051032,-0.893263327846456,32,"22142/14815/27029"
"GOBP_AMINO_ACID_BETAINE_METABOLIC_PROCESS",0.622135754431474,0.79111827094066,0.0226979944189286,-0.422226390440832,-0.880961414465861,15,"74114/11364"
"GOBP_CHROMOSOME_SEGREGATION",0.622256313429313,0.79111827094066,0.0136613658048955,0.332799490236205,0.916705242906967,401,"17345/75608/20185/20588/74117/68094/16319/223593/110147/26992/72776/21973/27050/93762/68953/71175/75430/108989/70099/22385/14211/108000/228012/67849/229841/67241/68250/73804/68612/14579/66923/20892/24061/66878/20586/66977/12442/11920/56208/193385/68298/26934/22284/19384/50883/65964/192176/54392/64383/67155/51944/208092/59125/21335/24010/545486/26886/67956/70799/66468/19645/226026/16551/57376/11789/12534/54194/210106/52276/66371/74107/18817/13424/212307/24086/20877/67037/52504/68501/233406/22196/13006/19134/108912/66302/71878/76478/50878/18005/218977/72155/16571/231600/16563/381293/11740/77045/18140/67629/76044/239122/268697/59008/12316/67052/71988/108907/78658/52023/209737/71890/100502766"
"GOBP_MUSCLE_CELL_DEVELOPMENT",0.62202486678508,0.79111827094066,0.0313191229317188,-0.299308393806391,-0.933849613006091,153,"74376/19735/13805/18479/65256/11938/109711/19055/230709/17258/20481/56376/16795/11793"
"GOBP_POSITIVE_REGULATION_OF_FIBROBLAST_PROLIFERATION",0.622588157019295,0.791271757378202,0.0186552277227945,0.380323010553415,0.855472301129694,47,"16000/14268/21815/18854/12575/13555/16149/17319/15461/13211/18590/14456/17869/12571"
"GOBP_ESTABLISHMENT_OF_RNA_LOCALIZATION",0.62331373227257,0.791925379172065,0.0307770496452784,-0.302200924933386,-0.935430053060215,145,"19317/23881/20383/15242/73192/16211/19069/70579/20492/73826/66874/69482/230082/66679/18141/170676/54387/109095/227720/107939/60365/72124/15463/68092/192170/170762/14251/432508/268859/110379/234865/66511/268420/66069/69912/433702/225027"
"GOBP_POSITIVE_REGULATION_OF_DNA_METABOLIC_PROCESS",0.624794225655312,0.793268549375376,0.0146204778258903,0.338349365264945,0.90364554930997,264,"327762/19264/20588/18854/68094/12575/107823/18753/15382/26992/27050/11991/19360/93762/56207/11545/21454/14051/66923/12461/19362/20586/21926/15519/11920/22589/78656/224008/26400/233908/67155/13211/100683/59125/12487/59004/21853/17869/57376/15270/226151/52864/217578/320209/12534/53379/232811/12387/18768/20877/11908/54402/74355/235587/15234/18005/14235/14173/210766/50776/26417/68379/18538/77045/103537/12028/27214"
"GOBP_TRANSCRIPTION_BY_RNA_POLYMERASE_III",0.624776459112339,0.793268549375376,0.0182631877665879,0.374664229889736,0.857862660053346,56,"17937/93762/544971/22385/66596/20018/72895/110052/54683/72308/56200"
"GOBP_N_GLYCAN_PROCESSING",0.625884915592667,0.79438424098927,0.0198898554179259,0.419857283962939,0.846858314644023,20,"432486/17158/15211/241230"
"GOBP_POSITIVE_REGULATION_OF_CELL_PROJECTION_ORGANIZATION",0.626358695652174,0.794716449324424,0.0142253102409837,0.335817782738626,0.906346814485102,305,"11816/24136/23790/18186/14268/14824/13047/74117/108100/230598/227541/223593/54126/12775/67095/52822/18080/12633/18606/20354/12631/71653/15461/108686/14360/54198/15519/16885/54214/193385"
"GOBP_DEVELOPMENT_OF_PRIMARY_FEMALE_SEXUAL_CHARACTERISTICS",0.62707423580786,0.795072994099622,0.0275386765525095,-0.317217182554148,-0.917159519505532,88,"268903/56484/11727/16848/20851/14366/22764/19353"
"GOBP_PROTEIN_TARGETING_TO_VACUOLE",0.62713567839196,0.795072994099622,0.0186512455029815,0.380534632419074,0.853094736843557,46,"432486/320528/15944/218035/245944/11776/20660/11774/56208/16784/27426/19349/209018"
"GOBP_SPERMATID_DIFFERENTIATION",0.627276105536975,0.795072994099622,0.0320199517941431,-0.296248646219175,-0.932833105839692,170,"67374/19317/13209/231633/23991/76867/13831/70375/83964/81601/69993/15463/54608/68911/102774/15247/66193/24069/13382"
"GOBP_CELLULAR_RESPONSE_TO_RADIATION",0.628523816136648,0.795342177688946,0.0158680097094031,0.346181170641404,0.88308076741325,156,"18148/19941/226695/17390/12575/18753/66656/270627/71175/11545/12018/72931/66915/15461/19362/21926/11920/13057/22040/56349/224008/50883/65964/12925/12048/72584/17869/67967/12955/228140/24086/20869/13197/20877"
"GOBP_EXTERNAL_ENCAPSULATING_STRUCTURE_ORGANIZATION",0.628259779338014,0.795342177688946,0.0143970469252581,0.3365764895539,0.902224668926593,275,"16948/229534/12306/13039/11820/14580/71602/268396/114249/17390/11977/18034/72043/234407/15451/12332/13040/16971/12633/11787/11504/11501/53381/21926/17387/226519/224697/226089/18826/14456/227753/19645/23950/78892/12051/50527"
"GOBP_REGULATION_OF_KINASE_ACTIVITY",0.62854950115119,0.795342177688946,0.0146790878356598,0.338600487116806,0.899308751457121,247,"11816/434341/56417/74012/16000/23790/19264/18148/330177/15944/12575/14191/18753/78388/16149/75296/70097/109910/68045/229841/12450/69068"
"GOBP_RELAXATION_OF_CARDIAC_MUSCLE",0.627829313543599,0.795342177688946,0.0201748891170302,0.435792934083786,0.85111903206343,16,"16518/11928/18438"
"GOBP_SCF_DEPENDENT_PROTEASOMAL_UBIQUITIN_DEPENDENT_PROTEIN_CATABOLIC_PROCESS",0.62844702467344,0.795342177688946,0.024355092025074,-0.348819574474682,-0.890733165144969,41,"50789/75717/101358/26965"
"GOBP_AUTOPHAGY_OF_MITOCHONDRION",0.630575117370892,0.797326073984794,0.0166190970280354,0.352320435232618,0.86811850126185,110,"56486/74772/320528/15944/12257/71648/66169/59026/14232/11983/56208/11739/20787/67391/76561/14466/12176/15194/22333/67443/66536/15277/14367/12539/72344/12177/11740"
"GOBP_CELLULAR_RESPONSE_TO_CARBOHYDRATE_STIMULUS",0.631163990825688,0.797326073984794,0.0162678607057725,0.349998237041825,0.874759106493341,123,"56644/16000/18751/14694/15251/67041/109552/66437/22228/384783/213053/192185/20586/14775/13057/52055/20909/218461/22282/53357/14456"
"GOBP_COLLAGEN_METABOLIC_PROCESS",0.63226392251816,0.797326073984794,0.0170325175846557,0.357568254037544,0.863622162596691,92,"13030/22352/13039/15251/17390/13040/14718/14789/27419/17387/54683"
"GOBP_CORTICOSTEROID_HORMONE_SECRETION",0.6328125,0.797326073984794,0.0200940512742669,0.43762505537096,0.849270768317323,15,"12257/19247"
"GOBP_GAMMA_AMINOBUTYRIC_ACID_TRANSPORT",0.63374255952381,0.797326073984794,0.0200716906249243,0.436942799889911,0.847946759032507,15,"21366/102857"
"GOBP_INTESTINAL_EPITHELIAL_CELL_DIFFERENTIATION",0.633808906182447,0.797326073984794,0.022402563681916,-0.417238420021282,-0.87055417897418,15,"16195/77929/81897/20682/12396/12142"
"GOBP_LATE_ENDOSOME_TO_VACUOLE_TRANSPORT",0.63170272812794,0.797326073984794,0.0238099380467155,-0.358442903353501,-0.888018398366445,35,"72543/75669/20844/71817/67123/330192/116733/68942/20479/15239/105513"
"GOBP_MRNA_CIS_SPLICING_VIA_SPLICEOSOME",0.633949191685912,0.797326073984794,0.0234574445337431,-0.370026950493148,-0.88362830101668,29,"20383/66810/50912/68092/70312/225027/54614/67465"
"GOBP_NEGATIVE_REGULATION_OF_INTERFERON_BETA_PRODUCTION",0.632467532467533,0.797326073984794,0.0200627577742511,0.434337170520171,0.848275874273866,16,"270151/19698/338467/18733/64685/74019/268857"
"GOBP_NUCLEOBASE_CONTAINING_SMALL_MOLECULE_BIOSYNTHETIC_PROCESS",0.633725202057311,0.797326073984794,0.0198810539903722,0.427110964782575,0.841380808270653,17,"11821/15452/21877"
"GOBP_NUCLEOTIDE_TRANSMEMBRANE_TRANSPORT",0.63278614796492,0.797326073984794,0.0230575968465283,-0.382927375298062,-0.875887743065374,23,"230125/241296/73836/239273/56392/20509"
"GOBP_ORGANELLE_FUSION",0.633457351522668,0.797326073984794,0.0156425559987369,0.343916107783823,0.880489589032701,161,"12306/75608/74772/387524/216238/218035/226421/77573/68953/12752/26949/59026/12018/20619/53612/74732/53331/216724/20909/73205/55943/228960/208092/100317/66980/19349/12044/12176/12534/209018/66371/74143"
"GOBP_POSITIVE_REGULATION_OF_CD4_POSITIVE_ALPHA_BETA_T_CELL_DIFFERENTIATION",0.631899703987463,0.797326073984794,0.0191178037735758,0.391630986462361,0.843350017634966,32,"14744/12522/16186/80859/243910/16160/16859/74143/15284/57261"
"GOBP_POSITIVE_REGULATION_OF_T_CELL_MIGRATION",0.633815079226885,0.797326073984794,0.0190724074332127,0.391812187583116,0.845138145755155,33,"11820/55985/20304/15945/11501/232341/11629/16859/12772/11491/53416/230979"
"GOBP_POSITIVE_REGULATION_OF_VASCULAR_ENDOTHELIAL_GROWTH_FACTOR_PRODUCTION",0.634159292035398,0.797326073984794,0.0193094736922266,0.400539035560916,0.84423087707934,28,"12266/15251/72043/12215/15442/16176/12267"
"GOBP_PROTEIN_K63_LINKED_UBIQUITINATION",0.633727175080559,0.797326073984794,0.025961440532814,-0.327623282404523,-0.903605163174158,65,"70510/28000/338364/74287/22034/93765/11798/67245/13205/71956/67128/213753/19822/22193"
"GOBP_PROTEIN_TARGETING_TO_MITOCHONDRION",0.632368225686711,0.797326073984794,0.0167520109630121,0.354329118353635,0.867064646632399,102,"12257/15525/268749/15510/66437/67952/66169/66177/59026/67067/69617/11983/67184/15519/19155/20787/19354/22195/21856/56459/66148/66119/26926/30057/54673/14367/72344/12177/53375/21854"
"GOBP_REGULATION_OF_KERATINOCYTE_DIFFERENTIATION",0.632939603298418,0.797326073984794,0.0229102368569071,-0.385128711003113,-0.874546173292462,22,"17979/81535/54616/101706/74155"
"GOBP_SPLEEN_DEVELOPMENT",0.630429678328246,0.797326073984794,0.0238160000609887,-0.363644186274274,-0.890336298127895,33,"11350/68964/53945"
"GOBP_POSITIVE_REGULATION_OF_MITOCHONDRIAL_TRANSLATION",0.634431916738942,0.797401349408972,0.0224350400847643,-0.409187496301861,-0.868046069914782,16,"52575/13205/83485/75619/227682/234384"
"GOBP_NEGATIVE_REGULATION_OF_CHONDROCYTE_DIFFERENTIATION",0.634708205353225,0.79748117789604,0.022615214154594,-0.407229612761917,-0.874386377216043,17,"21812/20682"
"GOBP_FIBROBLAST_GROWTH_FACTOR_RECEPTOR_SIGNALING_PATHWAY",0.635109114249037,0.797717479961592,0.017827051349042,0.367204735602478,0.851157653380238,62,"80752/72043/29875/19247/12387/21825/14164/16558/12393/14219/26427/14173"
"GOBP_NEGATIVE_REGULATION_OF_CARTILAGE_DEVELOPMENT",0.635432895615402,0.797856781496324,0.0228260182989026,-0.392821824047826,-0.874699373799614,20,"21812/20682"
"GOBP_POSITIVE_REGULATION_OF_ACTIVATED_T_CELL_PROLIFERATION",0.635687057542204,0.797908604041587,0.0196544041818826,0.415281244324955,0.83762837541565,20,"16000/27050/16160/16184"
"GOBP_RESPONSE_TO_CALCIUM_ION",0.635907093534212,0.797917571665961,0.0286261470897588,-0.309395735409364,-0.921753584060474,110,"12314/11690/22142/56338/13631/16476/12443/11514/19055/17258/19141/17260/69162/234779/233011/18019/11518/78506/18439/22063/16478/16440"
"GOBP_HEMOSTASIS",0.636794939377965,0.79876420106714,0.0149219628586776,0.340296208040215,0.888998293744982,204,"11816/26362/11747/74012/12306/56193/17886/14751/104418/12527/14127/94245/18753/14683/20720/18793/15442/227333/18787/11774/27973/21894/27027/11465/59048/192176/18590/57875/20779/67391/545486/13007/98932/14456"
"GOBP_REGULATION_OF_CALCIUM_ION_TRANSPORT",0.637518384810804,0.799404117186648,0.0151144969402756,0.340256989337096,0.883110656088724,186,"16854/65973/11820/67972/18854/12257/18438/320790/75909/20303/17329/12289/20302/170756/20304/109552/15945/14873/22228/22627/12018/20296/12523/12315/14360/13057/18733/13367/228071"
"GOBP_POSITIVE_REGULATION_OF_CD4_POSITIVE_ALPHA_BETA_T_CELL_ACTIVATION",0.638101741208604,0.799764143406582,0.018675158011353,0.383706128052601,0.844835633177817,40,"14744/12522/16186/80859/243910/16160/12487/16859/74143/15284/57261"
"GOBP_REGULATION_OF_PROTEIN_LOCALIZATION_TO_NUCLEUS",0.638232271325797,0.799764143406582,0.0301560446411683,-0.302445713656779,-0.927794206283302,138,"21803/17127/54354/14645/29810/22433/12466/50523/328572/11651/13666/18708/12488/22631/26416/66810/12468/15163/56637/18015/217127/16480/319757/18760/52065/53414/19164/24069/21416/228607/23988/20019/22218/231803/16798/67459/94275/15587/19056"
"GOBP_CELLULAR_RESPONSE_TO_ABIOTIC_STIMULUS",0.6384796335273,0.799806706704652,0.0139826097512245,0.333264323158261,0.897875190816949,295,"19219/14744/16518/11928/18148/19941/54446/226695/12257/17390/12575/18753/66656/270627/71175/16176/19698/14718/12363/12752/11545/12018/72931/66915/15461/232341/19362/21926/18810/11920/20719/13057/22040/56349/224008/63873/52055/50883/65964/12925/12048/11565/18081"
"GOBP_REGULATION_OF_DNA_STRAND_ELONGATION",0.639315489249671,0.80058618566915,0.0225002520992556,-0.405538329519515,-0.870754924637877,17,"101185/56505/235134/56249/98415/56456/20174/225280/69714/109275/70020/233875/227195"
"GOBP_HOMOPHILIC_CELL_ADHESION_VIA_PLASMA_MEMBRANE_ADHESION_MOLECULES",0.640050298648224,0.801238650412005,0.028537834376569,-0.308619851373986,-0.920637488030476,111,"18613/26365/22295/65945/93701/93700/93724/93709/207683/93713/18763"
"GOBP_MATING_BEHAVIOR",0.640838650865998,0.801957683955179,0.0195983892032361,0.416791200165998,0.835415478479549,19,"11820/217124/20720/17977/69064/70093"
"GOBP_NEGATIVE_REGULATION_OF_HYDROLASE_ACTIVITY",0.641281874569263,0.802244481270226,0.0187391509567362,0.384052470760823,0.839316640334252,37,"21858/225896/54153/13601/14433/11983/19777"
"GOBP_LYMPH_VESSEL_MORPHOGENESIS",0.641664811929668,0.802428659051408,0.0226703389137716,-0.384814495323015,-0.866005527431476,21,"11481/18763/19056/56048/13836/320924"
"GOBP_PROTEIN_INSERTION_INTO_MEMBRANE",0.641857289177194,0.802428659051408,0.0185877030881255,0.382567006868352,0.842327541446664,40,"67775/56495/232341/414077"
"GOBP_SEQUESTERING_OF_CALCIUM_ION",0.642384105960265,0.802551876379691,0.0285290358596046,-0.308147739468561,-0.920294549635838,112,"12774/21803/11350/12314/12721/16416/224860/17096/54368/238871/18754/11793/56384/234779/13198/72828/18760/19164/18439/22063/16440/66092/18803/18607"
"GOBP_TYROSINE_PHOSPHORYLATION_OF_STAT_PROTEIN",0.642304230423042,0.802551876379691,0.019372624676316,0.407405490675285,0.835961871910131,23,"547253/80285/16453/16452/18413/52023/101490"
"GOBP_AMINO_ACID_TRANSPORT",0.643588285470572,0.802687551178953,0.0158648077830046,0.344626167210145,0.86534854873825,130,"20496/11539/14580/21366/94245/245944/18173/234967/72055/73822/625098/22228/12752/117160/319352/102857/21926/18023/18000/105727"
"GOBP_CELL_FATE_COMMITMENT",0.643991853360489,0.802687551178953,0.0332983312213635,-0.292093663569863,-0.935017340233386,198,"16194/433759/16195/19325/21812/50523/328572/22761/16911/20852/17125/18027/21349/18129/12540/16364/17126/19646/17260/229542/214498/68634/22059/14312/216850/17129/14912/20682/319757/234366/14369/19164/15205/24069/21416"
"GOBP_CYTOPLASMIC_MICROTUBULE_ORGANIZATION",0.643774069319641,0.802687551178953,0.0176273666675132,0.364963606422114,0.845962855848689,62,"56430/12795/18536/67533/21894/108686/233977/63873/105439/20874/75991/67661/13424/22350/67886/83679/66411/231912/170833"
"GOBP_MITOCHONDRION_LOCALIZATION",0.643642329778507,0.802687551178953,0.0179581895719328,0.371386953214424,0.845809925506534,53,"68196/15251/67095/19294/16561/16573/70827/72416/74143"
"GOBP_POSITIVE_REGULATION_OF_BLOOD_PRESSURE",0.642844120328168,0.802687551178953,0.0195511904655164,0.415959818372597,0.833749058414881,19,"11539/15902/232341/13057"
"GOBP_POSITIVE_REGULATION_OF_MITOCHONDRIAL_MEMBRANE_PERMEABILITY",0.643822393822394,0.802687551178953,0.023919511552438,-0.348486688850027,-0.885301171925891,40,"14629/12122/11909/193740/56637/22059/66725/22334/214952/12125/20544"
"GOBP_SIGNAL_RELEASE",0.643612596553773,0.802687551178953,0.0132743746450564,0.329870900839524,0.90452246283847,373,"80885/20750/18751/11539/14127/15251/94245/12257/18438/320790/16181/67041/18717/14683/11303/170756/20304/109552/16176/17319/21934/22228/384783/104015/11501/13722/20619/12894/74732/19063/192185/21926/12315/27060/67267/98170/18733/63873/52055/20787/20909"
"GOBP_POSITIVE_REGULATION_OF_PROTEIN_LOCALIZATION_TO_NUCLEUS",0.644667059516794,0.802995061172797,0.0272645640818413,-0.313046969314299,-0.912538453025974,92,"21803/17127/29810/22433/12466/328572/11651/13666/18708/12488/26416/66810/12468/15163/217127/16480/319757/18760/19164/21416/228607"
"GOBP_REGULATION_OF_SNARE_COMPLEX_ASSEMBLY",0.64453125,0.802995061172797,0.0198152437300378,0.433204215126795,0.840691528292805,15,"218035/77573"
"GOBP_HIPPOCAMPUS_DEVELOPMENT",0.64551920341394,0.803789360264268,0.0266342338311079,-0.31684463853958,-0.905540783006394,81,"433759/19211/22142/12569/12928/16795/14055/12227/19280/12929/217734/56637/73242/216850/319757/102774"
"GOBP_AMMONIUM_ION_METABOLIC_PROCESS",0.646399706098457,0.804351294308439,0.0195812050544898,0.422602335557819,0.832499102076927,17,"11977/100434/11669/110695/71816/320981"
"GOBP_HORMONE_MEDIATED_SIGNALING_PATHWAY",0.646341463414634,0.804351294308439,0.0319289469770344,-0.294138602971092,-0.927121796771222,174,"433759/14815/328365/16969/65112/18479/50523/72068/328572/101206/27057/14228/19060/17979/94186/22629/58184/228790/12929/74155/13982/19697/14081/56736/54608/26381/72993/21833/381022/20181/77889/13017/15468/22378/21416/99982/20182/24074/13207/12952/66663/13132/16798/228545/108655/67490/381489/353187/11848/71732/320795/234594"
"GOBP_POLYSACCHARIDE_CATABOLIC_PROCESS",0.647098821396192,0.804953993558888,0.0228260182989026,-0.378105890672238,-0.870829078338012,24,"244416/67841/67526/66840/19045"
"GOBP_IMMUNE_RESPONSE_TO_TUMOR_CELL",0.6484375,0.805243180444777,0.0230120669110781,-0.36830222045303,-0.874951978192559,28,"21803/26365/171285"
"GOBP_NUCLEAR_MEMBRANE_ORGANIZATION",0.647852760736196,0.805243180444777,0.024091911219722,-0.342028235902868,-0.882161328825348,44,"18750/59126/74122/13726/386649/22367/116733/68942/14245/30931/20479/105513/50850"
"GOBP_NUCLEOTIDE_SUGAR_METABOLIC_PROCESS",0.648416400687454,0.805243180444777,0.0240857125878065,-0.339741379982113,-0.88245805848001,45,"17308/67980/75540/234730/15275/54342/50798/58193/53618/24060/109785/107652/229782"
"GOBP_PHAGOSOME_MATURATION",0.648207720588235,0.805243180444777,0.023017748942985,-0.368364637005699,-0.875100257196044,28,"12721/270160/68365/218756/331004/170749/106572/18439/67166"
"GOBP_REGULATION_OF_CARDIAC_MUSCLE_CONTRACTION_BY_CALCIUM_ION_SIGNALING",0.648082386363636,0.805243180444777,0.0190312823352533,0.396450659453932,0.830940121288697,27,"65973/14873/12315/12313"
"GOBP_REGULATION_OF_NEURON_APOPTOTIC_PROCESS",0.648620374002877,0.805243180444777,0.0145446435391602,0.336541275065127,0.883230540529229,213,"26362/18186/74772/14824/11820/18008/15258/19877/15251/17390/245944/11977/20302/66437/12633/17948/12363/22228/12752/11501/11545/15461/22340/20296/19063/21926/14360/11920/26400/112407/20655/12048/56312/19766/66168/14130"
"GOBP_NUCLEOTIDE_TRANSPORT",0.649065660894908,0.80552917120335,0.0184851347670087,0.381658978612319,0.838175382750333,39,"11732/227731"
"GOBP_FERTILIZATION",0.649343313091371,0.805606996844244,0.015639407481569,0.343187800941472,0.865434848685269,137,"17886/12527/29876/110147/104111/13164/19294/319448/21454/11774/380773/14276/12461/11674/12048/22215/15078/140559/56449/12534/70093/77772/192195"
"GOBP_PROTEIN_LOCALIZATION_TO_CILIUM",0.649921011058452,0.806056899221402,0.0172585755195822,0.361533884595123,0.845500792173434,68,"73834/13196/54189/108686/56350/110350/208518/13660/27008/81896/94187/55978/17274/68146/544696/74407/105428/230872/22158"
"GOBP_AMINO_ACID_METABOLIC_PROCESS",0.650592988400886,0.806623394153662,0.0144518571034085,0.335452553412981,0.882626683265674,221,"107272/17769/107508/192166/11977/22321/14660/14718/97541/22228/12752/109900/108037/66885/93747/110391/20768/70789/105727/11565/110842/11898/27364/70396/18263/15108/231691/110821/107045/194237/107885"
"GOBP_NEUROEPITHELIAL_CELL_DIFFERENTIATION",0.650857008687485,0.80668388510605,0.0232994328465699,-0.355100714662933,-0.875367065656115,34,"21803/11350/20677"
"GOBP_BARBED_END_ACTIN_FILAMENT_CAPPING",0.651771408225031,0.80668689592023,0.018986202263661,0.397423149218772,0.82584980102691,25,"28006/12332/12631/225115/12343/227753/12345/19230/110253"
"GOBP_BODY_MORPHOGENESIS",0.651587572550358,0.80668689592023,0.018363936698651,0.379650848350392,0.83590680837036,40,"65973/101476/17390/71175/71371/20397/19247/78892/77087"
"GOBP_LUNG_EPITHELIUM_DEVELOPMENT",0.651906227800142,0.80668689592023,0.0234104147078645,-0.352412651235319,-0.878189572395116,36,"26395/12912/12540/26450/74155/20682/21833/18763"
"GOBP_NEUROMUSCULAR_PROCESS",0.651935594381638,0.80668689592023,0.0297639268989764,-0.301320698423864,-0.924343065903567,138,"15212/19211/11350/22142/26889/17257/212937/22295/226594/230709/16795/229285"
"GOBP_PROTEIN_MATURATION",0.651383489595244,0.80668689592023,0.0125399487417962,0.326772041874625,0.911405224690891,497,"12874/64138/12306/13039/17886/14824/11502/12017/15528/70604/13036/12010/15525/78388/19386/27392/20720/15451/67397/18087/16149/55988/18793/72117/13040/18655/56612/70356/228005/15510/231580/64136/78928/12363/93684/12752/11501/76483/11545/21371/68250/21454/14232/18787/12461/53381/69617/15519/414077/13806/215280/27419/17387/13418/56330/192176/66887/67199/78244/66861/13480/64930/20779/15526/67877/110350/66162/72429/227753/17869/14297/23950/232670/11491/108903/50527/241062/67661/243912/12955/16790/67759/69253/26926/108148/73635/21356/22791/21825/12759/268373/12153/104009/276846/12334/19165/239827/18550/12369/66411/320011/54673"
"GOBP_ATTACHMENT_OF_SPINDLE_MICROTUBULES_TO_KINETOCHORE",0.652486910994764,0.806788286436682,0.0177157251566562,0.36752600658052,0.838710745083672,54,"16319/229841/73804/66977/56208/26934/64383/51944/66468/19645/11789/12534/52276/20877/67037/66302/18005/67629/268697/67052/51810/11799/54141/76464"
"GOBP_PHAGOCYTOSIS_ENGULFMENT",0.652878567972908,0.806788286436682,0.0237314012064808,-0.343621658275277,-0.87745995260973,41,"105855/75415/217303/140580/330662/12540/19353/234779/12725/105722"
"GOBP_POSITIVE_REGULATION_OF_NEUROTRANSMITTER_TRANSPORT",0.652424175337613,0.806788286436682,0.0223217471288036,-0.392572932778151,-0.8640257636133,19,"20910/19055/78506/226407"
"GOBP_PYRIMIDINE_NUCLEOSIDE_MONOPHOSPHATE_METABOLIC_PROCESS",0.652689152233364,0.806788286436682,0.0193220780175963,0.412456233905937,0.826726480461119,19,"13178/66588/50773/110074/76654/68556/22171/80914/20425/331487"
"GOBP_APPENDAGE_DEVELOPMENT",0.656099241902136,0.807234843819786,0.0297542703547708,-0.298329413428729,-0.92261799483131,144,"58198/433759/19079/56758/18027/18129/20481/16795/74155/230857/242291/233812/12162/17701/20682/140482/19164/12125/16973/244585/19206/277939/26570/71492/56873"
"GOBP_BLASTODERM_SEGMENTATION",0.655425853869434,0.807234843819786,0.0218735929051576,-0.409224940073117,-0.853834317805486,15,"70350/212937/327826/218850"
"GOBP_CELL_REDOX_HOMEOSTASIS",0.65373489875787,0.807234843819786,0.0182670477184187,0.377258553754396,0.834495920135782,42,"18477/18173/11758/53381/14775/18023/56551/54683/66162/50527"
"GOBP_GLUCAN_METABOLIC_PROCESS",0.656342412451362,0.807234843819786,0.016896695205974,0.357341619690494,0.844997098331112,74,"18605/16000/14387/110094/384783/27357"
"GOBP_INTRACILIARY_TRANSPORT",0.656792983617409,0.807234843819786,0.0177861173824647,0.369349696198836,0.833194913070026,48,"18536/66061/56350/99167/110350/67661/67286/74019/73916/81896/12589/55978/71820/72938"
"GOBP_MEIOTIC_CELL_CYCLE_PROCESS",0.657027572293208,0.807234843819786,0.0147645050085958,0.336507519341315,0.870110466257703,179,"17886/74117/16319/223593/110147/21973/13164/270627/19360/70099/14211/71836/20892/19362/66977/12442/11920/22589/68298/64383"
"GOBP_MODIFICATION_OF_POSTSYNAPTIC_STRUCTURE",0.656492134303827,0.807234843819786,0.0231606595654431,-0.359068186900968,-0.873735804268903,32,"11852/66610/20430/68942/20853/215449/11848/18643/239719/112405"
"GOBP_NEGATIVE_REGULATION_OF_REGULATED_SECRETORY_PATHWAY",0.657978241160471,0.807234843819786,0.0225603359342125,-0.375004864098217,-0.863686994123045,24,"105855/26365/217303"
"GOBP_ORGANIC_ACID_TRANSMEMBRANE_TRANSPORT",0.656902356902357,0.807234843819786,0.0293081657410513,-0.299819538460698,-0.917003061871858,132,"19735/19299/50934/26889/52466/11651/114644/20503/67863/67760/241296/83429/11666/20512/14081/57274/17250/54208/243328/208890/268706/80879/19164/17254/104681/66859/55963/20539"
"GOBP_PERIPHERAL_NERVOUS_SYSTEM_AXON_ENSHEATHMENT",0.657858455882353,0.807234843819786,0.022781336708526,-0.365647880568833,-0.868646233063961,28,"11651/20481/67453/18015/16202"
"GOBP_POLYSACCHARIDE_BIOSYNTHETIC_PROCESS",0.657454906503392,0.807234843819786,0.0177712652440938,0.369132213314635,0.832704305836121,48,"18605/16000"
"GOBP_PROTEIN_HYDROXYLATION",0.655642023346304,0.807234843819786,0.021868416932779,-0.408749375093818,-0.852842067187527,15,"210530/18822/107817/270086/66180/112406/194952/18453"
"GOBP_PROTEOGLYCAN_CATABOLIC_PROCESS",0.654545454545455,0.807234843819786,0.0195426283077078,0.425977069433083,0.831948300812507,16,"110006/12091/15211/15442"
"GOBP_REGULATION_OF_CALCIUM_ION_TRANSMEMBRANE_TRANSPORTER_ACTIVITY",0.653954305799649,0.807234843819786,0.0187431615014362,0.388737411797554,0.828606116316449,30,"65973/75909/12315/12313/15194/66395/381812/116873/15114/74777"
"GOBP_REGULATION_OF_MYOBLAST_FUSION",0.657132446711605,0.807234843819786,0.0192091004452495,0.412031235144521,0.820737554458486,18,"20293/17329/12633/15945/193385"
"GOBP_REGULATION_OF_RECEPTOR_SIGNALING_PATHWAY_VIA_STAT",0.657253599114064,0.807234843819786,0.0258610368354664,-0.319028280060823,-0.895047371650425,72,"21803/16923/68095/328572/229900/16197/22346/19353"
"GOBP_REGULATION_OF_RUFFLE_ASSEMBLY",0.656814159292035,0.807234843819786,0.0187833384792023,0.392339001725266,0.826947363757209,28,"23790/18438/231532/15461"
"GOBP_REGULATION_OF_TRANSCRIPTION_BY_RNA_POLYMERASE_I",0.657615112160567,0.807234843819786,0.0180489113734037,0.374880284283476,0.836350047118794,45,"68077/17975/93762/22385/110052/20586/116848/192176/56200/320209/72515/68895/17913/56717/105372/103136"
"GOBP_REGULATION_OF_VESICLE_SIZE",0.654035343414101,0.807234843819786,0.019280113640365,0.413407923595961,0.823479822074409,18,"223593/72368/75620/14533/11773/74018"
"GOBP_RESPONSE_TO_L_GLUTAMATE",0.655111891180342,0.807234843819786,0.0221140852246087,-0.399875302239443,-0.858595509525812,17,"22142/12912/110213"
"GOBP_RETINAL_GANGLION_CELL_AXON_GUIDANCE",0.655857168883221,0.807234843819786,0.0192382916559956,0.412765014634766,0.822199192152347,18,"18186/68193"
"GOBP_VITAMIN_TRANSMEMBRANE_TRANSPORT",0.657552083333333,0.807234843819786,0.0195127076095311,0.429029254491991,0.83258945099513,15,"20778/26457/67283"
"GOBP_BINDING_OF_SPERM_TO_ZONA_PELLUCIDA",0.659247718673492,0.807782998129257,0.0222414600414195,-0.380139324808292,-0.855484293027255,21,"14595/12468/12745/15482/22334"
"GOBP_GANGLIOSIDE_BIOSYNTHETIC_PROCESS",0.658716392020815,0.807782998129257,0.0218425698601399,-0.400927537934275,-0.850523480726589,16,"20448/20454/56386/20444"
"GOBP_POSITIVE_REGULATION_OF_TELOMERE_MAINTENANCE_VIA_TELOMERE_LENGTHENING",0.659151429078644,0.807782998129257,0.0187752926573589,0.393635575304679,0.822205015872615,26,"15382/11991/21454/12461/15519/11920/53379/12387"
"GOBP_SIGNAL_TRANSDUCTION_INVOLVED_IN_REGULATION_OF_GENE_EXPRESSION",0.659287137480629,0.807782998129257,0.0221563964846981,-0.38989924121568,-0.85814115415339,19,"17127/19697/23863/17701"
"GOBP_POSITIVE_REGULATION_OF_TRANSCRIPTION_BY_RNA_POLYMERASE_I",0.659933832491729,0.807921934784622,0.018469429844066,0.38268128558896,0.825442807465616,33,"17975/93762/22385/110052/20586/56200/320209/72515/68895/17913/56717/105372/103136"
"GOBP_REGULATION_OF_CARBOHYDRATE_METABOLIC_PROCESS",0.660047215664491,0.807921934784622,0.0151600115061266,0.339250378717109,0.865400865759594,156,"227659/18605/16000/56193/11820/20185/15251/58801/19386"
"GOBP_REGULATION_OF_TRANSCRIPTION_OF_NUCLEOLAR_LARGE_RRNA_BY_RNA_POLYMERASE_I",0.659970238095238,0.807921934784622,0.0194573329366398,0.428178514989394,0.830938475617599,15,"68077/17975/20586/320209/56717/103136"
"GOBP_CERAMIDE_TRANSPORT",0.66108630952381,0.808401790569409,0.0194318591988385,0.42770729607156,0.830024011403352,15,"19156/56356/12752/11305/18830"
"GOBP_CYTOSOLIC_TRANSPORT",0.661072393685109,0.808401790569409,0.0154829104856454,0.341011204333694,0.856910735079331,131,"320528/28006/226421/245944/16562/16783/103724/13191/55988/20660/231580/70834/78885/16561/231834/16573/12752/75089/13858/53612/54198/216724/56433/233979/228960/226089/70028/19349/231855/224705/73288/19342/18711/66460/70297/72477/97761/16558/19347/211286"
"GOBP_ENDOSOME_TO_LYSOSOME_TRANSPORT",0.66084385917764,0.808401790569409,0.0252680562881312,-0.323582664799603,-0.88976387260474,64,"11555/67298/11852/20661/269523/320191/116733/68942/213326/20615/20479/105513/16553/100504663"
"GOBP_COGNITION",0.66188602614545,0.808851915876474,0.0138211344552716,0.331348368662572,0.884082133106716,262,"11816/24088/16402/11820/11539/14751/15251/94245/12010/320790/17159/217124/104111/14683/18174/67092/71175/11980/14790/104015/12752/72895/319352/14667/19063/211612/21926/14360/18733/218461/55934/64930/20393/70028/110891"
"GOBP_MEIOTIC_SPINDLE_ORGANIZATION",0.661804922515953,0.808851915876474,0.0191136699293952,0.408441395294513,0.818679145684747,19,"17886/223593/12442/22589/66468"
"GOBP_CELLULAR_RESPONSE_TO_LAMINAR_FLUID_SHEAR_STRESS",0.662836079791847,0.808963100203877,0.0217448459447655,-0.3994457976997,-0.847380132508762,16,"22433/11651/18749"
"GOBP_MITOTIC_SPINDLE_ORGANIZATION",0.662459225641753,0.808963100203877,0.0154115243489639,0.340525313471975,0.856595208004515,133,"75608/16765/16319/72776/12795/13191/68953/108989/229841/17758/24061/66977/193385/26934/19384/50883/110854/192176/208092/21335/26886/70799/233064/16551/52276/66371/18817/13424/20877/75786/233406/13006/235587/66302/18005/218977/16571/16563/18541/18140/268697/67052/52023/209737/100502766/51810/71819/76123/11799"
"GOBP_NEGATIVE_REGULATION_OF_NERVOUS_SYSTEM_DEVELOPMENT",0.662648873583011,0.808963100203877,0.0155765910596896,0.34241576291906,0.854915235144343,122,"20750/24088/18186/12257/12010/52822/16176/20660/18536/15902/21926/70827/64383/68585"
"GOBP_SKELETAL_MUSCLE_CELL_DIFFERENTIATION",0.662840363053924,0.808963100203877,0.0251055771695922,-0.32243773347724,-0.884443973339306,63,"77578/65256/80288/217082/13726/16795/12227/67773/17260/246179/17684/13629/13207/70239/56771/353187"
"GOBP_MITOCHONDRIAL_RNA_PROCESSING",0.663368563076231,0.809344197398996,0.0223056475712756,-0.374514051491276,-0.856643552975628,23,"52575/75619/70359/380601/320720/66587/70047/66132/76357"
"GOBP_REGULATION_OF_NEUTROPHIL_CHEMOTAXIS",0.663589561512516,0.809350366595805,0.018675158011353,0.391695506426537,0.818152703371357,26,"227541/76763/12775/16149/17524/12267/193385/19354"
"GOBP_AXON_EXTENSION",0.664071856287425,0.809411810525291,0.0161593903837143,0.347648848555358,0.845871634299857,98,"11816/18186/14268/18187/52822/71653/16885/54214/22284/68585/73205"
"GOBP_REGULATION_OF_AXON_EXTENSION",0.664006259780908,0.809411810525291,0.0168069374986557,0.356262100620927,0.838781402354276,72,"11816/18186/14268/52822/71653/16885/54214/68585"
"GOBP_CELLULAR_COMPONENT_ASSEMBLY_INVOLVED_IN_MORPHOGENESIS",0.666666666666667,0.811751531247617,0.0160680499292015,0.346670733667555,0.844577500031649,99,"13823/12527/12633/19294/17929/75547/18810/11465/100317/22388/13007/11305/98932/77579/192119"
"GOBP_KERATINOCYTE_DIFFERENTIATION",0.666945840312674,0.811751531247617,0.0257543411829458,-0.315667179354334,-0.893835672102991,76,"56338/26395/50523/22234/17979/19055/81535/54616/101706/74155/16658"
"GOBP_POLARIZED_EPITHELIAL_CELL_DIFFERENTIATION",0.666547979348407,0.811751531247617,0.0186512455029815,0.391636997970474,0.813826113261083,25,"270163/20401/17698/76108/22350/55978/105782/94190/76260/71461"
"GOBP_POSITIVE_REGULATION_OF_D_GLUCOSE_IMPORT",0.666371681415929,0.811751531247617,0.0185679125673693,0.389488153179116,0.820938525279915,28,"16000/237542/384783"
"GOBP_REGULATION_OF_MITOCHONDRIAL_MEMBRANE_PERMEABILITY_INVOLVED_IN_APOPTOTIC_PROCESS",0.667074363992172,0.811751531247617,0.0235639219698724,-0.34016153404312,-0.873186943530129,43,"14629/12122/11909/193740/56637/22059/66725/12322/22334/214952/12125/75778/243382/71254"
"GOBP_CHROMOSOME_LOCALIZATION",0.667814607547711,0.812388558613704,0.0154642518289617,0.340881594733183,0.851084851448806,122,"75608/74117/16319/68953/108000/67849/229841/73804/14579/66977/11920/56208/26934/64383/51944/208092/66468/19645/11789/12534/52276/66371/74107/16905/13424/20877/67037/66302/71878/18005/218977/381293/67629/268697/67052/52023/100502766/51810/11799/17350/54141/52696/76464"
"GOBP_NEGATIVE_REGULATION_OF_MONONUCLEAR_CELL_MIGRATION",0.668672566371681,0.8131683253605,0.0185166042203274,0.388676529943804,0.819227837094814,28,"74748/12515/17319/20296/193385/338366"
"GOBP_MYOBLAST_PROLIFERATION",0.669338677354709,0.813511912657705,0.0189331368924328,0.407685212160406,0.812080579036824,18,"16000/67367/14775/12387/15234/19015"
"GOBP_RESPONSE_TO_ELECTRICAL_STIMULUS",0.669389204545455,0.813511912657705,0.0185481535161878,0.38930088859055,0.815954570560674,27,"17708/17390/11991/100986/11565"
"GOBP_EXIT_FROM_MITOSIS",0.670650263620387,0.814780287860359,0.0183678279613653,0.382403067283387,0.815104260184249,30,"75608/217124/68953/67849/68612/68193/64383/77891"
"GOBP_NEGATIVE_REGULATION_OF_NEURON_APOPTOTIC_PROCESS",0.671583087512291,0.815649193777079,0.0150751718205774,0.337329962242153,0.85500496549565,146,"26362/18186/14824/18008/15258/19877/15251/245944/11977/17948/22228/12752/11501/15461/22340/20296/19063/14360"
"GOBP_POSITIVE_REGULATION_OF_MICROTUBULE_POLYMERIZATION_OR_DEPOLYMERIZATION",0.672701286326822,0.816641128823042,0.0230007107181415,-0.347061553349409,-0.867344379622632,37,"17257/18479/12569/19353/15511/101706/193740/13589/12576/216963/50850"
"GOBP_SULFUR_COMPOUND_METABOLIC_PROCESS",0.672835593864875,0.816641128823042,0.0135657545946977,0.32937400810352,0.878525775034607,259,"76969/18605/54371/16000/17769/110006/12091/72043/171580/107476/18655/15442/58810/233781/14104/14873/66071/19063/68603/14775/14862/18023/27419/56360/67283/20655/22021/27376"
"GOBP_PHOTOTRANSDUCTION_VISIBLE_LIGHT",0.673363095238095,0.816860024939877,0.0191550708040492,0.422303792116919,0.819537779185058,15,"22139/18107/18108/11304"
"GOBP_REGULATION_OF_PROTEIN_CONTAINING_COMPLEX_DISASSEMBLY",0.673451834862385,0.816860024939877,0.0153281979272221,0.339212558711428,0.847802198312987,123,"65973/56193/18008/28006/70381/15944/20740/213556/12332/20401/12752/276770/12631/225115/232341/21926/20742/63873/12343/224432/269254/22388/56431/227753/12345/12176/74392/11789/19230/14168/110253/319278/225363/67886/17754/20877/50876/17318"
"GOBP_CONSTITUTIVE_HETEROCHROMATIN_FORMATION",0.675616835994195,0.817141868526977,0.0231779209216441,-0.339404824920044,-0.866691998067463,41,"433759/67246/20729/218850/14055/74522/12151"
"GOBP_PLASMA_MEMBRANE_TUBULATION",0.675382229115887,0.817141868526977,0.0217910389359205,-0.388400498139424,-0.843804952515707,18,"170625/13430/73178/23970"
"GOBP_POSITIVE_REGULATION_OF_GLIAL_CELL_PROLIFERATION",0.675478577939836,0.817141868526977,0.018807507340403,0.40414024636297,0.810057931054434,19,"14580/12257/13555/16176/21926"
"GOBP_POSITIVE_REGULATION_OF_JUN_KINASE_ACTIVITY",0.675595238095238,0.817141868526977,0.019105406391381,0.421522554451995,0.818021681548999,15,"330177/70097/21926/26409"
"GOBP_POSITIVE_REGULATION_OF_MYOBLAST_DIFFERENTIATION",0.674738107504723,0.817141868526977,0.0179356112759152,0.37328789644273,0.817454853892458,38,"20293/20588/68094/26992/17329/66923/20586/193385/67155"
"GOBP_POSITIVE_REGULATION_OF_SUPRAMOLECULAR_FIBER_ORGANIZATION",0.67553778268064,0.817141868526977,0.0147232047434709,0.334622481965688,0.856047884924954,160,"11816/14744/56430/56193/18186/11820/28006/108100/234407/12775/27050/13191/207495/12631/108686/16885/100986/14775/63873/20410/192176/84092/22388/56431/66468/105439/118449/227753/19645/17974/75991/19229"
"GOBP_REGULATION_OF_FIBROBLAST_PROLIFERATION",0.675646384889302,0.817141868526977,0.0163972193951681,0.351002729777799,0.834646843081876,80,"16000/14319/14268/21815/18854/12575/13555/16149/65972/17319/338467/15461/671535/13211/18590/56312/14456/17869/12571/12567/12387"
"GOBP_REGULATION_OF_PROTEASOMAL_UBIQUITIN_DEPENDENT_PROTEIN_CATABOLIC_PROCESS",0.674868766404199,0.817141868526977,0.0283543004756709,-0.301257342171251,-0.906428216079391,121,"15216/12398/414872/27373/14629/269523/11651/56353/19359/225131/211770/56371/15511/193740/19358/93687/74841/68034/56469/56637/94232/12328/66725/14198/12995/56812/79263/223870/19164/12606"
"GOBP_UBIQUITIN_DEPENDENT_PROTEIN_CATABOLIC_PROCESS_VIA_THE_MULTIVESICULAR_BODY_SORTING_PATHWAY",0.675211665098777,0.817141868526977,0.0227368170969895,-0.348278375399216,-0.862836457952317,35,"72543/20844/67123/330192/116733/68942/71943/20479/15239/105513"
"GOBP_MULTICELLULAR_ORGANISMAL_LEVEL_IRON_ION_HOMEOSTASIS",0.67616292009793,0.81723915657112,0.0218425698601399,-0.373787157478439,-0.841189062245462,21,"15216/53945/233489"
"GOBP_NEGATIVE_REGULATION_OF_PROTEASOMAL_PROTEIN_CATABOLIC_PROCESS",0.6760098928277,0.81723915657112,0.0173085641536971,0.361906806926352,0.820721502174845,51,"30940/20588/225896/68077/68135/56207/67025"
"GOBP_CORONARY_VASCULATURE_DEVELOPMENT",0.677140801151355,0.817366738394615,0.0230063875035758,-0.342461915953794,-0.865317524713969,39,"266781/21812/99683/114715/71770/15531/22666/77044/24069/12142"
"GOBP_ENERGY_RESERVE_METABOLIC_PROCESS",0.676795580110497,0.817366738394615,0.0162447769645752,0.349213727127604,0.835486441776589,83,"18605/16000/14387/110094/384783/27357"
"GOBP_PHOSPHOLIPID_TRANSLOCATION",0.676942355889724,0.817366738394615,0.0237193627932927,-0.33219788462964,-0.869078314928564,47,"26943/69981/70310/231287/17250/105722/18670/22334/18439/69076"
"GOBP_RESPONSE_TO_GROWTH_HORMONE",0.676919464663066,0.817366738394615,0.0226703389137716,-0.353727885386569,-0.860741022751239,32,"19303/20851/17096/11651/20852/18708"
"GOBP_MITOTIC_SPINDLE_ASSEMBLY",0.677976653696498,0.817585745834773,0.0164239133238307,0.350727138175226,0.829355993630777,74,"75608/16319/68953/108989/24061/193385/26934/50883/192176/208092/70799/16551/52276/66371/18817/20877/233406/13006/18005/16571/16563/18140/52023/209737/100502766/51810/71819/11799"
"GOBP_REGULATION_OF_LYMPHOCYTE_MIGRATION",0.677917529055883,0.817585745834773,0.0167554370344274,0.354678951107757,0.825063485376907,64,"11820/55985/20303/13601/20302/170756/20304/12515/15945/11501/17123/17698/232341/20296/193385/338366/11629/16859/12772/11491/53416/19229/230979/70045"
"GOBP_RESPIRATORY_BURST_INVOLVED_IN_DEFENSE_RESPONSE",0.677922077922078,0.817585745834773,0.0190148705497336,0.417993517596147,0.816356141370622,16,"14824/20085/74748/16889"
"GOBP_ESTABLISHMENT_OF_PIGMENT_GRANULE_LOCALIZATION",0.678344527137412,0.817655675589678,0.0186791479131903,0.39893737258254,0.80817199218195,21,"17918/13191"
"GOBP_POLYOL_BIOSYNTHETIC_PROCESS",0.678470958133377,0.817655675589678,0.0173085641536971,0.363278454297494,0.819499144749988,48,"56193/14718/14528/20280/110391/66190/11305/14466/227399/18106/104725/67078/320404/54447/13361/11886/20773"
"GOBP_FIBROBLAST_PROLIFERATION",0.678763440860215,0.817662047224463,0.0158073040653762,0.343656750820924,0.837234676278357,99,"16000/14319/14268/18477/21815/18854/12575/13555/16149/65972/17319/338467/15461/671535/14775/13211/18590/56312/14456/17869/12571/12534/12567/12387"
"GOBP_REGULATION_OF_ENDOTHELIAL_CELL_DEVELOPMENT",0.678912564290962,0.817662047224463,0.0188438492835558,0.409903715835254,0.80748364752981,17,"17931/19877/16176/21926/13610"
"GOBP_STRIATED_MUSCLE_CONTRACTION",0.679380717804363,0.817963035763172,0.0149369090792457,0.336346693514546,0.850390549734533,142,"16518/65973/11928/11539/14387/18438/245944/12289/109552/14790/14873/22340/21926/12315/15519/11674/100986/63873/192176/12313"
"GOBP_REGULATION_OF_ACTIN_FILAMENT_LENGTH",0.680045383633527,0.818500352555703,0.0150329461208797,0.336380643948362,0.846169245786052,133,"72042/56193/28006/19241/20740/108100/18753/213556/12775/12332/20401/207495/12631/225115/20742/12343/56378/73910/67771/277360/22388/56431/227753/12345/74392/17974/235041/19229/19230/110253/245857"
"GOBP_REGULATION_OF_MITOCHONDRIAL_MEMBRANE_POTENTIAL",0.680616740088106,0.818925053563474,0.0165245048559652,0.352425443234481,0.826758449171062,69,"14694/12257/66494/58801/16889/14718/22228/11545/12018/11983/20655/12048/20779/12176/67885/16542"
"GOBP_CAMP_METABOLIC_PROCESS",0.681312670920693,0.819236410205568,0.0186791479131903,0.401786520839422,0.805340128150532,19,"11513/104111/218461"
"GOBP_ESTABLISHMENT_OR_MAINTENANCE_OF_BIPOLAR_CELL_POLARITY",0.681286067600989,0.819236410205568,0.0171945912566478,0.362538833094942,0.818648101604581,49,"270163/29876/59079/20401/17698/76108/22388"
"GOBP_NEGATIVE_REGULATION_OF_INFLAMMATORY_RESPONSE_TO_ANTIGENIC_STIMULUS",0.681697141842713,0.819435820277898,0.0182747712049859,0.385999757122271,0.806255725707448,26,"217344/14191/14683/14360/14775/16160/20779/14130"
"GOBP_CENTRAL_NERVOUS_SYSTEM_NEURON_DEVELOPMENT",0.683020609043371,0.820763463512201,0.0161430331630881,0.348389397253777,0.831933981286489,82,"24136/18186/11977/18187/18080/14790/22272"
"GOBP_PLATELET_MORPHOGENESIS",0.683460922200463,0.821029338592094,0.018278634741349,0.384570253706968,0.799141338719397,25,"326618/17886/77573/59048/22388/545486/19247/19271"
"GOBP_MITOCHONDRIAL_TRANSPORT",0.684369425003431,0.821281699224908,0.01446631553994,0.332795688542632,0.854558855382998,167,"15525/58801/69029/170756/15510/68066/67952/22228/66169/12018/67067/55951/12894/30954/11983/67184/15519/11739/12048/15526/18674/21856/74919/12176/67681/68514/66148/66119/94280/26926/22333/19165/30057/15277/71701/12177/11740/234847/12028/53375/21854/70456/66972/74777"
"GOBP_MITOTIC_G2_DNA_DAMAGE_CHECKPOINT_SIGNALING",0.684547499567399,0.821281699224908,0.0178345082164737,0.371402717864299,0.808501213271506,36,"330177/12575/68077/11920/235559/76843/12534/18817/381921"
"GOBP_POSITIVE_REGULATION_OF_VASCULAR_ENDOTHELIAL_CELL_PROLIFERATION",0.684301821335646,0.821281699224908,0.0212479146540566,-0.392813754718934,-0.833310985975718,16,"20683/16002/67122/18803/18607/20848"
"GOBP_T_CELL_MIGRATION",0.684343834098464,0.821281699224908,0.0165346068667621,0.351513488862929,0.820613760682751,66,"20496/11820/66102/55985/13601/20302/20304/12515/15945/11501/17698/232341/20296/18810/193385/11629/16859/12772/11491/53416/230979/70045"
"GOBP_NEGATIVE_REGULATION_OF_LIPID_STORAGE",0.685370741482966,0.821743294650722,0.0185797830965084,0.401464280881922,0.79968891673441,18,"11307/11303/18035/21926"
"GOBP_REGULATION_OF_RENAL_SYSTEM_PROCESS",0.685157972079353,0.821743294650722,0.018707113212832,0.408068878780309,0.80386913792545,17,"11539/13057/14456/22139"
"GOBP_GLIAL_CELL_DIFFERENTIATION",0.686903841196185,0.823318067413911,0.0135086706271806,0.327670844740782,0.867037810183819,237,"24136/22352/16000/24088/14824/11820/14580/12527/241447/245944/20720/170768/17937/16971/16176/15902/17936/15461/18823/12799/21926/18810/74761/18023/27419/12580/64383/20655/212980/22388/72584/11305/19247/12259/14466/12176/19242/12571/19271/12534/216049/192119/12387"
"GOBP_REGULATION_OF_DOUBLE_STRAND_BREAK_REPAIR_VIA_NONHOMOLOGOUS_END_JOINING",0.687270220588235,0.823493857661351,0.0220877147325811,-0.354997793539215,-0.843345503942575,28,"22376/75698/66911/101185/54723/225888/73747"
"GOBP_FACULTATIVE_HETEROCHROMATIN_FORMATION",0.68791329904482,0.823595540926359,0.0186472645603962,0.407380623435255,0.802513319680857,17,"93762/116848/64383"
"GOBP_NUCLEOLAR_LARGE_RRNA_TRANSCRIPTION_BY_RNA_POLYMERASE_I",0.688014311270125,0.823595540926359,0.0182516150671623,0.386157144565564,0.797791041808195,24,"68077/17975/20018/20586/320209/56717/103136/21340"
"GOBP_PHOSPHATIDYLETHANOLAMINE_METABOLIC_PROCESS",0.687959047407078,0.823595540926359,0.0215718965502049,-0.370373534026909,-0.833506875598325,21,"192654/14245"
"GOBP_LYMPHOCYTE_MIGRATION",0.689769975786925,0.824452773224752,0.0157659269116235,0.343624814169944,0.829945057438388,92,"20496/11820/12642/66102/55985/20303/12775/13601/20302/170756/20304/12515/15945/11501/17123/17698/232341/20296/18810/193385/338366/11629/14456/16859/14466/12772/11491/53416/19229"
"GOBP_METHYLATION",0.6896,0.824452773224752,0.0316150962454774,-0.287964692707852,-0.918311572247741,191,"14852/67099/67674/70152/11651/140483/67667/78890/52575/98685/14055/75422/109095/73251/68215/54632/66083/208043/12846/83669/67148/210529/76894/102182/20638/110593/381022/57295/15468/15278/225888/101867/70359/19346/110109/66254/229700/209584/12142/14911/231803/18537/73419/27374/56335/66902/75284/228866/72722/71449/67493/328162/59035/22017/232187/74753/17299/224481/59052/84505/76781/73694"
"GOBP_POSITIVE_REGULATION_OF_PROTEIN_CONTAINING_COMPLEX_ASSEMBLY",0.689830281972471,0.824452773224752,0.013968620734384,0.329939798072245,0.856212651894041,187,"56644/16854/56430/56193/14694/28006/55985/108100/100038882/69104/12775/27050/11303/12332/13191/329679/208643/207495/12018/17698/14469/21926/15519/11920/100986/224008/67705"
"GOBP_REGULATION_OF_CELL_FATE_SPECIFICATION",0.688969917958068,0.824452773224752,0.0185126661813019,0.398816785419376,0.799387596197105,19,"107932/216848"
"GOBP_RETINA_DEVELOPMENT_IN_CAMERA_TYPE_EYE",0.68945064256461,0.824452773224752,0.0147733708030894,0.333984197861019,0.84222563548643,137,"18186/14824/17158/15258/21815/29876/15251/94245/320790/56612/12215/68193/20586/27060/27419"
"GOBP_FOCAL_ADHESION_ASSEMBLY",0.690939881456393,0.825252605385137,0.0253432361293712,-0.309384309917841,-0.883748735046145,80,"19211/11350/17127/110829/76499/109711/244895/13144/19353/50768/108911"
"GOBP_RNA_TEMPLATED_DNA_BIOSYNTHETIC_PROCESS",0.69073984914139,0.825252605385137,0.0165987692037546,0.353243746326179,0.817286731542817,60,"21745/18854/15382/11991/19360/70640/103677/21454/12461/15519/11920"
"GOBP_POSITIVE_REGULATION_OF_FATTY_ACID_OXIDATION",0.69140625,0.825283638535032,0.0187592166676672,0.414734637237702,0.804848807653627,15,"384783/12894/67885/19015/11652"
"GOBP_PROTEIN_LOCALIZATION_TO_CELL_SURFACE",0.691292875989446,0.825283638535032,0.0242165392930001,-0.319685884648636,-0.867705237593661,59,"15216/67943/233489/11651/269473/83964/11845/30931/22258/67387/22330"
"GOBP_REGULATION_OF_ACTIN_NUCLEATION",0.691946466306645,0.825665506436582,0.0223217471288036,-0.345188539154816,-0.850932330296472,34,"242687/12721/207278/20430/23789"
"GOBP_FATTY_ACID_BETA_OXIDATION",0.692534908700322,0.82610465875519,0.0244760079391778,-0.316739333693464,-0.873586563217356,65,"19299/74114/11651/11666/110826/11364/66841/19302/67460"
"GOBP_PROTEIN_TARGETING_TO_MEMBRANE",0.692834798152838,0.826199434768322,0.0154735779514473,0.339345940322945,0.828837725236788,101,"67775/53378/75608/11539/17938/20335/20813/16409/16414/15461/14360"
"GOBP_POSITIVE_REGULATION_OF_RELEASE_OF_SEQUESTERED_CALCIUM_ION_INTO_CYTOSOL",0.693058760873424,0.826203637326207,0.0180299567810725,0.381182257879789,0.796193189977374,26,"17329/109552/15945/14873"
"GOBP_3_UTR_MEDIATED_MRNA_DESTABILIZATION",0.693791329904482,0.826813960089666,0.0185205435068886,0.404888913668747,0.797604813577793,17,"17454/11991"
"GOBP_MEMORY",0.695222648186376,0.827993163458067,0.0152759926185111,0.338284659841109,0.830697941818885,106,"11816/16402/11820/94245"
"GOBP_RNA_DECAPPING",0.695081237480525,0.827993163458067,0.0214113248933093,-0.37425927066766,-0.83336599356518,20,"52830/75901/18983/56409/234699"
"GOBP_POSITIVE_REGULATION_OF_MRNA_PROCESSING",0.696001838235294,0.828394693460109,0.0218891339708054,-0.353138893004527,-0.838929433091609,28,"19655/28000/50912/20462/19656/214498/68092/12696/433702/27374"
"GOBP_REGULATION_OF_MRNA_METABOLIC_PROCESS",0.695854856998866,0.828394693460109,0.0129908588221402,0.324029611420634,0.866804414478214,271,"56489/22352/78781/72446/229663/18148/73158/19877/18458/17454/18753/18173/230753/15382/227331/13555/11991/13164/17975/17164/70640/19652/80744/224902/70439/11810/11758/67039/22608/214290/12537/66660/74645/381633/28036/233908/66870/237859/13211/19663/56403/59004/231386/72826/52502/56449"
"GOBP_CELL_CELL_ADHESION_VIA_PLASMA_MEMBRANE_ADHESION_MOLECULES",0.696645730322063,0.828897840395903,0.0138266738156551,0.328268065419253,0.851874410019496,187,"18301/54725/16402/22329/16181/12215/19294/16409/16414/232341/12523"
"GOBP_TRANSPOSITION",0.697029702970297,0.829091503247437,0.0181517649382029,0.3878928702229,0.795923612503732,23,"80287/17454/13435/214290/22040/75339"
"GOBP_NEGATIVE_REGULATION_OF_FIBROBLAST_PROLIFERATION",0.697409870493525,0.829280518594458,0.0177268136100523,0.370454472796478,0.79421862087927,31,"14319/65972/338467/671535/56312/17869"
"GOBP_CYCLIC_NUCLEOTIDE_METABOLIC_PROCESS",0.697893087236636,0.829591909598132,0.0176420501968652,0.368625363618786,0.798098576393393,34,"11513/104111/12799/218461"
"GOBP_POSITIVE_REGULATION_OF_INSULIN_SECRETION_INVOLVED_IN_CELLULAR_RESPONSE_TO_GLUCOSE_STIMULUS",0.698863636363636,0.829693034238489,0.0179093211497247,0.378175659667362,0.792636664913773,27,"15251/67041/192185/20909/53357"
"GOBP_PROTEIN_LOCALIZATION_TO_NUCLEUS",0.698537095088819,0.829693034238489,0.0367314785613611,-0.278883133980674,-0.932940122481572,298,"21803/56338/17127/54354/14645/29810/16969/22433/433693/15242/108705/12466/50523/328572/20963/16211/238799/11651/15568/19069/382030/13666/18708/12488/19055/76582/22631/26416/66810/11909/16648/53317/69482/13557/18141/12468/16646/229877/223697/30931/227720/107939/106021/15163/56637/18015/22059/217127/66725/230917/16480/26356/17701/170762/231841/20682/319757/72993/102774/18760/52065/18412/53414/19164/24069/21416/228607/77938/110379/234865/77053/23988/20019"
"GOBP_REGULATION_OF_MEMBRANE_LIPID_DISTRIBUTION",0.698748171029101,0.829693034238489,0.0166190970280354,0.354573180169767,0.81186050670898,56,"11307/75909/66494/11982/11303/50771/11980/76295/320940/11305/320091"
"GOBP_REGULATION_OF_PROTEIN_LOCALIZATION_TO_CELL_SURFACE",0.698427822772749,0.829693034238489,0.022402563681916,-0.340200417549472,-0.850197658770173,37,"15216/233489/11651/269473/11845/30931"
"GOBP_MAMMARY_GLAND_EPITHELIUM_DEVELOPMENT",0.699935608499678,0.830439037507411,0.0164506619388347,0.350636557093968,0.808621072308424,59,"12977/18854/15251"
"GOBP_REGULATION_OF_FATTY_ACID_OXIDATION",0.700156712519589,0.830439037507411,0.0175943909926015,0.368052426370444,0.792575232807676,32,"14077/384783/12894/66887/67885/11363/19015/11652/67800"
"GOBP_SPINAL_CORD_MOTOR_NEURON_DIFFERENTIATION",0.699977841790383,0.830439037507411,0.0212331669066452,-0.380754503401135,-0.827193933070615,18,"26889/16911/240880/24069/19206"
"GOBP_PYRIMIDINE_NUCLEOSIDE_MONOPHOSPHATE_BIOSYNTHETIC_PROCESS",0.700706845238095,0.830828616245612,0.0185600051766358,0.411155118887839,0.797902266860579,15,"13178/66588/110074/76654/68556/22171/80914/20425/331487"
"GOBP_EPIDERMIS_DEVELOPMENT",0.701510023431398,0.830992278072339,0.013346714988,0.325244336881502,0.856214045417564,223,"16592/11502/16765/19877/29876/12575/11977/14683/17937/15442/80859/18103/22608/320713/11774/17936/21926/18810/27419/20655/18590/59004/19143/21781/14466/50868"
"GOBP_REGULATION_OF_EXECUTION_PHASE_OF_APOPTOSIS",0.701129067965464,0.830992278072339,0.0211939263280767,-0.375130940103753,-0.825637148960768,19,"21937/12370/50768/209456/22059"
"GOBP_RESPONSE_TO_X_RAY",0.701304646372167,0.830992278072339,0.0217090382618752,-0.355042140326629,-0.832447286835627,26,"67454/12443/16819/22059/319583/98415"
"GOBP_POSITIVE_REGULATION_OF_AMINE_TRANSPORT",0.702970297029703,0.832458980495206,0.0180261693006538,0.385585757267425,0.791189610363089,23,"20496/94245"
"GOBP_NUCLEUS_ORGANIZATION",0.703374276436538,0.832674285560374,0.0144807885211238,0.330421976207459,0.833347161502231,138,"75608/18751/97165/15258/18854/20085/16906/13191/93762/68953/108989/19294/93684/18810/116848/18023/66870/64383/68585/208092/15078/103554/23825/320209/12534/54194/20817/67181/66371/71782/74107/18817/16905/230908/20962"
"GOBP_AMEBOIDAL_TYPE_CELL_MIGRATION",0.703849175176748,0.832710450935117,0.0133816638512862,0.325179962344802,0.852311257746377,208,"24136/23790/18186/14268/11502/72446/21961/19877/18854/13036/12512/15251/17390/54126/18187/70097/18606/29875/20354/384783/12752/72674/12631/71371/18810/20397/68585/26921/15559/83409/75723/20779"
"GOBP_RESPONSE_TO_ALKALOID",0.703724137931034,0.832710450935117,0.0246563706853499,-0.311150156430684,-0.868526265959227,70,"21817/12912/71978/11514/19060/18754/20512/12846"
"GOBP_PROTEIN_LOCALIZATION_TO_SYNAPSE",0.704337012280429,0.83302465194921,0.0158520077577041,0.343922311715342,0.815320149139618,77,"56486/13823/108100/16573/73804/15461"
"GOBP_CARDIAC_MUSCLE_CONTRACTION",0.705109273479031,0.833181910798819,0.0150933079946957,0.335975892674452,0.824274244069521,105,"16518/65973/11928/11539/14387/18438/12289/109552/14873/22340/12315/15519/100986/192176/12313"
"GOBP_POSITIVE_REGULATION_OF_CELL_CYCLE_G2_M_PHASE_TRANSITION",0.705358732419441,0.833181910798819,0.0178121508606044,0.377868754983745,0.785215548543272,25,"18148/76843/12534/12531/116871/12567/57261"
"GOBP_POSITIVE_REGULATION_OF_ISOTYPE_SWITCHING",0.705359179019384,0.833181910798819,0.0215617988158999,-0.35642282468213,-0.828473632116007,25,"21803/75698/20852"
"GOBP_POSITIVE_REGULATION_OF_PROTEASOMAL_UBIQUITIN_DEPENDENT_PROTEIN_CATABOLIC_PROCESS",0.705192629815745,0.833181910798819,0.0248196464168114,-0.308827694372872,-0.874469149210913,76,"12398/414872/27373/14629/269523/11651/211770/56371/15511/193740/19358/93687/68034/56469/56637/66725/56812/19164/12606/66498/22218/13132"
"GOBP_C21_STEROID_HORMONE_METABOLIC_PROCESS",0.706390639063906,0.834137402398085,0.0179544237008143,0.384485914347016,0.788932825004039,23,"12257/20280/11677/110524/15108"
"GOBP_ADULT_LOCOMOTORY_BEHAVIOR",0.707849068619647,0.834639922569522,0.0161266962023766,0.346945575205222,0.807073903373387,64,"11820/15258/15211/320790/227331/15902/13014/19063/12799/64930/14297/18516"
"GOBP_CELLULAR_RESPONSE_TO_CHEMICAL_STRESS",0.707098381070984,0.834639922569522,0.0125886084921839,0.320617037443379,0.861719482371038,288,"74772/28240/14694/72446/11928/101476/18477/54446/18854/15251/12257/17390/18753/11977/27050/211329/18174/16068/19698/12752/11545/14528/67067/12631/21929/232341/14360/18810/11920/56208/20719/14775/22040/56349/18023/27419/63873/54683/20909/64383/11629/20655/18081/19766/269254/20779/50868/56449/14297/12176/11677/53416/12534/231549"
"GOBP_IRON_ION_TRANSPORT",0.708710217755444,0.834639922569522,0.0168482864293566,0.355649888034916,0.797307319212555,46,"14319/14325/12010/18173/18174/213053/67739/338365/14297"
"GOBP_L_ALPHA_AMINO_ACID_TRANSMEMBRANE_TRANSPORT",0.708789439793947,0.834639922569522,0.0162678607057725,0.348520178997199,0.803740383482927,59,"18173/234967/72055/625098/22228/12752/117160/21926/18000/105727/68267/320106/16513/102680"
"GOBP_MISMATCH_REPAIR",0.708488805970149,0.834639922569522,0.0218425698601399,-0.347528944066679,-0.839105120891758,31,"11350/217716/18861"
"GOBP_NEURON_PROJECTION_EXTENSION",0.708642667040202,0.834639922569522,0.0142594959435372,0.328500210132827,0.833296181106874,147,"11816/18186/14268/18187/52822/70834/29875/20403/71653/66225/16885/54214/22284/68585/73205"
"GOBP_REGULATION_OF_PROTEIN_LOCALIZATION_TO_CELL_PERIPHERY",0.708233300381302,0.834639922569522,0.0143855343993017,0.329443982788725,0.830776334744066,137,"16854/56486/14694/13823/217124/13822/16971/208643/16573/12752/73804/53612/15461/232341/21926/53331/20742/233977/17387/20909/55943/12048/11773/11305/17846"
"GOBP_REGULATION_OF_TRANSPORTER_ACTIVITY",0.708313980492336,0.834639922569522,0.0157120104456499,0.342950309379727,0.815499051072756,80,"65973/19241/75909/18753/50932/13040/12315/12856/18712/12313/20393/20266/53416/15194/229709/14168/66395/60595/381812/116873/69635/15114/74777/11735/18390"
"GOBP_SIGNAL_TRANSDUCTION_IN_ABSENCE_OF_LIGAND",0.708820403825717,0.834639922569522,0.023919511552438,-0.314753813485064,-0.8584680984547,61,"16410/29810/56484/11651/15511/193740/51792/56637/18015/16819/73699/19045/12366/12125/170755/17311/16600/17210/64704/14082"
"GOBP_NUCLEUS_LOCALIZATION",0.709138840070299,0.834752629580239,0.0175432658510495,0.370041081358517,0.788754295307445,30,"16906/13191/18536/21335/77579/16905/13424/319565/24086"
"GOBP_NEGATIVE_REGULATION_OF_MEMBRANE_PERMEABILITY",0.709936189608022,0.83522465780554,0.0180678946869229,0.392282146139632,0.786289577816667,19,"12018/11739/12048/74919/12176/15277/11740/77446"
"GOBP_POSITIVE_REGULATION_OF_ENDOTHELIAL_CELL_PROLIFERATION",0.709985528219971,0.83522465780554,0.0253090075669071,-0.306948235222445,-0.880755476432868,84,"18750/16416/16476/21812/11727/20683/11651/11863/18591/16002"
"GOBP_DNA_SYNTHESIS_INVOLVED_IN_DNA_REPAIR",0.710242264331974,0.835264514187712,0.022246796177298,-0.334552182526304,-0.845331562387148,39,"268564/269523/244666/382985/408022/66654/69263/67811/68098/67513/22224/78903"
"GOBP_MITOCHONDRION_DISTRIBUTION",0.710655291341441,0.83543943970131,0.0179883573018286,0.386655659569749,0.78329155441123,21,"67095/16573/70827/74143/17772/15114"
"GOBP_POSITIVE_REGULATION_OF_P38MAPK_CASCADE",0.710836812488655,0.83543943970131,0.0179845823656306,0.387370271360078,0.781331532588465,20,"50932/70097/16176/17873/53416/100532/13197/230738"
"GOBP_REGULATION_OF_ANATOMICAL_STRUCTURE_SIZE",0.712121212121212,0.836686615370001,0.0116272138719506,0.31783434861716,0.877060191909857,410,"11816/20750/72042/20496/56193/18186/74772/14268/74617/18148/11539/67972/18442/28006/19241/19877/20740/108100/17390/18753/223593/213556/20778/72368/12775/83704/12332/52822/23797/20401/75620/20354/12752/207495/16531/12631/71653/225115/17698/232341/21926/15519/16885/54214/14775/20742/63873/14533/12343/56378/68585/97998/73910/20655/67771/15559/11773/26409/64930/20193/277360/20779/22388/56431/19247/227753/404710/12345/74392/17974/53416/235041/19229/19230"
"GOBP_MYOBLAST_DIFFERENTIATION",0.713298271975958,0.837297615307924,0.0151782594479208,0.338034789750017,0.819649846530285,95,"16000/16852/20293/20588/68094/26992/17329/15945/66923/20586/21926/18810/14775/193385/67155"
"GOBP_SCHWANN_CELL_DIFFERENTIATION",0.713311442283405,0.837297615307924,0.0230007107181415,-0.324269760413456,-0.85066463709407,48,"26395/11651/14784/20481/67453/19697/18015/16202/26413/20662"
"GOBP_TRNA_WOBBLE_BASE_MODIFICATION",0.713109281103939,0.837297615307924,0.0210140591395847,-0.36286787628342,-0.816615773075241,21,"67667/100087/70359/74195/58523/233189/106338"
"GOBP_MYELIN_MAINTENANCE",0.714440589765828,0.838090110469831,0.0205826219892612,-0.382979099841033,-0.812447852099722,16,"19211/11651/11666"
"GOBP_POSITIVE_REGULATION_OF_TUMOR_NECROSIS_FACTOR_MEDIATED_SIGNALING_PATHWAY",0.714657415437988,0.838090110469831,0.0205779644482651,-0.382943814637392,-0.8123729984382,16,"16792/12569/15511/193740"
"GOBP_SECRETORY_GRANULE_ORGANIZATION",0.714331567966619,0.838090110469831,0.0161103794388861,0.34664159310389,0.802011578665215,60,"94245/20720/11303/11776/17101/19294/11774/14533/100317/11777"
"GOBP_NEGATIVE_REGULATION_OF_INTRINSIC_APOPTOTIC_SIGNALING_PATHWAY",0.715852742299023,0.839229301888251,0.015126619501126,0.337274951114133,0.817807427820214,95,"12505/14694/22070/15251/16149/18793/74996/17319/14360/14775/13806/12048/20779/66168/19777/56449/74143/12387/53610/12759/268373/19225/15201/26427/14173/12581"
"GOBP_CIRCADIAN_RHYTHM",0.717534246575342,0.839887056890813,0.0137575770395065,0.326425782881378,0.838706789912374,168,"16000/59027/11539/20893/20185/18854/15199/230753/21973/11991/79362/21934/19698/13655/11545/59026/15902/21926/56208/27419/22284/18626/20787/70118/22215/269254"
"GOBP_MEMBRANE_FISSION",0.717300613496933,0.839887056890813,0.0224513106035053,-0.328202769485278,-0.846502600842332,44,"72543/13430/102058/20844/211446/67123/330192/67453/116733/68942/75914/20479/15239/105513/50850"
"GOBP_NEGATIVE_REGULATION_OF_GENE_EXPRESSION_EPIGENETIC",0.717504809013465,0.839887056890813,0.0138017626571723,0.325280487303336,0.834063485455563,163,"98999/80287/226695/17454/110147/12053/70790/17191/13435/16906/93762/108989/319192/214290/14897/20586/14958/22589/51788/116848/76073/68729/64383/67155/15078/75339/231386/19645/17869/15270/217578/16905/15267/232440/319191/319172/208266/15201/107435/319176/74355/67768/12419/68379/18140/252870/223828/17192/224826/319164/51810/77683/79221"
"GOBP_NUCLEAR_TRANSPORT",0.716832721552176,0.839887056890813,0.0362630955927961,-0.277349292999499,-0.929776726847264,306,"21803/56338/17127/29810/20383/22433/433693/15242/73192/108705/328572/20963/16211/238799/11651/15568/19069/70579/13726/18708/19055/76582/26416/66810/73826/66874/11909/16648/65246/69482/230082/13557/66679/18141/16646/54387/109095/227720/107939/15163/60365/75788/56637/12576/19653/72124/15463/18015/240354/22059/68092/66725/209011/16480/26356/192170/170762/319757/72993/432508/18763/18760/18412/19164/24069/20238/19042/228607/77938/110379/234865"
"GOBP_TELOMERASE_RNA_LOCALIZATION",0.717511622758468,0.839887056890813,0.0208367995808407,-0.370030066247205,-0.81441047982235,19,"12466/56505/12468/50912"
"GOBP_MATURE_B_CELL_DIFFERENTIATION",0.717913043478261,0.840068088341093,0.0172087822629597,0.361498464487507,0.784427567347564,35,"16852/16186/330177/12053/15900/74748/80859/75725/14130/12051/20442/19229/75974"
"GOBP_NEURON_FATE_COMMITMENT",0.718295739348371,0.840253567752089,0.0227646229334164,-0.323779041530466,-0.847053388483184,47,"21812/16911/18027/12540/14912/20682/24069"
"GOBP_EMBRYONIC_HINDLIMB_MORPHOGENESIS",0.719051959890611,0.84087573967863,0.017879342517541,0.388052734425528,0.777812153126756,19,"320790"
"GOBP_NEGATIVE_REGULATION_OF_INTERLEUKIN_10_PRODUCTION",0.719644405897658,0.841043727254264,0.0204713274045703,-0.381581911694781,-0.809483871796689,16,"74048/12229/94185"
"GOBP_REGULATION_OF_PEPTIDE_TRANSPORT",0.719641857862339,0.841043727254264,0.0140190427566131,0.326385019354044,0.829496879691539,151,"18751/11539/15251/320790/67041/14683/16149/170756/20304/109552/16176/22228/384783/13722/12894/192185/21926/27060/67267/20787/20909/218461/53357/19247/18640/18641/68267/230908"
"GOBP_PROTEIN_LOCALIZATION_TO_CELL_PERIPHERY",0.720146074254413,0.841367670294744,0.0119884761037008,0.316495541225973,0.859468689253293,330,"16854/23880/17918/56486/217344/14694/13823/19877/14127/51801/217124/13822/11933/16971/12215/54189/71648/20660/231580/208643/16573/12752/73804/378460/53612/15461/20280/232341/108686/80291/21926/53331/54214/20742/233977/76108/17387/20909/192176/55943/12048/56350/11773/217893/11305/17846/14456/19349/80334/232670/69660/74105/13660/18817/14168/245666"
"GOBP_LOCOMOTORY_BEHAVIOR",0.720461095100865,0.841473413660966,0.0137245219418536,0.325154253387221,0.834330176089382,165,"11816/11732/14824/11820/20185/14387/15258/15211/320790/11977/227331/15902/13014/109900/19063/12799/15452/27419/20655/76524/64930/11305"
"GOBP_BLASTOCYST_DEVELOPMENT",0.721647962197283,0.841864067244107,0.0147585975721717,0.332048494937931,0.814638871797237,105,"16000/68119/14824/270106/241230/68510/19253/20135/50927/12848/331401/68585/16477/12175/76246/432572/17991/74778/233826"
"GOBP_CELLULAR_RESPONSE_TO_CHOLESTEROL",0.721540178571429,0.841864067244107,0.0181250179253877,0.40282592193417,0.781738330610831,15,"11303/235283/18023"
"GOBP_RESPONSE_TO_CORTICOSTEROID",0.721694036300778,0.841864067244107,0.0143999264895584,0.328349802318968,0.817909624023454,120,"13058/19264/11502/12091/16181/12633/14718/22228/11545/21926/12315/13057/19384/84092/20393/22195/14466/11898/53416/17718"
"GOBP_VACUOLE_ORGANIZATION",0.721561530506722,0.841864067244107,0.0128366061660509,0.320883368858892,0.848031299286711,235,"13033/56486/12306/75608/432486/74772/14824/14421/66144/14387/17158/15211/15944/226421/77573/75909/245944/73834/223593/110147/16783/11303/68953/11964/16889/12752/11774/11984/433375/19063/27060/11920/56208/22040/27419/50883/73205/233979/16784/56312/208092/76524/217893/76561/14466/27426/19349/12176"
"GOBP_POSITIVE_REGULATION_OF_LEUKOCYTE_ADHESION_TO_VASCULAR_ENDOTHELIAL_CELL",0.722454165910329,0.842488554396985,0.0177453160699555,0.382785474378143,0.77208392966859,20,"54371/54446/16414/21926"
"GOBP_ESTABLISHMENT_OF_MITOTIC_SPINDLE_LOCALIZATION",0.722972972972973,0.842831322769114,0.022061400910685,-0.331227011791377,-0.841454411587618,40,"76499/16211/386649/101706/24063/81601/13589/103583/18472/76707/214444/105988/21648"
"GOBP_AMINE_CATABOLIC_PROCESS",0.723303069606572,0.842873512968335,0.0203473189263686,-0.385309379997735,-0.803935291811978,15,"20887/140483/18574/12846"
"GOBP_COCHLEA_MORPHOGENESIS",0.723908708176379,0.842873512968335,0.0207137582929953,-0.372922917572241,-0.810179714653984,18,"212937/19353/20682/76365"
"GOBP_MEMBRANE_BIOGENESIS",0.723625319693095,0.842873512968335,0.0158648077830046,0.342859000629874,0.796419066909943,63,"76438/12306/75608/68953/29875/20742/20909/64383/208092/23825/66371/71782"
"GOBP_SENSORY_SYSTEM_DEVELOPMENT",0.723878787878788,0.842873512968335,0.0118500612809896,0.315715749708413,0.859096339734794,334,"24136/22352/227731/18186/14824/17158/18008/17342/15258/12266/21815/268396/29876/15251/94245/320790/71175/56612/12215/17537/14790/16409/17929/14232/12018/68193/20586/27060"
"GOBP_GLANDULAR_EPITHELIAL_CELL_DIFFERENTIATION",0.724256292906179,0.843016330997626,0.0212037246719002,-0.347081505706258,-0.820297874961231,27,"22433/627049/20682/102247/12724/18128"
"GOBP_TEMPERATURE_HOMEOSTASIS",0.725937325125909,0.844710678227851,0.0138933053060749,0.324885236161682,0.825685229632539,151,"16592/28240/11539/230598/20250/14683/67092/16176/21934/22228/26457/72674/20586/21926/14775/236266"
"GOBP_MIDBODY_ABSCISSION",0.726201269265639,0.844755542274245,0.0176530740592131,0.378516364323624,0.771140047796853,22,"75608/68953/208092/66371/74107/20877"
"GOBP_ESTABLISHMENT_OR_MAINTENANCE_OF_CELL_POLARITY",0.726690205309272,0.844799903690803,0.0129017923135529,0.320744785352784,0.841773687593741,213,"16000/13518/17886/14694/19877/74117/270163/29876/20303/94176/12775/12615/52822/13191/59079/78885/20401/16332/17758/73804/12631/71653/17698/27060/193385/76108/75723/22388/19354/66468/217866/227753"
"GOBP_POSITIVE_REGULATION_OF_MRNA_METABOLIC_PROCESS",0.726490825688073,0.844799903690803,0.0142338491761397,0.326216610187397,0.815321108079505,123,"78781/72446/229663/19877/18458/17454/230753/227331/11991/17975/70640/19652/11758/22608/214290"
"GOBP_REGULATION_OF_JUN_KINASE_ACTIVITY",0.728807406062806,0.846998498580899,0.0176163652112012,0.380253565411705,0.770322117237799,21,"330177/70097/21926/15259/26409"
"GOBP_INNER_EAR_RECEPTOR_CELL_DEVELOPMENT",0.729121799473558,0.84710121029972,0.0217961822729909,-0.330938090318063,-0.831948084706487,38,"22295/99683/218756/19353/73750/70615/15205/97031/18472"
"GOBP_NUCLEAR_MIGRATION",0.729580965909091,0.847372005028594,0.0172764060824857,0.367615361215632,0.770502824378832,27,"16906/13191/18536/21335/77579/16905/13424/319565"
"GOBP_REGULATION_OF_MITOCHONDRIAL_OUTER_MEMBRANE_PERMEABILIZATION_INVOLVED_IN_APOPTOTIC_SIGNALING_PATHWAY",0.729874776386404,0.847450638753483,0.017380318947709,0.372605564630866,0.76979381522208,24,"12018/30954/11983/11739/12048/74919"
"GOBP_CEREBRAL_CORTEX_NEURON_DIFFERENTIATION",0.734253282884487,0.848493566453091,0.0205640024535982,-0.355759241359661,-0.800618150295203,21,"19353/19164/15205/170758/18472"
"GOBP_CHONDROCYTE_DEVELOPMENT",0.731177829099307,0.848493566453091,0.0211988245184249,-0.344797433718339,-0.823379946096897,29,"269941/13666/373864/242291/20682"
"GOBP_DNA_TEMPLATED_TRANSCRIPTION_TERMINATION",0.733680870353581,0.848493566453091,0.0208558393657093,-0.352536515938201,-0.811939345110812,24,"77305/230709/330474/106583/19045/74737/27374/22130"
"GOBP_ENDOCYTIC_RECYCLING",0.734298118668596,0.848493566453091,0.0247475414425366,-0.302412294636833,-0.869608465570307,85,"67213/266781/68365/11845/78618/68112/77407/99696/170749/53330/15239"
"GOBP_LIMBIC_SYSTEM_DEVELOPMENT",0.734020310633214,0.848493566453091,0.0146761515848687,0.330724477818404,0.805728391664585,99,"24136/18186/217124/18187/22272/22627/319352/12631/17977/19384/64930/18293/12571/14168/12387"
"GOBP_METAPHASE_CHROMOSOME_ALIGNMENT",0.734386534770412,0.848493566453091,0.0145039756530166,0.328770270151367,0.806404948109855,104,"75608/16319/68953/108000/67849/229841/73804/14579/66977/56208/26934/64383/51944/208092/66468/19645/11789/12534/52276/66371/74107/13424/20877/67037/66302/71878/18005/381293/67629/268697/67052/52023/100502766/51810/11799/17350/54141/52696/76464"
"GOBP_MUSCLE_SYSTEM_PROCESS",0.733771769577396,0.848493566453091,0.0117199663402337,0.314136153581843,0.85306379780473,329,"16000/52690/326618/16518/65973/11928/11539/67972/14387/68196/19877/15368/114249/18438/245944/72043/12289/67092/109552/16176/12633/17904/11787/14790/14873/11545/16531/11546/102857/22340/21926/12315/15519/11674/100986/56208/13057/13806/63873/192176/20655/233979/12313/15559"
"GOBP_NEGATIVE_REGULATION_OF_CELL_SUBSTRATE_JUNCTION_ORGANIZATION",0.731569817866435,0.848493566453091,0.0202200305586269,-0.377130105301861,-0.800039856331112,16,"19211/76499/50768/108911/16413/105352/13829"
"GOBP_NEGATIVE_REGULATION_OF_RECEPTOR_SIGNALING_PATHWAY_VIA_JAK_STAT",0.734253040479216,0.848493566453091,0.0175068739488088,0.378048070023575,0.765854198902561,21,"19264/547253/72674"
"GOBP_POSITIVE_REGULATION_OF_JNK_CASCADE",0.731607006854532,0.848493566453091,0.015008874678602,0.33311076863315,0.799957420507804,86,"53378/11820/15258/330177/12775/50932/16176/21934/17948/15461/21926/17873/63873/26400/19766/14130/19229/56274/381921/52521/13197/381812/14219"
"GOBP_POSITIVE_REGULATION_OF_MRNA_CATABOLIC_PROCESS",0.734162048824322,0.848493566453091,0.014714370361431,0.331184864002716,0.80475784524578,97,"78781/72446/229663/19877/18458/17454/227331/11991/70640/22608/214290"
"GOBP_PROTEIN_AUTOPHOSPHORYLATION",0.7343951786483,0.848493566453091,0.0140921779008281,0.324556717996216,0.810326255187612,122,"19106/58800/14191/78388/50932/270627/11920/18712/76108/50883/65964/18590/19766/20779/20874/14254/53416/19229/12748/16542/53415/20869/18711/16452"
"GOBP_RECEPTOR_CLUSTERING",0.732160154988699,0.848493566453091,0.0158392199982484,0.342935849923221,0.788743692254484,58,"11816"
"GOBP_REGULATION_OF_SYNAPTIC_TRANSMISSION_GLUTAMATERGIC",0.733716160787531,0.848493566453091,0.0160420681802406,0.34529059425241,0.786377144579228,53,"11539/94245/20720/12752/20296/21926/12772/19229/26556/245666/382018"
"GOBP_RESPONSE_TO_UV",0.732582688247713,0.848493566453091,0.0138488515974124,0.323907361431442,0.818939993946555,142,"18148/19941/18854/20318/17390/12575/18753/270627/11545/12018/66915/14775/22040/26400/65964/12925/16160/72584/15312/76843/17869/67967/12051/71101/20869/20877/12369/14151/66131/12581/18538/68026/12028/13663"
"GOBP_RNA_SPLICING_VIA_TRANSESTERIFICATION_REACTIONS",0.734254992319508,0.848493566453091,0.0352678679814223,-0.277396254991503,-0.926124620827757,290,"19317/13548/20383/16969/53607/13992/19655/19205/56275/67010/28000/67439/60532/15381/66810/231868/54633/74255/15387/53317/192159/20382/19383/14300/50912/216766/109095/20462/19656/60365/22258/68035/19653/27981/68092/54723/68295/76479/67959/210529/192170/56504/12696/20638/107817/268859/16201/22185/67229/13204/67678/67225/70312/14007/68592/27886/229700/68183/68988/13207/28035/230596/433702/225027/54614/27374/56335/67465/236732/83486/57317/20220/71702/108014/75553/22668/74326/68675/27366/20222/67493/70767/19712"
"GOBP_PROTEIN_LOCALIZATION_TO_PLASMA_MEMBRANE",0.734686160826821,0.848568175894892,0.0122055521407917,0.316920865630351,0.847504898455204,269,"16854/23880/17918/217344/14694/13823/19877/14127/51801/217124/11933/16971/12215/71648/20660/231580/16573/12752/378460/53612/20280/232341/108686/80291/21926/53331/54214/20742/233977/76108/17387/20909/192176/55943/12048/11773/217893/17846/14456/19349/80334/232670/69660"
"GOBP_RIBONUCLEOSIDE_MONOPHOSPHATE_BIOSYNTHETIC_PROCESS",0.734981716872715,0.848648020591169,0.0168828455395573,0.356423371509608,0.768804536580503,33,"11821/13178/15452/11565/66588"
"GOBP_REGULATION_OF_DNA_REPLICATION",0.737321769807438,0.851087771246775,0.0143826576989056,0.326448462138026,0.803912036104093,108,"327762/12575/110147/12053/237886/93762/56207/22589/13211/17218/21853/217578/12534/17216/93696/75826/11908/13006/17219/57441/66131/68379/18538/27214/71988/81702"
"GOBP_CELLULAR_RESPONSE_TO_OXIDATIVE_STRESS",0.738463538281555,0.852143270159873,0.0125809162737794,0.317080479064157,0.835529717319154,225,"74772/28240/14694/72446/101476/18477/18854/15251/17390/18753/11977/27050/211329/18174/16068/11545/14528/67067/12631/21929/14360/11920/56208/14775/22040/56349/18023/27419/54683/20909/64383/11629/20655/19766/269254/20779"
"GOBP_REGULATION_OF_CARDIAC_MUSCLE_CELL_MEMBRANE_REPOLARIZATION",0.740382862351869,0.853832297875324,0.0174488634993075,0.38068246971719,0.763039208747448,19,"12289/100986/192176/22388/20266"
"GOBP_SNARE_COMPLEX_ASSEMBLY",0.740344514959202,0.853832297875324,0.0173695298711282,0.373080058113362,0.760064824039192,22,"218035/77573/20909/209018"
"GOBP_CARDIAC_SEPTUM_MORPHOGENESIS",0.741591030432461,0.853969692586407,0.0232645926300391,-0.307915638668089,-0.844609990214242,63,"13805/20677/21812/22761/18129/22059/12162/17684/319757/15205/229700/11477"
"GOBP_ESTABLISHMENT_OF_PROTEIN_LOCALIZATION_TO_VACUOLE",0.741685502098805,0.853969692586407,0.0156520059695081,0.341229143992487,0.784818312222909,58,"432486/320528/15944/218035/245944/11776/20660/11774/21929/56208/16784/73711/27426/19349/209018"
"GOBP_MICROTUBULE_CYTOSKELETON_ORGANIZATION_INVOLVED_IN_MITOSIS",0.741869081926719,0.853969692586407,0.0133011289171704,0.320204423599542,0.821629150913343,165,"75608/16765/16319/72776/12795/12615/13191/68953/108989/229841/16332/17758/24061/66977/193385/26934/19384/50883/110854/192176/208092/21335/26886/70799/233064/16551/15194/12534/52276/66371/18817/13424/20877/75786/233406/13006/235587/66302/18005/14609/218977/16571/16563/18541/235626/18140/268697/67052/108907/52023/209737/100502766/51810/71819/76123/11799"
"GOBP_POSITIVE_REGULATION_OF_EPITHELIAL_CELL_MIGRATION",0.741521849164839,0.853969692586407,0.0162942919202149,0.34827594244672,0.775394370505167,44,"11502/13036/15251/18606/384783/68585/26921/20779/232227/212307/16336/56717"
"GOBP_REGULATION_OF_INTEGRIN_MEDIATED_SIGNALING_PATHWAY",0.741251133272892,0.853969692586407,0.0173515684100079,0.372480476323269,0.758843314023116,22,"12512/18787/226519/192176"
"GOBP_VASCULAR_ASSOCIATED_SMOOTH_MUSCLE_CONTRACTION",0.741475373300646,0.853969692586407,0.0204344529994522,-0.354400975701396,-0.804769959381879,22,"26395/238130/229877/18436"
"GOBP_EPITHELIAL_CELL_MORPHOGENESIS",0.742115027829313,0.853990520203951,0.0210333771632819,-0.339655868956831,-0.816229894101047,30,"18613/19353/74206/20733"
"GOBP_CALCIUM_ION_TRANSMEMBRANE_TRANSPORT_VIA_HIGH_VOLTAGE_GATED_CALCIUM_CHANNEL",0.744155844155844,0.854823972890658,0.0176310359497737,0.391199018499665,0.764025535819231,16,"11820/228071/68795/12295"
"GOBP_INOSITOL_PHOSPHATE_BIOSYNTHETIC_PROCESS",0.74414976599064,0.854823972890658,0.0203793488435391,-0.352695817939963,-0.800897905306146,22,"19204/27399/234779/76500/233011/327655"
"GOBP_ISOPRENOID_BIOSYNTHETIC_PROCESS",0.74392689993314,0.854823972890658,0.0203839313943452,-0.35291257543796,-0.801390115922986,22,"14593/16987/67422/98711"
"GOBP_REGULATION_OF_TELOMERE_MAINTENANCE_VIA_TELOMERE_LENGTHENING",0.743619109947644,0.854823972890658,0.0158073040653762,0.342155111053173,0.780813229506038,54,"18854/15382/11991/70640/103677/11545/21454/12461/15519/11920/69535/52864/53379/12387"
"GOBP_TELOMERE_MAINTENANCE_VIA_TELOMERE_LENGTHENING",0.743234738829452,0.854823972890658,0.0152484348215358,0.335682963322124,0.787482094431803,69,"18854/15382/11991/19360/70640/103677/11545/21454/12461/15519/11920/69535/52864/53379/12387/228140/19687/68275/235587/98956"
"GOBP_T_CELL_DIFFERENTIATION_IN_THYMUS",0.744207743741253,0.854823972890658,0.0150600764541169,0.333368771985072,0.789399168856262,75,"19264/16186/12010/94176/12775/16149/16176/13655/11501/229473/20655/12487/14466/12571/11491"
"GOBP_MITOCHONDRIAL_GENE_EXPRESSION",0.744712430426716,0.855141602095383,0.0287956022589584,-0.284069558764305,-0.894578137954893,169,"56484/94063/66973/76366/52575/384281/67773/59054/13205/18120/94062/76719/69821/108853/59016/76563/57312/83485/75619/15278/69163/70359/380601/78523/227682/28028/27393/70207/234384/67851/320720/68565/64657/67212/107732/216151/66587/74600/109093/70047/66410/224481/79044/76781/102436/66132/66258/233870/52469/320806/64655/64656/66242/65111/102060/76357/66399/15115/232536/106338/67417/226976/77721/121022/75593/208595"
"GOBP_REGULATION_OF_TELOMERE_MAINTENANCE_IN_RESPONSE_TO_DNA_DAMAGE",0.745627628957273,0.855930276671319,0.0202471954870176,-0.363022472152852,-0.798987251848844,19,"56505/235134/56249/50505/56456/20174/225280/13870/69714/269400/109275/70020/233875/227195"
"GOBP_TRABECULA_MORPHOGENESIS",0.746007212776919,0.856103806946691,0.0164640568395253,0.351470937665373,0.76967838157799,38,"320790/17390/17938/20354/11504/216161"
"GOBP_POSITIVE_REGULATION_OF_PROTEIN_TARGETING_TO_MEMBRANE",0.74637352674524,0.856168265449359,0.0205919423936331,-0.349424284022587,-0.804771453476463,24,"18479/12569/23991"
"GOBP_PROTEIN_TARGETING_TO_LYSOSOME",0.746748681898067,0.856168265449359,0.0167863126474147,0.358173325505941,0.763457797496949,30,"432486/245944/20660/11774/56208/16784/27426/19349/12759/70297/12492/260302/17113/15481"
"GOBP_REGULATION_OF_FILOPODIUM_ASSEMBLY",0.746591683708248,0.856168265449359,0.016340675127523,0.348419368819354,0.7692083462826,41,"18186/28240/18753/12775/12752/193385/103742/17909/75974"
"GOBP_GLYCOSYL_COMPOUND_BIOSYNTHETIC_PROCESS",0.74777878513146,0.856301523578586,0.0172229890744065,0.370764953686609,0.755348331156537,22,"11821/15452/21877"
"GOBP_POSITIVE_REGULATION_OF_MUSCLE_CELL_DIFFERENTIATION",0.747333671914677,0.856301523578586,0.0223432461588525,-0.316221365781658,-0.835192415834477,50,"21803/13805/18129/26416/17260/56469/19653/16777"
"GOBP_REGULATION_OF_LEUKOCYTE_ADHESION_TO_VASCULAR_ENDOTHELIAL_CELL",0.747552074060887,0.856301523578586,0.0169592039772197,0.364344276319811,0.757111528846486,25,"54371/54446/16414/21926"
"GOBP_REGULATION_OF_MEIOTIC_NUCLEAR_DIVISION",0.747552074060887,0.856301523578586,0.0169592039772197,0.364347489570318,0.757118206017398,25,"13164/19362/64383"
"GOBP_SPINDLE_ORGANIZATION",0.748416886543536,0.856508852142037,0.0126014364785181,0.3162411954894,0.825416769290148,201,"75608/17886/20185/16765/16319/223593/72776/12795/27050/13191/68953/108989/216848/229841/17758/24061/66977/12442/22589/193385/26934/19384/50883/110854/192176/51944/208092/59125/21335/545486/26886/70799/66468/233064/16551/52276/66371/18817/228730/13424/22350/212307/83679/20877/75786/233406/13006/235587/66302/76478/18005/218977/16571/16563/18541/18140/268697/12316/67052/67955/52023/209737/100502766/51810/71819/76123/11799/17350"
"GOBP_VESICLE_MEDIATED_TRANSPORT_BETWEEN_ENDOSOMAL_COMPARTMENTS",0.748336660013307,0.856508852142037,0.0159547539499878,0.343436434909358,0.772502186591793,47,"216238/235567/55988/20660/17698/54198/56208/55943/20779/19349/14339/22350/16558/18016/170833/27681/26417"
"GOBP_POSITIVE_REGULATION_OF_NEURON_APOPTOTIC_PROCESS",0.74869109947644,0.85656112357683,0.015708845626719,0.340451835482601,0.776926278658209,54,"14824/11820/17390/20302/66437/12633/12363/21926/11920/56312/19766/20817/12387/26926/224619/12369"
"GOBP_APOPTOTIC_PROCESS_INVOLVED_IN_MORPHOGENESIS",0.750167149543125,0.857726197830272,0.0202562638677872,-0.349776699830141,-0.794269203006377,22,"21937/21938/12162/73699/12125/16973/20375/18128/16007"
"GOBP_INTRACILIARY_ANTEROGRADE_TRANSPORT",0.750045578851413,0.857726197830272,0.0172585755195822,0.376823825040363,0.755304948792607,19,"67661/67286/74019/73916/81896/12589/55978/72938/67042/21821"
"GOBP_MICROTUBULE_ANCHORING",0.750447227191413,0.857784753739987,0.0169731362155286,0.36564128562062,0.755405788261507,24,"75296/13191/18080/18536"
"GOBP_RESPONSE_TO_GLUCAGON",0.751116071428571,0.858287510888502,0.0175323372914981,0.392844270149374,0.762367581664191,15,"14683/17711/20787/11898"
"GOBP_RESPONSE_TO_FOOD",0.751586741889986,0.858563580799655,0.016738315754927,0.357649465454324,0.758507930811265,29,"227731/18810/20787"
"GOBP_LEARNING",0.753185781354795,0.859401752431609,0.0268100762198305,-0.289114041820931,-0.878490813576802,128,"11350/22142/26889/17257/67979/12912/228994/11843/19141/12227/18574/83429/53328/56469/12846/18015/192170/216963/16337/52335/20238"
"GOBP_POSITIVE_REGULATION_OF_LAMELLIPODIUM_ORGANIZATION",0.753237661883094,0.859401752431609,0.0165987692037546,0.353174790716303,0.757172650918777,31,"23790/74117/54126/18606/12631/15519/20779/19354"
"GOBP_REGULATION_OF_RECEPTOR_SIGNALING_PATHWAY_VIA_JAK_STAT",0.752922422954304,0.859401752431609,0.0229440865655545,-0.307191570745802,-0.837842632244947,61,"16923/68095/328572/229900/16197/22346/19353/16154/433904/15239/12322/67561/15205"
"GOBP_XENOBIOTIC_METABOLIC_PROCESS",0.752772138060284,0.859401752431609,0.0149578606990627,0.332238635048102,0.783708381580141,73,"320024/11669/14873/27973/13849"
"GOBP_CELL_FATE_COMMITMENT_INVOLVED_IN_FORMATION_OF_PRIMARY_GERM_LAYER",0.753541713514729,0.859479782379007,0.0203244916072417,-0.348180571755242,-0.796409749855391,23,"17125/214498/14369/16600/23872/22083"
"GOBP_CLATHRIN_DEPENDENT_ENDOCYTOSIS",0.753764686414033,0.859479782379007,0.0157754641382113,0.34088972513376,0.768993687614638,48,"20612/18717/12757/14457/231580/227333/20403"
"GOBP_LATE_ENDOSOME_TO_VACUOLE_TRANSPORT_VIA_MULTIVESICULAR_BODY_SORTING_PATHWAY",0.754177157244221,0.859688560021697,0.0205826219892612,-0.340108388395952,-0.797432960745964,26,"72543/20844/71817/67123/330192/15239/105513/52348/66201/68192"
"GOBP_MITOTIC_DNA_INTEGRITY_CHECKPOINT_SIGNALING",0.754552529182879,0.859854934441299,0.0148742419941543,0.331103145236603,0.782951611445549,74,"104418/330177/12575/227331/68077/67941/11920/22040/50883/65964/235559/76843/12534/18817/381921"
"GOBP_EMBRYONIC_MORPHOGENESIS",0.755041075429425,0.860150136993764,0.0430303966229415,-0.270102526551589,-0.930428643079473,459,"58198/21803/433759/11350/13805/16410/17127/16416/26395/21812/56758/56275/213541/212937/65256/50523/50918/16911/19821/22295/99683/17125/327826/22034/14784/21349/18129/20481/19353/22323/16002/17126/218850/18141/110796/12151/50768/17260/56334/16658/230857/18749/20732/76779/277468/73750/214498/11480/11481/242291/16777/233812/15531/232906/22059/56044/12162/224143/14312/20733/17701/216850/68151/192170/228839/320398/17684/20682/26413/319757/70615/102774/18424/140482/14369/19164/13383/15205/24069/20662/17388/67382/13382/12125/72999/97031/68592/19878/16973/16825/244585/11477/19206/100169/20692/277939/16798/76365"
"GOBP_REGULATION_OF_SYNAPTIC_TRANSMISSION_GABAERGIC",0.755370140244985,0.860263532554909,0.0167657207044395,0.360267461078553,0.752507476808225,26,"11539/16573/12752/105727"
"GOBP_PRESYNAPSE_ASSEMBLY",0.756114769520226,0.860849986683416,0.0209610914131814,-0.328605686600375,-0.814098682883356,35,"19211/11845/12217"
"GOBP_POLY_A_PLUS_MRNA_EXPORT_FROM_NUCLEUS",0.75647213690215,0.860995314032572,0.0198898554179259,-0.3665548870158,-0.787051308805395,17,"70579/73826/54387/234865/56488"
"GOBP_CELL_CELL_SIGNALING_INVOLVED_IN_CARDIAC_CONDUCTION",0.757026291931097,0.861364463314436,0.0170430252593562,0.36747199316595,0.748639681352634,22,"12289/192176/20266/14609"
"GOBP_REGULATION_OF_LIPOPOLYSACCHARIDE_MEDIATED_SIGNALING_PATHWAY",0.757581100141044,0.86157294242255,0.0166224880971829,0.355685793785182,0.754343348787742,29,"70097/17079/17319/21929/327957/17084/319236/16365/19247/12475/667823"
"GOBP_RENAL_SYSTEM_PROCESS_INVOLVED_IN_REGULATION_OF_SYSTEMIC_ARTERIAL_BLOOD_PRESSURE",0.757669268469777,0.86157294242255,0.017046529733471,0.369684232627587,0.748910639348729,21,"11539/13057/14456/22139"
"GOBP_POSITIVE_REGULATION_OF_PROTEIN_LOCALIZATION_TO_MEMBRANE",0.757934131736527,0.861612716332576,0.0142480918228583,0.324720282570973,0.790083664162872,98,"16854/14694/217124/16971/16573/12752/16409/16414/15461/21926/14360/20742/20909/13830"
"GOBP_POSITIVE_REGULATION_OF_DOUBLE_STRAND_BREAK_REPAIR",0.758641509433962,0.862155360023799,0.0143539220847082,0.326340413527464,0.78917179757404,93,"20588/68094/26992/19360/11545/66923/19362/20586/11920/78656/224008/233908/67155/100683/59004/21853/57376/226151/320209/232811"
"GOBP_DNA_TEMPLATED_TRANSCRIPTION_ELONGATION",0.759360108917631,0.862341962763377,0.0269260763455709,-0.288645608602993,-0.882949079020152,134,"77305/26395/66213/28071/22346/24116/72656/70802/101861/58202/234959/108098/214498/228880/330474/56436/70885/217127/106583/68092/12455/68975/69920/19045/27224/13716/70625/16825/433702/192231/58523/268741/56771/66317/21399/22083/107951/67381/20933/69562/66420/219158/80509/28077/69882/381379/18130/66399"
"GOBP_REGULATION_OF_ATP_BIOSYNTHETIC_PROCESS",0.759154672982328,0.862341962763377,0.0170710879378634,0.376943157332021,0.750844544613298,18,"19241/11545/11983/13806"
"GOBP_REGULATION_OF_SYNAPTIC_VESICLE_ENDOCYTOSIS",0.759495949594959,0.862341962763377,0.0168897685092836,0.365110955454289,0.749177035563649,23,"19877/12315/11465/56378/11773/110524/229521"
"GOBP_EMBRYONIC_BRAIN_DEVELOPMENT",0.759982448442299,0.862571146226512,0.0198196201192673,-0.365478968080944,-0.784741140708223,17,"73710/20462"
"GOBP_EXOCYTOSIS",0.760158083240706,0.862571146226512,0.0114043866449857,0.310180647940212,0.837306953037754,308,"380732/14991/12306/56193/53378/74772/17886/18751/20293/20972/20318/14127/94245/14191/18717/16783/171580/68953/20302/20304/14389/104015/16409/16414/56743/378460/20619/20336/53612/15006/246256/74732/12523/12315/52055/338366/20909/73205/233979/208092/20911/14130/19354"
"GOBP_REGULATION_OF_TRANSLATIONAL_FIDELITY",0.760794315904536,0.863031808719795,0.017039521743592,0.376033463485666,0.749032497760829,18,"22321/20103/107045/22791"
"GOBP_EPIBOLY",0.761186353505915,0.86313870364151,0.0161463029844099,0.346107082916972,0.760098551202198,39,"12505/16402/231532/16419/192176/18826/11491/76905"
"GOBP_RESPONSE_TO_SALT_STRESS",0.761349134001823,0.86313870364151,0.017039521743592,0.373629381309431,0.748902011933841,19,"21926/15519/63873/11677/12028/66972/18671/216001"
"GOBP_BRANCHING_INVOLVED_IN_SALIVARY_GLAND_MORPHOGENESIS",0.764002656630507,0.863438365778355,0.0198766556429578,-0.357587015972655,-0.787024190250465,19,"21817"
"GOBP_NEGATIVE_REGULATION_OF_GROWTH",0.76402819192193,0.863438365778355,0.0126940819030093,0.315565082725997,0.813392198208852,174,"20750/18605/69550/18186/14694/18854/15251/12575/217124/12053/14683/20720/209743/70834/72674/17748/12631/19063/20586/13806/12580/68585/67155"
"GOBP_POLYOL_METABOLIC_PROCESS",0.762513312034079,0.863438365778355,0.0143941679344261,0.325796126074058,0.783031349497562,87,"56193/21991/14718/104015/14528/20280/110391/66190/71207/11305/14466/227399/217837/18106/104725/67078/20322/320404/230027/54447/16330/13361/67800/71883/11886/20773/14933"
"GOBP_POSITIVE_REGULATION_OF_DENDRITIC_SPINE_MORPHOGENESIS",0.764310494362533,0.863438365778355,0.0195554737809942,-0.364719480942283,-0.773712087770527,16,"13631/70237/13048/18472"
"GOBP_POSITIVE_REGULATION_OF_RELEASE_OF_CYTOCHROME_C_FROM_MITOCHONDRIA",0.763659466327827,0.863438365778355,0.0169313847607024,0.3690482841371,0.744375814983361,20,"58801/18793/12018/12176/12028/170770/12015/68943"
"GOBP_POST_GOLGI_VESICLE_MEDIATED_TRANSPORT",0.7643779342723,0.863438365778355,0.0138349866661866,0.320001146082158,0.788483685754709,110,"17918/14694/320528/245944/16783/11776/54189/71648/20660/231580/78885/12752/13858/71517/20619/20336/53612/54214/20742/56350/70028/17846"
"GOBP_PRIMARY_ALCOHOL_METABOLIC_PROCESS",0.762966553562773,0.863438365778355,0.0152545539949279,0.334885705253824,0.76948060418485,57,"16000/11669/58810/56209"
"GOBP_REGULATION_OF_EARLY_ENDOSOME_TO_LATE_ENDOSOME_TRANSPORT",0.762989972652689,0.863438365778355,0.0170080331261637,0.373113401470005,0.74786778293796,19,"235567/55988/17698/54198/20779/22350/18016/26417"
"GOBP_REGULATION_OF_FATTY_ACID_BETA_OXIDATION",0.763776634827333,0.863438365778355,0.0171027321588117,0.380343721341964,0.749252381863518,17,"384783/12894/66887/67885/11652"
"GOBP_REGULATION_OF_INSULIN_SECRETION",0.76304935286588,0.863438365778355,0.0134112966683092,0.317513934923945,0.79786557132406,131,"18751/15251/67041/14683/170756/20304/109552/16176/22228/384783/12894/192185/21926/27060/67267/20787/20909/218461/53357/19247/18640/18641/68267/230908"
"GOBP_RETROGRADE_TRANSPORT_ENDOSOME_TO_GOLGI",0.764115620787779,0.863438365778355,0.0141373644812001,0.324135294345931,0.78762784595071,97,"28006/226421/245944/103724/13191/55988/20660/70834/231834/75089/53612/54198/216724/56433/228960/226089/19349/231855/224705/73288/19342/18711/70297/72477/97761/19347/211286"
"GOBP_TRANSCRIPTION_BY_RNA_POLYMERASE_I",0.763823064770932,0.863438365778355,0.0149130027920862,0.330510887491939,0.772948896641677,68,"270627/68077/17975/93762/22385/20018/110052/20586/116848/192176/56200/320209/14884/72515/68895/17913/56717/20016/105372/103136/21340/19285"
"GOBP_GLUTATHIONE_METABOLIC_PROCESS",0.766634050880626,0.863487916950306,0.021356611795182,-0.31917566793818,-0.819316701167033,43,"23887/14629/67096/83429/69367/54486"
"GOBP_LIPOSACCHARIDE_METABOLIC_PROCESS",0.766511906544855,0.863487916950306,0.0140921779008281,0.323461938726725,0.785991635253619,97,"11605/14421/12091/15211/18753/27392/27052/14420/241230/78928/14667/71665/27419/18010/13480/76524/11305/14466/20442/241062"
"GOBP_MEIOTIC_CELL_CYCLE_PHASE_TRANSITION",0.765438988095238,0.863487916950306,0.017255012400035,0.38689348343093,0.750819273023176,15,"12442/12531/231600/67052/52696/76464"
"GOBP_OVARIAN_FOLLICLE_DEVELOPMENT",0.765617064499746,0.863487916950306,0.0219619210326933,-0.311375440720525,-0.822393534111998,50,"56484/11727/16848/22764/19353/13982/241846/66983/68183/17311"
"GOBP_PROTEIN_CONTAINING_COMPLEX_LOCALIZATION",0.766187524726362,0.863487916950306,0.0122533018810769,0.313124153811558,0.817615589523371,203,"56486/18148/13823/18854/67991/223593/22177/76380/11776/16906/54189/18536/20054/16573/13858/73804/15461/100019/53331/11920/100986/19384/66061/56350/11773/99167/110350/19349/67661/216049/16905/245666/67286/74019/22350/73916/215114"
"GOBP_PROTEIN_LOCALIZATION_TO_POSTSYNAPSE",0.764841688654354,0.863487916950306,0.0155140653903007,0.337699774265442,0.764853468881414,50,"56486/13823/73804/15461"
"GOBP_PYRIMIDINE_RIBONUCLEOTIDE_METABOLIC_PROCESS",0.766725663716814,0.863487916950306,0.0165043243287281,0.353829415273617,0.745779290087411,28,"18103/13178/66588/50773/18102/76654/68556"
"GOBP_QUINONE_METABOLIC_PROCESS",0.766359343377558,0.863487916950306,0.0200672233858778,-0.34458354055434,-0.788182091705222,23,"66108/99138/320717/18104/57869/67914/71707/170728/217707"
"GOBP_REGULATION_OF_HORMONE_BIOSYNTHETIC_PROCESS",0.766531961792799,0.863487916950306,0.0170500351665521,0.378976509132027,0.746559062775211,17,"11928/15251/218461/110524"
"GOBP_RESPONSE_TO_PROGESTERONE",0.76657263751763,0.863487916950306,0.0164506619388347,0.352656659085469,0.74791911803904,29,"14751/12257/245944/17977/20787/16365/22215/20779"
"GOBP_PROTON_TRANSPORTING_TWO_SECTOR_ATPASE_COMPLEX_ASSEMBLY",0.767485119047619,0.863701736049981,0.0172158836904846,0.386011861236522,0.74910836559404,15,"99237/66043"
"GOBP_REGULATION_OF_CELL_MIGRATION_INVOLVED_IN_SPROUTING_ANGIOGENESIS",0.767606852396608,0.863701736049981,0.0161593903837143,0.347161043866877,0.755729863208825,36,"18186/15368/23797"
"GOBP_REGULATION_OF_NEURON_PROJECTION_DEVELOPMENT",0.767577197149644,0.863701736049981,0.0106743715916927,0.308209244420773,0.84585565155411,382,"11816/24136/20750/22352/18186/14268/14824/14580/13047/16554/108100/230598/94245/12010/227541/223593/67095/52822/18080/209743/12633/231580/20354/12631/71653/108686/14360/54198/16885/54214/76108/63873/70827/331401/68585/16169"
"GOBP_CELLULAR_RESPONSE_TO_GROWTH_HORMONE_STIMULUS",0.768608050371037,0.864050081820829,0.0200226403024846,-0.343386441697374,-0.78544391135121,23,"19303/20851/17096/20852/18708"
"GOBP_ESTABLISHMENT_OR_MAINTENANCE_OF_MONOPOLAR_CELL_POLARITY",0.768559729392914,0.864050081820829,0.0165548344566889,0.357483071941446,0.742853868511863,25,"270163/20401/17698/76108"
"GOBP_POSITIVE_REGULATION_OF_CARBOHYDRATE_METABOLIC_PROCESS",0.768407803650094,0.864050081820829,0.0147674596544076,0.328328447648652,0.770229060948184,69,"16000/11820/15251/58801/384783"
"GOBP_INOSITOL_PHOSPHATE_METABOLIC_PROCESS",0.769652215340638,0.864350130811339,0.020884454741678,-0.322315235500173,-0.805500653356354,37,"19204/234515/27399/234779/56409/76500/233011"
"GOBP_LIPID_MODIFICATION",0.769797421731123,0.864350130811339,0.0280710191964013,-0.281613240925359,-0.885996166780727,167,"19211/19299/74114/14792/11689/11651/72519/81535/26416/83493/16331/207952/20444/216152/11666/77582/218121/110826/11364/27273/13139/66841/170749/19302/20682/219024/67460"
"GOBP_POSITIVE_REGULATION_OF_GLYCOGEN_METABOLIC_PROCESS",0.769654665686995,0.864350130811339,0.0169905728061441,0.377855651635917,0.744351046442703,17,"16000/384783"
"GOBP_REGULATION_OF_HORMONE_METABOLIC_PROCESS",0.76974968933073,0.864350130811339,0.0164908879998104,0.35602248346325,0.743640793747714,26,"11928/15251/15451"
"GOBP_REGULATION_OF_CARDIAC_MUSCLE_CELL_ACTION_POTENTIAL",0.770670826833073,0.864907777728126,0.0198459112740289,-0.342965675970658,-0.778802802599615,22,"11938/70729/16480/109620/13383/76365"
"GOBP_REGULATION_OF_CYCLIN_DEPENDENT_PROTEIN_SERINE_THREONINE_KINASE_ACTIVITY",0.770755597014925,0.864907777728126,0.0205361261688084,-0.331773849294437,-0.801064603895319,31,"12569/50523/12576/17283/12455/16798/83383/67974"
"GOBP_REGULATION_OF_AMINO_ACID_TRANSPORT",0.771001757469244,0.864925048486898,0.0163207765046433,0.349805557362774,0.745621634439514,30,"20496/11539/94245/21926/18000"
"GOBP_NEGATIVE_REGULATION_OF_ORGANELLE_ORGANIZATION",0.771404317244725,0.86511770826847,0.0109136178950231,0.306787932807423,0.834806927569333,338,"16000/18148/16765/28006/19241/20740/18854/66494/18753/16319/54126/110147/213556/15382/12332/19360/93762/75430/108989/70640/22385/108000/103677/11545/17758/26949/59026/12018/12631/225115/66977/11920/22589/56208/14775/11739/20742/233977/18733/68729/12343/12048/56312/63986/15078/20779/22153/69535/24010/66468/227753/74919/52184/14297/19349/12345/12176/74392/52864/17245/11789/63985/108903/235041/19230/70123/52276/66077/18817/16905/14168/74143/110253/245857"
"GOBP_CERAMIDE_METABOLIC_PROCESS",0.772194304857621,0.865207466460491,0.0142253102409837,0.323556511976097,0.778121056392054,88,"11605/14421/12091/15211/241447/18753/14420/241230/14667/66190/27419/20397/18010/76524/11305/53357/14466"
"GOBP_NEGATIVE_REGULATION_OF_DNA_BIOSYNTHETIC_PROCESS",0.772407732864675,0.865207466460491,0.0162942919202149,0.349219867388812,0.744373217693502,30,"18854/12575/15382/70640/69535/227737/22791/235587/98956"
"GOBP_NEURON_FATE_SPECIFICATION",0.771972548151428,0.865207466460491,0.0197193557497303,-0.354094054926879,-0.779336425550309,19,"16911/18027/20682/24069"
"GOBP_PROTEIN_BRANCHED_POLYUBIQUITINATION",0.771923427529626,0.865207466460491,0.0168379367536634,0.369747063211067,0.741120301018489,19,"70790/75430/69010/59026"
"GOBP_NEGATIVE_REGULATION_OF_CELL_MATRIX_ADHESION",0.772716600140878,0.865294836369289,0.0206012699036625,-0.328243758814093,-0.803662877441691,33,"19211/12361/76499/18708/50768/108911/18015"
"GOBP_NEURON_APOPTOTIC_PROCESS",0.773165778116273,0.865539228309376,0.0115591416516076,0.310345802544774,0.827772726350318,260,"26362/18186/74772/14824/11820/18008/15258/19877/15251/17390/245944/11977/20302/11783/66437/12633/78928/17948/12363/22228/13163/12752/11501/11545/14433/15461/11546/22340/20296/19063/21926/14360/11920/14775/26400/112407/20655/12048/56312/19766/66168/14130/14466/19645/12176/69660/19229/20817/56086/12387/12704/16542/26926/110532/67784"
"GOBP_PROTEIN_LOCALIZATION_TO_MICROTUBULE_ORGANIZING_CENTER",0.775369223439733,0.866990468689831,0.0207703928056747,-0.320879365116243,-0.801912257881979,37,"386649/320191/101706/69654/209586/13589/56637/102774/239839/244667/277939"
"GOBP_REGULATION_OF_CELLULAR_RESPONSE_TO_HYPOXIA",0.774983307367015,0.866990468689831,0.0197410828163763,-0.347164149955899,-0.773033080094676,20,"26395/22346/110213/19878/20848/12282"
"GOBP_RETINA_LAYER_FORMATION",0.77538742023701,0.866990468689831,0.016772581036693,0.368378785028749,0.738377726866444,19,"15258"
"GOBP_TRANSCYTOSIS",0.775297619047619,0.866990468689831,0.0170675767380304,0.382665059907065,0.742613443738928,15,"16976/16971"
"GOBP_DNA_METHYLATION_DEPENDENT_CONSTITUTIVE_HETEROCHROMATIN_FORMATION",0.77567084078712,0.867048706015546,0.0164908879998104,0.356730314386091,0.736995943656106,24,"110147/17191/13435/93762/116848"
"GOBP_CELL_PROLIFERATION_INVOLVED_IN_HEART_MORPHOGENESIS",0.77623590633131,0.867421638917635,0.0193220780175963,-0.360697473311655,-0.765179842898708,16,"13805/20682/15205"
"GOBP_HETEROCHROMATIN_FORMATION",0.777047305988281,0.867592365856419,0.013218336466248,0.314491397504087,0.787662892949315,127,"98999/110147/12053/70790/17191/13435/16906/93762/108989/319192/14897/20586/14958/22589/51788/116848/76073/64383/67155/15078/75339/231386/19645/15270/217578/16905/15267/232440/319191/319172/208266/15201/107435/319176/74355/12419/68379/18140/223828/17192/224826/319164/51810/77683"
"GOBP_NEGATIVE_REGULATION_OF_MEGAKARYOCYTE_DIFFERENTIATION",0.777314611671786,0.867592365856419,0.0194786014047154,-0.358728234010178,-0.770246247108388,17,"23991"
"GOBP_NEGATIVE_REGULATION_OF_PROTEASOMAL_UBIQUITIN_DEPENDENT_PROTEIN_CATABOLIC_PROCESS",0.777124069908289,0.867592365856419,0.015980564982404,0.344360248676194,0.749632852603157,36,"20588/225896/68077/68135/56207/67025"
"GOBP_REPRODUCTIVE_SYSTEM_DEVELOPMENT",0.776988636363636,0.867592365856419,0.0117395482529479,0.310191036855172,0.819720248749991,234,"26362/16000/19156/229663/101476/20588/97165/12266/320790/17390/217124/20720/71175/67204/94246/224902/319448/11504/12018/50927/53381/71371/11920/22589/17977/17387/20397/12925/192176/20655/12048/22215/56312/15078/20779"
"GOBP_MELANOSOME_ASSEMBLY",0.778101657861177,0.868117418574294,0.0167109687916311,0.369375349988681,0.735769998894921,18,"11776/67844/11774/11777/108012/11769/192236/12807/246694"
"GOBP_REGULATION_OF_ADENYLATE_CYCLASE_ACTIVITY",0.778248272788054,0.868117418574294,0.0196976670488682,-0.340299214380504,-0.772747830032581,22,"11542/14679"
"GOBP_RESPONSE_TO_ARSENIC_CONTAINING_SUBSTANCE",0.778492647058823,0.868131639743074,0.0201568790091863,-0.331974329035179,-0.788650135047231,28,"14629/269523/20317/67760/13205/19653/19822"
"GOBP_PROTEASOME_ASSEMBLY",0.779017857142857,0.868458931758307,0.0169975540823652,0.380665863593993,0.738733732173098,15,"230249/20422/66537"
"GOBP_RENAL_ABSORPTION",0.779775680968488,0.869045272753463,0.0163439945058747,0.353852147422532,0.735308766276667,25,"57738/20393/14456/227753/53416/246198"
"GOBP_FATTY_ACYL_COA_BIOSYNTHETIC_PROCESS",0.780131742923269,0.869183642234367,0.0163373565903899,0.353697222277626,0.734986830072533,25,"107476/14104/19063"
"GOBP_POSITIVE_REGULATION_OF_INTERLEUKIN_17_PRODUCTION",0.780598368087035,0.869445076847016,0.0165953843262686,0.358847022417207,0.731068286870608,22,"76438/17085"
"GOBP_CALCIUM_ION_TRANSPORT",0.781329767837608,0.869742788789829,0.0107562068738835,0.305132129106316,0.829364218055054,333,"16854/227731/19264/65973/28240/18751/11820/20293/67972/22070/12286/18854/58800/12257/18438/320790/75909/51801/20303/12775/17329/12289/20302/69029/170756/20304/109552/15945/14873/22228/22627/12018/18796/20296/12523/12315/14360/13057/18733/63873/13367/228071/192176/233979/12313/15559"
"GOBP_REGULATION_OF_PROTEASOMAL_PROTEIN_CATABOLIC_PROCESS",0.781245813797723,0.869742788789829,0.0121980241379741,0.311352593683686,0.807350237693545,185,"11816/56486/14694/30940/20588/19186/12795/225896/270627/68077/68135/56207/67673/19188/67025/14775/214854/18023/22284/64383/56312/207304/17846/14466/50868/71816/53323"
"GOBP_GOLGI_TO_PLASMA_MEMBRANE_TRANSPORT",0.78236092265943,0.870115352560102,0.0226703389137716,-0.299935580094609,-0.828680315911977,66,"235574/12988/78808/19325/102058/75914/216363/53620/53330/106572/16553/57437/227648/229593/70829/94221/226744/76688/213760"
"GOBP_REGULATION_OF_PHOSPHOLIPID_BIOSYNTHETIC_PROCESS",0.78218005952381,0.870115352560102,0.0169383339193709,0.379572040336243,0.736611019802972,15,"14077/20280/18590/15559/11305/224792/12334"
"GOBP_REGULATION_OF_SYNAPTIC_VESICLE_CYCLE",0.782317336792045,0.870115352560102,0.0191592185403447,-0.363040667885865,-0.75747235968705,15,"18805/12217/19164/102866/19058/192662/69908"
"GOBP_CALCIUM_ION_REGULATED_EXOCYTOSIS",0.783591567183134,0.870708921969282,0.0216022398728411,-0.306796563855558,-0.81364795031259,51,"56807/20910/11938/19055/20912"
"GOBP_REGULATION_OF_NUCLEOTIDE_BIOSYNTHETIC_PROCESS",0.783263750226901,0.870708921969282,0.016561583986,0.361225865913619,0.73177558119767,21,"19241/11545/11983/13806/14913"
"GOBP_RESOLUTION_OF_MEIOTIC_RECOMBINATION_INTERMEDIATES",0.783482142857143,0.870708921969282,0.0169140282844153,0.379232621185502,0.73595233091075,15,"21973/20892/52864"
"GOBP_NEGATIVE_REGULATION_OF_INTERLEUKIN_2_PRODUCTION",0.785078961699038,0.87169196463781,0.0165278713214594,0.36100820228294,0.728158851675383,20,"19264/16768/21929"
"GOBP_REGULATION_OF_EXOCYTOSIS",0.78517397881997,0.87169196463781,0.0125092863700644,0.310378018586838,0.795640751544168,162,"14991/12306/53378/74772/18751/14127/94245/14191/16783/171580/68953/14389/16409/16414/378460/15006/12523/12315/20909/73205/233979/208092/20911/14130/19354/16859/19349/12772"
"GOBP_T_HELPER_2_CELL_DIFFERENTIATION",0.784786641929499,0.87169196463781,0.0168517381697535,0.375807026389346,0.733964430184268,16,"12053/12051/15284/53314/12524"
"GOBP_CEREBELLAR_PURKINJE_CELL_LAYER_DEVELOPMENT",0.786540858109311,0.872186421407807,0.0162184451049271,0.351496119166537,0.730412912901614,25,"11977/22272/27419/14466/77579"
"GOBP_DETECTION_OF_ABIOTIC_STIMULUS",0.787713723710092,0.872186421407807,0.0138460775916995,0.318759962555985,0.769947813582216,91,"11539/20720/15451/21926/14360/18739/17035/21853/17869/22139/14913/16328/12387/50769/14151/18764/234839"
"GOBP_HEPARAN_SULFATE_PROTEOGLYCAN_METABOLIC_PROCESS",0.786625829504849,0.872186421407807,0.015560932522657,0.336480026484407,0.744293817897684,42,"110006/12091/72043/15442/233781"
"GOBP_METABOLIC_COMPOUND_SALVAGE",0.787521968365554,0.872186421407807,0.0160128995173261,0.344066860724705,0.7333894206374,30,"11821/13178/15452/11565/69064"
"GOBP_MODIFICATION_OF_POSTSYNAPTIC_ACTIN_CYTOSKELETON",0.787028602659865,0.872186421407807,0.0165447167287271,0.366617433436073,0.730276420996649,18,"108100/12631"
"GOBP_MYELIN_ASSEMBLY",0.786763372620127,0.872186421407807,0.0164808198402051,0.356892141944934,0.727085667457259,22,"13823/12527"
"GOBP_REGULATION_OF_TOLL_LIKE_RECEPTOR_4_SIGNALING_PATHWAY",0.787337662337662,0.872186421407807,0.0201254248782619,-0.32816137416129,-0.788607376349404,30,"17096/18708/117149/67245/17002/72993/14251/52065/18412/69807"
"GOBP_REPLACEMENT_OSSIFICATION",0.787610619469027,0.872186421407807,0.0161136411788081,0.347108738431272,0.731613871984692,28,"17937/16332/17936/17387"
"GOBP_SNO_S_RNA_METABOLIC_PROCESS",0.785900297619048,0.872186421407807,0.0168690107619999,0.377927182634996,0.733418950366895,15,"319885/28036/14113"
"GOBP_FORMATION_OF_PRIMARY_GERM_LAYER",0.788768061969313,0.872371475091804,0.0136011980900583,0.316761317208041,0.773675763876434,101,"14268/17886/16402/14751/68196/17390/16414/20336/16419"
"GOBP_INSULIN_SECRETION_INVOLVED_IN_CELLULAR_RESPONSE_TO_GLUCOSE_STIMULUS",0.789473684210526,0.872371475091804,0.0147497410499638,0.328799072435628,0.756229465250684,58,"15251/67041/109552/22228/192185/52055/20909/218461/53357"
"GOBP_KETONE_BIOSYNTHETIC_PROCESS",0.789090909090909,0.872371475091804,0.0207703928056747,-0.313561661611437,-0.804014704468867,42,"12912/66108/99138/320717/59045/56316/57869/67914/13132/12724/100198/19712/71707/170728/13653/217707"
"GOBP_MEIOTIC_CHROMOSOME_SEGREGATION",0.790031152647975,0.872371475091804,0.0142224650360821,0.322421551733737,0.763459626738695,76,"74117/223593/110147/70099/14211/66977/12442/11920"
"GOBP_MULTIVESICULAR_BODY_ORGANIZATION",0.788213195585818,0.872371475091804,0.0202971548798136,-0.326031468963402,-0.793346161380417,32,"72543/20844/67123/330192/116733/68942/20479/15239/105513"
"GOBP_NEGATIVE_REGULATION_OF_DNA_RECOMBINATION",0.788932006073899,0.872371475091804,0.0153960550703043,0.334168275890854,0.743985352840801,44,"12053/50755/56702/14958/80838/117599/67956/107970/18817/74355/14957/235587/12261/50709/17686/71890/17350/77782/20371/51869/214763"
"GOBP_POSITIVE_REGULATION_OF_DNA_REPAIR",0.790411540093339,0.872371475091804,0.0128183995675934,0.311407225534845,0.784766284433283,136,"20588/68094/26992/27050/19360/56207/11545/14051/66923/19362/20586/11920/78656/224008/233908/67155/13211/100683/59004/21853/57376/15270/226151/320209/232811/54402/74355/235587/14235/210766/18538/77045/103537"
"GOBP_PROTEIN_FOLDING",0.789661084003693,0.872371475091804,0.0118106961726666,0.308468404010808,0.805458706792746,203,"14824/12017/15528/70604/12010/15525/19386/67397/18087/16149/56612/70356/228005/15510/231580/64136/93684/21371/21454/14232/12461/15519/414077/215280/13418/56330/67199/78244/66861/64930/15526/72429/23950/108903/50527/243912/12955/69253/26926/73635/21356/22791/12759/268373/104009/66411/320011/54673/19035/12539/56693/67285"
"GOBP_PROTEIN_LOCALIZATION_TO_CHROMATIN",0.790441176470588,0.872371475091804,0.0219880216705666,-0.301741928601827,-0.816700319161486,58,"269523/20729/218850/72656/22367/71735/13982/228880/19822/14312/70675/105513/22378/67382"
"GOBP_REGULATION_OF_DOUBLE_STRAND_BREAK_REPAIR",0.789860189238808,0.872371475091804,0.012808004671676,0.311134794057148,0.784605084087739,137,"20588/18854/68094/107823/26992/19360/50755/11545/110052/66923/19362/20586/11920/78656/224008/233908/67155/100683/117599/59004/67956/21853/57376/226151/320209/216049/18817/232811"
"GOBP_REGULATION_OF_TUMOR_NECROSIS_FACTOR_MEDIATED_SIGNALING_PATHWAY",0.789626757149782,0.872371475091804,0.0147585975721717,0.327885956162075,0.753396993938843,57,"11746/230598/432940/17164/17948/12363/21929/19766/59004/71966/14456/53323/11491/192119"
"GOBP_NON_MOTILE_CILIUM_ASSEMBLY",0.791371538956858,0.873141162204976,0.0146732159415549,0.327652040863151,0.755615292434556,59,"13191/18536/17758/110350/72140/16328/67661/16513/73916/81896/74081/77945/15114/52023/68146/544696/53860/67378/102124/76260/12009/21821"
"GOBP_OOCYTE_MATURATION",0.79296875,0.874645931430253,0.0198766556429578,-0.32809633594868,-0.779437435437992,28,"56484/11727/213541/51792/19336/241846"
"GOBP_REGULATION_OF_OXIDATIVE_PHOSPHORYLATION",0.79365367180417,0.875143854640197,0.0163539576934979,0.354846370533379,0.722917878656617,22,"11977/108037/21926/67267/56312/66148"
"GOBP_CELLULAR_RESPONSE_TO_VITAMIN_D",0.793928650565034,0.875189583034632,0.0193094736922266,-0.348792041055283,-0.757755082834268,18,"17979/20181/20182"
"GOBP_PYRIMIDINE_RIBONUCLEOTIDE_BIOSYNTHETIC_PROCESS",0.794378966455122,0.875428511106674,0.016340675127523,0.35441367114905,0.722036353165614,22,"18103/13178/66588/18102/76654/68556"
"GOBP_GLIAL_CELL_APOPTOTIC_PROCESS",0.794636296840558,0.875454685643272,0.0165245048559652,0.368280869672611,0.725489349011445,17,"241447/18753/20296/14456/19645"
"GOBP_ALANINE_TRANSPORT",0.796875,0.875550548532222,0.0166666528951794,0.373345962167335,0.724528470768777,15,"21366/234967/105727"
"GOBP_ESTABLISHMENT_OF_PROTEIN_LOCALIZATION_TO_CHROMOSOME",0.797059357415139,0.875550548532222,0.016307527524536,0.356446178262046,0.718957182152743,20,"71175/21454/56702/224008"
"GOBP_NEGATIVE_REGULATION_OF_INTRACELLULAR_STEROID_HORMONE_RECEPTOR_SIGNALING_PATHWAY",0.795378751786565,0.875550548532222,0.0203793488435391,-0.316050631415971,-0.789844729816119,37,"433759/16969/72068/94186/58184/77889/21416/12952/13132/228545/108655/11848/71732/234594"
"GOBP_POSTSYNAPTIC_MODULATION_OF_CHEMICAL_SYNAPTIC_TRANSMISSION",0.795310296191819,0.875550548532222,0.0159161311476013,0.340671751080096,0.722501359450835,29,"16000"
"GOBP_REGULATION_OF_TELOMERE_MAINTENANCE_VIA_TELOMERASE",0.795979899497487,0.875550548532222,0.0151630511531233,0.329084943535035,0.73775317510398,46,"18854/15382/11991/70640/103677/21454/12461/15519/11920/69535"
"GOBP_RESCUE_OF_STALLED_RIBOSOME",0.796695652173913,0.875550548532222,0.0156930327092861,0.337059684610509,0.7313970443133,35,"14694/227331/66244/77987/66855"
"GOBP_RESPONSE_TO_TEMPERATURE_STIMULUS",0.796588666478714,0.875550548532222,0.0126579935384703,0.309873138062888,0.78205337914321,140,"16000/28240/11539/68196/15368/66656/108989/17164/15510/15945/16889/22228/26457/13163/69068/22627/18035/15519/11920/18023/63873/26400/20655/17035/67669/23950/50527/243912/12955/69253/22791/66361/21825/14164/56454/210029"
"GOBP_SMOOTHENED_SIGNALING_PATHWAY",0.797011559063998,0.875550548532222,0.0126502702243012,0.309657639198325,0.78150950620125,140,"18605/14694/15258/20720/70790/56207/14232/211612/18000/56350/110350/19645/67590/67661"
"GOBP_SYNAPTIC_MEMBRANE_ADHESION",0.795667046750285,0.875550548532222,0.019710675673393,-0.332016776831389,-0.771743911940165,25,"26416/19280/13602"
"GOBP_TRANSLESION_SYNTHESIS",0.795667046750285,0.875550548532222,0.019710675673393,-0.332096474643466,-0.771929162522538,25,"268564/269523/244666/408022/67811/68098/67513/22224"
"GOBP_REGULATION_OF_MEMBRANE_LIPID_METABOLIC_PROCESS",0.799228508449669,0.877676076668433,0.0164406247822452,0.366687166070098,0.722349856617685,17,"18753/21926/11305/53357/18201/76498/12492"
"GOBP_VIRAL_BUDDING",0.799642218246869,0.877873179258719,0.0160485588376775,0.348594018339883,0.720186558693239,24,"75608/68953/208092/73711/66371"
"GOBP_MIDDLE_EAR_MORPHOGENESIS",0.800185528756957,0.878022571950466,0.0165683370223268,0.369356457865683,0.721366241437447,16,"67671/27419/17869"
"GOBP_REGULATION_OF_AEROBIC_RESPIRATION",0.80024682651622,0.878022571950466,0.0158264444745401,0.33886963263743,0.718679401743484,29,"11977/68077/108037/21926/67267/63873/56312/66148"
"GOBP_LYMPHANGIOGENESIS",0.802544975866608,0.879187867058039,0.0189984805306982,-0.349919996240682,-0.751333567697155,17,"11481/19056/13836/320924"
"GOBP_MODIFIED_AMINO_ACID_CATABOLIC_PROCESS",0.802340234023402,0.879187867058039,0.0160908258950932,0.349741142101844,0.717639468606163,23,"192166/11363/107885/193742/14719/223267"
"GOBP_NEGATIVE_REGULATION_OF_ORGANELLE_ASSEMBLY",0.802255639097744,0.879187867058039,0.0210285447951901,-0.30460409570849,-0.796888922136905,47,"56275/237782/11651/20333/225020/78246/72404/66725"
"GOBP_REGULATION_OF_ACTIN_FILAMENT_POLYMERIZATION",0.801987432412684,0.879187867058039,0.0130830524018917,0.311197376880848,0.77031636292785,114,"72042/28006/19241/20740/108100/18753/12775/12332/207495/12631/225115/20742/12343/56378/73910/67771/277360/227753/12345/17974/235041/19229/19230/110253/245857"
"GOBP_REGULATION_OF_ISOTYPE_SWITCHING",0.802716350339544,0.879187867058039,0.0156016825393435,0.335644394132175,0.723984321773565,33,"19264/107823/12053"
"GOBP_REGULATION_OF_SYNAPTIC_VESICLE_RECYCLING",0.802477876106195,0.879187867058039,0.0158424157898368,0.341599556226564,0.720001965748994,28,"19877/12315/11465/56378/11773/110524/229521/54645"
"GOBP_TRANSCRIPTION_PREINITIATION_COMPLEX_ASSEMBLY",0.803168635875403,0.879426248104297,0.0220877147325811,-0.295920278058524,-0.816166327310819,65,"12912/66213/106298/21374/21343/229906/13982/234959/108098/22059/68975/21833/71902/24074/70625/56771/63856/21429/67381/67089/66653/20933/80509/28077/381379/66464/15289"
"GOBP_AXONAL_FASCICULATION",0.803463992707384,0.87949271164348,0.0162546650293177,0.35919159406368,0.71996293899926,19,"18186/68585"
"GOBP_REGULATION_OF_PROTEIN_TARGETING_TO_MEMBRANE",0.804227941176471,0.88007191927866,0.0196630445770775,-0.324916735907001,-0.77188386342068,28,"18479/12569/23991"
"GOBP_GLUTAMATE_METABOLIC_PROCESS",0.804850407978241,0.88008350991354,0.0194445894772431,-0.330969787364264,-0.762268248124154,24,"14645/14629"
"GOBP_POSITIVE_REGULATION_OF_NEURON_DIFFERENTIATION",0.804507672634271,0.88008350991354,0.0143338409907941,0.322349593095375,0.74877824901835,63,"11820/21815/12053/70834/208643/17977/233552/12175"
"GOBP_REGULATION_OF_MITOCHONDRIAL_MEMBRANE_PERMEABILITY",0.805647417959807,0.88008350991354,0.0211939263280767,-0.301461970151451,-0.802640758878836,52,"14629/12122/11909/193740/56637/22059/66725/66400/12322/22334/214952/12125/20544/20848/75778/243382"
"GOBP_RESPONSE_TO_ANGIOTENSIN",0.805052919085012,0.88008350991354,0.0152729279054787,0.332613702308,0.732341464597291,40,"13058/19877/18753/13057/26409/20779/11610"
"GOBP_SULFUR_COMPOUND_TRANSPORT",0.805560071533084,0.88008350991354,0.0145591958199475,0.324244075703428,0.742416444108751,56,"21366/73822/68066/22228/26457/26934/18023/67283/27376"
"GOBP_WALKING_BEHAVIOR",0.805535966149506,0.88008350991354,0.0157310150456902,0.33745944912642,0.715688665057657,29,"15258/15211/320790"
"GOBP_NEGATIVE_REGULATION_OF_REACTIVE_OXYGEN_SPECIES_METABOLIC_PROCESS",0.806198850774856,0.880429281090956,0.0155390409941746,0.334957856110852,0.72130838371546,32,"12633/14360/64383/12955/22333/15277"
"GOBP_POSITIVE_REGULATION_OF_COAGULATION",0.806440071556351,0.880436174830528,0.0159257763385191,0.345836072920427,0.714488712154848,24,"15442/18787/27973"
"GOBP_STRIATUM_DEVELOPMENT",0.806932865291795,0.880717640976601,0.0189168547875769,-0.348121580969427,-0.747472085711359,17,"67263/66725/102774/108655/26570"
"GOBP_ROOF_OF_MOUTH_DEVELOPMENT",0.807315175097276,0.880878391925645,0.0138988712689577,0.316867802571987,0.7492896404281,74,"65973/101476/320790/67628/71371/20397"
"GOBP_REGULATION_OF_ARP2_3_COMPLEX_MEDIATED_ACTIN_NUCLEATION",0.809303977272727,0.8825345670114,0.0157659269116235,0.341128799925326,0.714988358893009,27,"28006/223593/63986/107702/63985"
"GOBP_RESPONSE_TO_GONADOTROPIN",0.809165375249059,0.8825345670114,0.0190107710067738,-0.34168263459845,-0.752019751293359,19,"14629"
"GOBP_INSULIN_SECRETION",0.810026385224274,0.882552003436215,0.0121955154928839,0.30659327764287,0.782095185601722,156,"18751/15251/16181/67041/14683/170756/20304/109552/16176/22228/384783/12894/192185/21926/27060/67267/52055/20787/20909/218461/53357/266690/19247/18640/18641/68267/230908/100039795"
"GOBP_POSITIVE_REGULATION_OF_MACROPHAGE_ACTIVATION",0.809692881235576,0.882552003436215,0.0157563964712201,0.341410271931939,0.713119584873906,26,"15944/231130/20302/15510"
"GOBP_TELOMERE_CAPPING",0.810014204545455,0.882552003436215,0.0157532211636386,0.34084021802411,0.714383506121851,27,"11991/19360/103677/11920/69535"
"GOBP_DETERMINATION_OF_ADULT_LIFESPAN",0.81124847640606,0.882600664606651,0.01544872250801,0.333328957030146,0.718989928334471,33,"14421/16889/11920/22040/27419/20655/14466/50769/12850/170770/16591/436022"
"GOBP_MRNA_TRANSCRIPTION",0.81121187139324,0.882600664606651,0.0146614794357823,0.324710664963774,0.733228402524648,49,"12306/270627/80859/11774/99730/17977/15259/20787/192176"
"GOBP_NEGATIVE_REGULATION_OF_NUCLEOTIDE_CATABOLIC_PROCESS",0.811101360245722,0.882600664606651,0.0188398060192651,-0.3467565635858,-0.744541177527124,17,"12398/19052/216963/208727/20848"
"GOBP_POSITIVE_REGULATION_OF_CELL_DIVISION",0.810900473933649,0.882600664606651,0.0140499405435883,0.318524843649349,0.744917749366823,68,"227937/16319/16176/22608/225115/232341/22340/26934/64383/18590/15559/211660/19242/12531/52276/12704/20877/14164/15191/18413/14173/381293"
"GOBP_POSITIVE_REGULATION_OF_G1_S_TRANSITION_OF_MITOTIC_CELL_CYCLE",0.810344827586207,0.882600664606651,0.0151782594479208,0.330508758363287,0.727706845756667,40,"72776/208643/11504/20135/11629/72584/21781/116748/11491"
"GOBP_CELLULAR_RESPONSE_TO_ACID_CHEMICAL",0.811881188118812,0.882687567278763,0.0135059575719016,0.313418656164985,0.752667290683956,86,"13058/108100/17390/11991/13435/21926/14360/18810/13057/12048/83409/54170/11898/68576/107045/98402/12334/12826/52187/56717/70572/18764"
"GOBP_DETECTION_OF_MECHANICAL_STIMULUS",0.812156018186169,0.882687567278763,0.0201299133854146,-0.310646289129752,-0.780936352821422,38,"18613/73750/16480/211499/18763"
"GOBP_GOLGI_TO_ENDOSOME_TRANSPORT",0.812270389419544,0.882687567278763,0.016205298920702,0.360992609961247,0.711131951631221,17,"320528/78885/13858/70028/66460/16558"
"GOBP_LENS_MORPHOGENESIS_IN_CAMERA_TYPE_EYE",0.811850501367366,0.882687567278763,0.0161038583747117,0.355714290965584,0.712993039370003,19,"15258/12387/100121/29815"
"GOBP_AMINO_ACID_TRANSMEMBRANE_TRANSPORT",0.812870835235052,0.882719354854737,0.013470730804334,0.313626991045353,0.753783567031361,87,"14580/21366/18173/234967/72055/73822/625098/22228/12752/117160/21926/18000/105727/231549/68267/320106/16513/94280"
"GOBP_CELLULAR_RESPONSE_TO_ANGIOTENSIN",0.812866870157314,0.882719354854737,0.0198283775815812,-0.315258174916018,-0.777150290340271,34,"18750/19055/19353/229877/19697/12322/18760/19878"
"GOBP_PROTEIN_METHYLATION",0.813006193425441,0.882719354854737,0.0200449115775464,-0.311748655377634,-0.779093626151328,37,"14852/67099/67674/73251/68215/66083/20638/57295/15468/19346/18537/27374"
"GOBP_ACTIVATION_OF_GTPASE_ACTIVITY",0.815841584158416,0.883749785383163,0.0158488096690944,0.344425013167823,0.706731218234688,23,"23790"
"GOBP_HISTONE_MRNA_METABOLIC_PROCESS",0.815742397137746,0.883749785383163,0.0157595725314372,0.342589074387506,0.707780494065958,24,"70640/214290/11920/20823/116748"
"GOBP_NEGATIVE_REGULATION_OF_PROTEIN_CONTAINING_COMPLEX_DISASSEMBLY",0.815313225058005,0.883749785383163,0.0136668473050144,0.314719082979169,0.748149299113054,79,"28006/20740/213556/12332/12631/225115/21926/20742/12343/224432/227753/12345/74392/11789/19230/14168/110253/67886/50876/17318"
"GOBP_NUCLEOTIDE_SUGAR_BIOSYNTHETIC_PROCESS",0.815630797773655,0.883749785383163,0.019589794126383,-0.319735523876527,-0.768359144199713,30,"67980/75540/234730/15275/54342/50798/24060/109785/107652"
"GOBP_PROTEIN_SUMOYLATION",0.814775725593668,0.883749785383163,0.0215870588012427,-0.296226396963365,-0.804030482738134,59,"328365/66867/50995/11863/98403/229615/237107/106021/56469/19697/54473/223870/22218/208727/66647/67872"
"GOBP_REGULATION_OF_EPIDERMIS_DEVELOPMENT",0.815615025779524,0.883749785383163,0.0204574864805362,-0.302806220947107,-0.786521176333367,45,"93691/17979/81535/54616/17134/101706/74155"
"GOBP_REGULATION_OF_NUCLEOCYTOPLASMIC_TRANSPORT",0.815047479912345,0.883749785383163,0.012844415062661,0.307138162681816,0.759848413508321,113,"20684/17931/18753/70790/67628/108989/16176/22627/16589/18035/232341/15519/19384/331401/192176/13211/19247/14456/72826/12534/54194/230908"
"GOBP_RESPONSE_TO_IRON_ION",0.815384615384615,0.883749785383163,0.0157659269116235,0.34276428171363,0.708142468037456,24,"15251/12010/18174/68066/56208/14297/22041"
"GOBP_OPTIC_NERVE_DEVELOPMENT",0.816220238095238,0.883904493609059,0.0163174630038109,0.365394318094731,0.709097227086437,15,"68193/27060"
"GOBP_IMMUNOGLOBULIN_PRODUCTION_INVOLVED_IN_IMMUNOGLOBULIN_MEDIATED_IMMUNE_RESPONSE",0.816488046166529,0.883939109483579,0.0145679343023521,0.323175017275932,0.732886700575544,51,"19264/107823/12053/15510/80859/13026"
"GOBP_INNER_MITOCHONDRIAL_MEMBRANE_ORGANIZATION",0.817088141419101,0.884319326181564,0.0204298515001083,-0.302269805813316,-0.785127869879118,45,"67013/66826/67453/69773/56384/76614/66092/69597/69923/216821/56322/382793"
"GOBP_SPINDLE_LOCALIZATION",0.817685764724763,0.884319326181564,0.0141571772418017,0.318854264075861,0.737721083629379,60,"17886/74117/12615/13191/16332/17758/12631/66468/15194/18817/13424/14609/12316/67052/108907/76123/244329/54141/67839/102124"
"GOBP_SYNAPTIC_TRANSMISSION_GABAERGIC",0.817783026826388,0.884319326181564,0.0148772197886966,0.325019403754019,0.723616492730809,44,"11539/245944/16573/12752/105727"
"GOBP_TRIGLYCERIDE_BIOSYNTHETIC_PROCESS",0.817562808170932,0.884319326181564,0.0197410828163763,-0.31348301030423,-0.772774290593968,34,"319660/21835/382030/81601/14245/14081"
"GOBP_POSITIVE_REGULATION_OF_ATP_DEPENDENT_ACTIVITY",0.818384153127087,0.884714106120658,0.0189209233051137,-0.333150356484656,-0.74182845849921,20,"93739/99349/56812/66511/18643/217737/381760"
"GOBP_NEURAL_RETINA_DEVELOPMENT",0.819319640564827,0.885470015235574,0.0141260548565526,0.31976793455312,0.741202109918111,62,"15258/21815/12215/20586/27419"
"GOBP_CYTOKINETIC_PROCESS",0.819755936675462,0.885686148936186,0.0145126804924478,0.322213866054262,0.729779561473972,50,"75608/17886/68953/29875/18810/26934/208092/404710/66371/74107/20877/216846/68743"
"GOBP_KERATINOCYTE_MIGRATION",0.820684523809524,0.886433889117607,0.0162381890530244,0.363140380276883,0.704723155083909,15,"11502/26921/76905/232227/212307/56717/19015"
"GOBP_OOGENESIS",0.82102666872206,0.886547955739061,0.0135168126347359,0.312852241142017,0.745730788236671,81,"16000/223593/110147/54004/13164/214290/11920/64383/15078/20779/231386/19242/12531/12387"
"GOBP_SISTER_CHROMATID_COHESION",0.821780578445629,0.887106453921146,0.0141826900665285,0.318684629881608,0.732254729594567,57,"72117/71175/67849/24061/22589/19645/226026/226151/320209/210106/18817/12387/100710/68501/13006/50878"
"GOBP_DOPAMINERGIC_NEURON_DIFFERENTIATION",0.822147053587324,0.887215781448042,0.0155765910596896,0.338490840840662,0.703387797382208,25,"15251/15902/15452"
"GOBP_REACTIVE_OXYGEN_SPECIES_BIOSYNTHETIC_PROCESS",0.822355289421158,0.887215781448042,0.0145912630901508,0.320571601401984,0.721071609969469,47,"13058/12633/16889/14360/13057/20655"
"GOBP_RESPIRATORY_GASEOUS_EXCHANGE_BY_RESPIRATORY_SYSTEM",0.822660889102873,0.88729007549858,0.0140696363214137,0.316875151504018,0.733142085523908,60,"11539/14387/17158/15258/14660/12859/11774"
"GOBP_LUNG_ALVEOLUS_DEVELOPMENT",0.823182048253754,0.887596753985924,0.0147822421743418,0.323203529554454,0.719573667889113,44,"16000/17158/11977/75725/18590/71966"
"GOBP_INHIBITORY_SYNAPSE_ASSEMBLY",0.824011659683002,0.888235749350559,0.0158776201043327,0.351874813260171,0.70091014728384,18,"20354/14168"
"GOBP_IRON_ION_TRANSMEMBRANE_TRANSPORT",0.824287529497186,0.888277648233311,0.0158200612917092,0.346636532074516,0.702220338185394,21,"18173/18174/213053/67739"
"GOBP_ESTABLISHMENT_OF_CELL_POLARITY",0.825059432247238,0.888853909762187,0.0120282089183163,0.302665896794482,0.76931641145737,150,"17886/14694/19877/270163/94176/12775/12615/52822/13191/78885/20401/16332/17758/12631/71653/17698/27060/193385/76108"
"GOBP_CHAPERONE_MEDIATED_PROTEIN_COMPLEX_ASSEMBLY",0.825558177527682,0.8888802210209,0.0157977441278325,0.3459106364316,0.700749810307663,21,"15525/15510/12461/15519/73635/12759/74142"
"GOBP_REGULATION_OF_RESPONSE_TO_OXIDATIVE_STRESS",0.825545902794083,0.8888802210209,0.019594090913641,-0.316354163438934,-0.769797964592076,32,"140742/11689/11666/12162/53618"
"GOBP_GOLGI_TO_PLASMA_MEMBRANE_PROTEIN_TRANSPORT",0.826181818181818,0.889057678536905,0.0200672233858778,-0.303124047439291,-0.777251243557063,42,"235574/12988/19325/53620/53330/106572/16553/57437/229593/226744/76688/213760"
"GOBP_POSTREPLICATION_REPAIR",0.826434619002822,0.889057678536905,0.0196026889962666,-0.310903960425568,-0.770243836326188,35,"268564/269523/93765/244666/408022/74320/67811/68098/67513/22224"
"GOBP_SPINDLE_ASSEMBLY",0.826407601758616,0.889057678536905,0.0122105725345953,0.302672374836952,0.761375720463193,133,"75608/20185/16319/223593/72776/27050/68953/108989/24061/12442/193385/26934/50883/192176/208092/59125/545486/70799/66468/16551/52276/66371/18817/13424/212307/20877/233406/13006/76478/18005/16571/16563/18140/12316/67052/52023/209737/100502766/51810/71819/76123/11799/17350"
"GOBP_RESPONSE_TO_RADIATION",0.826936744847193,0.88934258814556,0.0094890751656138,0.296498312906313,0.814517321911341,386,"19264/11820/18148/20893/19941/226695/18854/227525/20318/15251/22329/17390/12575/18753/66656/12795/13435/270627/71175/15945/11810/11545/319352/15902/12018/72931/66915/15461/24061/19362/21926/11920/14775/13057/22040/56349/224008/26400/18626/50883/65964/235559/18739/12925/218461/12048/16160/72584/15312/76843/17869/67967/15270/22139/14913/12051/16328/17718/71101/12748/12955/50769/228140/24086/20869/13197/20877"
"GOBP_ACTIVATION_OF_PROTEIN_KINASE_ACTIVITY",0.828344004152968,0.889382601471984,0.0150570593519133,0.326670537422058,0.711124375622607,36,"16000/18753/109910/108686/14456/19229/20869/268373/16452/14164/269582/381293"
"GOBP_CELLULAR_RESPONSE_TO_STEROL",0.828623518687329,0.889382601471984,0.0158073040653762,0.349683222304385,0.700904376967027,19,"11303/235283/18023"
"GOBP_NEGATIVE_REGULATION_OF_LEUKOCYTE_CHEMOTAXIS",0.828872312417727,0.889382601471984,0.0185166042203274,-0.339762024276805,-0.729522795525855,17,"319430/217835/118453"
"GOBP_NEGATIVE_REGULATION_OF_NLRP3_INFLAMMASOME_COMPLEX_ASSEMBLY",0.827496757457847,0.889382601471984,0.0183212127881678,-0.345927510695561,-0.721766322580732,15,"54396/338364/93687"
"GOBP_NEURON_MATURATION",0.827292836481198,0.889382601471984,0.0148326191037422,0.323808384685277,0.716264146263834,42,"11820/12266/12259/19645/67161/27965/211286/56336/21389"
"GOBP_REGULATION_OF_MICROTUBULE_BASED_PROCESS",0.828790786948177,0.889382601471984,0.0106417106428041,0.298671301295886,0.793724858074731,249,"56430/75608/18148/18518/16765/19877/54126/16783/72776/27050/52822/13191/68953/108989/58251/56706/12537/18648/100986/236266/193385/63873/13367/68729/66061/208092/22153/21335/66468/56036/105439/233064/74392/17245/11789/108903/75991/66371/18817/14168/13424/74019/102693/212307/20869/74256/67886/83679/17754/20877/75786/17318/16578/107503/235587/76478/76890/30839/98956"
"GOBP_SKIN_EPIDERMIS_DEVELOPMENT",0.828415796640944,0.889382601471984,0.0131174291000254,0.307873501409893,0.743652143041066,91,"16765/11977/14683/15442/80859/320713/11774/21926/18810/27419/18590/59004/14466"
"GOBP_VESICLE_DOCKING",0.828728389077395,0.889382601471984,0.0140611920689462,0.316269939698193,0.726706397037807,57,"56193/12752/20336/53612/74732/53331/20909/55943/228960/20911"
"GOBP_MATURATION_OF_5_8S_RRNA",0.829183353647919,0.889461708492387,0.0151326847715948,0.327034587504876,0.708051763331622,34,"66481/59050/75416"
"GOBP_DENDRITIC_TRANSPORT",0.830055658627087,0.889633574073298,0.0160355807027796,0.356443729723506,0.696147226125108,16,"16573/70827"
"GOBP_ENDOCHONDRAL_BONE_MORPHOGENESIS",0.830024610336341,0.889633574073298,0.0142594959435372,0.318639165011517,0.725680226753286,53,"109181/17937/16332/17936/63873/17387"
"GOBP_SYNAPTIC_VESICLE_EXOCYTOSIS",0.829694323144105,0.889633574073298,0.0228540270557801,-0.28582892067879,-0.826407678927656,88,"12361/78808/20910/11938/271457/228983/19055/20912/18436/20615/66725/109905/216963/19164/18439/226407/67808/228545"
"GOBP_NEGATIVE_REGULATION_OF_PEPTIDE_SECRETION",0.832341617080854,0.891828582281029,0.0151508965817747,0.326059822320971,0.699040776733101,31,"16149/22228/20787/218461/19247/18641"
"GOBP_CARBOHYDRATE_BIOSYNTHETIC_PROCESS",0.833723009214688,0.892103174156706,0.01162964924826,0.300144107397936,0.769406558714897,162,"18605/16000/56193/14751/21991/19386/11910/18655/241230/14718/384783/11545/213053/27357/18648/13806"
"GOBP_DIGESTIVE_TRACT_MORPHOGENESIS",0.834233388119277,0.892103174156706,0.0194361011621869,-0.307673490261083,-0.75845310704505,34,"17127/17126/13845/11481"
"GOBP_FEMALE_MEIOTIC_NUCLEAR_DIVISION",0.834260869565217,0.892103174156706,0.0150269243504847,0.325126141337185,0.705502051002605,35,"223593/21973/13164/12442/11920/66468/12531/18817"
"GOBP_FILOPODIUM_ASSEMBLY",0.833253089391751,0.892103174156706,0.0138849602256948,0.314057570332745,0.72662315424692,60,"18186/28240/18753/217124/12775/12752/193385/103742/381350/17909/75974/22350/30938/13998"
"GOBP_LIPID_OXIDATION",0.834845735027223,0.892103174156706,0.0233694102773229,-0.283943377673761,-0.83172713086932,99,"19299/74114/11689/11651/26416/207952/11666/110826/11364/27273/66841/19302/20682/67460"
"GOBP_NEGATIVE_REGULATION_OF_GLIOGENESIS",0.835425053279659,0.892103174156706,0.0195426283077078,-0.307075188357727,-0.765211542241011,36,"76893/269951/20481/18015/22059/14912/15205"
"GOBP_POSITIVE_REGULATION_OF_CANONICAL_WNT_SIGNALING_PATHWAY",0.833982035928144,0.892103174156706,0.0128652566558307,0.306163360817406,0.744932432405621,98,"24136/20042/243272/72043/70790/74996/17847/232341/233328/84092/20779"
"GOBP_POSITIVE_REGULATION_OF_CELL_CYCLE",0.835229403675459,0.892103174156706,0.0101701706144403,0.296440055858841,0.795677066209547,281,"16000/11820/18148/227937/16319/72776/13164/108989/70099/16176/19385/14211/208643/67849/11504/267019/67241/13685/68612/83946/225115/20135/232341/19362/21926/22589/56208/18712/68298/26934/67117/50883/65964/54392/64383/11629/56312/26409/211660/12487/72584/76843/66468/19247/21781/116748/19645/226026/226151/11491/320209/12534/12531/20817/52276/116871/12567/13424/12704"
"GOBP_REGULATION_OF_EXIT_FROM_MITOSIS",0.835454146555507,0.892103174156706,0.0183990018875178,-0.337356974340305,-0.724358772981578,17,"21803"
"GOBP_RESPONSE_TO_ANTIBIOTIC",0.833530665403741,0.892103174156706,0.0195769127676632,-0.307904702152941,-0.767278637058867,36,"23871/19053/17260/20512/12576/22059/217127/216850/99982/75605/18783/20544"
"GOBP_RETINA_MORPHOGENESIS_IN_CAMERA_TYPE_EYE",0.834295136026381,0.892103174156706,0.0142566440784238,0.316797229606278,0.715359092422664,49,"17158/15258"
"GOBP_STEROID_HORMONE_BIOSYNTHETIC_PROCESS",0.834622144112478,0.892103174156706,0.0151721741164177,0.325875169110715,0.694613253281157,30,"11928/12257/20280/11677/110524"
"GOBP_POSITIVE_REGULATION_OF_MEIOTIC_CELL_CYCLE",0.835723361771646,0.8921364739163,0.0156205318145506,0.341211478561743,0.691230201370863,21,"13164/19362/64383/12531"
"GOBP_NEGATIVE_REGULATION_OF_POTASSIUM_ION_TRANSMEMBRANE_TRANSPORT",0.836296617519514,0.892494226213878,0.0182092733606427,-0.339381098556395,-0.719959508703835,16,"12283/328424/22218"
"GOBP_NUCLEAR_TRANSCRIBED_MRNA_CATABOLIC_PROCESS_DEADENYLATION_DEPENDENT_DECAY",0.836925473902882,0.892911094844294,0.0209227130388061,-0.292752380714685,-0.788220492795711,56,"69125/12193/72068/52846/213988/58184/12227/75901/18983/211948/232791"
"GOBP_CELL_DIFFERENTIATION_IN_HINDBRAIN",0.839088905216752,0.893257927733703,0.0157341850977096,0.349929139931257,0.689337635578367,17,"11977"
"GOBP_FATTY_ACID_CATABOLIC_PROCESS",0.838483965014577,0.893257927733703,0.0227090740906155,-0.284135019171516,-0.823478015661729,89,"19299/74114/192654/11651/14245/11666/110826/11364/54608/66841/19302/67460"
"GOBP_GENOMIC_IMPRINTING",0.839332176929748,0.893257927733703,0.0181555906135917,-0.338008629198188,-0.717047966578922,16,"17257/16002/18706/13018/13626/218214/606496/214572/23942/12577"
"GOBP_MATURATION_OF_5_8S_RRNA_FROM_TRICISTRONIC_RRNA_TRANSCRIPT_SSU_RRNA_5_8S_RRNA_LSU_RRNA",0.83978397839784,0.893257927733703,0.0154301107137015,0.335320540940914,0.688049605394995,23,"66481/75416"
"GOBP_NEGATIVE_REGULATION_OF_POTASSIUM_ION_TRANSPORT",0.837976376197905,0.893257927733703,0.0185877030881255,-0.321462674155724,-0.72997401519872,22,"12283/11911/328424/22218"
"GOBP_POSITIVE_REGULATION_OF_CELLULAR_EXTRAVASATION",0.838031222896791,0.893257927733703,0.0181785692796954,-0.338734917817643,-0.718588707651021,16,"16423/83964/71785/114332"
"GOBP_POSITIVE_REGULATION_OF_DNA_BIOSYNTHETIC_PROCESS",0.839702401082178,0.893257927733703,0.0145272003108276,0.318132802990371,0.707006726295974,43,"15382/11991/21454/12461/21926/15519/11920"
"GOBP_POSITIVE_REGULATION_OF_PROTEIN_EXPORT_FROM_NUCLEUS",0.839353784715919,0.893257927733703,0.0155578029909961,0.340627201465501,0.687050073377902,20,"67628/108989/16176/22627"
"GOBP_PROTEIN_REFOLDING",0.839872181785905,0.893257927733703,0.0152270391620394,0.330091273438808,0.689477063924159,26,"12010/15510/64136/15519/15526/243912/12955/69253"
"GOBP_REGULATION_OF_CARDIAC_CONDUCTION",0.83790161553821,0.893257927733703,0.0155828595595014,0.341436600925903,0.688682643989611,20,"67972/110891"
"GOBP_REGULATION_OF_EXTRINSIC_APOPTOTIC_SIGNALING_PATHWAY_IN_ABSENCE_OF_LIGAND",0.838227717671303,0.893257927733703,0.0147763273067038,0.320363816133691,0.701557588675193,38,"16176/14051/21926/14360/12048/19766/80707"
"GOBP_CELLULAR_RESPONSE_TO_VITAMIN",0.840608228980322,0.893533647821397,0.0153251215078172,0.333343455473208,0.688679275689957,24,"14276/18712/14456/235041"
"GOBP_POSITIVE_REGULATION_OF_GLUCOSE_METABOLIC_PROCESS",0.840389211334927,0.893533647821397,0.0146526834171182,0.31943735502355,0.703330075705678,40,"16000/58801/384783"
"GOBP_CALCIUM_ION_TRANSMEMBRANE_TRANSPORT",0.840877393178648,0.893560942447417,0.0102827268531865,0.296475983961013,0.791251153756419,263,"227731/19264/65973/28240/11820/67972/12286/18854/58800/18438/320790/75909/12775/17329/12289/20302/69029/170756/109552/15945/14873/22228/22627/12018/18796/12315/14360/13057/63873/13367/228071/192176/233979/12313/15559/66168/15526/110891/14456/69660/50527/68514/15194/19229"
"GOBP_MALE_GAMETE_GENERATION",0.841110727042286,0.893560942447417,0.00877565248197287,0.294626744094522,0.819429031202859,470,"26362/54725/75646/101476/14421/97165/16004/13036/245944/110147/13555/72776/12053/13435/13164/270627/217039/94246/19294/18286/11796/71836/93684/319448/215772/11774/380773/70873/230861/53381/381633/11920/22589/56228/574428/26934/28036/12453/20397/19384/80838/67155/18000/20655/12048/15078/269254/75216/103554/100317/226162/231386/107970/381350/19645/56449/72554/17256/15270/211484/74354"
"GOBP_APOPTOTIC_PROCESS_INVOLVED_IN_DEVELOPMENT",0.842920873444471,0.895230216398378,0.019280113640365,-0.308815060905325,-0.756094194574062,33,"21937/21938/11909/12162/73699/12125/16973/20375"
"GOBP_PROTEIN_LOCALIZATION_TO_CHROMOSOME_TELOMERIC_REGION",0.843671320668345,0.895773402228033,0.0188843547200017,-0.314245559834295,-0.736793844932163,26,"12466/101185/22596/237107/57321"
"GOBP_SPHINGOID_METABOLIC_PROCESS",0.845031905195989,0.89696391409645,0.0155234258441969,0.343085482247052,0.687679879509582,19,"66190/11305/14466/104725/54447/11886/20773"
"GOBP_SKIN_DEVELOPMENT",0.845570630486832,0.897281631671757,0.0278270813660263,-0.272015651552472,-0.865188769720137,189,"433759/56338/26395/105171/50523/17874/22234/17979/19055/81535/230709/54616/101706/99138/74155/16658/56407/19697/18015/107515/16480/20682/16173/319757/109620/67561/18763/19164/80913/24069/20662/19878/16825/67017/286940/16798"
"GOBP_POSITIVE_REGULATION_OF_CYCLASE_ACTIVITY",0.847788378143972,0.899380368322561,0.0180072490464697,-0.334180213798145,-0.708926406237897,16,"11542/26416"
"GOBP_RRNA_TRANSCRIPTION",0.848242424242424,0.899607415410471,0.0196673670541784,-0.297835801631554,-0.76369146278407,42,"11727/71752/28071/20729/21945/68979/22059/209011/67949/70239/216443/20017/67371/98488/66420/70333"
"GOBP_BASIC_AMINO_ACID_TRANSPORT",0.849042844120328,0.899812387091357,0.0154549321065038,0.340818204084584,0.683135351529648,19,"18173/12752"
"GOBP_EMBRYONIC_FORELIMB_MORPHOGENESIS",0.849155926665456,0.899812387091357,0.0153898722735393,0.336663442353771,0.679055112972949,20,"71175/12387/12393/81896"
"GOBP_PORE_COMPLEX_ASSEMBLY",0.849155926665456,0.899812387091357,0.0153898722735393,0.336694058050177,0.679116865282723,20,"108989/68585/232670/71805/12015/233765"
"GOBP_CELLULAR_RESPONSE_TO_REACTIVE_NITROGEN_SPECIES",0.850173460537728,0.90024293198361,0.0179657247063618,-0.333158253090373,-0.706758429493726,16,"26408/12928/56458"
"GOBP_POSITIVE_REGULATION_OF_ORGANELLE_ORGANIZATION",0.849821078148447,0.90024293198361,0.00863774180116519,0.292657728097632,0.813031471428111,457,"14744/16000/12306/56430/56193/53378/18186/387524/14824/18008/28006/15944/18854/108100/69104/58801/15382/72776/12775/27050/11991/12332/13164/13191/19360/18793/108989/70099/56207/16176/66437/14211/114874/71836/104015/207495/21454/68612/12018/12631/83946/17698/12461/30954/108686/19362/11983/21926/15519/16885/11920/22589/100986/56208/68298/63873/26400/20410/192176/54392/64383/20779/59125/18826/12487/22388/56431/66468/76561/105439/118449/227753/19645/66980/17869/226026/12176/226151/52864/17974/75991/320209/15194/19229/12534"
"GOBP_REGULATION_OF_DNA_METABOLIC_PROCESS",0.850282811958906,0.90024293198361,0.00862884909550725,0.292584624285474,0.812828381968104,457,"327762/19264/20588/18854/68094/12575/107823/18753/110147/15382/26992/12053/237886/27050/11991/19360/93762/70640/56207/11783/50755/103677/67241/11545/110052/21454/14051/66923/56702/12461/56531/19362/20586/21926/15519/14958/11920/22589/66589/78656/224008/26400/233908/80838/67155/13211/18590/100683/117599/20779/59125/69535/12487/59004/67956/17218/107970/21781/21853/17869/226026/57376/15270/226151/227737/52864/217578/320209/12534/53379/216049/24075/18817/232811/16905/67711/12387/18768/17216/93696/22791/20877/75826/11908/68501/13006/17219/54402/74355/14957/57441/235587/15234/18005/14235/12261/66131/50709/98956/17686/14173/210766/50776/26417/68379/18538/77045/235626/103537/12028/252870/27214"
"GOBP_L_GLUTAMATE_IMPORT",0.85147135643392,0.900992276655655,0.0147497410499638,0.318093112584862,0.688692871869394,34,"94245/245944/625098/117160/21926/18000/68267/16513"
"GOBP_MONOSACCHARIDE_BIOSYNTHETIC_PROCESS",0.851370181142592,0.900992276655655,0.0130540211317406,0.304613842555501,0.724339044909815,80,"14751/21991/19386/11910/18655/14718/213053/18648/13806/27376/11677/110524/12748/231691/75805/67078/77590/20322/59046"
"GOBP_SENSORY_ORGAN_DEVELOPMENT",0.851783446842895,0.901068122711592,0.00859995114271887,0.292354452282079,0.812188941882862,457,"24136/22352/16000/227731/18186/14824/17158/18008/17342/15258/21815/268396/29876/15251/94245/320790/109181/15451/67628/71175/56612/12215/17164/17537/67671/14790/17929/14232/12018/14051/68193/20586/27060"
"GOBP_POSITIVE_REGULATION_OF_STRIATED_MUSCLE_CELL_DIFFERENTIATION",0.852121427303391,0.901171306301667,0.0150178965851193,0.325325377060186,0.679522313506594,26,"16000/11546/17387"
"GOBP_CARTILAGE_DEVELOPMENT_INVOLVED_IN_ENDOCHONDRAL_BONE_MORPHOGENESIS",0.854503464203233,0.902312135721244,0.0188276841415376,-0.310456748713356,-0.741374024349141,29,"230709/11909/373864/20682"
"GOBP_CELLULAR_RESPONSE_TO_OXYGEN_LEVELS",0.854881636083485,0.902312135721244,0.0115300370874772,0.296311148277398,0.751643197363891,147,"13058/15258/15251/58801/13555/13435/68077/18655/12633/11964/11501/56208/19155/13806/112407/64383/68585/26409/64930/17846/17869/12176/50527/16905/236900/13819/26926/11972/53610"
"GOBP_DETECTION_OF_LIGHT_STIMULUS",0.854294478527607,0.902312135721244,0.0143912895167185,0.314873262975731,0.695148328644565,41,"18739/22139/14913/16328/50769/14151/18107/18108/76376/11304/12298/27276/24115/18545/238384"
"GOBP_ESTROGEN_METABOLIC_PROCESS",0.854885377253505,0.902312135721244,0.0182709088642803,-0.317278310612819,-0.714018765052452,21,"20887/114664"
"GOBP_MITOCHONDRIAL_OUTER_MEMBRANE_PERMEABILIZATION",0.854660718478516,0.902312135721244,0.0190724074332127,-0.307613945276731,-0.748530022111993,32,"14629/12122/193740/56637/66725/22334/214952"
"GOBP_REGULATION_OF_CIRCADIAN_RHYTHM",0.854493365500603,0.902312135721244,0.0126168426766703,0.301056461590474,0.728921374768524,94,"11539/20893/18854/230753/21973/11991/11545/15902/22284/18626/70118/22215/21853/12534/230908"
"GOBP_SNRNA_TRANSCRIPTION_BY_RNA_POLYMERASE_II",0.85408560311284,0.902312135721244,0.0178531697499837,-0.335002876478272,-0.698972434205976,15,"218333/13716/20841/231803/212139/75627/77634/12572/227644"
"GOBP_NEGATIVE_REGULATION_OF_TELOMERE_MAINTENANCE_VIA_TELOMERASE",0.856307623116708,0.90355883204995,0.0183990018875178,-0.314798641843117,-0.720053696107239,23,"68964/15381/101185/50912/237107/22059"
"GOBP_ESTABLISHMENT_OF_EPITHELIAL_CELL_POLARITY",0.85842736248237,0.905471734504438,0.0148118538177953,0.318735083700938,0.675977772000416,29,"270163/20401/17698/76108/22350/360013/55978/209630/94190/76260/71461"
"GOBP_G_PROTEIN_COUPLED_DOPAMINE_RECEPTOR_SIGNALING_PATHWAY",0.858603667136812,0.905471734504438,0.0148088898493829,0.31855818414974,0.675602600986613,29,"94245/14683/192176"
"GOBP_ANAPHASE_PROMOTING_COMPLEX_DEPENDENT_CATABOLIC_PROCESS",0.860130425005622,0.905915447654677,0.0183328502518361,-0.313601504736852,-0.717315428263812,23,"99152/56371/56317/52717/66440/69957"
"GOBP_EPIGENETIC_REGULATION_OF_GENE_EXPRESSION",0.860066513174725,0.905915447654677,0.0100717328358677,0.292713808572498,0.777435649792149,247,"98999/11820/80287/15258/226695/17454/70472/110147/26992/12053/70790/17191/13435/16906/93762/108989/214133/94246/320817/319192/11810/214290/70103/14897/74022/20586/14958/22589/51788/14775/116848/76073/68729/64383/67155/15078/319153/75339/231386/19645/17869/15270/217578"
"GOBP_LIVER_REGENERATION",0.859977194982896,0.905915447654677,0.0185442054727421,-0.309956741800765,-0.720467293045945,25,"21803/12443"
"GOBP_REGULATION_OF_DNA_RECOMBINATION",0.860232945091514,0.905915447654677,0.0244376967102848,-0.274390761775708,-0.833026935049927,127,"21803/11350/22376/75698/20852/16197/13831/11461/227867/56505/67245/81601/16646/18861/57321/21761/232314/94232"
"GOBP_RIBOSOME_DISASSEMBLY",0.859452101412285,0.905915447654677,0.0142823309512719,0.313238709991089,0.692884025861834,42,"14694/227331/66244/77987/66855/67871/56055"
"GOBP_GASTRULATION",0.860814001944715,0.906018219401514,0.0113034419434848,0.295031169366741,0.75237501671845,155,"14268/17886/16402/14694/14751/68196/21815/17390/16181/16414/20336/16419/232341"
"GOBP_NEGATIVE_REGULATION_OF_CELL_SUBSTRATE_ADHESION",0.860648986987317,0.906018219401514,0.0137934680412006,0.309016230127666,0.701545654025849,52,"14538/23790/12053/18787/17387/26921/20779/108903/11490/21825/60595/18016/218397/268709"
"GOBP_REGULATION_OF_CYTOKINESIS",0.861134631668078,0.90610123511846,0.0217756218851449,-0.279609624929674,-0.798698073615778,80,"242521/12314/75669/12540/11845/18754/116733/68112/216963/102774/50850/16553/242785/53413/23988/72008/78610/229776/11848/67811"
"GOBP_SUBPALLIUM_DEVELOPMENT",0.862675272646339,0.907467561571282,0.0181364739284413,-0.31804321681759,-0.708189274528929,20,"67263/66725/102774/108655/26570"
"GOBP_MITOCHONDRIAL_MEMBRANE_ORGANIZATION",0.864080731630401,0.908690960199422,0.0234869295230929,-0.275163924455632,-0.821787173807134,112,"26889/14629/12122/67013/66826/11909/193740/70310/67453/69773/56384/56637/22059/66725/76614/66400/12322/22334/214952/12125/66092/69597/20544/20848/75778/69923/243382/216821/56322/71254/382793"
"GOBP_GLUTAMINE_FAMILY_AMINO_ACID_CATABOLIC_PROCESS",0.864733230019925,0.908867118932888,0.0180223829644537,-0.320420068007542,-0.7052223187626,19,"14645"
"GOBP_NEGATIVE_REGULATION_OF_MACROAUTOPHAGY",0.864629566404916,0.908867118932888,0.0142423930989546,0.312499601683013,0.688054684441973,40,"320528/15368/12257/110147/56208/56312/64930"
"GOBP_PROGRAMMED_CELL_DEATH_IN_RESPONSE_TO_REACTIVE_OXYGEN_SPECIES",0.865513392857143,0.909432070767752,0.0154673598247661,0.343126104656845,0.665882739014183,15,"14694"
"GOBP_DIACYLGLYCEROL_METABOLIC_PROCESS",0.866503231557834,0.909707034139709,0.0180907127115338,-0.310766219110468,-0.705684619055654,22,"192654/13139/16890/269060/102247"
"GOBP_ESTABLISHMENT_OF_PROTEIN_LOCALIZATION_TO_MEMBRANE",0.866207072641389,0.909707034139709,0.00993259614621651,0.291498255762034,0.774343990176143,245,"67775/76438/53378/75608/14694/11539/17938/71648/20660/20335/67952/66169/20813/12752/16409/16414/11774/56495/67067/15461/232341/80291/12315/14360/67184/54214/414077/20742"
"GOBP_POSITIVE_REGULATION_OF_DENDRITE_EXTENSION",0.866458486407054,0.909707034139709,0.0152698638773102,0.338102133266016,0.666039202037826,17,"20403/83814/382018/54338/50873"
"GOBP_NEGATIVE_REGULATION_OF_STEM_CELL_PROLIFERATION",0.866947088775736,0.909918143021971,0.0179845823656306,-0.319544292706821,-0.703294798142152,19,"18015/22059/12606/19206"
"GOBP_REGULATION_OF_CILIUM_ASSEMBLY",0.868002357100766,0.910770670328575,0.0223271183515722,-0.277243936852832,-0.808171865712927,92,"67016/98910/14020/67841/11651/11843/234776/271127/11793/68112/56637/231225/72404/232906/72238/100855/102774"
"GOBP_REGULATION_OF_ESTABLISHMENT_OF_PROTEIN_LOCALIZATION_TO_MITOCHONDRION",0.868263473053892,0.910789671706126,0.0138072949263479,0.306594306883735,0.689632049455644,47,"268749/66169/66177/59026/11983/19155/20787/19354/22195/56459/54673/14367/72344/12177/170770"
"GOBP_MICROTUBULE_DEPOLYMERIZATION",0.869393139841689,0.911719498636443,0.0136641063099067,0.305222461774797,0.691295868280561,50,"16765/73804/63873/74392/11789/14168/67886/17754/20877/75786/17318/16563/381293/16564/109242/246103/286942/70218/72119/80986/228421"
"GOBP_NEGATIVE_REGULATION_OF_TELOMERE_MAINTENANCE_VIA_TELOMERE_LENGTHENING",0.870474516695958,0.912598178622783,0.0145650208812257,0.313061241384838,0.667299960128842,30,"18854/15382/70640/11545/69535/52864"
"GOBP_MITOCHONDRIAL_FUSION",0.871130434782609,0.913030444509289,0.0144028066276713,0.310914706714716,0.674664185328053,35,"26949/59026/12018/66980/12044/12176/74143/12028/100756/98496/22042/50873/66075/72113"
"GOBP_STORE_OPERATED_CALCIUM_ENTRY",0.873367279167589,0.915118971853543,0.0178756002125517,-0.31652787035034,-0.696655862004874,19,"67887/269999/269717/109305"
"GOBP_NUCLEAR_TRANSCRIBED_MRNA_CATABOLIC_PROCESS_NONSENSE_MEDIATED_DECAY",0.874539651362632,0.916091283763875,0.019397976012794,-0.288968766340159,-0.750579209748681,45,"108767/14852/74133/52830/50912/75901/60365/68092/192170/269037/433702/66317/229512"
"GOBP_MICROTUBULE_BUNDLE_FORMATION",0.875280538634178,0.916611192735652,0.0235461117901514,-0.272415354617477,-0.816644963179176,116,"72948/215690/270058/101706/13589/76779/22680/50850/380969/243371"
"GOBP_DORSAL_VENTRAL_PATTERN_FORMATION",0.876442854820354,0.916933846830864,0.0133413451012639,0.302595654172023,0.692848401580771,56,"21815/14232/110350/67661/12387/66042/12153/81896/68146/108909/544696/17130"
"GOBP_ESTABLISHMENT_OF_SPINDLE_ORIENTATION",0.876394994927291,0.916933846830864,0.0139100093882218,0.304699092258259,0.677152138031447,43,"12615/13191/16332/17758/66468/15194/18817/14609/67052/76123/244329/54141/67839/102124"
"GOBP_POSITIVE_REGULATION_OF_DOUBLE_STRAND_BREAK_REPAIR_VIA_NONHOMOLOGOUS_END_JOINING",0.876567228707307,0.916933846830864,0.0174705863146137,-0.324661928031965,-0.677396386909012,15,"75698/225888/73747/21974/19090"
"GOBP_REGULATION_OF_DENDRITE_MORPHOGENESIS",0.876232485729113,0.916933846830864,0.0202064706520175,-0.28553389021982,-0.765720465899435,55,"13631/14366/19055/99152/22629/54633/56637/70237/13048"
"GOBP_RNA_SPLICING",0.876989700374532,0.917119809431849,0.0083466859157963,0.287533723836493,0.794938927117253,425,"28088/16854/18148/18458/230753/15382/217124/66921/27370/72459/17975/228005/244672/56070/19652/319322/80744/192196/229279/67302/68052/70439/64340/68045/212880/11758/67039/22608/66177/68693/69878/65105/56706/18949/12537/56194/53890/67367/20643/28036/233908/237859/331401/68011/13211/20641/19663/20624/55934/74351/100683/269254/54170/56403/24010/329207/231386/76167/116940/56036/100041194/116748/107686/78372/66877/72692/209416/54194/53379/20817/24075/56195/70650/12748/230908/72935/67684/22184/100039795/72047/66395/108160"
"GOBP_NEGATIVE_REGULATION_OF_PLASMA_MEMBRANE_BOUNDED_CELL_PROJECTION_ASSEMBLY",0.878532046864232,0.918476460710499,0.0141458523998793,0.307651674199137,0.672348674311324,37,"18753/231532/17758/12631"
"GOBP_AROMATIC_AMINO_ACID_FAMILY_CATABOLIC_PROCESS",0.879278273809524,0.918981476874357,0.0152392611720846,0.335906307577251,0.651871743670956,15,"110391/70789"
"GOBP_POSITIVE_REGULATION_OF_CELL_MORPHOGENESIS",0.879505484938186,0.918981476874357,0.0142823309512719,0.30875048651068,0.665974214023869,33,"13047/108100"
"GOBP_NEURONAL_ACTION_POTENTIAL",0.88010801080108,0.919354744839032,0.0147526926068707,0.317720361887655,0.651935515221766,23,"20655/14466/56717/11735/71960"
"GOBP_CELL_MIGRATION_INVOLVED_IN_SPROUTING_ANGIOGENESIS",0.880643487285937,0.919657784995177,0.0201299133854146,-0.283875421479205,-0.761272925694082,55,"11350/12388/11651/23991/23970/114715"
"GOBP_MONOCARBOXYLIC_ACID_CATABOLIC_PROCESS",0.880930517294154,0.919701275436905,0.0226979944189286,-0.274966565654434,-0.808382694678833,102,"19299/74114/192654/68631/11651/14245/11666/110826/11364/54608/66841/19302/67460/80879"
"GOBP_SPERM_AXONEME_ASSEMBLY",0.881722319859402,0.920271583077984,0.01437978157026,0.308184429894705,0.656904881841519,30,"381350/320244/69707/67378/12009/72873/17427/75172/100048534/241116/50525/381229/69297"
"GOBP_MITOTIC_G2_M_TRANSITION_CHECKPOINT",0.882853403141361,0.921195588801175,0.0133279283568466,0.300751810579511,0.68632905051616,54,"330177/12575/68077/19360/11920/235559/76843/12534/18817/381921/210766/231600/269582"
"GOBP_INNER_EAR_RECEPTOR_CELL_STEREOCILIUM_ORGANIZATION",0.883501838235294,0.921615610828245,0.0182554714417709,-0.300153359844974,-0.713055098159516,28,"22295/99683/73750/70615/15205/97031"
"GOBP_NEGATIVE_REGULATION_OF_ERBB_SIGNALING_PATHWAY",0.884873060648801,0.922789157293185,0.014374031026849,0.309439811800865,0.656264230848337,29,"78388/19253/208092/19349/19271/72349"
"GOBP_CEREBELLAR_CORTEX_FORMATION",0.885892578560285,0.923595378148525,0.0177638457382139,-0.303699012163391,-0.689636480823284,22,"26395/67453/73750"
"GOBP_CELL_CYCLE_G2_M_PHASE_TRANSITION",0.887876664330764,0.924741412500939,0.0247671651170033,-0.267150978532461,-0.832697461808129,151,"216825/12314/68964/66209/71375/72772/13430/12443/69109/56371/28019/382985/116733/68034/234664/108911/67333/22059/107976/60364/20479/79263/230809/66983/53892/68592"
"GOBP_L_AMINO_ACID_TRANSPORT",0.887575804696004,0.924741412500939,0.0125118395081332,0.295713427940409,0.700233356729191,75,"94245/245944/18173/234967/72055/625098/22228/12752/117160/21926/18000/105727/68267/320106/16513/94280/102680"
"GOBP_PYRIMIDINE_NUCLEOTIDE_CATABOLIC_PROCESS",0.887978746955944,0.924741412500939,0.0176310359497737,-0.310289000373801,-0.682924542432188,19,"21665/71726/17193/18294/66422"
"GOBP_REGULATION_OF_PROTEIN_TARGETING",0.887564685588835,0.924741412500939,0.0126348340343054,0.296064531983843,0.695350821936919,70,"268749/66169/16409/66177/59026/16414/15461/11983/14360/19155/20787/13830/19354/22195/56459/17913/54673/14367/72344/11652/12177"
"GOBP_ALDEHYDE_METABOLIC_PROCESS",0.889561518324607,0.925875193190955,0.013218336466248,0.298514772508414,0.681224029827022,54,"21991/11669/58810/13885/27376/110695"
"GOBP_EAR_MORPHOGENESIS",0.889472149314669,0.925875193190955,0.0217807587437876,-0.27376166357005,-0.789875608349032,87,"212937/22295/99683/19353/110796/16658/73750/17701/320398/20682/26413/70615/72999/97031/20692/76365/17828"
"GOBP_MUSCLE_CELL_APOPTOTIC_PROCESS",0.890654499685337,0.926755431654815,0.0126322626862122,0.295231053524431,0.692585545807483,69,"16000/12017/11783/17938/12633/15519/56312/16160/12176/243912/68861/12334/16452"
"GOBP_AUTOPHAGY_OF_PEROXISOME",0.891465677179963,0.927342036655704,0.0150028633239453,0.329201248183706,0.642941694998477,16,"74159/11920"
"GOBP_L_GLUTAMATE_TRANSMEMBRANE_TRANSPORT",0.892448512585812,0.928106832733525,0.0180451181603348,-0.295343018596471,-0.698018322947916,27,"26889/20512/54208/19164/55963/26570/78830/54637"
"GOBP_POSITIVE_REGULATION_OF_MITOTIC_CELL_CYCLE_PHASE_TRANSITION",0.893428571428571,0.928611557541781,0.021391400883298,-0.27254681418519,-0.779794239159033,82,"21803/12443/11651/19684/53317/56317/382985/13205/108911/54451/69957/270201/20479/66591/74370"
"GOBP_SINGLE_FERTILIZATION",0.893429369395855,0.928611557541781,0.0115907183082015,0.288657214796469,0.71084730423711,108,"17886/12527/104111/13164/21454/11774/380773/14276/12461/11674/22215/15078/140559/12534/77772/192195"
"GOBP_SNRNA_PROCESSING",0.893871800892228,0.92881383691269,0.0184029041188573,-0.289475211392535,-0.713592104756519,34,"72656/101861/70885/231803/101985/227715/67493/76781/69882/18130/236790/109077/229543/66362/27998"
"GOBP_NUCLEOSIDE_MONOPHOSPHATE_BIOSYNTHETIC_PROCESS",0.896039603960396,0.930550411649644,0.0137272737944915,0.299788192769748,0.660066986532838,40,"11821/13178/15452/21877/11565"
"GOBP_REGULATION_OF_POSTSYNAPTIC_DENSITY_ORGANIZATION",0.895837970175829,0.930550411649644,0.0175797627077923,-0.304457905815644,-0.677938758140033,20,"66610/19280/228880"
"GOBP_REGULATION_OF_PROTEIN_COMPLEX_STABILITY",0.897685525349008,0.93200148171969,0.0147585975721717,0.324370329565087,0.638988442283198,17,"15944/18536/22040/21356/27681/269593/15481"
"GOBP_MOLTING_CYCLE",0.898651789865179,0.932746305293462,0.0122810040367915,0.292088161481523,0.693773801895511,78,"11977/14683/71175/15442/320713/21926/27419/18626/18590/59004/12387/66042/56460/68268"
"GOBP_SYNAPTIC_TRANSMISSION_GLUTAMATERGIC",0.899055581359344,0.932907065042863,0.0122608528071918,0.290772738324779,0.691426383637203,80,"11539/94245/245944/20720/12752/20296/21926/12772/19229/26556/74018/245666/108124/382018"
"GOBP_REGULATION_OF_MEIOTIC_CELL_CYCLE",0.899422268907563,0.933029245465139,0.0199915283249277,-0.276719989390452,-0.748975472851063,58,"16848/99152/56371/56317/52717/66440/67333/69957/17701/16337/230809/56335/240255/68999/52563"
"GOBP_REGULATION_OF_DNA_BIOSYNTHETIC_PROCESS",0.899801435772109,0.93316430029714,0.0120505955780305,0.289662141411883,0.694165408815963,84,"18854/12575/15382/11991/70640/103677/21454/12461/21926/15519/11920/18590/69535/21781/227737/12387/22791/235587/15234/98956/14173/50776/18538"
"GOBP_VENTRAL_SPINAL_CORD_DEVELOPMENT",0.901633522727273,0.934805655098705,0.0142054054050214,0.305528365275187,0.640371685214466,27,"227331/13191/18023/110350/67661"
"GOBP_CEREBELLAR_PURKINJE_CELL_LAYER_MORPHOGENESIS",0.902968460111317,0.934942081784887,0.014817783628497,0.322035796442075,0.628947314012342,16,"11977/14466/381293/19883"
"GOBP_PHOSPHATIDIC_ACID_METABOLIC_PROCESS",0.903012362876545,0.934942081784887,0.0139016550241199,0.299121488123107,0.647618035547349,34,"104418/227333/105501/53357/110524/54673/18806/56077"
"GOBP_POSITIVE_REGULATION_OF_METAPHASE_ANAPHASE_TRANSITION_OF_CELL_CYCLE",0.902277736958119,0.934942081784887,0.0146849621611337,0.32201562888804,0.634349835171114,17,"68612/66468/19645/68501/218977/59008/66156"
"GOBP_REGULATION_OF_BROWN_FAT_CELL_DIFFERENTIATION",0.902069886490096,0.934942081784887,0.0174778355327688,-0.298889827174144,-0.672636414614723,21,"209446/26416/12162"
"GOBP_RESPONSE_TO_ACID_CHEMICAL",0.902745664739884,0.934942081784887,0.0111838785669684,0.285248976558658,0.709486254761402,118,"13058/17769/108100/17390/217124/11991/13435/12631/21926/14360/18810/13057/12048/83409/54170/11898/68576/26926/107045/98402/12334/12826/52187/56717/70572/18764"
"GOBP_ADULT_BEHAVIOR",0.904489436619718,0.936212761240183,0.0113803089331943,0.286342213692224,0.705547985697654,110,"11820/15258/15211/320790/110147/227331/15902/13014/19063/12799/27419/64930/71816/14297/18516/26556/16513"
"GOBP_2_OXOGLUTARATE_METABOLIC_PROCESS",0.905380333951763,0.936598357872979,0.0147792844303303,0.320286178222991,0.625530247675005,16,"14718/66128/18293/14719/16922"
"GOBP_NEGATIVE_REGULATION_OF_PROTEIN_LOCALIZATION_TO_NUCLEUS",0.905611645926274,0.936598357872979,0.0182092733606427,-0.285036980231011,-0.702651317458318,34,"50523/22631/56637/18015/52065/24069/20019/22218/16798/94275/17169/67890"
"GOBP_SYNAPTONEMAL_COMPLEX_ORGANIZATION",0.905609003448902,0.936598357872979,0.0144605304224118,0.309873377420349,0.627745109796999,21,"110147/18817/50878"
"GOBP_POSITIVE_REGULATION_OF_DNA_TEMPLATED_TRANSCRIPTION_INITIATION",0.907295666483818,0.938081147029338,0.020522211805193,-0.270903246152388,-0.754800695537627,69,"16476/12912/66213/21374/67773/21343/234959/108098/22059/68975/327987/12606/71902/24074/70625/56771/63856/67381/67089/20933/80509/28077/381379/66464"
"GOBP_RESPONSE_TO_MUSCLE_STRETCH",0.907605736068252,0.938142939543246,0.014428753749141,0.308265001480849,0.624486843019964,21,"14751/18035/227753/12387"
"GOBP_MITOTIC_CYTOKINETIC_PROCESS",0.910884236026994,0.941068434918687,0.0136860480184335,0.296677006801494,0.645831891936791,36,"75608/68953/29875/208092/404710/66371/74107/20877/216846"
"GOBP_POTASSIUM_ION_EXPORT_ACROSS_PLASMA_MEMBRANE",0.910938175529615,0.941068434918687,0.0169070922494791,-0.307409719141102,-0.641400223023362,15,"105722/13383"
"GOBP_POSITIVE_REGULATION_OF_CELL_CYCLE_PHASE_TRANSITION",0.911439665471924,0.941327050479132,0.0115300370874772,0.283638773908371,0.691015719859695,99,"18148/72776/208643/67849/11504/68612/20135/50883/11629/72584/76843/66468/21781/116748/19645/11491/12534/12531/116871/12567/57261/68501/56460/71878/218977/54624/268697/59008/81702"
"GOBP_CAMERA_TYPE_EYE_PHOTORECEPTOR_CELL_DIFFERENTIATION",0.913644605621034,0.943344347621938,0.0175578519605737,-0.290225209638385,-0.668427967018734,24,"20682/102774/244585/20848/18128/71769/21834/73660"
"GOBP_REGULATION_OF_EMBRYONIC_DEVELOPMENT",0.916043613707165,0.945300513263892,0.0120755010970352,0.285417697378138,0.675838471507889,76,"14694/21815/71175/56207/14897/12631/26934"
"GOBP_TRNA_PROCESSING",0.915979528006824,0.945300513263892,0.0107211022799965,0.28032573941457,0.703891621869953,130,"28088"
"GOBP_BENZENE_CONTAINING_COMPOUND_METABOLIC_PROCESS",0.91889880952381,0.94798588992437,0.0146029418004328,0.310568336220069,0.602699974052156,15,"70789/14085/14866/14863/70266"
"GOBP_NUCLEAR_PORE_ORGANIZATION",0.920758928571429,0.94964349595094,0.0145737629273614,0.307988539958372,0.597693529548158,15,"108989/68585"
"GOBP_NUCLEAR_TRANSCRIBED_MRNA_CATABOLIC_PROCESS",0.922109475489496,0.950584941762659,0.0107000628792335,0.277912407823076,0.696048581518321,127,"229663/18458/230753/11991/70640/326622/11810/103677/319885/22608/214290/16341/11920/20823/13211/56403/56055/70123/210106/225363/228140/72587/21754/50783/56422/74203/319817/230738/24128"
"GOBP_REGULATION_OF_NUCLEAR_TRANSCRIBED_MRNA_POLY_A_TAIL_SHORTENING",0.922178988326848,0.950584941762659,0.0167280538642173,-0.300433609558906,-0.626844800851422,15,"213988/12227/18983/214627/234594/217351"
"GOBP_PHOTOTRANSDUCTION",0.922847100175747,0.951012079037311,0.0137217705858817,0.289538333510877,0.617160136313626,30,"18739/22139/14913/18107/18108/76376/11304"
"GOBP_MECHANORECEPTOR_DIFFERENTIATION",0.924164524421594,0.95207648978516,0.0192591849129135,-0.270975634516751,-0.724933806318437,54,"22295/99683/218756/19353/73750/70615/15205/97031/18472/19712/18128/54722"
"GOBP_SECONDARY_PALATE_DEVELOPMENT",0.924388032638259,0.95207648978516,0.0141486827935973,0.299267675141025,0.60968906780208,22,"320790"
"GOBP_POSITIVE_REGULATION_OF_STEM_CELL_DIFFERENTIATION",0.925974025974026,0.95318611627318,0.0144547476292357,0.307353473240842,0.600272216886804,16,"19242/14173/103136/16998"
"GOBP_THIOESTER_BIOSYNTHETIC_PROCESS",0.92581503659348,0.95318611627318,0.0128782958945019,0.285847416574662,0.642965427922118,47,"107476/18655/14104/19063/236900/18597/70757/234309/70456/433256/68738"
"GOBP_MONOATOMIC_ANION_TRANSPORT",0.927462781121318,0.95445648095626,0.0224242050553813,-0.261333602656021,-0.780857611346472,113,"76408/12728/13521/218756/107723/66950/241296/12727/20512/12725/17250/105722/239273/208890/22334/56392/55963/94221/20509/224814/404545/12724"
"GOBP_POSITIVE_REGULATION_OF_EPIDERMIS_DEVELOPMENT",0.929574325830176,0.956366888062448,0.0170570489120776,-0.282102527941453,-0.640595414568646,22,"17979/101706"
"GOBP_REGULATION_OF_REPRODUCTIVE_PROCESS",0.930503252310852,0.957059876416321,0.023617507240153,-0.260435659102778,-0.798110856085684,137,"22022/213541/16848/14595/23991/20317/99152/56371/56317/66313/52717/66440/13982/51792/12576/54486/67333/12162/69957/17701/17684/20682"
"GOBP_DOUBLE_STRAND_BREAK_REPAIR_VIA_NONHOMOLOGOUS_END_JOINING",0.93078626799557,0.957088321659094,0.0202744207973598,-0.265075776320851,-0.743681333952403,72,"16969/22376/28000/75698/66911/101185/22596/54380/54723/225888/16882/319583/73747/50505/78610/320678"
"GOBP_INTERSTRAND_CROSS_LINK_REPAIR",0.932278373319721,0.957834249781336,0.0131068438899293,0.285180135480628,0.630818459101885,42,"227525/20892/19362/55947/211651/70238/60534/73172/14087/74335/234258/272158/71885/234736/76251/71567"
"GOBP_MORPHOGENESIS_OF_A_POLARIZED_EPITHELIUM",0.9318069510789,0.957834249781336,0.0126425503918015,0.281605464005693,0.639316224075051,52,"270163/20401/17698/76108/11465/22388/74019/22350"
"GOBP_MRNA_SPLICE_SITE_RECOGNITION",0.932161687170475,0.957834249781336,0.0135766516246191,0.285323760367134,0.608176640054749,30,"192196/269254/231386/56195/67684/57905"
"GOBP_EMBRYONIC_CAMERA_TYPE_EYE_MORPHOGENESIS",0.934107823561445,0.958461652034177,0.0140134318724212,0.292800894691117,0.590583709454636,20,"15258/67661/14367/21417"
"GOBP_MALE_MEIOTIC_NUCLEAR_DIVISION",0.934167666723813,0.958461652034177,0.0131864025565188,0.283691930900238,0.623026330023859,39,"270627/71836/11920"
"GOBP_NUCLEOTIDE_EXCISION_REPAIR",0.93386650261458,0.958461652034177,0.0116053086596602,0.277090703356137,0.661676772707942,82,"20588/68094/26992/66923/20586/67155/15312/17846/67967/57376/52864/14884/71101"
"GOBP_POSITIVE_REGULATION_OF_CARDIAC_MUSCLE_CELL_PROLIFERATION",0.934027009076821,0.958461652034177,0.0168897685092836,-0.28568100233741,-0.628764047606626,19,"26416/17260"
"GOBP_REGULATION_OF_CELLULAR_RESPONSE_TO_OXIDATIVE_STRESS",0.933674604941019,0.958461652034177,0.0169731362155286,-0.283434462395418,-0.637854899132539,21,"11689/11666/12162/53618"
"GOBP_HINDLIMB_MORPHOGENESIS",0.936672629695885,0.960768750985271,0.0137630932123135,0.288074799367673,0.595155359781779,24,"320790"
"GOBP_PROTEIN_HETEROTETRAMERIZATION",0.938058035714286,0.961926543873363,0.0143052017906202,0.294342540260563,0.571211616537048,15,"20135/18764/234309/23874"
"GOBP_EMBRYONIC_SKELETAL_SYSTEM_DEVELOPMENT",0.940039226674138,0.962904351345906,0.0203062603431883,-0.259701060386561,-0.736307091938573,77,"17127/21812/17126/12151/11480/231225/233812/15531/12162/192170"
"GOBP_NEGATIVE_REGULATION_OF_CELL_CYCLE_G2_M_PHASE_TRANSITION",0.939403404654068,0.962904351345906,0.0117444467589086,0.277388807248521,0.654324663854069,73,"330177/12575/68077/19360/11920/235559/76843/56696/12534/66371/18817/381921/20877/107503/210766/231600/269582"
"GOBP_REGULATION_OF_MITOCHONDRIAL_TRANSLATION",0.939794754846066,0.962904351345906,0.0172336545797434,-0.274908881069127,-0.639001611087637,25,"52575/13205/83485/75619/227682/70207/234384/52469/66399/106338/75593/52856"
"GOBP_UTERUS_DEVELOPMENT",0.939933872152829,0.962904351345906,0.0140949980149157,0.297734985627603,0.586518547903184,17,"71175/20779/192195"
"GOBP_IN_UTERO_EMBRYONIC_DEVELOPMENT",0.940454924377754,0.963066955346399,0.0074467920948265,0.27340206998898,0.749140804804926,367,"28088/16000/68119/17886/14824/71602/14751/17158/218490/15251/225164/320790/12575/245944/270106/217039/67204/241230/17719/68510/22608/19253/20135/50927/12848/74645/12442/17977/30791/237859/331401/68585/12048/16477/12175/76246/231386/19143/432572/50868/56449/23950/17991/77579/21425/24075/56274/74778/12387/233826/13819"
"GOBP_NEGATIVE_REGULATION_OF_STRIATED_MUSCLE_CELL_APOPTOTIC_PROCESS",0.941983359568248,0.964368651095819,0.0169940629693629,-0.276827334632835,-0.633200144444163,23,"29810/11793/12162"
"GOBP_N_TERMINAL_PROTEIN_AMINO_ACID_MODIFICATION",0.943615620886354,0.965775900350097,0.0166089291355437,-0.280422477519123,-0.602111404779508,17,"328572/19042/66897/74838/56441"
"GOBP_AMINO_ACID_CATABOLIC_PROCESS",0.944860241331908,0.966632403947724,0.0113298339905368,0.270008830241172,0.647836741412069,85,"192166/14660/14718/66885/93747/110391/70789/110842/15108/231691"
"GOBP_SPLICEOSOMAL_SNRNP_ASSEMBLY",0.944968283901937,0.966632403947724,0.0130197779531536,0.279155234616405,0.61306312371348,39,"69878/53890/20643/68011/20641/116940/107686/50783/19134/70233"
"GOBP_ESTABLISHMENT_OF_PROTEIN_LOCALIZATION_TO_PLASMA_MEMBRANE",0.946176982744974,0.967604728875351,0.0118377511191149,0.27407500559292,0.639832405226572,66,"14694/71648/20660/12752/80291/54214/20742/17846/19349/74105/66460/70297/18195/12492/260302/54645/18777/17274/11735/11426/105782/67378"
"GOBP_REGULATION_OF_SKELETAL_MUSCLE_CELL_DIFFERENTIATION",0.947097722263042,0.968282123033792,0.0139854091292967,0.293244264155578,0.57767211881707,17,"67267/64383/68050/75805"
"GOBP_AMINO_ACID_ACTIVATION",0.947714623039298,0.968648597532394,0.0127405939524193,0.276190995883775,0.616176315760877,45,"107508/22321/97541"
"GOBP_EYE_MORPHOGENESIS",0.949246516917828,0.969481062580134,0.0101793433147622,0.269087378658399,0.675672350973386,130,"17158/15258/15251/71175/14790/12018/27419/15312/67661/12387/16542/50769/100121/29815/81896/14367/270120/14173/77945/12028"
"GOBP_MOLTING_CYCLE_PROCESS",0.949241379310345,0.969481062580134,0.0199207102312652,-0.257285930932476,-0.718172831535785,70,"433759/230709/101706/56407/19697/18015/107515/20682/319757/80913/20662"
"GOBP_TRNA_METABOLIC_PROCESS",0.949305095962938,0.969481062580134,0.00906097961672952,0.268715479177424,0.700241233739956,196,"28088/107508/276950/22321/237886/68045/319885/97541"
"GOBP_REGULATION_OF_SIGNALING_RECEPTOR_ACTIVITY",0.950057012542759,0.969984658951311,0.0170746001009855,-0.267879123374948,-0.622661555158318,25,"17979/380686/74155/72183"
"GOBP_PROTEIN_LOCALIZATION_TO_CHROMOSOME_CENTROMERIC_REGION",0.95114006514658,0.970825970634363,0.0129253220503185,0.274772699495422,0.603438476428088,39,"12615/24010/19645/226026/12534/319191/319172/20877/12236/76464/319159/70385/69386/208628"
"GOBP_CARDIAC_MYOFIBRIL_ASSEMBLY",0.952515177797051,0.971171623064023,0.0163009080524866,-0.272285775811741,-0.577624193611031,16,"17258"
"GOBP_ESTABLISHMENT_OF_BLOOD_BRAIN_BARRIER",0.95201037613489,0.971171623064023,0.0162645605433123,-0.280097207717775,-0.584413570268218,15,"14366/20479/16973"
"GOBP_PENTOSE_PHOSPHATE_SHUNT",0.952415679124886,0.971171623064023,0.0137962324085588,0.283116459002714,0.567478084875563,19,"66171/66646/56717/232449/21881/110208"
"GOBP_REGULATION_OF_CELL_CYCLE_G2_M_PHASE_TRANSITION",0.952169781438074,0.971171623064023,0.022008942325111,-0.253762052098977,-0.758234026694237,113,"68964/66209/71375/72772/12443/69109/56371/28019/382985/116733/68034/234664/108911/67333/22059/107976/60364/20479/79263/230809/66983/68592"
"GOBP_BRANCHED_CHAIN_AMINO_ACID_METABOLIC_PROCESS",0.952821790991633,0.971220036071971,0.0134463895515486,0.277635734178772,0.576930197146828,25,"66885/93747/15108/110821"
"GOBP_TRNA_5_END_PROCESSING",0.953307392996109,0.971450818093914,0.0162447769645752,-0.279092302396403,-0.582316868514461,15,"52575/66628/54364/66132/67724/227522/117109/69961"
"GOBP_G1_TO_G0_TRANSITION",0.954996326230713,0.972907374480215,0.0138655063598034,0.285740836960056,0.562890855494126,17,"65019/218820/20869/22642"
"GOBP_MEIOSIS_I_CELL_CYCLE_PROCESS",0.956604603430582,0.974069444679366,0.0105300382109362,0.267431760772039,0.660045055185277,111,"110147/21973/19360/20892/19362/12442/11920/52864/12531/18817/20962/68107/50878/67052/224826/211651/17350/52696/71765/76464/30939/67141/74386/237911/19363/623474/66197/381678"
"GOBP_REGULATION_OF_GTPASE_ACTIVITY",0.956656783848652,0.974069444679366,0.00995308849979345,0.266953851711016,0.673276145639254,138,"23790/14694/338320/16765/228482/54126/54153/231821/20401/50778/20354/193385/56349/20655/226089/64930/75974/74018/107045/57257/30938/29815/98402/97761/13998/56784/227800/20163/224014"
"GOBP_GLUTAMINE_FAMILY_AMINO_ACID_METABOLIC_PROCESS",0.956966199505359,0.974119857617079,0.0122684068852661,0.269439219011943,0.61102625410773,51,"14660/14718/22228/12752/109900/11565/11898/18263/194237/107885/56454"
"GOBP_SENSORY_ORGAN_MORPHOGENESIS",0.957828810020877,0.974639203585924,0.0264458167769808,-0.252250574890461,-0.809058102221005,205,"433759/20677/212937/22295/99683/327826/18129/20481/19353/16795/110796/16658/73750/11911/18015/12162/17701/320398/17684/20682/26413/70615/102774/72999/97031/19274/16973/12142/244585/100169/20692/20848/76365/17828"
"GOBP_TRICARBOXYLIC_ACID_CYCLE",0.957996485061511,0.974639203585924,0.0131810864093182,0.270425058660366,0.576419585074328,30,"12974/170718/66128/18293/66945/20917/18597/67680/11428/67834"
"GOBP_NEUROTRANSMITTER_RECEPTOR_TRANSPORT",0.958602270198086,0.974990857178406,0.0165886172176233,-0.267561206841662,-0.595780595043968,20,"65945/83493/53330"
"GOBP_INTRACELLULAR_PROTEIN_TRANSMEMBRANE_TRANSPORT",0.959099264705882,0.97518626994899,0.017046529733471,-0.260203225896161,-0.618148125606986,28,"72265/53421/69276/19302"
"GOBP_POSITIVE_REGULATION_OF_CELL_CYCLE_G1_S_PHASE_TRANSITION",0.9593147751606,0.97518626994899,0.0122181057177976,0.268155891695884,0.608782264746914,52,"72776/208643/11504/20135/11629/72584/21781/116748/11491"
"GOBP_MALE_MEIOSIS_I",0.960160249276653,0.97578107762714,0.0165649600655104,-0.265167059941395,-0.596745035316937,21,"60611/22187/22697/74377/114714/69260"
"GOBP_CAMERA_TYPE_EYE_MORPHOGENESIS",0.961165048543689,0.97653743614577,0.0105091515294671,0.26522343037128,0.652483838788883,107,"17158/15258/15251/14790/12018/27419/15312/67661/12387/16542/50769/100121/29815/81896/14367/270120/77945/12028"
"GOBP_EMBRYONIC_EYE_MORPHOGENESIS",0.962187111663412,0.977046137771463,0.0132636855211744,0.271698504791729,0.56750936007738,26,"15258"
"GOBP_NOTOCHORD_DEVELOPMENT",0.962170341547773,0.977046137771463,0.0161103794388861,-0.268034414295169,-0.55924495031319,15,"20682/13836/50884/12808/14632/13636/69871/15903/21677/12824/22601/241324/22418/14562/20460"
"GOBP_CELL_DIFFERENTIATION_INVOLVED_IN_EMBRYONIC_PLACENTA_DEVELOPMENT",0.962527553269655,0.977127104456843,0.0137520628678283,0.276474682225599,0.544637133621152,17,"19143/23950/56274/75826/14367/108961"
"GOBP_DNA_REPLICATION_INITIATION",0.962969371863644,0.977310914092862,0.0128809049682495,0.265980994389395,0.579010185783184,36,"70024/235559/17218/17216/17219/57441/68379/18968/19075/27354/26428/77011/19076/12566"
"GOBP_REGULATION_OF_DNA_REPAIR",0.963746223564955,0.977834554932715,0.0269105486313134,-0.249590908573646,-0.809324832670845,222,"216825/11350/22376/101206/75698/231151/13831/11461/227867/93760/66911/101185/56505/93765/104479/319604/67245/81601/21343/73251/57321/21761/232314/94232/217127/107976/209011/68166/54723/12995/235134/71952/19708/83796/67561/77044/12611/225888/99982/56249/24074/72195/30951"
"GOBP_EYE_PHOTORECEPTOR_CELL_DIFFERENTIATION",0.964739745742384,0.978577690674548,0.0175907323342711,-0.25771403564147,-0.651180353249593,39,"20682/102774/12142/244585/20848/235542/18128/71769"
"GOBP_NADPH_REGENERATION",0.965474060822898,0.97905757033664,0.0133252463724336,0.272296975927507,0.562558769567303,24,"66171/66646/56717/232449/21881/11428/110208"
"GOBP_EPITHELIAL_CELL_CELL_ADHESION",0.966213251426064,0.979220564191673,0.0162645605433123,-0.259987856313769,-0.558235041554476,17,"16480/22330/109620/18133"
"GOBP_ESTABLISHMENT_OF_PROTEIN_LOCALIZATION_TO_PEROXISOME",0.966418587765475,0.979220564191673,0.013522243010755,0.266132270430301,0.536792702228994,20,"22284/68729/66887"
"GOBP_FATTY_ACYL_COA_METABOLIC_PROCESS",0.966086956521739,0.979220564191673,0.0129070182580173,0.265662131726171,0.576469114527956,35,"107476/14104/19063/70757/234309/67800/70025/433256"
"GOBP_DETECTION_OF_VISIBLE_LIGHT",0.967730173199635,0.980019640408601,0.0135657545946977,0.266835251230711,0.534844063390331,19,"22139/18107/18108/11304"
"GOBP_GTP_METABOLIC_PROCESS",0.967684421662581,0.980019640408601,0.0164707594532468,-0.254574256485161,-0.578084509067079,22,"14679/66725/104215/79059/54369/109674"
"GOBP_EXTRACELLULAR_TRANSPORT",0.973214285714286,0.985307169869569,0.0179544237008143,-0.245576807455265,-0.640645224042871,46,"19726/99138"
"GOBP_SENSORY_PERCEPTION_OF_LIGHT_STIMULUS",0.973719676549865,0.985552618878989,0.0226317255980607,-0.244311541531265,-0.745263980994992,130,"26889/12960/22295/319845/101023/67466/226641/21810/73750/17252/102774"
"GOBP_PROTEIN_LOCALIZATION_TO_CHROMOSOME",0.976261127596439,0.98785818202793,0.022246796177298,-0.247078784182804,-0.7443534926938,122,"12466/269523/217449/20729/101185/218850/72656/22367/22596/101994/71735/108911/237107/13982/57321/228880/19822/14312/70675/105513/69556/12237/22378/67382/13018/28113/320678/622675/20375/319156/66578"
"GOBP_CILIUM_ORGANIZATION",0.977363829285546,0.988175306908206,0.00655427286839357,0.261032780587325,0.71932765508114,404,"54610/74117/94245/73834/103724/13191/13196/18536/19294/18286/71481/17758/108686/80291/57915/22284/192176/66061/18000/56350/54138/75216/99167/110350/227753/18004/381350/52184/72140/67590/74354/208518/16328/15194/67661/77048/13660/214552/74778/67286/16513/74019/73692/77505/73916/11972/21754/319565/320244/74256/67161/27008/224617/74477/81896/433956/67249/216846/74081/382090/227800/12589/18764/18541/55978/269593/77945/269209/76816/97064/71820/15114/72938/52023/17274/70314/68146/68121/544696/74407/436022/53860/381085/69707/259300/67378/109242/218294/102124/67474/286942/67884/67946/233204/105428/74569/230872/66264"
"GOBP_PYRIMIDINE_RIBONUCLEOSIDE_TRIPHOSPHATE_METABOLIC_PROCESS",0.977365491651206,0.988175306908206,0.0136750732338868,0.254706184754846,0.497450198188469,16,"18103"
"GOBP_VESICLE_FUSION_TO_PLASMA_MEMBRANE",0.976838317967169,0.988175306908206,0.0164640568395253,-0.246444942826552,-0.56370507487015,23,"20910/20615"
"GOBP_NEGATIVE_REGULATION_OF_CILIUM_ASSEMBLY",0.979719188767551,0.989487340205007,0.0162909851051951,-0.238729051109852,-0.542103385535891,22,"11651/72404/69807/74201/269702/16886/213027/234854"
"GOBP_REGULATION_OF_HYDROGEN_PEROXIDE_METABOLIC_PROCESS",0.97953869047619,0.989487340205007,0.013680559642399,0.248136113175119,0.481541778509172,15,"14360/19354"
"GOBP_RNA_MODIFICATION",0.979603163590953,0.989487340205007,0.00931159807873778,0.254044306699139,0.648263396221388,157,"56417/80287/11810/69878/20823/20643/28036/14113/68011/20641/227835/56403/116940/54351/107686/94191/15108"
"GOBP_SNRNA_3_END_PROCESSING",0.979719188767551,0.989487340205007,0.0162909851051951,-0.238722874579752,-0.542089359937153,22,"72656/101985/227715/69882/18130/236790/109077/66362/27998"
"GOBP_KERATINOCYTE_PROLIFERATION",0.981061887047683,0.990569202895517,0.0122734446915028,0.250261867795009,0.556172837894433,43,"12575/80859/67661/76905/70045/73916/27999/19015/21417"
"GOBP_RESPONSE_TO_LIGHT_STIMULUS",0.981318956870612,0.990569202895517,0.00760343182465998,0.257365776940318,0.69012570634866,276,"11820/18148/20893/19941/18854/20318/15251/17390/12575/18753/270627/11545/319352/15902/12018/66915/14775/22040/26400/18626/65964/18739/12925/218461/16160/72584/15312/76843/17869/67967/22139/14913/12051/16328/17718/71101"
"GOBP_NEGATIVE_REGULATION_OF_MEIOTIC_CELL_CYCLE",0.982220294882914,0.991212080027238,0.0158552066129287,-0.240113027762619,-0.509373262791296,16,"67333/230809"
"GOBP_ACETYL_COA_BIOSYNTHETIC_PROCESS",0.982937012161917,0.991401485894205,0.0132770480476148,0.244571983331026,0.493305286162764,20,"18655/236900/18597/70456/68738"
"GOBP_SPERM_FLAGELLUM_ASSEMBLY",0.98270126413839,0.991401485894205,0.0120083320410331,0.248369716643625,0.558665679257425,47,"75216/381350/77505/320244/12589/69707/67378/12009/72873/17427/68625/75172/100048534/241116/50525/83434/381229/69297/382562"
"GOBP_DICARBOXYLIC_ACID_METABOLIC_PROCESS",0.983714285714286,0.991651732882502,0.0199118866491406,-0.237274883250952,-0.678876352341083,82,"14645/52466/14629/269951"
"GOBP_REGULATION_OF_FEEDING_BEHAVIOR",0.983545414655551,0.991651732882502,0.0160064263012375,-0.238010369154924,-0.511045901141031,17,"20848/14894/73668/58991/227717/16847/229323/27103/242864"
"GOBP_MEIOTIC_CELL_CYCLE",0.984889577683069,0.992569544812084,0.00805121316825961,0.253606401972958,0.670189674481369,233,"17886/74117/16319/223593/110147/21973/13164/270627/19360/75430/70099/14211/71836/69010/20892/24061/19362/66977/12442/11920/22589/68298"
"GOBP_POSITIVE_REGULATION_OF_REPRODUCTIVE_PROCESS",0.985210171250649,0.992625731679417,0.0184419938311596,-0.236995966819673,-0.635555597234847,55,"16848/23991/66313/17701/17684/20682/16337"
"GOBP_REGULATION_OF_DNA_DAMAGE_CHECKPOINT",0.985833145941084,0.992986463581613,0.0163307220376802,-0.235533827639602,-0.538747569421538,23,"75425/107976/14155/12952/68145/234138/219158/106052/19891/52040/99375"
"GOBP_ACROSOME_ASSEMBLY",0.987715862560085,0.994615543491456,0.0129253220503185,0.240988286939236,0.500776387107306,25,"19294/100317/232286/76464/666173/54137"
"GOBP_ACYL_COA_METABOLIC_PROCESS",0.988746724217666,0.995167474159315,0.0107890155679819,0.241251841646382,0.575060371559992,81,"107476/18655/14104/19063/68603/56360/18293/236900/20917/18597/329910/70757/234309/70456/67800/70025/433256/64833/68738"
"GOBP_POST_ANAL_TAIL_MORPHOGENESIS",0.988795003673769,0.995167474159315,0.0133628356108661,0.231628325965384,0.456292729966186,17,"233826/74019/58250/105782"
"GOBP_ORGANIC_ACID_CATABOLIC_PROCESS",0.989410986101919,0.995520100915435,0.00838666471741387,0.246596049747821,0.642600577530561,196,"72054/192166/74159/14660/58810/14718/384783/16828/97212/19703/56174/20280/66885/12894/93747/110391/245847/70789/66887/110842/66253/15108/231691/67885/11363/110821/107885/20322/67880/319446/26384/11430/19015/14719/11652"
"GOBP_NEGATIVE_REGULATION_OF_PROTEIN_IMPORT_INTO_NUCLEUS",0.990538033395176,0.996386620817263,0.0134815613311558,0.230208991122003,0.449606311557102,16,"18035/16543/13663"
"GOBP_HOMOLOGOUS_CHROMOSOME_SEGREGATION",0.993898416886544,0.999498595785019,0.0117150738812012,0.227076860521719,0.514304532333564,50,"110147/11920/18817/50878/211651/17350/52696/76464/30939/237911/381678"
"GOBP_EATING_BEHAVIOR",0.996188055908513,0.999765245206113,0.0130830524018917,0.195946443854889,0.396950596195171,21,"12894/50769/319239/74386"
"GOBP_HEART_FORMATION",0.995206816971418,0.999765245206113,0.0127742656104759,0.217428053582842,0.454152133248785,26,"18712/12387/19664/12159/20671/22418/13731/20471/268902/224640"
"GOBP_L_AMINO_ACID_CATABOLIC_PROCESS",0.995886889460154,0.999765245206113,0.0181441170965448,-0.214338846347554,-0.57341493452626,54,"14645/140483"
"GOBP_MITOCHONDRIAL_TRANSLATION",0.996297542914844,0.999765245206113,0.0222521346383621,-0.218826924159394,-0.668741150572777,131,"94063/66973/76366/52575/384281/59054/13205/18120/94062/108853/76563/57312/83485/75619/69163/78523/227682/28028/27393/70207/234384/68565/64657/67212/107732/74600/109093/79044/102436/66258/233870/52469/320806/64655/64656/66242/65111/102060/66399/15115/232536/106338/67417/77721/121022/75593"
"GOBP_NADP_METABOLIC_PROCESS",0.995028287330705,0.999765245206113,0.0122684068852661,0.22067874264921,0.484640739377836,39,"66171/192185/107029/67880/66646/56717/232449/21881/11428/110208"
"GOBP_PHOTORECEPTOR_CELL_DEVELOPMENT",0.995348035837354,0.999765245206113,0.0123365364638994,0.212526047186164,0.46445905569736,37,"27419/56350/55978/77945"
"GOBP_REGULATION_OF_RESPONSE_TO_NUTRIENT_LEVELS",0.99473563744564,0.999765245206113,0.0164573576694934,-0.211003471893195,-0.494727942797989,26,"102774/20181/20182/19082/14118"
"GOBP_TRANSMISSION_OF_NERVE_IMPULSE",0.995508982035928,0.999765245206113,0.0118180710681116,0.217394882148414,0.488993026781909,47,"18810/20655/14466/20266/668212/56717/11735/71960"
"GOBP_AXONEMAL_DYNEIN_COMPLEX_ASSEMBLY",0.999823695345557,0.999865825841943,0.0126065703465777,0.159742118857063,0.33878329409429,29,"433956/74407/436022/105000/330188/207607/68625/69926/327954/110082/100101919/67685"
"GOBP_AXONEME_ASSEMBLY",0.999847723465814,0.999865825841943,0.0104350167099168,0.196480099066135,0.472514990693962,88,"381350/74354/320244/433956/269209/74407/436022/69707/67378/12009/104346/13193/237222/105000/70997/330188/207607/72873/17427/68625/69926/75172/100048534/327954/271209/241116/244653/50525/110082/100101919/67685/83434/381229/231214/328108/69297/235345/75564/546143/110084/74362/16977/69387/211535/69327/235330/212124/69329"
"GOBP_CILIUM_MOVEMENT",0.999865825841943,0.999865825841943,0.00843775179368707,0.206998957388859,0.536210850185217,182,"104111/380773/18648/75216/100317/226162/110350/381350/208518/18830/192195/77505/320244/20322/16578/75051/433956/12589/269209/16330/232286/74407/436022/18952/11829/69707/67378"
"GOBP_CILIUM_OR_FLAGELLUM_DEPENDENT_CELL_MOTILITY",0.998182072437421,0.999865825841943,0.0091369509703762,0.224969937645956,0.571828762171697,150,"104111/380773/18648/75216/100317/226162/110350/381350/208518/18830/192195/77505/320244/20322/16578/75051/12589/16330/232286/18952/69707/67378"
"GOBP_ESTABLISHMENT_OF_TISSUE_POLARITY",0.998391544117647,0.999865825841943,0.0164607068243181,-0.188536029557514,-0.447892960892303,28,"99683/244585/18472"
"GOBP_EYE_PHOTORECEPTOR_CELL_DEVELOPMENT",0.999543899657925,0.999865825841943,0.0163340388939505,-0.17826711344,-0.414366288382871,25,"102774/12142/244585"
"GOBP_FLUID_TRANSPORT",0.997813809437056,0.999865825841943,0.0131121356302932,0.200172440460459,0.398729574945644,18,"246198/229709/64008/11829/269356/171429"
"GOBP_HOMOLOGOUS_CHROMOSOME_PAIRING_AT_MEIOSIS",0.998628493056746,0.999865825841943,0.0122155943107564,0.198532448755962,0.436004445197187,39,"110147"
"GOBP_MOTILE_CILIUM_ASSEMBLY",0.999842022116904,0.999865825841943,0.0109891632469228,0.188302421980944,0.440373236747536,68,"75216/381350/77505/73916/320244/12589/436022/69707/67378/102124/67946/12009"
"GOBP_NEGATIVE_REGULATION_OF_GLIAL_CELL_DIFFERENTIATION",0.997976163705869,0.999865825841943,0.0161528450602521,-0.192706113753617,-0.440785731025822,23,"18015/14912/15205"
"GOBP_OUTER_DYNEIN_ARM_ASSEMBLY",0.99978317432784,0.999865825841943,0.0155985435525683,-0.15589651022864,-0.330717224354212,16,"243371/68270/109065/432611/68922/66793/77609/114602/211535/67685/110082/69926/330188/105000/74407/433956"
"GOBP_PHOTORECEPTOR_CELL_DIFFERENTIATION",0.999485861182519,0.999865825841943,0.0180907127115338,-0.184902899799175,-0.494665740666239,54,"20682/102774/12142/244585/20848/67157/235542/18128/71769"
"GOBP_REGULATION_OF_CILIUM_MOVEMENT",0.997325607310007,0.999865825841943,0.0160323381553125,-0.191210157458798,-0.434197988160091,22,"102774/327951/75019/14894/68270/68001/212892/12458"
